rel_path,species_idx,species_key
tool_bird_class_train/Inuwashi_Golden_Eagle/AAS1_inuwashi-083A3943-2544-2003-132-140.JPG,0,Inuwashi
tool_bird_class_train/Inuwashi_Golden_Eagle/ext_inat_20260504/inat_460890720_e5c3947f.jpg,0,Inuwashi
tool_bird_class_train/Inuwashi_Golden_Eagle/AAS1_inuwashi-083A3883-2756-1769-244-432.JPG,0,Inuwashi
tool_bird_class_train/Inuwashi_Golden_Eagle/ext_inat_20260504/inat_47292004_eda4029e.jpg,0,Inuwashi
tool_bird_class_train/Inuwashi_Golden_Eagle/ext_inat_20260504/inat_213591021_00c6d39f.jpg,0,Inuwashi
tool_bird_class_train/Inuwashi_Golden_Eagle/ext_inat_20260504/inat_92490166_279b2058.jpg,0,Inuwashi
tool_bird_class_train/Inuwashi_Golden_Eagle/AAS1_inuwashi-083A3722-3006-1690-218-371.JPG,0,Inuwashi
tool_bird_class_train/Inuwashi_Golden_Eagle/AAS1_inuwashi-DSCr3326-1736-1432-281-274.JPG,0,Inuwashi
tool_bird_class_train/Inuwashi_Golden_Eagle/ext_inat_20260504/inat_243061245_0697c56f.png,0,Inuwashi
tool_bird_class_train/Inuwashi_Golden_Eagle/ext_inat_20260504/inat_633139383_949dad5b.jpg,0,Inuwashi
tool_bird_class_train/Inuwashi_Golden_Eagle/BIRDS525/017.jpg,0,Inuwashi
tool_bird_class_train/Inuwashi_Golden_Eagle/AAS1_inuwashi-8D4A3407-2397-1529-795-354.JPG,0,Inuwashi
tool_bird_class_train/Inuwashi_Golden_Eagle/ext_inat_20260504/inat_429518623_b469caa7.jpg,0,Inuwashi
tool_bird_class_train/Inuwashi_Golden_Eagle/AAS1_inuwashi-083A4419-3070-1958-177-95.JPG,0,Inuwashi
tool_bird_class_train/Inuwashi_Golden_Eagle/AAS1_inuwashi-DSCr1671rr2r-888-1088-399-264.JPG,0,Inuwashi
tool_bird_class_train/Inuwashi_Golden_Eagle/ext_inat_20260504/inat_496739150_0a036ded.jpg,0,Inuwashi
tool_bird_class_train/Inuwashi_Golden_Eagle/AAS1_inuwashi-083A4416-2591-1226-151-110.JPG,0,Inuwashi
tool_bird_class_train/Inuwashi_Golden_Eagle/BIRDS525/041.jpg,0,Inuwashi
tool_bird_class_train/Inuwashi_Golden_Eagle/AAS1_inuwashi-083A4084-2833-1907-175-150.JPG,0,Inuwashi
tool_bird_class_train/Inuwashi_Golden_Eagle/ext_inat_20260504/inat_422891932_398fb0a1.jpg,0,Inuwashi
tool_bird_class_train/Inuwashi_Golden_Eagle/ext_inat_20260504/inat_477045796_9a7813a8.jpg,0,Inuwashi
tool_bird_class_train/Inuwashi_Golden_Eagle/inat_3119/d04715c8-f3eb-44f8-995a-fcbecece5722.jpg,0,Inuwashi
tool_bird_class_train/Inuwashi_Golden_Eagle/ext_inat_20260504/inat_253360335_5cec58db.jpg,0,Inuwashi
tool_bird_class_train/Inuwashi_Golden_Eagle/AAS1_inuwashi-083A4024-2740-1705-100-95.JPG,0,Inuwashi
tool_bird_class_train/Inuwashi_Golden_Eagle/ext_inat_20260504/inat_456485638_ad531f87.jpg,0,Inuwashi
tool_bird_class_train/Inuwashi_Golden_Eagle/AAS1_inuwashi-083A3855-633-361-430-509.JPG,0,Inuwashi
tool_bird_class_train/Inuwashi_Golden_Eagle/v5_ds_beta_bird/062.jpg,0,Inuwashi
tool_bird_class_train/Inuwashi_Golden_Eagle/ext_inat_20260504/inat_165069099_f80a3cbc.jpg,0,Inuwashi
tool_bird_class_train/Inuwashi_Golden_Eagle/ext_inat_20260504/inat_649040732_6a15b680.jpg,0,Inuwashi
tool_bird_class_train/Inuwashi_Golden_Eagle/ext_inat_20260504/inat_631265943_cad595e3.jpg,0,Inuwashi
tool_bird_class_train/Inuwashi_Golden_Eagle/v5_ds_beta_bird/074.jpg,0,Inuwashi
tool_bird_class_train/Inuwashi_Golden_Eagle/ext_inat_20260504/inat_503123069_6f28799c.jpg,0,Inuwashi
tool_bird_class_train/Inuwashi_Golden_Eagle/AAS1_inuwashi-DSCr1829-2269-1314-206-137.JPG,0,Inuwashi
tool_bird_class_train/Inuwashi_Golden_Eagle/ext_inat_20260504/inat_280339869_4641c8ad.jpg,0,Inuwashi
tool_bird_class_train/Inuwashi_Golden_Eagle/ext_inat_20260504/inat_501445576_eb47e636.jpg,0,Inuwashi
tool_bird_class_train/Inuwashi_Golden_Eagle/AAS1_inuwashi-DSCr3193-2908-2107-199-148.JPG,0,Inuwashi
tool_bird_class_train/Inuwashi_Golden_Eagle/AAS1_inuwashi-083A3680-3034-1523-135-159.JPG,0,Inuwashi
tool_bird_class_train/Inuwashi_Golden_Eagle/AAS1_inuwashi-DSCr2700-3113-1649-267-151.JPG,0,Inuwashi
tool_bird_class_train/Inuwashi_Golden_Eagle/AAS1_inuwashi-083A3361-2607-1345-550-452.JPG,0,Inuwashi
tool_bird_class_train/Inuwashi_Golden_Eagle/ext_inat_20260504/inat_384781856_e240fb95.jpg,0,Inuwashi
tool_bird_class_train/Inuwashi_Golden_Eagle/v5_ds_beta_bird/089.jpg,0,Inuwashi
tool_bird_class_train/Inuwashi_Golden_Eagle/ext_inat_20260504/inat_74478417_80299022.jpg,0,Inuwashi
tool_bird_class_train/Inuwashi_Golden_Eagle/ext_inat_20260504/inat_599923677_e42a995a.jpg,0,Inuwashi
tool_bird_class_train/Inuwashi_Golden_Eagle/ext_inat_20260504/inat_37574934_9bac9345.jpg,0,Inuwashi
tool_bird_class_train/Inuwashi_Golden_Eagle/ext_inat_20260504/inat_350255740_d4d55fee.jpg,0,Inuwashi
tool_bird_class_train/Inuwashi_Golden_Eagle/ext_inat_20260504/inat_356049690_7099cab6.jpg,0,Inuwashi
tool_bird_class_train/Inuwashi_Golden_Eagle/ext_inat_20260504/inat_115351950_123096ce.jpg,0,Inuwashi
tool_bird_class_train/Inuwashi_Golden_Eagle/ext_inat_20260504/inat_603661728_4f379ca3.jpg,0,Inuwashi
tool_bird_class_train/Inuwashi_Golden_Eagle/AAS1_inuwashi-DSCr2377-2308-1306-286-458.JPG,0,Inuwashi
tool_bird_class_train/Inuwashi_Golden_Eagle/BIRDS525/153.jpg,0,Inuwashi
tool_bird_class_train/Inuwashi_Golden_Eagle/ext_inat_20260504/inat_333442832_7bca09a7.jpg,0,Inuwashi
tool_bird_class_train/Inuwashi_Golden_Eagle/ext_inat_20260504/inat_28757074_60a07be7.jpg,0,Inuwashi
tool_bird_class_train/Inuwashi_Golden_Eagle/AAS1_inuwashi-083A3402-707-172-695-931.JPG,0,Inuwashi
tool_bird_class_train/Inuwashi_Golden_Eagle/AAS1_inuwashi-083A3959-2667-1911-206-124.JPG,0,Inuwashi
tool_bird_class_train/Inuwashi_Golden_Eagle/AAS1_inuwashi-083A3098-983-2061-363-260.JPG,0,Inuwashi
tool_bird_class_train/Inuwashi_Golden_Eagle/ext_inat_20260504/inat_581439254_7e4fdf61.jpg,0,Inuwashi
tool_bird_class_train/Inuwashi_Golden_Eagle/ext_inat_20260504/inat_13038022_d6d67c74.jpg,0,Inuwashi
tool_bird_class_train/Inuwashi_Golden_Eagle/ext_inat_20260504/inat_107351446_4af70686.png,0,Inuwashi
tool_bird_class_train/Inuwashi_Golden_Eagle/ext_inat_20260504/inat_187211733_a26f4d1a.jpg,0,Inuwashi
tool_bird_class_train/Inuwashi_Golden_Eagle/v5_train_v5_inat/342531063.jpg,0,Inuwashi
tool_bird_class_train/Inuwashi_Golden_Eagle/ext_inat_20260504/inat_165480939_ea76bb45.jpg,0,Inuwashi
tool_bird_class_train/Inuwashi_Golden_Eagle/AAS1_inuwashi-083A3370-2353-1599-539-416.JPG,0,Inuwashi
tool_bird_class_train/Inuwashi_Golden_Eagle/ext_inat_20260504/inat_366597885_1a23eed0.jpg,0,Inuwashi
tool_bird_class_train/Inuwashi_Golden_Eagle/AAS1_inuwashi-083A3372-2659-1585-440-404.JPG,0,Inuwashi
tool_bird_class_train/Inuwashi_Golden_Eagle/AAS1_inuwashi-083A4417-212-131-120-89.JPG,0,Inuwashi
tool_bird_class_train/Inuwashi_Golden_Eagle/ext_inat_20260504/inat_457293223_2437131a.jpg,0,Inuwashi
tool_bird_class_train/Inuwashi_Golden_Eagle/ext_inat_20260504/inat_72544178_12fc480b.jpg,0,Inuwashi
tool_bird_class_train/Inuwashi_Golden_Eagle/BIRDS525/124.jpg,0,Inuwashi
tool_bird_class_train/Inuwashi_Golden_Eagle/ext_inat_20260504/inat_241199510_07f89748.jpg,0,Inuwashi
tool_bird_class_train/Inuwashi_Golden_Eagle/AAS1_inuwashi-8D4A4434-2679-1981-783-310.JPG,0,Inuwashi
tool_bird_class_train/Inuwashi_Golden_Eagle/ext_inat_20260504/inat_275808403_0531e10b.jpg,0,Inuwashi
tool_bird_class_train/Inuwashi_Golden_Eagle/ext_inat_20260504/inat_634452743_b94648a8.jpg,0,Inuwashi
tool_bird_class_train/Inuwashi_Golden_Eagle/AAS1_inuwashi-DSCr0870-2687-1592-149-141.JPG,0,Inuwashi
tool_bird_class_train/Inuwashi_Golden_Eagle/ext_inat_20260504/inat_242223506_99551892.jpg,0,Inuwashi
tool_bird_class_train/Inuwashi_Golden_Eagle/ext_inat_20260504/inat_68290081_395093cb.jpg,0,Inuwashi
tool_bird_class_train/Inuwashi_Golden_Eagle/ext_inat_20260504/inat_124847899_f9e9db2d.jpg,0,Inuwashi
tool_bird_class_train/Inuwashi_Golden_Eagle/AAS1_inuwashi-083A3933-2788-2027-145-179.JPG,0,Inuwashi
tool_bird_class_train/Inuwashi_Golden_Eagle/ext_inat_20260504/inat_299580672_652550fb.jpg,0,Inuwashi
tool_bird_class_train/Inuwashi_Golden_Eagle/frame_027910_bb00_t0931.26_conf0.990.jpg,0,Inuwashi
tool_bird_class_train/Inuwashi_Golden_Eagle/ext_inat_20260504/inat_423701911_bd562580.jpg,0,Inuwashi
tool_bird_class_train/Inuwashi_Golden_Eagle/AAS1_inuwashi-083A3436-2381-1493-1114-559.JPG,0,Inuwashi
tool_bird_class_train/Inuwashi_Golden_Eagle/AAS1_inuwashi-083A3622-2996-1808-170-111.JPG,0,Inuwashi
tool_bird_class_train/Inuwashi_Golden_Eagle/ext_inat_20260504/inat_652149235_3e74f8c6.jpg,0,Inuwashi
tool_bird_class_train/Inuwashi_Golden_Eagle/ext_inat_20260504/inat_472070284_91901f7c.jpg,0,Inuwashi
tool_bird_class_train/Inuwashi_Golden_Eagle/ext_inat_20260504/inat_288104253_82764112.jpg,0,Inuwashi
tool_bird_class_train/Inuwashi_Golden_Eagle/ext_inat_20260504/inat_418912669_e440f965.jpg,0,Inuwashi
tool_bird_class_train/Inuwashi_Golden_Eagle/ext_inat_20260504/inat_175158462_18fa7b9f.png,0,Inuwashi
tool_bird_class_train/Inuwashi_Golden_Eagle/ext_inat_20260504/inat_4808683_8976eebc.jpg,0,Inuwashi
tool_bird_class_train/Inuwashi_Golden_Eagle/ext_inat_20260504/inat_313090962_8ab72674.jpg,0,Inuwashi
tool_bird_class_train/Inuwashi_Golden_Eagle/v5_ds_beta_bird/029.jpg,0,Inuwashi
tool_bird_class_train/Inuwashi_Golden_Eagle/ext_inat_20260504/inat_199211157_caaab9b2.jpg,0,Inuwashi
tool_bird_class_train/Inuwashi_Golden_Eagle/ext_inat_20260504/inat_288952911_1c46ca7c.jpg,0,Inuwashi
tool_bird_class_train/Inuwashi_Golden_Eagle/ext_inat_20260504/inat_89260858_74ccb332.jpg,0,Inuwashi
tool_bird_class_train/Inuwashi_Golden_Eagle/ext_inat_20260504/inat_528742556_6aaa5843.jpg,0,Inuwashi
tool_bird_class_train/Inuwashi_Golden_Eagle/inat_3119/3ab5009a-49ba-4929-affc-01b366899019.jpg,0,Inuwashi
tool_bird_class_train/Inuwashi_Golden_Eagle/AAS1_inuwashi-DSCr1696-1866-1363-385-232.JPG,0,Inuwashi
tool_bird_class_train/Inuwashi_Golden_Eagle/AAS1_inuwashi-083A4146-2301-1683-274-178.JPG,0,Inuwashi
tool_bird_class_train/Inuwashi_Golden_Eagle/ext_inat_20260504/inat_260416444_b4af066e.jpg,0,Inuwashi
tool_bird_class_train/Inuwashi_Golden_Eagle/ext_inat_20260504/inat_171360537_47e1d272.jpg,0,Inuwashi
tool_bird_class_train/Inuwashi_Golden_Eagle/AAS1_inuwashi-083A3078-2553-1098-267-168.JPG,0,Inuwashi
tool_bird_class_train/Inuwashi_Golden_Eagle/ext_inat_20260504/inat_250588801_8f92628b.jpg,0,Inuwashi
tool_bird_class_train/Inuwashi_Golden_Eagle/AAS1_inuwashi-083A4144-2972-1792-277-366.JPG,0,Inuwashi
tool_bird_class_train/Inuwashi_Golden_Eagle/ext_inat_20260504/inat_606783784_266433df.jpg,0,Inuwashi
tool_bird_class_train/Inuwashi_Golden_Eagle/AAS1_inuwashi-DSCr1875-2398-1375-229-288.JPG,0,Inuwashi
tool_bird_class_train/Inuwashi_Golden_Eagle/ext_inat_20260504/inat_247754231_06cf3a1b.jpg,0,Inuwashi
tool_bird_class_train/Inuwashi_Golden_Eagle/ext_inat_20260504/inat_403075998_3d61e4fa.jpg,0,Inuwashi
tool_bird_class_train/Inuwashi_Golden_Eagle/ext_inat_20260504/inat_177514070_e3897281.jpg,0,Inuwashi
tool_bird_class_train/Inuwashi_Golden_Eagle/AAS1_inuwashi-DSCr3330-3033-906-253-324.JPG,0,Inuwashi
tool_bird_class_train/Inuwashi_Golden_Eagle/AAS1_inuwashi-DSCr0716-2836-1880-399-317.JPG,0,Inuwashi
tool_bird_class_train/Inuwashi_Golden_Eagle/v5_train_v5_inat/344687448.jpg,0,Inuwashi
tool_bird_class_train/Inuwashi_Golden_Eagle/AAS1_inuwashi-DSCr1835-1895-1933-219-166.JPG,0,Inuwashi
tool_bird_class_train/Inuwashi_Golden_Eagle/AAS1_inuwashi-8D4A4459-1794-749-965-475.JPG,0,Inuwashi
tool_bird_class_train/Inuwashi_Golden_Eagle/AAS1_inuwashi-083A3359-2371-1530-677-361.JPG,0,Inuwashi
tool_bird_class_train/Inuwashi_Golden_Eagle/AAS1_inuwashi-DSCr1857-2160-1107-286-187.JPG,0,Inuwashi
tool_bird_class_train/Inuwashi_Golden_Eagle/ext_inat_20260504/inat_444677053_fa4386aa.jpg,0,Inuwashi
tool_bird_class_train/Inuwashi_Golden_Eagle/ext_inat_20260504/inat_136539294_45aa47a7.jpg,0,Inuwashi
tool_bird_class_train/Inuwashi_Golden_Eagle/AAS1_inuwashi-DSCr1866-1910-1361-189-242.JPG,0,Inuwashi
tool_bird_class_train/Inuwashi_Golden_Eagle/AAS1_inuwashi-8D4A3420-2205-1417-655-304.JPG,0,Inuwashi
tool_bird_class_train/Inuwashi_Golden_Eagle/AAS1_inuwashi-083A3739-2448-1527-127-160.JPG,0,Inuwashi
tool_bird_class_train/Inuwashi_Golden_Eagle/AAS1_inuwashi-083A3709-269-170-227-247.JPG,0,Inuwashi
tool_bird_class_train/Inuwashi_Golden_Eagle/ext_inat_20260504/inat_58168151_2ccac387.jpg,0,Inuwashi
tool_bird_class_train/Inuwashi_Golden_Eagle/ext_inat_20260504/inat_197363397_6fc17bd9.jpg,0,Inuwashi
tool_bird_class_train/Inuwashi_Golden_Eagle/AAS1_inuwashi-DSCr2281-2205-1894-360-165.JPG,0,Inuwashi
tool_bird_class_train/Inuwashi_Golden_Eagle/ext_inat_20260504/inat_524644453_41997216.jpg,0,Inuwashi
tool_bird_class_train/Inuwashi_Golden_Eagle/AAS1_inuwashi-083A3222-2223-1696-834-313.JPG,0,Inuwashi
tool_bird_class_train/Inuwashi_Golden_Eagle/AAS1_inuwashi-083A3132-485-374-1116-714.JPG,0,Inuwashi
tool_bird_class_train/Inuwashi_Golden_Eagle/AAS1_inuwashi-DSCr1469-2650-1199-618-323.JPG,0,Inuwashi
tool_bird_class_train/Inuwashi_Golden_Eagle/ext_inat_20260504/inat_325755101_0a058aec.png,0,Inuwashi
tool_bird_class_train/Inuwashi_Golden_Eagle/AAS1_inuwashi-083A4397-3690-668-217-192.JPG,0,Inuwashi
tool_bird_class_train/Inuwashi_Golden_Eagle/AAS1_inuwashi-DSCr1669rr2r-1270-1129-482-301.JPG,0,Inuwashi
tool_bird_class_train/Inuwashi_Golden_Eagle/AAS1_inuwashi-8D4A4448-3012-1677-834-315.JPG,0,Inuwashi
tool_bird_class_train/Inuwashi_Golden_Eagle/AAS1_inuwashi-083A3734-2775-1964-180-222.JPG,0,Inuwashi
tool_bird_class_train/Inuwashi_Golden_Eagle/AAS1_inuwashi-083A3209-2618-1875-315-476.JPG,0,Inuwashi
tool_bird_class_train/Inuwashi_Golden_Eagle/ext_inat_20260504/inat_459924608_e956b98b.jpg,0,Inuwashi
tool_bird_class_train/Inuwashi_Golden_Eagle/AAS1_inuwashi-8D4A4456-2852-1504-940-413.JPG,0,Inuwashi
tool_bird_class_train/Inuwashi_Golden_Eagle/ext_inat_20260504/inat_171386850_f4f4ecfb.jpg,0,Inuwashi
tool_bird_class_train/Inuwashi_Golden_Eagle/ext_inat_20260504/inat_345687945_d3aa76b4.jpg,0,Inuwashi
tool_bird_class_train/Inuwashi_Golden_Eagle/ext_inat_20260504/inat_467797794_cf14b8fc.jpg,0,Inuwashi
tool_bird_class_train/Inuwashi_Golden_Eagle/AAS1_inuwashi-083A3256-2541-520-978-639.JPG,0,Inuwashi
tool_bird_class_train/Inuwashi_Golden_Eagle/AAS1_inuwashi-083A3197-492-334-274-308.JPG,0,Inuwashi
tool_bird_class_train/Inuwashi_Golden_Eagle/AAS1_inuwashi-083A3424-2714-898-718-1079.JPG,0,Inuwashi
tool_bird_class_train/Inuwashi_Golden_Eagle/AAS1_inuwashi-083A4415-2624-1302-173-99.JPG,0,Inuwashi
tool_bird_class_train/Inuwashi_Golden_Eagle/AAS1_inuwashi-083A3394-2566-1388-843-855.JPG,0,Inuwashi
tool_bird_class_train/Inuwashi_Golden_Eagle/ext_inat_20260504/inat_480007515_b2502d96.jpg,0,Inuwashi
tool_bird_class_train/Inuwashi_Golden_Eagle/AAS1_inuwashi-083A3118-3690-1481-170-179.JPG,0,Inuwashi
tool_bird_class_train/Inuwashi_Golden_Eagle/ext_inat_20260504/inat_267560862_99c7fc3f.jpg,0,Inuwashi
tool_bird_class_train/Inuwashi_Golden_Eagle/AAS1_inuwashi-DSCr0718-2419-1806-407-209.JPG,0,Inuwashi
tool_bird_class_train/Inuwashi_Golden_Eagle/ext_inat_20260504/inat_175454195_35e8c831.jpg,0,Inuwashi
tool_bird_class_train/Inuwashi_Golden_Eagle/ext_inat_20260504/inat_114871008_5382b80c.jpg,0,Inuwashi
tool_bird_class_train/Inuwashi_Golden_Eagle/ext_inat_20260504/inat_182216905_b90fab96.jpg,0,Inuwashi
tool_bird_class_train/Inuwashi_Golden_Eagle/ext_inat_20260504/inat_33267835_79203623.jpg,0,Inuwashi
tool_bird_class_train/Inuwashi_Golden_Eagle/AAS1_inuwashi-083A4370-3240-1812-375-230.JPG,0,Inuwashi
tool_bird_class_train/Inuwashi_Golden_Eagle/ext_inat_20260504/inat_477349416_0a2e6302.jpg,0,Inuwashi
tool_bird_class_train/Inuwashi_Golden_Eagle/ext_inat_20260504/inat_590276055_dca229fa.jpg,0,Inuwashi
tool_bird_class_train/Inuwashi_Golden_Eagle/AAS1_inuwashi-DSCr1854-2862-982-200-239.JPG,0,Inuwashi
tool_bird_class_train/Inuwashi_Golden_Eagle/ext_inat_20260504/inat_55905367_b028e733.jpg,0,Inuwashi
tool_bird_class_train/Inuwashi_Golden_Eagle/ext_inat_20260504/inat_175459344_f11bb9c6.jpg,0,Inuwashi
tool_bird_class_train/Inuwashi_Golden_Eagle/ext_inat_20260504/inat_458151155_b2ced70c.jpg,0,Inuwashi
tool_bird_class_train/Inuwashi_Golden_Eagle/ext_inat_20260504/inat_13091283_e6041d57.jpg,0,Inuwashi
tool_bird_class_train/Inuwashi_Golden_Eagle/AAS1_inuwashi-8D4A4477-2487-1078-658-847.JPG,0,Inuwashi
tool_bird_class_train/Inuwashi_Golden_Eagle/v4_gt/349172536.jpg,0,Inuwashi
tool_bird_class_train/Inuwashi_Golden_Eagle/ext_inat_20260504/inat_554527523_466dfbb6.jpg,0,Inuwashi
tool_bird_class_train/Inuwashi_Golden_Eagle/ext_inat_20260504/inat_387873745_d620220a.jpg,0,Inuwashi
tool_bird_class_train/Inuwashi_Golden_Eagle/ext_inat_20260504/inat_445736027_df2621a5.jpg,0,Inuwashi
tool_bird_class_train/Inuwashi_Golden_Eagle/AAS1_inuwashi-083A3711-2751-1638-209-342.JPG,0,Inuwashi
tool_bird_class_train/Inuwashi_Golden_Eagle/inat_3119/1395c1f4-59d1-497e-a027-8bf8ec1b1355.jpg,0,Inuwashi
tool_bird_class_train/Inuwashi_Golden_Eagle/AAS1_inuwashi-DSCr2690-2524-1248-219-201.JPG,0,Inuwashi
tool_bird_class_train/Inuwashi_Golden_Eagle/BIRDS525/084.jpg,0,Inuwashi
tool_bird_class_train/Inuwashi_Golden_Eagle/ext_inat_20260504/inat_470788244_6e6e39b9.jpg,0,Inuwashi
tool_bird_class_train/Inuwashi_Golden_Eagle/ext_inat_20260504/inat_268595836_42f3fd21.jpg,0,Inuwashi
tool_bird_class_train/Inuwashi_Golden_Eagle/AAS1_inuwashi-DSCr1863-2297-1304-169-203.JPG,0,Inuwashi
tool_bird_class_train/Inuwashi_Golden_Eagle/ext_inat_20260504/inat_84827631_a2375b60.jpg,0,Inuwashi
tool_bird_class_train/Inuwashi_Golden_Eagle/AAS1_inuwashi-083A4363-2968-1639-154-118.JPG,0,Inuwashi
tool_bird_class_train/Inuwashi_Golden_Eagle/AAS1_inuwashi-083A3960-2813-1859-142-111.JPG,0,Inuwashi
tool_bird_class_train/Inuwashi_Golden_Eagle/v5_ds_beta_bird/072.jpg,0,Inuwashi
tool_bird_class_train/Inuwashi_Golden_Eagle/AAS1_inuwashi-DSCr1448-2945-1468-291-253.JPG,0,Inuwashi
tool_bird_class_train/Inuwashi_Golden_Eagle/AAS1_inuwashi-083A3450-2607-1537-968-448.JPG,0,Inuwashi
tool_bird_class_train/Inuwashi_Golden_Eagle/ext_inat_20260504/inat_387502525_fb0ef894.jpg,0,Inuwashi
tool_bird_class_train/Inuwashi_Golden_Eagle/AAS1_inuwashi-DSCr0731-1599-1019-471-275.JPG,0,Inuwashi
tool_bird_class_train/Inuwashi_Golden_Eagle/BIRDS525/077.jpg,0,Inuwashi
tool_bird_class_train/Inuwashi_Golden_Eagle/ext_inat_20260504/inat_302475283_4f78c51d.jpg,0,Inuwashi
tool_bird_class_train/Inuwashi_Golden_Eagle/AAS1_inuwashi-083A3694-2696-1950-228-193.JPG,0,Inuwashi
tool_bird_class_train/Inuwashi_Golden_Eagle/AAS1_inuwashi-083A4422-2696-293-411-257.JPG,0,Inuwashi
tool_bird_class_train/Inuwashi_Golden_Eagle/ext_inat_20260504/inat_243115192_7a1869b0.jpg,0,Inuwashi
tool_bird_class_train/Inuwashi_Golden_Eagle/AAS1_inuwashi-083A3865-2645-2044-507-243.JPG,0,Inuwashi
tool_bird_class_train/Inuwashi_Golden_Eagle/AAS1_inuwashi-083A3673-2900-1767-180-198.JPG,0,Inuwashi
tool_bird_class_train/Inuwashi_Golden_Eagle/ext_inat_20260504/inat_8048077_d02d3f7e.jpg,0,Inuwashi
tool_bird_class_train/Inuwashi_Golden_Eagle/ext_inat_20260504/inat_251260146_916cb299.jpg,0,Inuwashi
tool_bird_class_train/Inuwashi_Golden_Eagle/v5_ds_beta_bird/070.jpg,0,Inuwashi
tool_bird_class_train/Inuwashi_Golden_Eagle/AAS1_inuwashi-DSCr3219-2634-1376-183-208.JPG,0,Inuwashi
tool_bird_class_train/Inuwashi_Golden_Eagle/ext_inat_20260504/inat_421273912_2627ee77.jpg,0,Inuwashi
tool_bird_class_train/Inuwashi_Golden_Eagle/AAS1_inuwashi-DSCr1839-2852-1243-150-235.JPG,0,Inuwashi
tool_bird_class_train/Inuwashi_Golden_Eagle/BIRDS525/065.jpg,0,Inuwashi
tool_bird_class_train/Inuwashi_Golden_Eagle/v5_ds_beta_bird/156.jpg,0,Inuwashi
tool_bird_class_train/Inuwashi_Golden_Eagle/ext_inat_20260504/inat_587866607_222feca5.jpg,0,Inuwashi
tool_bird_class_train/Inuwashi_Golden_Eagle/ext_inat_20260504/inat_352224564_5ff75c9c.jpg,0,Inuwashi
tool_bird_class_train/Inuwashi_Golden_Eagle/ext_inat_20260504/inat_210352320_2dafe9f7.jpg,0,Inuwashi
tool_bird_class_train/Inuwashi_Golden_Eagle/frame_019410_bb00_t0647.65_conf0.960.jpg,0,Inuwashi
tool_bird_class_train/Inuwashi_Golden_Eagle/ext_inat_20260504/inat_590571199_79139fa8.jpg,0,Inuwashi
tool_bird_class_train/Inuwashi_Golden_Eagle/BIRDS525/035.jpg,0,Inuwashi
tool_bird_class_train/Inuwashi_Golden_Eagle/ext_inat_20260504/inat_548764417_ba7607bb.jpg,0,Inuwashi
tool_bird_class_train/Inuwashi_Golden_Eagle/AAS1_inuwashi-083A3947-3519-2675-204-126.JPG,0,Inuwashi
tool_bird_class_train/Inuwashi_Golden_Eagle/ext_inat_20260504/inat_287215524_0b6d1733.jpg,0,Inuwashi
tool_bird_class_train/Inuwashi_Golden_Eagle/ext_inat_20260504/inat_122486746_de43f32f.jpg,0,Inuwashi
tool_bird_class_train/Inuwashi_Golden_Eagle/v5_ds_beta_bird/094.jpg,0,Inuwashi
tool_bird_class_train/Inuwashi_Golden_Eagle/ext_inat_20260504/inat_299752819_f6e233d6.jpg,0,Inuwashi
tool_bird_class_train/Inuwashi_Golden_Eagle/AAS1_inuwashi-DSCr2691-2491-1238-233-220.JPG,0,Inuwashi
tool_bird_class_train/Inuwashi_Golden_Eagle/AAS1_inuwashi-083A3227-238-360-1097-321.JPG,0,Inuwashi
tool_bird_class_train/Inuwashi_Golden_Eagle/AAS1_inuwashi-083A4087-2977-2015-202-157.JPG,0,Inuwashi
tool_bird_class_train/Inuwashi_Golden_Eagle/AAS1_inuwashi-083A3355-2636-1734-665-251.JPG,0,Inuwashi
tool_bird_class_train/Inuwashi_Golden_Eagle/AAS1_inuwashi-083A3634-805-1855-137-130.JPG,0,Inuwashi
tool_bird_class_train/Inuwashi_Golden_Eagle/ext_inat_20260504/inat_127129301_beb4bc33.jpg,0,Inuwashi
tool_bird_class_train/Inuwashi_Golden_Eagle/ext_inat_20260504/inat_251784249_ef83df4e.jpg,0,Inuwashi
tool_bird_class_train/Inuwashi_Golden_Eagle/AAS1_inuwashi-083A4057-2621-1568-100-156.JPG,0,Inuwashi
tool_bird_class_train/Inuwashi_Golden_Eagle/ext_inat_20260504/inat_115169295_28c1cd95.jpg,0,Inuwashi
tool_bird_class_train/Inuwashi_Golden_Eagle/ext_inat_20260504/inat_171386515_0d8d81fc.jpg,0,Inuwashi
tool_bird_class_train/Inuwashi_Golden_Eagle/ext_inat_20260504/inat_467053667_82d821d3.jpg,0,Inuwashi
tool_bird_class_train/Inuwashi_Golden_Eagle/ext_inat_20260504/inat_482318692_92437df6.jpg,0,Inuwashi
tool_bird_class_train/Inuwashi_Golden_Eagle/ext_inat_20260504/inat_177436199_fca85fa6.jpg,0,Inuwashi
tool_bird_class_train/Inuwashi_Golden_Eagle/ext_inat_20260504/inat_108622_8de4ae07.jpg,0,Inuwashi
tool_bird_class_train/Inuwashi_Golden_Eagle/ext_inat_20260504/inat_205942807_d7b7ed29.jpg,0,Inuwashi
tool_bird_class_train/Inuwashi_Golden_Eagle/AAS1_inuwashi-083A3230-2234-1741-1221-489.JPG,0,Inuwashi
tool_bird_class_train/Inuwashi_Golden_Eagle/ext_inat_20260504/inat_252979957_127063b0.jpg,0,Inuwashi
tool_bird_class_train/Inuwashi_Golden_Eagle/ext_inat_20260504/inat_360464404_c40eafa5.jpg,0,Inuwashi
tool_bird_class_train/Inuwashi_Golden_Eagle/AAS1_inuwashi-DSCr2325-1948-1632-550-398.JPG,0,Inuwashi
tool_bird_class_train/Inuwashi_Golden_Eagle/AAS1_inuwashi-083A3704-2592-1739-276-140.JPG,0,Inuwashi
tool_bird_class_train/Inuwashi_Golden_Eagle/AAS1_inuwashi-083A3888-2393-2081-267-271.JPG,0,Inuwashi
tool_bird_class_train/Inuwashi_Golden_Eagle/ext_inat_20260504/inat_207502202_1a395bb8.jpg,0,Inuwashi
tool_bird_class_train/Inuwashi_Golden_Eagle/ext_inat_20260504/inat_519434149_86813c33.jpg,0,Inuwashi
tool_bird_class_train/Inuwashi_Golden_Eagle/AAS1_inuwashi-8D4A4424-2272-1799-699-258.JPG,0,Inuwashi
tool_bird_class_train/Inuwashi_Golden_Eagle/BIRDS525/045.jpg,0,Inuwashi
tool_bird_class_train/Inuwashi_Golden_Eagle/AAS1_inuwashi-DSCr1532-247-330-392-556.JPG,0,Inuwashi
tool_bird_class_train/Inuwashi_Golden_Eagle/AAS1_inuwashi-DSCr0866-4013-2160-173-156.JPG,0,Inuwashi
tool_bird_class_train/Inuwashi_Golden_Eagle/ext_inat_20260504/inat_339578623_5e470cf3.jpg,0,Inuwashi
tool_bird_class_train/Inuwashi_Golden_Eagle/AAS1_inuwashi-083A3080-2069-672-252-254.JPG,0,Inuwashi
tool_bird_class_train/Inuwashi_Golden_Eagle/ext_inat_20260504/inat_74416391_ffb1985a.jpg,0,Inuwashi
tool_bird_class_train/Inuwashi_Golden_Eagle/frame_019440_bb00_t0648.65_conf0.971.jpg,0,Inuwashi
tool_bird_class_train/Inuwashi_Golden_Eagle/v5_ds_beta_bird/144.jpg,0,Inuwashi
tool_bird_class_train/Inuwashi_Golden_Eagle/AAS1_inuwashi-083A3669-2833-1689-175-151.JPG,0,Inuwashi
tool_bird_class_train/Inuwashi_Golden_Eagle/ext_inat_20260504/inat_171751760_1c67bba0.jpg,0,Inuwashi
tool_bird_class_train/Inuwashi_Golden_Eagle/ext_inat_20260504/inat_626087727_2833ac8a.jpg,0,Inuwashi
tool_bird_class_train/Inuwashi_Golden_Eagle/AAS1_inuwashi-DSCr0724-2187-1572-330-257.JPG,0,Inuwashi
tool_bird_class_train/Inuwashi_Golden_Eagle/ext_inat_20260504/inat_255583450_0ad9a4d3.jpg,0,Inuwashi
tool_bird_class_train/Inuwashi_Golden_Eagle/ext_inat_20260504/inat_45993012_9653ae36.jpg,0,Inuwashi
tool_bird_class_train/Inuwashi_Golden_Eagle/AAS1_inuwashi-083A3640-3481-1786-170-203.JPG,0,Inuwashi
tool_bird_class_train/Inuwashi_Golden_Eagle/ext_inat_20260504/inat_620922905_3e9bcf4c.jpg,0,Inuwashi
tool_bird_class_train/Inuwashi_Golden_Eagle/AAS1_inuwashi-083A3081-2823-2493-223-337.JPG,0,Inuwashi
tool_bird_class_train/Inuwashi_Golden_Eagle/ext_inat_20260504/inat_403324297_a6d7d9db.jpg,0,Inuwashi
tool_bird_class_train/Inuwashi_Golden_Eagle/ext_inat_20260504/inat_545903915_011e9543.jpg,0,Inuwashi
tool_bird_class_train/Inuwashi_Golden_Eagle/AAS1_inuwashi-083A4425-3073-2195-300-366.JPG,0,Inuwashi
tool_bird_class_train/Inuwashi_Golden_Eagle/AAS1_inuwashi-8D4A3425-2105-1779-559-136.JPG,0,Inuwashi
tool_bird_class_train/Inuwashi_Golden_Eagle/AAS1_inuwashi-083A4364-3025-1619-132-145.JPG,0,Inuwashi
tool_bird_class_train/Inuwashi_Golden_Eagle/ext_inat_20260504/inat_250864713_e79274c0.jpg,0,Inuwashi
tool_bird_class_train/Inuwashi_Golden_Eagle/ext_inat_20260504/inat_97650757_1fcb67e0.jpg,0,Inuwashi
tool_bird_class_train/Inuwashi_Golden_Eagle/ext_inat_20260504/inat_480377971_e60a00b4.jpg,0,Inuwashi
tool_bird_class_train/Inuwashi_Golden_Eagle/AAS1_inuwashi-DSCr1563-549-906-766-427.JPG,0,Inuwashi
tool_bird_class_train/Inuwashi_Golden_Eagle/ext_inat_20260504/inat_613533_ec41ea93.jpg,0,Inuwashi
tool_bird_class_train/Inuwashi_Golden_Eagle/ext_inat_20260504/inat_207269435_e0add8d9.jpg,0,Inuwashi
tool_bird_class_train/Inuwashi_Golden_Eagle/ext_inat_20260504/inat_103193491_13b204e7.jpg,0,Inuwashi
tool_bird_class_train/Inuwashi_Golden_Eagle/AAS1_inuwashi-083A3412-1508-461-1000-667.JPG,0,Inuwashi
tool_bird_class_train/Inuwashi_Golden_Eagle/ext_inat_20260504/inat_344192563_a1b73ee3.jpg,0,Inuwashi
tool_bird_class_train/Inuwashi_Golden_Eagle/AAS1_inuwashi-8D4A4511-2714-1621-140-175.JPG,0,Inuwashi
tool_bird_class_train/Inuwashi_Golden_Eagle/ext_inat_20260504/inat_537728351_af7289f1.jpg,0,Inuwashi
tool_bird_class_train/Inuwashi_Golden_Eagle/AAS1_inuwashi-DSCr3253-1852-1678-338-302.JPG,0,Inuwashi
tool_bird_class_train/Inuwashi_Golden_Eagle/AAS1_inuwashi-8D4A4476-2121-1481-667-844.JPG,0,Inuwashi
tool_bird_class_train/Inuwashi_Golden_Eagle/ext_inat_20260504/inat_285165748_0d3d4cdf.jpg,0,Inuwashi
tool_bird_class_train/Inuwashi_Golden_Eagle/frame_027900_bb00_t0930.93_conf0.998.jpg,0,Inuwashi
tool_bird_class_train/Inuwashi_Golden_Eagle/ext_inat_20260504/inat_252919481_1caacc87.jpg,0,Inuwashi
tool_bird_class_train/Inuwashi_Golden_Eagle/ext_inat_20260504/inat_422891918_cd56b825.jpg,0,Inuwashi
tool_bird_class_train/Inuwashi_Golden_Eagle/AAS1_inuwashi-083A3371-2515-1525-472-460.JPG,0,Inuwashi
tool_bird_class_train/Inuwashi_Golden_Eagle/AAS1_inuwashi-083A3212-2278-1426-395-515.JPG,0,Inuwashi
tool_bird_class_train/Inuwashi_Golden_Eagle/AAS1_inuwashi-DSCr1447-3072-1425-276-262.JPG,0,Inuwashi
tool_bird_class_train/Inuwashi_Golden_Eagle/ext_inat_20260504/inat_544393487_ca470b23.jpg,0,Inuwashi
tool_bird_class_train/Inuwashi_Golden_Eagle/AAS1_inuwashi-083A3493-1773-1900-441-207.JPG,0,Inuwashi
tool_bird_class_train/Inuwashi_Golden_Eagle/ext_inat_20260504/inat_473136483_075ac27e.jpg,0,Inuwashi
tool_bird_class_train/Inuwashi_Golden_Eagle/ext_inat_20260504/inat_465018861_b20d2e16.jpg,0,Inuwashi
tool_bird_class_train/Inuwashi_Golden_Eagle/AAS1_inuwashi-DSCr3258-1117-1503-449-225.JPG,0,Inuwashi
tool_bird_class_train/Inuwashi_Golden_Eagle/ext_inat_20260504/inat_268413575_0830c348.jpg,0,Inuwashi
tool_bird_class_train/Inuwashi_Golden_Eagle/AAS1_inuwashi-DSCr3321-2020-1426-261-201.JPG,0,Inuwashi
tool_bird_class_train/Inuwashi_Golden_Eagle/ext_inat_20260504/inat_224249723_63efc6d0.jpg,0,Inuwashi
tool_bird_class_train/Inuwashi_Golden_Eagle/AAS1_inuwashi-083A4461-2923-1629-280-219.JPG,0,Inuwashi
tool_bird_class_train/Inuwashi_Golden_Eagle/AAS1_inuwashi-8D4A4499-3303-1619-114-194.JPG,0,Inuwashi
tool_bird_class_train/Inuwashi_Golden_Eagle/ext_inat_20260504/inat_164185615_6e433c9d.jpg,0,Inuwashi
tool_bird_class_train/Inuwashi_Golden_Eagle/ext_inat_20260504/inat_179010783_c618084c.jpg,0,Inuwashi
tool_bird_class_train/Inuwashi_Golden_Eagle/AAS1_inuwashi-083A3240-2597-1344-1064-866.JPG,0,Inuwashi
tool_bird_class_train/Inuwashi_Golden_Eagle/inat_3119/15abb8b2-e614-45f0-ab35-15c7707672f6.jpg,0,Inuwashi
tool_bird_class_train/Inuwashi_Golden_Eagle/ext_inat_20260504/inat_476272340_d445a27b.png,0,Inuwashi
tool_bird_class_train/Inuwashi_Golden_Eagle/ext_inat_20260504/inat_285135010_44a65b14.jpg,0,Inuwashi
tool_bird_class_train/Inuwashi_Golden_Eagle/ext_inat_20260504/inat_385052478_39576a58.jpg,0,Inuwashi
tool_bird_class_train/Inuwashi_Golden_Eagle/ext_inat_20260504/inat_245102514_2d853e02.jpg,0,Inuwashi
tool_bird_class_train/Inuwashi_Golden_Eagle/ext_inat_20260504/inat_610028024_a6f01820.jpg,0,Inuwashi
tool_bird_class_train/Inuwashi_Golden_Eagle/AAS1_inuwashi-DSCr3205-2915-1548-226-238.JPG,0,Inuwashi
tool_bird_class_train/Inuwashi_Golden_Eagle/AAS1_inuwashi-DSCr1477-2722-1490-639-288.JPG,0,Inuwashi
tool_bird_class_train/Inuwashi_Golden_Eagle/AAS1_inuwashi-DSCr3260-1506-1651-492-163.JPG,0,Inuwashi
tool_bird_class_train/Inuwashi_Golden_Eagle/v4_gt/347924630.jpg,0,Inuwashi
tool_bird_class_train/Inuwashi_Golden_Eagle/frame_027990_bb00_t0933.93_conf0.997.jpg,0,Inuwashi
tool_bird_class_train/Inuwashi_Golden_Eagle/v5_ds_beta_bird/120.jpg,0,Inuwashi
tool_bird_class_train/Inuwashi_Golden_Eagle/AAS1_inuwashi-083A4446-2848-2055-303-364.JPG,0,Inuwashi
tool_bird_class_train/Inuwashi_Golden_Eagle/ext_inat_20260504/inat_7499354_1d0278bd.jpg,0,Inuwashi
tool_bird_class_train/Inuwashi_Golden_Eagle/AAS1_inuwashi-8D4A4401-2799-1576-327-120.JPG,0,Inuwashi
tool_bird_class_train/Inuwashi_Golden_Eagle/ext_inat_20260504/inat_635703047_10b5ccf9.jpg,0,Inuwashi
tool_bird_class_train/Inuwashi_Golden_Eagle/ext_inat_20260504/inat_424594358_bdfd78f9.jpg,0,Inuwashi
tool_bird_class_train/Inuwashi_Golden_Eagle/ext_inat_20260504/inat_615498003_bc36ceea.jpg,0,Inuwashi
tool_bird_class_train/Inuwashi_Golden_Eagle/ext_inat_20260504/inat_104723703_c9901e03.jpg,0,Inuwashi
tool_bird_class_train/Inuwashi_Golden_Eagle/AAS1_inuwashi-083A3087-3950-2583-305-323.JPG,0,Inuwashi
tool_bird_class_train/Inuwashi_Golden_Eagle/ext_inat_20260504/inat_229477353_743405d5.jpg,0,Inuwashi
tool_bird_class_train/Inuwashi_Golden_Eagle/ext_inat_20260504/inat_629869954_7197adcb.jpg,0,Inuwashi
tool_bird_class_train/Inuwashi_Golden_Eagle/AAS1_inuwashi-8D4A4404-2751-1965-327-94.JPG,0,Inuwashi
tool_bird_class_train/Inuwashi_Golden_Eagle/AAS1_inuwashi-083A3101-4033-2666-358-212.JPG,0,Inuwashi
tool_bird_class_train/Inuwashi_Golden_Eagle/AAS1_inuwashi-083A4159-2275-1153-492-365.JPG,0,Inuwashi
tool_bird_class_train/Inuwashi_Golden_Eagle/AAS1_inuwashi-DSCr1867-3758-1660-201-153.JPG,0,Inuwashi
tool_bird_class_train/Inuwashi_Golden_Eagle/AAS1_inuwashi-DSCr1822-1889-1643-220-142.JPG,0,Inuwashi
tool_bird_class_train/Inuwashi_Golden_Eagle/ext_inat_20260504/inat_147327662_d7cc3ccb.jpg,0,Inuwashi
tool_bird_class_train/Inuwashi_Golden_Eagle/ext_inat_20260504/inat_127129403_738eb9a2.jpg,0,Inuwashi
tool_bird_class_train/Inuwashi_Golden_Eagle/AAS1_inuwashi-083A4424-3065-166-324-141.JPG,0,Inuwashi
tool_bird_class_train/Inuwashi_Golden_Eagle/AAS1_inuwashi-DSCr0865-3174-1711-154-142.JPG,0,Inuwashi
tool_bird_class_train/Inuwashi_Golden_Eagle/AAS1_inuwashi-083A3724-2890-1725-186-361.JPG,0,Inuwashi
tool_bird_class_train/Inuwashi_Golden_Eagle/AAS1_inuwashi-083A3198-2919-1541-424-444.JPG,0,Inuwashi
tool_bird_class_train/Inuwashi_Golden_Eagle/ext_inat_20260504/inat_174537430_d4a5e56d.png,0,Inuwashi
tool_bird_class_train/Inuwashi_Golden_Eagle/ext_inat_20260504/inat_460794486_66508699.jpg,0,Inuwashi
tool_bird_class_train/Inuwashi_Golden_Eagle/ext_inat_20260504/inat_251359267_22f5b719.jpg,0,Inuwashi
tool_bird_class_train/Inuwashi_Golden_Eagle/AAS1_inuwashi-083A3868-231-224-422-208.JPG,0,Inuwashi
tool_bird_class_train/Inuwashi_Golden_Eagle/AAS1_inuwashi-083A3231-2021-1717-1176-537.JPG,0,Inuwashi
tool_bird_class_train/Inuwashi_Golden_Eagle/ext_inat_20260504/inat_260483645_186ef6e9.jpg,0,Inuwashi
tool_bird_class_train/Inuwashi_Golden_Eagle/ext_inat_20260504/inat_41017534_5adf27b9.jpg,0,Inuwashi
tool_bird_class_train/Inuwashi_Golden_Eagle/AAS1_inuwashi-DSCr2687-2630-1829-252-216.JPG,0,Inuwashi
tool_bird_class_train/Inuwashi_Golden_Eagle/ext_inat_20260504/inat_181911683_f6d87388.jpg,0,Inuwashi
tool_bird_class_train/Inuwashi_Golden_Eagle/AAS1_inuwashi-8D4A4505-2713-1427-183-174.JPG,0,Inuwashi
tool_bird_class_train/Inuwashi_Golden_Eagle/AAS1_inuwashi-083A3715-2696-1842-231-265.JPG,0,Inuwashi
tool_bird_class_train/Inuwashi_Golden_Eagle/inat_3119/e16e33bd-7459-475c-977c-013afd926f87.jpg,0,Inuwashi
tool_bird_class_train/Inuwashi_Golden_Eagle/ext_inat_20260504/inat_348738019_e7ab519d.jpg,0,Inuwashi
tool_bird_class_train/Inuwashi_Golden_Eagle/ext_inat_20260504/inat_364373301_5e769f65.jpg,0,Inuwashi
tool_bird_class_train/Inuwashi_Golden_Eagle/AAS1_inuwashi-083A4063-2727-1753-94-135.JPG,0,Inuwashi
tool_bird_class_train/Inuwashi_Golden_Eagle/frame_001550_bb00_t0051.72_conf0.989.jpg,0,Inuwashi
tool_bird_class_train/Inuwashi_Golden_Eagle/ext_inat_20260504/inat_251023663_a053e667.jpg,0,Inuwashi
tool_bird_class_train/Inuwashi_Golden_Eagle/ext_inat_20260504/inat_44063568_8ca07bd7.jpg,0,Inuwashi
tool_bird_class_train/Inuwashi_Golden_Eagle/AAS1_inuwashi-DSCr0603-2742-2167-455-340.JPG,0,Inuwashi
tool_bird_class_train/Inuwashi_Golden_Eagle/ext_inat_20260504/inat_504100248_bfd5f7ef.jpg,0,Inuwashi
tool_bird_class_train/Inuwashi_Golden_Eagle/ext_inat_20260504/inat_605210637_5feda281.jpg,0,Inuwashi
tool_bird_class_train/Inuwashi_Golden_Eagle/ext_inat_20260504/inat_512370546_17eb4f27.jpg,0,Inuwashi
tool_bird_class_train/Inuwashi_Golden_Eagle/ext_inat_20260504/inat_275808415_3484063f.jpg,0,Inuwashi
tool_bird_class_train/Inuwashi_Golden_Eagle/AAS1_inuwashi-083A3928-2294-1577-174-191.JPG,0,Inuwashi
tool_bird_class_train/Inuwashi_Golden_Eagle/ext_inat_20260504/inat_229769470_e6f52a7a.jpg,0,Inuwashi
tool_bird_class_train/Inuwashi_Golden_Eagle/ext_inat_20260504/inat_168017513_36d5d08f.jpg,0,Inuwashi
tool_bird_class_train/Inuwashi_Golden_Eagle/inat_3119/ee1b495c-8eb3-4a1e-87a2-cfe3e613d1fd.jpg,0,Inuwashi
tool_bird_class_train/Inuwashi_Golden_Eagle/ext_inat_20260504/inat_559097052_e6168c0e.jpg,0,Inuwashi
tool_bird_class_train/Inuwashi_Golden_Eagle/AAS1_inuwashi-8D4A4486-3760-1747-163-156.JPG,0,Inuwashi
tool_bird_class_train/Inuwashi_Golden_Eagle/ext_inat_20260504/inat_250588658_c41b3581.jpg,0,Inuwashi
tool_bird_class_train/Inuwashi_Golden_Eagle/ext_inat_20260504/inat_258078770_6829aee2.jpg,0,Inuwashi
tool_bird_class_train/Inuwashi_Golden_Eagle/ext_inat_20260504/inat_158239899_b73ec5f7.jpg,0,Inuwashi
tool_bird_class_train/Inuwashi_Golden_Eagle/ext_inat_20260504/inat_618955184_b84b4b2f.jpg,0,Inuwashi
tool_bird_class_train/Inuwashi_Golden_Eagle/ext_inat_20260504/inat_360060261_4dd1aa9d.jpg,0,Inuwashi
tool_bird_class_train/Inuwashi_Golden_Eagle/AAS1_inuwashi-083A3378-2184-1625-417-518.JPG,0,Inuwashi
tool_bird_class_train/Inuwashi_Golden_Eagle/ext_inat_20260504/inat_238807363_f24c769b.jpg,0,Inuwashi
tool_bird_class_train/Inuwashi_Golden_Eagle/ext_inat_20260504/inat_344753130_6389b35c.jpg,0,Inuwashi
tool_bird_class_train/Inuwashi_Golden_Eagle/ext_inat_20260504/inat_258409284_aa6e8d45.jpg,0,Inuwashi
tool_bird_class_train/Inuwashi_Golden_Eagle/AAS1_inuwashi-DSCr1667rr2r-1680-1158-511-294.JPG,0,Inuwashi
tool_bird_class_train/Inuwashi_Golden_Eagle/ext_inat_20260504/inat_296113310_a0945cc2.jpg,0,Inuwashi
tool_bird_class_train/Inuwashi_Golden_Eagle/frame_027880_bb00_t0930.26_conf0.987.jpg,0,Inuwashi
tool_bird_class_train/Inuwashi_Golden_Eagle/ext_inat_20260504/inat_484260536_24768ffe.jpg,0,Inuwashi
tool_bird_class_train/Inuwashi_Golden_Eagle/ext_inat_20260504/inat_26325964_6fb7a9a7.jpg,0,Inuwashi
tool_bird_class_train/Inuwashi_Golden_Eagle/ext_inat_20260504/inat_570044864_51815b66.jpg,0,Inuwashi
tool_bird_class_train/Inuwashi_Golden_Eagle/ext_inat_20260504/inat_445743181_5ee33330.jpg,0,Inuwashi
tool_bird_class_train/Inuwashi_Golden_Eagle/ext_inat_20260504/inat_614733146_93ce2cf9.jpg,0,Inuwashi
tool_bird_class_train/Inuwashi_Golden_Eagle/frame_019460_bb00_t0649.32_conf0.965.jpg,0,Inuwashi
tool_bird_class_train/Inuwashi_Golden_Eagle/ext_inat_20260504/inat_302855022_169c3fc5.jpg,0,Inuwashi
tool_bird_class_train/Inuwashi_Golden_Eagle/AAS1_inuwashi-083A3864-2717-2012-491-271.JPG,0,Inuwashi
tool_bird_class_train/Inuwashi_Golden_Eagle/ext_inat_20260504/inat_105346855_2a1c8e59.jpg,0,Inuwashi
tool_bird_class_train/Inuwashi_Golden_Eagle/AAS1_inuwashi-DSCr2680-2592-1604-290-196.JPG,0,Inuwashi
tool_bird_class_train/Inuwashi_Golden_Eagle/AAS1_inuwashi-DSCr1848-3365-1216-203-139.JPG,0,Inuwashi
tool_bird_class_train/Inuwashi_Golden_Eagle/ext_inat_20260504/inat_237260712_2bb66fcf.jpg,0,Inuwashi
tool_bird_class_train/Inuwashi_Golden_Eagle/ext_inat_20260504/inat_372709526_b8e5a1cd.jpg,0,Inuwashi
tool_bird_class_train/Inuwashi_Golden_Eagle/ext_inat_20260504/inat_429107307_12ab47cc.jpg,0,Inuwashi
tool_bird_class_train/Inuwashi_Golden_Eagle/ext_inat_20260504/inat_166204002_47d5eba5.jpg,0,Inuwashi
tool_bird_class_train/Inuwashi_Golden_Eagle/ext_inat_20260504/inat_197828506_c5df901e.jpg,0,Inuwashi
tool_bird_class_train/Inuwashi_Golden_Eagle/BIRDS525/085.jpg,0,Inuwashi
tool_bird_class_train/Inuwashi_Golden_Eagle/ext_inat_20260504/inat_177729675_855fc795.jpg,0,Inuwashi
tool_bird_class_train/Inuwashi_Golden_Eagle/ext_inat_20260504/inat_329927896_716cbb15.jpg,0,Inuwashi
tool_bird_class_train/Inuwashi_Golden_Eagle/ext_inat_20260504/inat_559569926_60449a45.jpg,0,Inuwashi
tool_bird_class_train/Inuwashi_Golden_Eagle/AAS1_inuwashi-DSCr0575-2778-1863-246-190.JPG,0,Inuwashi
tool_bird_class_train/Inuwashi_Golden_Eagle/ext_inat_20260504/inat_435382491_1134f4da.jpg,0,Inuwashi
tool_bird_class_train/Inuwashi_Golden_Eagle/ext_inat_20260504/inat_196122311_d3a4b1e7.jpg,0,Inuwashi
tool_bird_class_train/Inuwashi_Golden_Eagle/AAS1_inuwashi-DSCr3194-2872-1613-248-159.JPG,0,Inuwashi
tool_bird_class_train/Inuwashi_Golden_Eagle/AAS1_inuwashi-8D4A4523-2596-1955-222-156.JPG,0,Inuwashi
tool_bird_class_train/Inuwashi_Golden_Eagle/ext_inat_20260504/inat_340177523_9949f306.jpg,0,Inuwashi
tool_bird_class_train/Inuwashi_Golden_Eagle/ext_inat_20260504/inat_297226011_e71edf21.jpg,0,Inuwashi
tool_bird_class_train/Inuwashi_Golden_Eagle/ext_inat_20260504/inat_364198707_495eb302.jpg,0,Inuwashi
tool_bird_class_train/Inuwashi_Golden_Eagle/AAS1_inuwashi-083A3094-2912-883-271-264.JPG,0,Inuwashi
tool_bird_class_train/Inuwashi_Golden_Eagle/AAS1_inuwashi-083A3089-3363-1712-238-294.JPG,0,Inuwashi
tool_bird_class_train/Inuwashi_Golden_Eagle/ext_inat_20260504/inat_387502580_bf47338e.jpg,0,Inuwashi
tool_bird_class_train/Inuwashi_Golden_Eagle/ext_inat_20260504/inat_322775250_c07438d5.jpg,0,Inuwashi
tool_bird_class_train/Inuwashi_Golden_Eagle/ext_inat_20260504/inat_282226185_40ff4310.jpg,0,Inuwashi
tool_bird_class_train/Inuwashi_Golden_Eagle/ext_inat_20260504/inat_353756058_733e63c3.jpg,0,Inuwashi
tool_bird_class_train/Inuwashi_Golden_Eagle/inat_3119/9ca7369c-9205-4326-b5fd-0c9f3963abee.jpg,0,Inuwashi
tool_bird_class_train/Inuwashi_Golden_Eagle/AAS1_inuwashi-DSCr1678-2178-1422-376-425.JPG,0,Inuwashi
tool_bird_class_train/Inuwashi_Golden_Eagle/AAS1_inuwashi-DSCr1877-2319-1597-208-196.JPG,0,Inuwashi
tool_bird_class_train/Inuwashi_Golden_Eagle/v5_train_v5_inat/352031021.jpg,0,Inuwashi
tool_bird_class_train/Inuwashi_Golden_Eagle/AAS1_inuwashi-083A3409-2612-1292-752-707.JPG,0,Inuwashi
tool_bird_class_train/Inuwashi_Golden_Eagle/ext_inat_20260504/inat_634318613_941b6a46.jpg,0,Inuwashi
tool_bird_class_train/Inuwashi_Golden_Eagle/v5_ds_beta_bird/054.jpg,0,Inuwashi
tool_bird_class_train/Inuwashi_Golden_Eagle/AAS1_inuwashi-083A3478-355-214-308-205.JPG,0,Inuwashi
tool_bird_class_train/Inuwashi_Golden_Eagle/AAS1_inuwashi-083A3377-2386-1576-456-560.JPG,0,Inuwashi
tool_bird_class_train/Inuwashi_Golden_Eagle/ext_inat_20260504/inat_204058483_3bc6c324.jpg,0,Inuwashi
tool_bird_class_train/Inuwashi_Golden_Eagle/AAS1_inuwashi-8D4A3410-2278-1226-850-277.JPG,0,Inuwashi
tool_bird_class_train/Inuwashi_Golden_Eagle/AAS1_inuwashi-083A3357-2379-1529-619-319.JPG,0,Inuwashi
tool_bird_class_train/Inuwashi_Golden_Eagle/AAS1_inuwashi-083A3367-2299-1648-464-500.JPG,0,Inuwashi
tool_bird_class_train/Inuwashi_Golden_Eagle/ext_inat_20260504/inat_445731535_c07b0ba3.jpg,0,Inuwashi
tool_bird_class_train/Inuwashi_Golden_Eagle/inat_3119/6c23910a-1e5b-4ba0-b1ce-b441bf813a5b.jpg,0,Inuwashi
tool_bird_class_train/Inuwashi_Golden_Eagle/BIRDS525/020.jpg,0,Inuwashi
tool_bird_class_train/Inuwashi_Golden_Eagle/ext_inat_20260504/inat_191105727_cfa9217f.jpg,0,Inuwashi
tool_bird_class_train/Inuwashi_Golden_Eagle/BIRDS525/021.jpg,0,Inuwashi
tool_bird_class_train/Inuwashi_Golden_Eagle/ext_inat_20260504/inat_475005351_544f123a.jpg,0,Inuwashi
tool_bird_class_train/Inuwashi_Golden_Eagle/AAS1_inuwashi-083A3545-321-220-311-207.JPG,0,Inuwashi
tool_bird_class_train/Inuwashi_Golden_Eagle/ext_inat_20260504/inat_121568013_05c4f225.jpg,0,Inuwashi
tool_bird_class_train/Inuwashi_Golden_Eagle/AAS1_inuwashi-DSCr2336-1462-409-397-410.JPG,0,Inuwashi
tool_bird_class_train/Inuwashi_Golden_Eagle/AAS1_inuwashi-083A3366-2664-1355-584-452.JPG,0,Inuwashi
tool_bird_class_train/Inuwashi_Golden_Eagle/AAS1_inuwashi-083A3848-600-292-323-457.JPG,0,Inuwashi
tool_bird_class_train/Inuwashi_Golden_Eagle/AAS1_inuwashi-DSCr2683-2907-1533-294-198.JPG,0,Inuwashi
tool_bird_class_train/Inuwashi_Golden_Eagle/ext_inat_20260504/inat_60959313_604dd261.jpg,0,Inuwashi
tool_bird_class_train/Inuwashi_Golden_Eagle/AAS1_inuwashi-083A3205-2938-1878-372-520.JPG,0,Inuwashi
tool_bird_class_train/Inuwashi_Golden_Eagle/AAS1_inuwashi-DSCr2384-1953-1043-413-331.JPG,0,Inuwashi
tool_bird_class_train/Inuwashi_Golden_Eagle/AAS1_inuwashi-083A3221-2107-1496-846-287.JPG,0,Inuwashi
tool_bird_class_train/Inuwashi_Golden_Eagle/ext_inat_20260504/inat_65663685_1d2e5d06.jpg,0,Inuwashi
tool_bird_class_train/Inuwashi_Golden_Eagle/AAS1_inuwashi-DSCr1666rr2r-1773-1161-527-294.JPG,0,Inuwashi
tool_bird_class_train/Inuwashi_Golden_Eagle/AAS1_inuwashi-083A3235-280-234-1168-842.JPG,0,Inuwashi
tool_bird_class_train/Inuwashi_Golden_Eagle/ext_inat_20260504/inat_148117354_d7d76af5.jpg,0,Inuwashi
tool_bird_class_train/Inuwashi_Golden_Eagle/v5_ds_beta_bird/098.jpg,0,Inuwashi
tool_bird_class_train/Inuwashi_Golden_Eagle/ext_inat_20260504/inat_12377860_d68a781b.jpg,0,Inuwashi
tool_bird_class_train/Inuwashi_Golden_Eagle/v5_train_v5_inat/345421527.jpg,0,Inuwashi
tool_bird_class_train/Inuwashi_Golden_Eagle/AAS1_inuwashi-8D4A4465-2893-1199-514-1030.JPG,0,Inuwashi
tool_bird_class_train/Inuwashi_Golden_Eagle/ext_inat_20260504/inat_460890640_df2e188a.jpg,0,Inuwashi
tool_bird_class_train/Inuwashi_Golden_Eagle/AAS1_inuwashi-8D4A4420-2845-2172-495-163.JPG,0,Inuwashi
tool_bird_class_train/Inuwashi_Golden_Eagle/ext_inat_20260504/inat_473374793_b0f668b5.jpg,0,Inuwashi
tool_bird_class_train/Inuwashi_Golden_Eagle/frame_028520_bb00_t0951.62_conf0.995.jpg,0,Inuwashi
tool_bird_class_train/Inuwashi_Golden_Eagle/AAS1_inuwashi-8D4A4467-2868-1436-498-1031.JPG,0,Inuwashi
tool_bird_class_train/Inuwashi_Golden_Eagle/ext_inat_20260504/inat_348708095_5d96c851.jpg,0,Inuwashi
tool_bird_class_train/Inuwashi_Golden_Eagle/ext_inat_20260504/inat_177758126_b33d718e.jpg,0,Inuwashi
tool_bird_class_train/Inuwashi_Golden_Eagle/ext_inat_20260504/inat_324298848_fe53b142.jpg,0,Inuwashi
tool_bird_class_train/Inuwashi_Golden_Eagle/ext_inat_20260504/inat_359289920_7f44ea8b.jpg,0,Inuwashi
tool_bird_class_train/Inuwashi_Golden_Eagle/ext_inat_20260504/inat_260037945_93614e9d.jpg,0,Inuwashi
tool_bird_class_train/Inuwashi_Golden_Eagle/AAS1_inuwashi-083A3683-2739-1607-156-212.JPG,0,Inuwashi
tool_bird_class_train/Inuwashi_Golden_Eagle/ext_inat_20260504/inat_182020144_57fa96a1.jpg,0,Inuwashi
tool_bird_class_train/Inuwashi_Golden_Eagle/ext_inat_20260504/inat_470564894_2a513ec6.jpg,0,Inuwashi
tool_bird_class_train/Inuwashi_Golden_Eagle/v5_ds_beta_bird/088.jpg,0,Inuwashi
tool_bird_class_train/Inuwashi_Golden_Eagle/ext_inat_20260504/inat_610824933_634abe01.jpg,0,Inuwashi
tool_bird_class_train/Inuwashi_Golden_Eagle/AAS1_inuwashi-083A4452-2818-1988-382-380.JPG,0,Inuwashi
tool_bird_class_train/Inuwashi_Golden_Eagle/ext_inat_20260504/inat_620479356_88b20dea.jpg,0,Inuwashi
tool_bird_class_train/Inuwashi_Golden_Eagle/AAS1_inuwashi-DSCr1665-1708-1102-486-275.JPG,0,Inuwashi
tool_bird_class_train/Inuwashi_Golden_Eagle/ext_inat_20260504/inat_510287450_5800b6c6.jpg,0,Inuwashi
tool_bird_class_train/Inuwashi_Golden_Eagle/ext_inat_20260504/inat_263865956_4e66fbaf.jpg,0,Inuwashi
tool_bird_class_train/Inuwashi_Golden_Eagle/AAS1_inuwashi-083A4470-2889-1525-235-161.JPG,0,Inuwashi
tool_bird_class_train/Inuwashi_Golden_Eagle/inat_3119/9557aaaa-b8ce-4197-ab42-02d30e0173cb.jpg,0,Inuwashi
tool_bird_class_train/Inuwashi_Golden_Eagle/ext_inat_20260504/inat_259962518_a980393b.jpg,0,Inuwashi
tool_bird_class_train/Inuwashi_Golden_Eagle/AAS1_inuwashi-DSCr3336-3000-1302-195-253.JPG,0,Inuwashi
tool_bird_class_train/Inuwashi_Golden_Eagle/ext_inat_20260504/inat_436450406_f09ccae7.jpg,0,Inuwashi
tool_bird_class_train/Inuwashi_Golden_Eagle/AAS1_inuwashi-083A3122-2905-1883-468-159.JPG,0,Inuwashi
tool_bird_class_train/Inuwashi_Golden_Eagle/ext_inat_20260504/inat_175515428_4d5c9aa9.jpg,0,Inuwashi
tool_bird_class_train/Inuwashi_Golden_Eagle/BIRDS525/095.jpg,0,Inuwashi
tool_bird_class_train/Inuwashi_Golden_Eagle/ext_inat_20260504/inat_15332359_39da36ba.jpg,0,Inuwashi
tool_bird_class_train/Inuwashi_Golden_Eagle/inat_3119/2f4fc2f9-b8c2-40e2-9113-e4f09a54de08.jpg,0,Inuwashi
tool_bird_class_train/Inuwashi_Golden_Eagle/ext_inat_20260504/inat_131039238_72a54430.jpg,0,Inuwashi
tool_bird_class_train/Inuwashi_Golden_Eagle/AAS1_inuwashi-DSCr0711rr2r-2426-1755-434-357.JPG,0,Inuwashi
tool_bird_class_train/Inuwashi_Golden_Eagle/ext_inat_20260504/inat_381020005_b11f3765.jpg,0,Inuwashi
tool_bird_class_train/Inuwashi_Golden_Eagle/AAS1_inuwashi-DSCr1583-687-514-639-537.JPG,0,Inuwashi
tool_bird_class_train/Inuwashi_Golden_Eagle/ext_inat_20260504/inat_65391491_5f2f6275.jpg,0,Inuwashi
tool_bird_class_train/Inuwashi_Golden_Eagle/ext_inat_20260504/inat_613179774_2c89134c.jpg,0,Inuwashi
tool_bird_class_train/Inuwashi_Golden_Eagle/ext_inat_20260504/inat_80304665_0d041a6a.jpg,0,Inuwashi
tool_bird_class_train/Inuwashi_Golden_Eagle/ext_inat_20260504/inat_257888462_c73303cb.jpg,0,Inuwashi
tool_bird_class_train/Inuwashi_Golden_Eagle/ext_inat_20260504/inat_537751791_be50d53f.jpg,0,Inuwashi
tool_bird_class_train/Inuwashi_Golden_Eagle/ext_inat_20260504/inat_454938362_2a022f75.jpg,0,Inuwashi
tool_bird_class_train/Inuwashi_Golden_Eagle/ext_inat_20260504/inat_34921271_fe5ef62e.jpg,0,Inuwashi
tool_bird_class_train/Inuwashi_Golden_Eagle/AAS1_inuwashi-083A3490-1636-1882-343-179.JPG,0,Inuwashi
tool_bird_class_train/Inuwashi_Golden_Eagle/ext_inat_20260504/inat_373138695_c4948eaa.jpg,0,Inuwashi
tool_bird_class_train/Inuwashi_Golden_Eagle/ext_inat_20260504/inat_484648459_a39044d2.jpg,0,Inuwashi
tool_bird_class_train/Inuwashi_Golden_Eagle/AAS1_inuwashi-DSCr1589-1059-417-521-484.JPG,0,Inuwashi
tool_bird_class_train/Inuwashi_Golden_Eagle/ext_inat_20260504/inat_253209511_825b73fb.jpg,0,Inuwashi
tool_bird_class_train/Inuwashi_Golden_Eagle/ext_inat_20260504/inat_14386757_14a4c20d.jpg,0,Inuwashi
tool_bird_class_train/Inuwashi_Golden_Eagle/ext_inat_20260504/inat_423531255_e3fe2ac0.jpg,0,Inuwashi
tool_bird_class_train/Inuwashi_Golden_Eagle/AAS1_inuwashi-083A4413-3373-1657-199-140.JPG,0,Inuwashi
tool_bird_class_train/Inuwashi_Golden_Eagle/AAS1_inuwashi-DSCr3251-2190-1783-287-204.JPG,0,Inuwashi
tool_bird_class_train/Inuwashi_Golden_Eagle/AAS1_inuwashi-083A3137-394-368-1182-718.JPG,0,Inuwashi
tool_bird_class_train/Inuwashi_Golden_Eagle/ext_inat_20260504/inat_402535334_678ccfff.jpg,0,Inuwashi
tool_bird_class_train/Inuwashi_Golden_Eagle/ext_inat_20260504/inat_616750230_57922548.jpg,0,Inuwashi
tool_bird_class_train/Inuwashi_Golden_Eagle/ext_inat_20260504/inat_88882519_a2a3c67c.jpg,0,Inuwashi
tool_bird_class_train/Inuwashi_Golden_Eagle/ext_inat_20260504/inat_387502546_3c0dd577.jpg,0,Inuwashi
tool_bird_class_train/Inuwashi_Golden_Eagle/ext_inat_20260504/inat_345154115_6bfaafaa.jpg,0,Inuwashi
tool_bird_class_train/Inuwashi_Golden_Eagle/AAS1_inuwashi-083A3685-194-106-135-90.JPG,0,Inuwashi
tool_bird_class_train/Inuwashi_Golden_Eagle/ext_inat_20260504/inat_254608743_89f10000.jpg,0,Inuwashi
tool_bird_class_train/Inuwashi_Golden_Eagle/BIRDS525/030.jpg,0,Inuwashi
tool_bird_class_train/Inuwashi_Golden_Eagle/AAS1_inuwashi-DSCr1834-1882-1954-235-211.JPG,0,Inuwashi
tool_bird_class_train/Inuwashi_Golden_Eagle/inat_3119/f7f1ce81-d627-4457-87bd-fa9f97713443.jpg,0,Inuwashi
tool_bird_class_train/Inuwashi_Golden_Eagle/ext_inat_20260504/inat_619538320_38106b6c.jpg,0,Inuwashi
tool_bird_class_train/Inuwashi_Golden_Eagle/ext_inat_20260504/inat_84944_4525b40d.jpg,0,Inuwashi
tool_bird_class_train/Inuwashi_Golden_Eagle/AAS1_inuwashi-083A4140-2782-1588-273-252.JPG,0,Inuwashi
tool_bird_class_train/Inuwashi_Golden_Eagle/ext_inat_20260504/inat_283963944_8c70267a.jpg,0,Inuwashi
tool_bird_class_train/Inuwashi_Golden_Eagle/AAS1_inuwashi-083A3193-2660-1523-382-380.JPG,0,Inuwashi
tool_bird_class_train/Inuwashi_Golden_Eagle/ext_inat_20260504/inat_164307736_4fa3c585.jpg,0,Inuwashi
tool_bird_class_train/Inuwashi_Golden_Eagle/AAS1_inuwashi-083A3872-2183-2016-388-236.JPG,0,Inuwashi
tool_bird_class_train/Inuwashi_Golden_Eagle/ext_inat_20260504/inat_174844179_d99bec5d.jpg,0,Inuwashi
tool_bird_class_train/Inuwashi_Golden_Eagle/AAS1_inuwashi-DSCr1830-2359-1283-229-188.JPG,0,Inuwashi
tool_bird_class_train/Inuwashi_Golden_Eagle/AAS1_inuwashi-083A3410-2176-1497-875-531.JPG,0,Inuwashi
tool_bird_class_train/Inuwashi_Golden_Eagle/AAS1_inuwashi-DSCr2326-2001-1421-545-407.JPG,0,Inuwashi
tool_bird_class_train/Inuwashi_Golden_Eagle/AAS1_inuwashi-DSCr3210-3069-1527-120-123.JPG,0,Inuwashi
tool_bird_class_train/Inuwashi_Golden_Eagle/ext_inat_20260504/inat_623784130_dd8ffd66.jpg,0,Inuwashi
tool_bird_class_train/Inuwashi_Golden_Eagle/ext_inat_20260504/inat_253491485_bb8b5a26.jpg,0,Inuwashi
tool_bird_class_train/Inuwashi_Golden_Eagle/ext_inat_20260504/inat_616179815_b0d88bcc.jpg,0,Inuwashi
tool_bird_class_train/Inuwashi_Golden_Eagle/AAS1_inuwashi-DSCr3218-2832-2207-126-138.JPG,0,Inuwashi
tool_bird_class_train/Inuwashi_Golden_Eagle/BIRDS525/056.jpg,0,Inuwashi
tool_bird_class_train/Inuwashi_Golden_Eagle/ext_inat_20260504/inat_212695866_1e328eca.jpg,0,Inuwashi
tool_bird_class_train/Inuwashi_Golden_Eagle/ext_inat_20260504/inat_345132259_b49d4c72.jpg,0,Inuwashi
tool_bird_class_train/Inuwashi_Golden_Eagle/ext_inat_20260504/inat_252377672_8bef461e.jpg,0,Inuwashi
tool_bird_class_train/Inuwashi_Golden_Eagle/ext_inat_20260504/inat_318834953_dd09a66b.jpg,0,Inuwashi
tool_bird_class_train/Inuwashi_Golden_Eagle/ext_inat_20260504/inat_373140142_3dd47266.jpg,0,Inuwashi
tool_bird_class_train/Inuwashi_Golden_Eagle/AAS1_inuwashi-083A3882-2772-1785-244-416.JPG,0,Inuwashi
tool_bird_class_train/Inuwashi_Golden_Eagle/AAS1_inuwashi-083A3453-2121-1474-997-568.JPG,0,Inuwashi
tool_bird_class_train/Inuwashi_Golden_Eagle/AAS1_inuwashi-8D4A4388-2692-1683-222-83.JPG,0,Inuwashi
tool_bird_class_train/Inuwashi_Golden_Eagle/AAS1_inuwashi-8D4A3413-2189-1574-760-152.JPG,0,Inuwashi
tool_bird_class_train/Inuwashi_Golden_Eagle/AAS1_inuwashi-8D4A4431-2698-1561-770-293.JPG,0,Inuwashi
tool_bird_class_train/Inuwashi_Golden_Eagle/AAS1_inuwashi-DSCr2692-3168-815-252-192.JPG,0,Inuwashi
tool_bird_class_train/Inuwashi_Golden_Eagle/AAS1_inuwashi-083A3880-2612-1602-311-387.JPG,0,Inuwashi
tool_bird_class_train/Inuwashi_Golden_Eagle/ext_inat_20260504/inat_118574159_d9b7ef78.jpg,0,Inuwashi
tool_bird_class_train/Inuwashi_Golden_Eagle/ext_inat_20260504/inat_269612585_8ac7a77d.jpg,0,Inuwashi
tool_bird_class_train/Inuwashi_Golden_Eagle/ext_inat_20260504/inat_326600994_051090e1.jpg,0,Inuwashi
tool_bird_class_train/Inuwashi_Golden_Eagle/AAS1_inuwashi-083A3138-1679-1345-1256-793.JPG,0,Inuwashi
tool_bird_class_train/Inuwashi_Golden_Eagle/AAS1_inuwashi-083A3867-2996-2244-464-231.JPG,0,Inuwashi
tool_bird_class_train/Inuwashi_Golden_Eagle/AAS1_inuwashi-DSCr2685-2919-1671-217-133.JPG,0,Inuwashi
tool_bird_class_train/Inuwashi_Golden_Eagle/frame_027980_bb00_t0933.60_conf0.997.jpg,0,Inuwashi
tool_bird_class_train/Inuwashi_Golden_Eagle/AAS1_inuwashi-8D4A3411-2515-1568-814-178.JPG,0,Inuwashi
tool_bird_class_train/Inuwashi_Golden_Eagle/frame_000410_bb00_t0013.68_conf0.979.jpg,0,Inuwashi
tool_bird_class_train/Inuwashi_Golden_Eagle/ext_inat_20260504/inat_472763085_d1a6253f.jpg,0,Inuwashi
tool_bird_class_train/Inuwashi_Golden_Eagle/ext_inat_20260504/inat_483259170_604de84f.jpg,0,Inuwashi
tool_bird_class_train/Inuwashi_Golden_Eagle/AAS1_inuwashi-083A3384-2105-1493-991-355.JPG,0,Inuwashi
tool_bird_class_train/Inuwashi_Golden_Eagle/ext_inat_20260504/inat_251703987_afafdc16.jpg,0,Inuwashi
tool_bird_class_train/Inuwashi_Golden_Eagle/AAS1_inuwashi-DSCr3213-2557-1835-140-121.JPG,0,Inuwashi
tool_bird_class_train/Inuwashi_Golden_Eagle/AAS1_inuwashi-8D4A3441-2948-1968-225-121.JPG,0,Inuwashi
tool_bird_class_train/Inuwashi_Golden_Eagle/AAS1_inuwashi-DSCr2675-2227-1916-353-287.JPG,0,Inuwashi
tool_bird_class_train/Inuwashi_Golden_Eagle/ext_inat_20260504/inat_542081150_f01bd0de.jpg,0,Inuwashi
tool_bird_class_train/Inuwashi_Golden_Eagle/AAS1_inuwashi-8D4A4468-2713-1244-505-1049.JPG,0,Inuwashi
tool_bird_class_train/Inuwashi_Golden_Eagle/ext_inat_20260504/inat_353060701_3e5b189e.jpg,0,Inuwashi
tool_bird_class_train/Inuwashi_Golden_Eagle/ext_inat_20260504/inat_171386994_92475fdb.jpg,0,Inuwashi
tool_bird_class_train/Inuwashi_Golden_Eagle/ext_inat_20260504/inat_70094637_6a081e96.jpg,0,Inuwashi
tool_bird_class_train/Inuwashi_Golden_Eagle/ext_inat_20260504/inat_84701_b38c9576.jpg,0,Inuwashi
tool_bird_class_train/Inuwashi_Golden_Eagle/AAS1_inuwashi-DSCr1815-2049-1210-216-177.JPG,0,Inuwashi
tool_bird_class_train/Inuwashi_Golden_Eagle/ext_inat_20260504/inat_350679815_83f494ce.jpg,0,Inuwashi
tool_bird_class_train/Inuwashi_Golden_Eagle/ext_inat_20260504/inat_250365683_8c73e684.jpg,0,Inuwashi
tool_bird_class_train/Inuwashi_Golden_Eagle/ext_inat_20260504/inat_356049727_6f282919.jpg,0,Inuwashi
tool_bird_class_train/Inuwashi_Golden_Eagle/AAS1_inuwashi-8D4A4469-2471-1408-510-1010.JPG,0,Inuwashi
tool_bird_class_train/Inuwashi_Golden_Eagle/ext_inat_20260504/inat_80452970_f3d64381.jpg,0,Inuwashi
tool_bird_class_train/Inuwashi_Golden_Eagle/AAS1_inuwashi-DSCr1672rr2r-1070-1039-461-302.JPG,0,Inuwashi
tool_bird_class_train/Inuwashi_Golden_Eagle/ext_inat_20260504/inat_146883037_81d4926b.jpg,0,Inuwashi
tool_bird_class_train/Inuwashi_Golden_Eagle/AAS1_inuwashi-DSCr2693-3243-481-324-230.JPG,0,Inuwashi
tool_bird_class_train/Inuwashi_Golden_Eagle/AAS1_inuwashi-083A3611-2544-1729-228-347.JPG,0,Inuwashi
tool_bird_class_train/Inuwashi_Golden_Eagle/ext_inat_20260504/inat_91096795_70bbc310.jpg,0,Inuwashi
tool_bird_class_train/Inuwashi_Golden_Eagle/frame_027850_bb00_t0929.26_conf0.986.jpg,0,Inuwashi
tool_bird_class_train/Inuwashi_Golden_Eagle/ext_inat_20260504/inat_174724469_a384e305.jpg,0,Inuwashi
tool_bird_class_train/Inuwashi_Golden_Eagle/ext_inat_20260504/inat_406617274_caa222e1.jpg,0,Inuwashi
tool_bird_class_train/Inuwashi_Golden_Eagle/ext_inat_20260504/inat_347218105_7464c460.jpg,0,Inuwashi
tool_bird_class_train/Inuwashi_Golden_Eagle/ext_inat_20260504/inat_260532758_28e352a1.jpg,0,Inuwashi
tool_bird_class_train/Inuwashi_Golden_Eagle/ext_inat_20260504/inat_172974799_037bea71.jpg,0,Inuwashi
tool_bird_class_train/Inuwashi_Golden_Eagle/ext_inat_20260504/inat_358897911_a2a20818.jpg,0,Inuwashi
tool_bird_class_train/Inuwashi_Golden_Eagle/AAS1_inuwashi-083A3624-1977-2063-194-135.JPG,0,Inuwashi
tool_bird_class_train/Inuwashi_Golden_Eagle/ext_inat_20260504/inat_352083571_ffc7735a.jpg,0,Inuwashi
tool_bird_class_train/Inuwashi_Golden_Eagle/ext_inat_20260504/inat_440397540_dc4f819b.jpg,0,Inuwashi
tool_bird_class_train/Inuwashi_Golden_Eagle/ext_inat_20260504/inat_102492165_884df2b4.jpg,0,Inuwashi
tool_bird_class_train/Inuwashi_Golden_Eagle/AAS1_inuwashi-083A4135-2746-1590-344-283.JPG,0,Inuwashi
tool_bird_class_train/Inuwashi_Golden_Eagle/ext_inat_20260504/inat_30449531_6493d3bc.jpg,0,Inuwashi
tool_bird_class_train/Inuwashi_Golden_Eagle/ext_inat_20260504/inat_167053824_4eda035f.jpg,0,Inuwashi
tool_bird_class_train/Inuwashi_Golden_Eagle/ext_inat_20260504/inat_357035177_b841de35.jpg,0,Inuwashi
tool_bird_class_train/Inuwashi_Golden_Eagle/AAS1_inuwashi-083A3976-2717-1377-138-182.JPG,0,Inuwashi
tool_bird_class_train/Inuwashi_Golden_Eagle/ext_inat_20260504/inat_164961427_72aac4b3.jpg,0,Inuwashi
tool_bird_class_train/Inuwashi_Golden_Eagle/ext_inat_20260504/inat_460890668_0dc4902e.jpg,0,Inuwashi
tool_bird_class_train/Inuwashi_Golden_Eagle/ext_inat_20260504/inat_29381823_505cd248.jpg,0,Inuwashi
tool_bird_class_train/Inuwashi_Golden_Eagle/ext_inat_20260504/inat_253742582_d95dbbf0.jpg,0,Inuwashi
tool_bird_class_train/Inuwashi_Golden_Eagle/ext_inat_20260504/inat_492848573_a2ddaa80.jpg,0,Inuwashi
tool_bird_class_train/Inuwashi_Golden_Eagle/AAS1_inuwashi-083A4174-2552-1547-634-373.JPG,0,Inuwashi
tool_bird_class_train/Inuwashi_Golden_Eagle/ext_inat_20260504/inat_58961574_422091a4.jpg,0,Inuwashi
tool_bird_class_train/Inuwashi_Golden_Eagle/AAS1_inuwashi-DSCr0867-3547-1918-173-219.JPG,0,Inuwashi
tool_bird_class_train/Inuwashi_Golden_Eagle/ext_inat_20260504/inat_254293631_d0752999.jpg,0,Inuwashi
tool_bird_class_train/Inuwashi_Golden_Eagle/ext_inat_20260504/inat_107774131_0052afbd.jpg,0,Inuwashi
tool_bird_class_train/Inuwashi_Golden_Eagle/ext_inat_20260504/inat_274493844_04b46dd1.jpg,0,Inuwashi
tool_bird_class_train/Inuwashi_Golden_Eagle/ext_inat_20260504/inat_383800830_777e91e6.jpg,0,Inuwashi
tool_bird_class_train/Inuwashi_Golden_Eagle/ext_inat_20260504/inat_13091967_4f7a1b5a.jpg,0,Inuwashi
tool_bird_class_train/Inuwashi_Golden_Eagle/ext_inat_20260504/inat_449647187_e25ac25a.jpg,0,Inuwashi
tool_bird_class_train/Inuwashi_Golden_Eagle/ext_inat_20260504/inat_106839065_97fddc83.jpg,0,Inuwashi
tool_bird_class_train/Inuwashi_Golden_Eagle/AAS1_inuwashi-DSCr0595-4796-475-465-244.JPG,0,Inuwashi
tool_bird_class_train/Inuwashi_Golden_Eagle/frame_019390_bb00_t0646.98_conf0.987.jpg,0,Inuwashi
tool_bird_class_train/Inuwashi_Golden_Eagle/v5_ds_beta_bird/107.jpg,0,Inuwashi
tool_bird_class_train/Inuwashi_Golden_Eagle/ext_inat_20260504/inat_415547213_488dc9ce.jpg,0,Inuwashi
tool_bird_class_train/Inuwashi_Golden_Eagle/ext_inat_20260504/inat_55005040_3b5cc0bf.jpg,0,Inuwashi
tool_bird_class_train/Inuwashi_Golden_Eagle/AAS1_inuwashi-8D4A4503-2695-1674-193-178.JPG,0,Inuwashi
tool_bird_class_train/Inuwashi_Golden_Eagle/AAS1_inuwashi-DSCr2679-2082-1563-296-208.JPG,0,Inuwashi
tool_bird_class_train/Inuwashi_Golden_Eagle/ext_inat_20260504/inat_332381994_0258bee4.jpg,0,Inuwashi
tool_bird_class_train/Inuwashi_Golden_Eagle/ext_inat_20260504/inat_171386317_50ea0873.jpg,0,Inuwashi
tool_bird_class_train/Inuwashi_Golden_Eagle/ext_inat_20260504/inat_263865893_fdfd1b81.jpg,0,Inuwashi
tool_bird_class_train/Inuwashi_Golden_Eagle/ext_inat_20260504/inat_259974988_cbce7fa1.jpg,0,Inuwashi
tool_bird_class_train/Inuwashi_Golden_Eagle/AAS1_inuwashi-DSCr3207-3108-2088-154-119.JPG,0,Inuwashi
tool_bird_class_train/Inuwashi_Golden_Eagle/AAS1_inuwashi-083A4459-2602-1551-267-289.JPG,0,Inuwashi
tool_bird_class_train/Inuwashi_Golden_Eagle/ext_inat_20260504/inat_640445992_41351d31.jpg,0,Inuwashi
tool_bird_class_train/Inuwashi_Golden_Eagle/AAS1_inuwashi-083A4161-3587-1057-445-283.JPG,0,Inuwashi
tool_bird_class_train/Inuwashi_Golden_Eagle/ext_inat_20260504/inat_483650144_42e96fd4.jpg,0,Inuwashi
tool_bird_class_train/Inuwashi_Golden_Eagle/ext_inat_20260504/inat_593168904_9fdc8db2.jpg,0,Inuwashi
tool_bird_class_train/Inuwashi_Golden_Eagle/ext_inat_20260504/inat_602306110_160302b1.jpg,0,Inuwashi
tool_bird_class_train/Inuwashi_Golden_Eagle/ext_inat_20260504/inat_245566124_dd5bf52d.jpg,0,Inuwashi
tool_bird_class_train/Inuwashi_Golden_Eagle/ext_inat_20260504/inat_142541649_10c5b6f0.jpg,0,Inuwashi
tool_bird_class_train/Inuwashi_Golden_Eagle/frame_019400_bb00_t0647.31_conf0.995.jpg,0,Inuwashi
tool_bird_class_train/Inuwashi_Golden_Eagle/AAS1_inuwashi-DSCr0880-3586-1879-392-223.JPG,0,Inuwashi
tool_bird_class_train/Inuwashi_Golden_Eagle/AAS1_inuwashi-083A3147-1658-646-1128-831.JPG,0,Inuwashi
tool_bird_class_train/Inuwashi_Golden_Eagle/v5_train_v5_inat/346081580.jpg,0,Inuwashi
tool_bird_class_train/Inuwashi_Golden_Eagle/ext_inat_20260504/inat_92908986_adfc9974.jpg,0,Inuwashi
tool_bird_class_train/Inuwashi_Golden_Eagle/ext_inat_20260504/inat_493178573_4dbbb5f9.jpg,0,Inuwashi
tool_bird_class_train/Inuwashi_Golden_Eagle/AAS1_inuwashi-083A4086-2984-2000-186-172.JPG,0,Inuwashi
tool_bird_class_train/Inuwashi_Golden_Eagle/ext_inat_20260504/inat_109835559_9bfa1022.jpg,0,Inuwashi
tool_bird_class_train/Inuwashi_Golden_Eagle/ext_inat_20260504/inat_120823804_7516e6e8.jpg,0,Inuwashi
tool_bird_class_train/Inuwashi_Golden_Eagle/AAS1_inuwashi-DSCr3345-3311-1475-351-230.JPG,0,Inuwashi
tool_bird_class_train/Inuwashi_Golden_Eagle/ext_inat_20260504/inat_475451329_2ecbef99.jpg,0,Inuwashi
tool_bird_class_train/Inuwashi_Golden_Eagle/AAS1_inuwashi-DSCr0927-3892-1650-197-195.JPG,0,Inuwashi
tool_bird_class_train/Inuwashi_Golden_Eagle/ext_inat_20260504/inat_340989755_142dd2d4.jpg,0,Inuwashi
tool_bird_class_train/Inuwashi_Golden_Eagle/BIRDS525/137.jpg,0,Inuwashi
tool_bird_class_train/Inuwashi_Golden_Eagle/ext_inat_20260504/inat_468159966_c3ba28ba.jpg,0,Inuwashi
tool_bird_class_train/Inuwashi_Golden_Eagle/AAS1_inuwashi-8D4A3430-2045-1547-507-120.JPG,0,Inuwashi
tool_bird_class_train/Inuwashi_Golden_Eagle/ext_inat_20260504/inat_292925614_fd69ada8.jpg,0,Inuwashi
tool_bird_class_train/Inuwashi_Golden_Eagle/AAS1_inuwashi-083A4378-3313-1955-228-159.JPG,0,Inuwashi
tool_bird_class_train/Inuwashi_Golden_Eagle/AAS1_inuwashi-083A3682-2672-1617-142-204.JPG,0,Inuwashi
tool_bird_class_train/Inuwashi_Golden_Eagle/ext_inat_20260504/inat_18052411_8cec5f4f.jpg,0,Inuwashi
tool_bird_class_train/Inuwashi_Golden_Eagle/ext_inat_20260504/inat_210352603_1822c123.jpg,0,Inuwashi
tool_bird_class_train/Inuwashi_Golden_Eagle/ext_inat_20260504/inat_243115217_df96ec80.jpg,0,Inuwashi
tool_bird_class_train/Inuwashi_Golden_Eagle/AAS1_inuwashi-083A4141-3115-2029-167-121.JPG,0,Inuwashi
tool_bird_class_train/Inuwashi_Golden_Eagle/AAS1_inuwashi-083A3687-2943-1757-180-156.JPG,0,Inuwashi
tool_bird_class_train/Inuwashi_Golden_Eagle/ext_inat_20260504/inat_548764398_7a69c0cf.jpg,0,Inuwashi
tool_bird_class_train/Inuwashi_Golden_Eagle/BIRDS525/115.jpg,0,Inuwashi
tool_bird_class_train/Inuwashi_Golden_Eagle/ext_inat_20260504/inat_642485016_30e083c6.jpg,0,Inuwashi
tool_bird_class_train/Inuwashi_Golden_Eagle/ext_inat_20260504/inat_587869862_c84ee898.jpg,0,Inuwashi
tool_bird_class_train/Inuwashi_Golden_Eagle/AAS1_inuwashi-DSCr2282-2111-1844-372-234.JPG,0,Inuwashi
tool_bird_class_train/Inuwashi_Golden_Eagle/AAS1_inuwashi-083A4455-3226-2250-327-223.JPG,0,Inuwashi
tool_bird_class_train/Inuwashi_Golden_Eagle/ext_inat_20260504/inat_260504231_f10ee03b.jpg,0,Inuwashi
tool_bird_class_train/Inuwashi_Golden_Eagle/ext_inat_20260504/inat_449645675_e9a8df7e.jpg,0,Inuwashi
tool_bird_class_train/Inuwashi_Golden_Eagle/AAS1_inuwashi-083A3677-2926-1792-158-200.JPG,0,Inuwashi
tool_bird_class_train/Inuwashi_Golden_Eagle/ext_inat_20260504/inat_611330525_95e6ba93.jpg,0,Inuwashi
tool_bird_class_train/Inuwashi_Golden_Eagle/ext_inat_20260504/inat_46142292_a6bd2e2a.jpg,0,Inuwashi
tool_bird_class_train/Inuwashi_Golden_Eagle/ext_inat_20260504/inat_652148877_10dc804a.jpg,0,Inuwashi
tool_bird_class_train/Inuwashi_Golden_Eagle/ext_inat_20260504/inat_336704633_44e1664e.jpg,0,Inuwashi
tool_bird_class_train/Inuwashi_Golden_Eagle/frame_000610_bb00_t0020.35_conf0.995.jpg,0,Inuwashi
tool_bird_class_train/Inuwashi_Golden_Eagle/ext_inat_20260504/inat_561244107_075819d8.jpg,0,Inuwashi
tool_bird_class_train/Inuwashi_Golden_Eagle/ext_inat_20260504/inat_64514865_406d081d.jpg,0,Inuwashi
tool_bird_class_train/Inuwashi_Golden_Eagle/AAS1_inuwashi-8D4A3428-2189-1427-504-197.JPG,0,Inuwashi
tool_bird_class_train/Inuwashi_Golden_Eagle/ext_inat_20260504/inat_601257843_d8384edd.jpg,0,Inuwashi
tool_bird_class_train/Inuwashi_Golden_Eagle/ext_inat_20260504/inat_42560256_e935be6d.jpg,0,Inuwashi
tool_bird_class_train/Inuwashi_Golden_Eagle/AAS1_inuwashi-DSCr1844-2975-1366-171-148.JPG,0,Inuwashi
tool_bird_class_train/Inuwashi_Golden_Eagle/ext_inat_20260504/inat_250864726_eda62222.jpg,0,Inuwashi
tool_bird_class_train/Inuwashi_Golden_Eagle/ext_inat_20260504/inat_603539786_98dfeb80.jpg,0,Inuwashi
tool_bird_class_train/Inuwashi_Golden_Eagle/AAS1_inuwashi-083A3838-2671-1891-603-400.JPG,0,Inuwashi
tool_bird_class_train/Inuwashi_Golden_Eagle/ext_inat_20260504/inat_248104941_066d995c.jpg,0,Inuwashi
tool_bird_class_train/Inuwashi_Golden_Eagle/ext_inat_20260504/inat_239948672_79d8bace.jpg,0,Inuwashi
tool_bird_class_train/Inuwashi_Golden_Eagle/frame_027870_bb00_t0929.93_conf0.997.jpg,0,Inuwashi
tool_bird_class_train/Inuwashi_Golden_Eagle/AAS1_inuwashi-083A3617-350-192-173-232.JPG,0,Inuwashi
tool_bird_class_train/Inuwashi_Golden_Eagle/AAS1_inuwashi-083A3922-3027-1763-139-155.JPG,0,Inuwashi
tool_bird_class_train/Inuwashi_Golden_Eagle/ext_inat_20260504/inat_296699034_c0988e84.jpg,0,Inuwashi
tool_bird_class_train/Inuwashi_Golden_Eagle/AAS1_inuwashi-DSCr1819-2436-1491-192-140.JPG,0,Inuwashi
tool_bird_class_train/Inuwashi_Golden_Eagle/ext_inat_20260504/inat_458755284_2dfad28b.jpg,0,Inuwashi
tool_bird_class_train/Inuwashi_Golden_Eagle/AAS1_inuwashi-083A3105-2316-1693-202-162.JPG,0,Inuwashi
tool_bird_class_train/Inuwashi_Golden_Eagle/ext_inat_20260504/inat_184171789_b97977cd.jpg,0,Inuwashi
tool_bird_class_train/Inuwashi_Golden_Eagle/ext_inat_20260504/inat_234328001_5aea6c76.jpg,0,Inuwashi
tool_bird_class_train/Inuwashi_Golden_Eagle/ext_inat_20260504/inat_14119156_697ac780.jpg,0,Inuwashi
tool_bird_class_train/Inuwashi_Golden_Eagle/v5_ds_beta_bird/040.jpg,0,Inuwashi
tool_bird_class_train/Inuwashi_Golden_Eagle/ext_inat_20260504/inat_1304853_c93a6180.jpg,0,Inuwashi
tool_bird_class_train/Inuwashi_Golden_Eagle/ext_inat_20260504/inat_13683211_45b0f890.jpg,0,Inuwashi
tool_bird_class_train/Inuwashi_Golden_Eagle/v4_gt/348556644.jpg,0,Inuwashi
tool_bird_class_train/Inuwashi_Golden_Eagle/BIRDS525/158.jpg,0,Inuwashi
tool_bird_class_train/Inuwashi_Golden_Eagle/ext_inat_20260504/inat_416027516_82b96b52.jpg,0,Inuwashi
tool_bird_class_train/Inuwashi_Golden_Eagle/ext_inat_20260504/inat_468772056_0845bf23.jpg,0,Inuwashi
tool_bird_class_train/Inuwashi_Golden_Eagle/ext_inat_20260504/inat_253179091_fde06dab.jpg,0,Inuwashi
tool_bird_class_train/Inuwashi_Golden_Eagle/ext_inat_20260504/inat_168546524_a0c9c881.jpg,0,Inuwashi
tool_bird_class_train/Inuwashi_Golden_Eagle/AAS1_inuwashi-8D4A4471-3313-533-527-975.JPG,0,Inuwashi
tool_bird_class_train/Inuwashi_Golden_Eagle/AAS1_inuwashi-DSCr1443-2524-1440-325-273.JPG,0,Inuwashi
tool_bird_class_train/Inuwashi_Golden_Eagle/AAS1_inuwashi-DSCr1690-900-1483-569-331.JPG,0,Inuwashi
tool_bird_class_train/Inuwashi_Golden_Eagle/ext_inat_20260504/inat_177641439_bb6e683d.jpg,0,Inuwashi
tool_bird_class_train/Inuwashi_Golden_Eagle/ext_inat_20260504/inat_70255305_ecb0c432.jpg,0,Inuwashi
tool_bird_class_train/Inuwashi_Golden_Eagle/ext_inat_20260504/inat_427291264_9956e175.jpg,0,Inuwashi
tool_bird_class_train/Inuwashi_Golden_Eagle/ext_inat_20260504/inat_639515031_9be30707.jpg,0,Inuwashi
tool_bird_class_train/Inuwashi_Golden_Eagle/AAS1_inuwashi-DSCr3209-3131-2180-135-103.JPG,0,Inuwashi
tool_bird_class_train/Inuwashi_Golden_Eagle/AAS1_inuwashi-083A3111-3121-1586-243-302.JPG,0,Inuwashi
tool_bird_class_train/Inuwashi_Golden_Eagle/AAS1_inuwashi-DSCr0877-3283-2257-173-171.JPG,0,Inuwashi
tool_bird_class_train/Inuwashi_Golden_Eagle/AAS1_inuwashi-083A3255-3008-452-1117-600.JPG,0,Inuwashi
tool_bird_class_train/Inuwashi_Golden_Eagle/ext_inat_20260504/inat_61552353_c211dc1f.jpg,0,Inuwashi
tool_bird_class_train/Inuwashi_Golden_Eagle/ext_inat_20260504/inat_311313816_7d182c9e.jpg,0,Inuwashi
tool_bird_class_train/Inuwashi_Golden_Eagle/AAS1_inuwashi-083A4170-2896-1373-531-356.JPG,0,Inuwashi
tool_bird_class_train/Inuwashi_Golden_Eagle/ext_inat_20260504/inat_628072737_bffc7eca.jpg,0,Inuwashi
tool_bird_class_train/Inuwashi_Golden_Eagle/ext_inat_20260504/inat_57331781_f4c8fbeb.jpg,0,Inuwashi
tool_bird_class_train/Inuwashi_Golden_Eagle/ext_inat_20260504/inat_252919476_023a390d.jpg,0,Inuwashi
tool_bird_class_train/Inuwashi_Golden_Eagle/ext_inat_20260504/inat_60302011_48d3e3cc.jpg,0,Inuwashi
tool_bird_class_train/Inuwashi_Golden_Eagle/ext_inat_20260504/inat_405295929_84c3b3ec.jpg,0,Inuwashi
tool_bird_class_train/Inuwashi_Golden_Eagle/ext_inat_20260504/inat_399321086_538f549c.jpg,0,Inuwashi
tool_bird_class_train/Inuwashi_Golden_Eagle/ext_inat_20260504/inat_554527499_3a2127fb.jpg,0,Inuwashi
tool_bird_class_train/Inuwashi_Golden_Eagle/ext_inat_20260504/inat_465933187_931ba373.jpg,0,Inuwashi
tool_bird_class_train/Inuwashi_Golden_Eagle/AAS1_inuwashi-8D4A3406-1852-1907-759-331.JPG,0,Inuwashi
tool_bird_class_train/Inuwashi_Golden_Eagle/ext_inat_20260504/inat_444791444_45f84165.jpg,0,Inuwashi
tool_bird_class_train/Inuwashi_Golden_Eagle/ext_inat_20260504/inat_61225763_59e4aa4c.jpg,0,Inuwashi
tool_bird_class_train/Inuwashi_Golden_Eagle/AAS1_inuwashi-083A3431-1372-467-1450-338.JPG,0,Inuwashi
tool_bird_class_train/Inuwashi_Golden_Eagle/AAS1_inuwashi-DSCr1574-1208-268-386-633.JPG,0,Inuwashi
tool_bird_class_train/Inuwashi_Golden_Eagle/ext_inat_20260504/inat_358148384_688a17f0.jpg,0,Inuwashi
tool_bird_class_train/Inuwashi_Golden_Eagle/ext_inat_20260504/inat_482414473_906f7987.png,0,Inuwashi
tool_bird_class_train/Inuwashi_Golden_Eagle/ext_inat_20260504/inat_392621635_ba4244ab.jpg,0,Inuwashi
tool_bird_class_train/Inuwashi_Golden_Eagle/BIRDS525/073.jpg,0,Inuwashi
tool_bird_class_train/Inuwashi_Golden_Eagle/inat_3119/6d26bb9c-eeef-4510-8219-cc633802e878.jpg,0,Inuwashi
tool_bird_class_train/Inuwashi_Golden_Eagle/AAS1_inuwashi-083A3615-2530-1566-283-368.JPG,0,Inuwashi
tool_bird_class_train/Inuwashi_Golden_Eagle/AAS1_inuwashi-083A3866-2847-2124-580-329.JPG,0,Inuwashi
tool_bird_class_train/Inuwashi_Golden_Eagle/AAS1_inuwashi-083A3103-2020-1696-339-418.JPG,0,Inuwashi
tool_bird_class_train/Inuwashi_Golden_Eagle/ext_inat_20260504/inat_66256992_af1bedd0.jpg,0,Inuwashi
tool_bird_class_train/Inuwashi_Golden_Eagle/AAS1_inuwashi-DSCr1432-2468-1395-358-288.JPG,0,Inuwashi
tool_bird_class_train/Inuwashi_Golden_Eagle/ext_inat_20260504/inat_354871129_37bed759.jpg,0,Inuwashi
tool_bird_class_train/Inuwashi_Golden_Eagle/AAS1_inuwashi-8D4A4407-2564-1427-350-117.JPG,0,Inuwashi
tool_bird_class_train/Inuwashi_Golden_Eagle/ext_inat_20260504/inat_377725605_99c2672c.jpg,0,Inuwashi
tool_bird_class_train/Inuwashi_Golden_Eagle/ext_inat_20260504/inat_180035546_360951e7.jpg,0,Inuwashi
tool_bird_class_train/Inuwashi_Golden_Eagle/ext_inat_20260504/inat_163630541_e4a6d1d2.jpg,0,Inuwashi
tool_bird_class_train/Inuwashi_Golden_Eagle/BIRDS525/049.jpg,0,Inuwashi
tool_bird_class_train/Inuwashi_Golden_Eagle/AAS1_inuwashi-8D4A4497-3341-1578-114-187.JPG,0,Inuwashi
tool_bird_class_train/Inuwashi_Golden_Eagle/AAS1_inuwashi-083A3126-2483-1529-800-438.JPG,0,Inuwashi
tool_bird_class_train/Inuwashi_Golden_Eagle/AAS1_inuwashi-083A3723-2977-1695-190-366.JPG,0,Inuwashi
tool_bird_class_train/Inuwashi_Golden_Eagle/AAS1_inuwashi-DSCr3348-3430-1541-368-237.JPG,0,Inuwashi
tool_bird_class_train/Inuwashi_Golden_Eagle/AAS1_inuwashi-8D4A4421-2858-2122-501-175.JPG,0,Inuwashi
tool_bird_class_train/Inuwashi_Golden_Eagle/AAS1_inuwashi-083A4056-2970-1773-151-172.JPG,0,Inuwashi
tool_bird_class_train/Inuwashi_Golden_Eagle/AAS1_inuwashi-DSCr1813-3277-1871-152-149.JPG,0,Inuwashi
tool_bird_class_train/Inuwashi_Golden_Eagle/AAS1_inuwashi-DSCr1578-1150-359-708-570.JPG,0,Inuwashi
tool_bird_class_train/Inuwashi_Golden_Eagle/ext_inat_20260504/inat_344293289_18cf4c93.jpg,0,Inuwashi
tool_bird_class_train/Inuwashi_Golden_Eagle/ext_inat_20260504/inat_118373466_ed662dd8.jpg,0,Inuwashi
tool_bird_class_train/Inuwashi_Golden_Eagle/AAS1_inuwashi-083A4393-2054-1316-158-206.JPG,0,Inuwashi
tool_bird_class_train/Inuwashi_Golden_Eagle/ext_inat_20260504/inat_182330993_97a0ebf8.jpg,0,Inuwashi
tool_bird_class_train/Inuwashi_Golden_Eagle/ext_inat_20260504/inat_265923385_d3a3cb31.jpg,0,Inuwashi
tool_bird_class_train/Inuwashi_Golden_Eagle/AAS1_inuwashi-DSCr1687-548-1551-447-219.JPG,0,Inuwashi
tool_bird_class_train/Inuwashi_Golden_Eagle/BIRDS525/044.jpg,0,Inuwashi
tool_bird_class_train/Inuwashi_Golden_Eagle/frame_027960_bb00_t0932.93_conf0.995.jpg,0,Inuwashi
tool_bird_class_train/Inuwashi_Golden_Eagle/inat_3119/ba1d61f3-dbdd-47c5-8894-a438556327c7.jpg,0,Inuwashi
tool_bird_class_train/Inuwashi_Golden_Eagle/AAS1_inuwashi-083A3730-820-577-131-163.JPG,0,Inuwashi
tool_bird_class_train/Inuwashi_Golden_Eagle/AAS1_inuwashi-083A3133-2305-1189-1279-713.JPG,0,Inuwashi
tool_bird_class_train/Inuwashi_Golden_Eagle/ext_inat_20260504/inat_72157415_a3bdfe3f.jpg,0,Inuwashi
tool_bird_class_train/Inuwashi_Golden_Eagle/ext_inat_20260504/inat_253884061_491cc97e.jpg,0,Inuwashi
tool_bird_class_train/Inuwashi_Golden_Eagle/AAS1_inuwashi-8D4A4422-2874-2304-514-185.JPG,0,Inuwashi
tool_bird_class_train/Inuwashi_Golden_Eagle/ext_inat_20260504/inat_248105053_3962992f.jpg,0,Inuwashi
tool_bird_class_train/Inuwashi_Golden_Eagle/ext_inat_20260504/inat_323267973_e6efbf5b.jpg,0,Inuwashi
tool_bird_class_train/Inuwashi_Golden_Eagle/ext_inat_20260504/inat_47321590_3979c3f0.jpg,0,Inuwashi
tool_bird_class_train/Inuwashi_Golden_Eagle/ext_inat_20260504/inat_496737065_893187bf.jpg,0,Inuwashi
tool_bird_class_train/Inuwashi_Golden_Eagle/ext_inat_20260504/inat_14279314_8464cacc.jpg,0,Inuwashi
tool_bird_class_train/Inuwashi_Golden_Eagle/ext_inat_20260504/inat_549860497_7b7acfc4.jpg,0,Inuwashi
tool_bird_class_train/Inuwashi_Golden_Eagle/ext_inat_20260504/inat_143562520_adbe442f.jpg,0,Inuwashi
tool_bird_class_train/Inuwashi_Golden_Eagle/ext_inat_20260504/inat_452258939_133260e6.jpg,0,Inuwashi
tool_bird_class_train/Inuwashi_Golden_Eagle/ext_inat_20260504/inat_337278783_e3956fa1.jpg,0,Inuwashi
tool_bird_class_train/Inuwashi_Golden_Eagle/ext_inat_20260504/inat_334684412_35cb1864.jpg,0,Inuwashi
tool_bird_class_train/Inuwashi_Golden_Eagle/ext_inat_20260504/inat_323697784_50f441e8.jpg,0,Inuwashi
tool_bird_class_train/Inuwashi_Golden_Eagle/ext_inat_20260504/inat_464813509_8408052e.jpg,0,Inuwashi
tool_bird_class_train/Inuwashi_Golden_Eagle/v5_ds_beta_bird/076.jpg,0,Inuwashi
tool_bird_class_train/Inuwashi_Golden_Eagle/ext_inat_20260504/inat_67043942_77c2912f.jpg,0,Inuwashi
tool_bird_class_train/Inuwashi_Golden_Eagle/ext_inat_20260504/inat_217915_0bc281a7.jpg,0,Inuwashi
tool_bird_class_train/Inuwashi_Golden_Eagle/AAS1_inuwashi-DSCr3328-1994-1431-228-213.JPG,0,Inuwashi
tool_bird_class_train/Inuwashi_Golden_Eagle/inat_3119/5b07070a-7a80-42bb-b9b6-731e0bb7591b.jpg,0,Inuwashi
tool_bird_class_train/Inuwashi_Golden_Eagle/ext_inat_20260504/inat_189184935_06e95f7c.png,0,Inuwashi
tool_bird_class_train/Inuwashi_Golden_Eagle/ext_inat_20260504/inat_229321479_51fb4300.jpg,0,Inuwashi
tool_bird_class_train/Inuwashi_Golden_Eagle/ext_inat_20260504/inat_61838245_6255b8b4.jpg,0,Inuwashi
tool_bird_class_train/Inuwashi_Golden_Eagle/AAS1_inuwashi-8D4A3439-2525-1802-184-233.JPG,0,Inuwashi
tool_bird_class_train/Inuwashi_Golden_Eagle/AAS1_inuwashi-8D4A4397-2737-1557-324-107.JPG,0,Inuwashi
tool_bird_class_train/Inuwashi_Golden_Eagle/AAS1_inuwashi-083A3733-2840-1969-161-214.JPG,0,Inuwashi
tool_bird_class_train/Inuwashi_Golden_Eagle/ext_inat_20260504/inat_358293587_161261ce.jpg,0,Inuwashi
tool_bird_class_train/Inuwashi_Golden_Eagle/ext_inat_20260504/inat_60744938_26ba05f7.jpg,0,Inuwashi
tool_bird_class_train/Inuwashi_Golden_Eagle/ext_inat_20260504/inat_297014224_b3951e6b.jpg,0,Inuwashi
tool_bird_class_train/Inuwashi_Golden_Eagle/ext_inat_20260504/inat_135216124_7b98c27d.jpg,0,Inuwashi
tool_bird_class_train/Inuwashi_Golden_Eagle/ext_inat_20260504/inat_320316532_18d3a4c6.jpg,0,Inuwashi
tool_bird_class_train/Inuwashi_Golden_Eagle/AAS1_inuwashi-083A3396-2438-1609-888-837.JPG,0,Inuwashi
tool_bird_class_train/Inuwashi_Golden_Eagle/ext_inat_20260504/inat_166874553_ffcd5a9b.jpg,0,Inuwashi
tool_bird_class_train/Inuwashi_Golden_Eagle/AAS1_inuwashi-083A4367-2564-1784-212-188.JPG,0,Inuwashi
tool_bird_class_train/Inuwashi_Golden_Eagle/ext_inat_20260504/inat_177101691_43f1ef14.jpg,0,Inuwashi
tool_bird_class_train/Inuwashi_Golden_Eagle/AAS1_inuwashi-083A4447-2797-1970-430-462.JPG,0,Inuwashi
tool_bird_class_train/Inuwashi_Golden_Eagle/ext_inat_20260504/inat_250588654_c4d18803.jpg,0,Inuwashi
tool_bird_class_train/Inuwashi_Golden_Eagle/ext_inat_20260504/inat_470788828_5379b368.jpg,0,Inuwashi
tool_bird_class_train/Inuwashi_Golden_Eagle/ext_inat_20260504/inat_620280571_2e83adae.jpg,0,Inuwashi
tool_bird_class_train/Inuwashi_Golden_Eagle/ext_inat_20260504/inat_646539201_42fa6a0d.jpg,0,Inuwashi
tool_bird_class_train/Inuwashi_Golden_Eagle/ext_inat_20260504/inat_184648407_8c9f8274.jpg,0,Inuwashi
tool_bird_class_train/Inuwashi_Golden_Eagle/ext_inat_20260504/inat_458409636_b069cad0.jpg,0,Inuwashi
tool_bird_class_train/Inuwashi_Golden_Eagle/AAS1_inuwashi-083A3360-2418-1403-632-499.JPG,0,Inuwashi
tool_bird_class_train/Inuwashi_Golden_Eagle/AAS1_inuwashi-083A3418-2487-1725-646-980.JPG,0,Inuwashi
tool_bird_class_train/Inuwashi_Golden_Eagle/ext_inat_20260504/inat_445736456_e3087237.jpg,0,Inuwashi
tool_bird_class_train/Inuwashi_Golden_Eagle/ext_inat_20260504/inat_456042955_06ebb1a8.jpg,0,Inuwashi
tool_bird_class_train/Inuwashi_Golden_Eagle/ext_inat_20260504/inat_523931552_689cf509.jpg,0,Inuwashi
tool_bird_class_train/Inuwashi_Golden_Eagle/AAS1_inuwashi-DSCr1684-617-1347-399-249.JPG,0,Inuwashi
tool_bird_class_train/Inuwashi_Golden_Eagle/ext_inat_20260504/inat_113422181_0cebf41a.jpg,0,Inuwashi
tool_bird_class_train/Inuwashi_Golden_Eagle/AAS1_inuwashi-DSCr1566-610-421-620-511.JPG,0,Inuwashi
tool_bird_class_train/Inuwashi_Golden_Eagle/ext_inat_20260504/inat_146262197_810c6fab.jpg,0,Inuwashi
tool_bird_class_train/Inuwashi_Golden_Eagle/v5_train_v5_inat/351999348.jpg,0,Inuwashi
tool_bird_class_train/Inuwashi_Golden_Eagle/ext_inat_20260504/inat_235676739_81888aef.jpg,0,Inuwashi
tool_bird_class_train/Inuwashi_Golden_Eagle/AAS1_inuwashi-083A3203-3078-1795-359-569.JPG,0,Inuwashi
tool_bird_class_train/Inuwashi_Golden_Eagle/ext_inat_20260504/inat_458286901_2f35490a.jpg,0,Inuwashi
tool_bird_class_train/Inuwashi_Golden_Eagle/ext_inat_20260504/inat_80770_e24c496a.jpg,0,Inuwashi
tool_bird_class_train/Inuwashi_Golden_Eagle/AAS1_inuwashi-083A3846-2592-1997-420-310.JPG,0,Inuwashi
tool_bird_class_train/Inuwashi_Golden_Eagle/ext_inat_20260504/inat_253209524_e92e440f.jpg,0,Inuwashi
tool_bird_class_train/Inuwashi_Golden_Eagle/v5_ds_beta_bird/140.jpg,0,Inuwashi
tool_bird_class_train/Inuwashi_Golden_Eagle/AAS1_inuwashi-DSCr0894-3924-1656-169-209.JPG,0,Inuwashi
tool_bird_class_train/Inuwashi_Golden_Eagle/ext_inat_20260504/inat_196986258_0bcb89ba.jpg,0,Inuwashi
tool_bird_class_train/Inuwashi_Golden_Eagle/AAS1_inuwashi-083A3454-2424-1494-984-649.JPG,0,Inuwashi
tool_bird_class_train/Inuwashi_Golden_Eagle/frame_028010_bb00_t0934.60_conf0.994.jpg,0,Inuwashi
tool_bird_class_train/Inuwashi_Golden_Eagle/AAS1_inuwashi-083A3684-2768-1575-173-193.JPG,0,Inuwashi
tool_bird_class_train/Inuwashi_Golden_Eagle/AAS1_inuwashi-DSCr1843-1843-1744-171-188.JPG,0,Inuwashi
tool_bird_class_train/Inuwashi_Golden_Eagle/AAS1_inuwashi-DSCr1818-2382-1490-199-128.JPG,0,Inuwashi
tool_bird_class_train/Inuwashi_Golden_Eagle/ext_inat_20260504/inat_434536644_0e26aafa.jpg,0,Inuwashi
tool_bird_class_train/Inuwashi_Golden_Eagle/ext_inat_20260504/inat_539823880_5dfcfef1.jpg,0,Inuwashi
tool_bird_class_train/Inuwashi_Golden_Eagle/ext_inat_20260504/inat_115674632_b0373e81.jpg,0,Inuwashi
tool_bird_class_train/Inuwashi_Golden_Eagle/AAS1_inuwashi-083A3200-3157-1629-372-291.JPG,0,Inuwashi
tool_bird_class_train/Inuwashi_Golden_Eagle/ext_inat_20260504/inat_348226477_ccf567f0.jpg,0,Inuwashi
tool_bird_class_train/Inuwashi_Golden_Eagle/AAS1_inuwashi-DSCr1582-735-620-592-489.JPG,0,Inuwashi
tool_bird_class_train/Inuwashi_Golden_Eagle/AAS1_inuwashi-083A3246-1955-1283-1039-867.JPG,0,Inuwashi
tool_bird_class_train/Inuwashi_Golden_Eagle/BIRDS525/100.jpg,0,Inuwashi
tool_bird_class_train/Inuwashi_Golden_Eagle/AAS1_inuwashi-083A3837-2292-1414-603-635.JPG,0,Inuwashi
tool_bird_class_train/Inuwashi_Golden_Eagle/ext_inat_20260504/inat_2574236_f9f5a1c7.jpg,0,Inuwashi
tool_bird_class_train/Inuwashi_Golden_Eagle/ext_inat_20260504/inat_261223724_99b15f75.jpg,0,Inuwashi
tool_bird_class_train/Inuwashi_Golden_Eagle/ext_inat_20260504/inat_181187386_4be2424f.jpg,0,Inuwashi
tool_bird_class_train/Inuwashi_Golden_Eagle/AAS1_inuwashi-DSCr0873-2941-1409-154-136.JPG,0,Inuwashi
tool_bird_class_train/Inuwashi_Golden_Eagle/ext_inat_20260504/inat_570324517_fdf93082.jpg,0,Inuwashi
tool_bird_class_train/Inuwashi_Golden_Eagle/ext_inat_20260504/inat_397954744_f393bad5.jpg,0,Inuwashi
tool_bird_class_train/Inuwashi_Golden_Eagle/AAS1_inuwashi-083A4373-2912-1604-295-323.JPG,0,Inuwashi
tool_bird_class_train/Inuwashi_Golden_Eagle/AAS1_inuwashi-8D4A4410-2603-1521-369-129.JPG,0,Inuwashi
tool_bird_class_train/Inuwashi_Golden_Eagle/AAS1_inuwashi-DSCr2699-2789-1620-216-165.JPG,0,Inuwashi
tool_bird_class_train/Inuwashi_Golden_Eagle/ext_inat_20260504/inat_247881806_fc02409f.jpg,0,Inuwashi
tool_bird_class_train/Inuwashi_Golden_Eagle/inat_3119/ff5af458-4a3c-4bf2-87d4-89038da4fbb9.jpg,0,Inuwashi
tool_bird_class_train/Inuwashi_Golden_Eagle/ext_inat_20260504/inat_609975120_a609c6f7.jpg,0,Inuwashi
tool_bird_class_train/Inuwashi_Golden_Eagle/ext_inat_20260504/inat_155421910_884f7328.jpg,0,Inuwashi
tool_bird_class_train/Inuwashi_Golden_Eagle/ext_inat_20260504/inat_179010850_0c1ab520.jpg,0,Inuwashi
tool_bird_class_train/Inuwashi_Golden_Eagle/ext_inat_20260504/inat_649091099_44aebf9b.jpg,0,Inuwashi
tool_bird_class_train/Inuwashi_Golden_Eagle/ext_inat_20260504/inat_600593413_a6830004.jpg,0,Inuwashi
tool_bird_class_train/Inuwashi_Golden_Eagle/ext_inat_20260504/inat_285052565_85e4c099.jpg,0,Inuwashi
tool_bird_class_train/Inuwashi_Golden_Eagle/AAS1_inuwashi-8D4A3417-2166-1328-636-199.JPG,0,Inuwashi
tool_bird_class_train/Inuwashi_Golden_Eagle/AAS1_inuwashi-DSCr1873-2276-1568-200-262.JPG,0,Inuwashi
tool_bird_class_train/Inuwashi_Golden_Eagle/ext_inat_20260504/inat_179278372_d516a152.jpg,0,Inuwashi
tool_bird_class_train/Inuwashi_Golden_Eagle/AAS1_inuwashi-083A3390-2741-1153-718-1235.JPG,0,Inuwashi
tool_bird_class_train/Inuwashi_Golden_Eagle/ext_inat_20260504/inat_334360231_1f766947.jpg,0,Inuwashi
tool_bird_class_train/Inuwashi_Golden_Eagle/AAS1_inuwashi-DSCr3340-3279-1476-468-300.JPG,0,Inuwashi
tool_bird_class_train/Inuwashi_Golden_Eagle/ext_inat_20260504/inat_552849556_451369e6.jpg,0,Inuwashi
tool_bird_class_train/Inuwashi_Golden_Eagle/AAS1_inuwashi-DSCr3263-1261-1778-331-252.JPG,0,Inuwashi
tool_bird_class_train/Inuwashi_Golden_Eagle/AAS1_inuwashi-DSCr1859-2899-1482-239-177.JPG,0,Inuwashi
tool_bird_class_train/Inuwashi_Golden_Eagle/v5_ds_beta_bird/152.jpg,0,Inuwashi
tool_bird_class_train/Inuwashi_Golden_Eagle/AAS1_inuwashi-DSCr0607-4148-1404-493-281.JPG,0,Inuwashi
tool_bird_class_train/Inuwashi_Golden_Eagle/AAS1_inuwashi-083A3663-2769-1673-209-182.JPG,0,Inuwashi
tool_bird_class_train/Inuwashi_Golden_Eagle/v5_ds_beta_bird/126.jpg,0,Inuwashi
tool_bird_class_train/Inuwashi_Golden_Eagle/ext_inat_20260504/inat_356012253_d837e22a.jpg,0,Inuwashi
tool_bird_class_train/Inuwashi_Golden_Eagle/ext_inat_20260504/inat_177514364_c172f7fc.jpg,0,Inuwashi
tool_bird_class_train/Inuwashi_Golden_Eagle/ext_inat_20260504/inat_606813997_0dde8eee.jpg,0,Inuwashi
tool_bird_class_train/Inuwashi_Golden_Eagle/ext_inat_20260504/inat_484854063_0a7c85e6.jpg,0,Inuwashi
tool_bird_class_train/Inuwashi_Golden_Eagle/ext_inat_20260504/inat_605185443_396b44ce.jpg,0,Inuwashi
tool_bird_class_train/Inuwashi_Golden_Eagle/v5_ds_beta_bird/113.jpg,0,Inuwashi
tool_bird_class_train/Inuwashi_Golden_Eagle/ext_inat_20260504/inat_185967160_fb8560c7.jpg,0,Inuwashi
tool_bird_class_train/Inuwashi_Golden_Eagle/frame_007430_bb00_t0247.91_conf0.986.jpg,0,Inuwashi
tool_bird_class_train/Inuwashi_Golden_Eagle/ext_inat_20260504/inat_472764993_8e7f06d3.jpg,0,Inuwashi
tool_bird_class_train/Inuwashi_Golden_Eagle/v5_train_v5_inat/343515605.jpg,0,Inuwashi
tool_bird_class_train/Inuwashi_Golden_Eagle/ext_inat_20260504/inat_300069927_388140cf.jpg,0,Inuwashi
tool_bird_class_train/Inuwashi_Golden_Eagle/ext_inat_20260504/inat_59244893_0ea987d3.jpg,0,Inuwashi
tool_bird_class_train/Inuwashi_Golden_Eagle/ext_inat_20260504/inat_31619416_7e97bd85.jpg,0,Inuwashi
tool_bird_class_train/Inuwashi_Golden_Eagle/AAS1_inuwashi-083A3487-2288-1296-420-303.JPG,0,Inuwashi
tool_bird_class_train/Inuwashi_Golden_Eagle/AAS1_inuwashi-DSCr1855-3014-713-135-193.JPG,0,Inuwashi
tool_bird_class_train/Inuwashi_Golden_Eagle/AAS1_inuwashi-DSCr0884-3319-1531-178-161.JPG,0,Inuwashi
tool_bird_class_train/Inuwashi_Golden_Eagle/ext_inat_20260504/inat_9297386_b6aa0a88.jpg,0,Inuwashi
tool_bird_class_train/Inuwashi_Golden_Eagle/AAS1_inuwashi-8D4A4425-2003-2064-705-275.JPG,0,Inuwashi
tool_bird_class_train/Inuwashi_Golden_Eagle/AAS1_inuwashi-DSCr2276-1861-1526-405-336.JPG,0,Inuwashi
tool_bird_class_train/Inuwashi_Golden_Eagle/AAS1_inuwashi-083A3459-2640-806-308-210.JPG,0,Inuwashi
tool_bird_class_train/Inuwashi_Golden_Eagle/ext_inat_20260504/inat_54332534_3c3e089f.jpg,0,Inuwashi
tool_bird_class_train/Inuwashi_Golden_Eagle/AAS1_inuwashi-DSCr1671-2628-1373-156-130.JPG,0,Inuwashi
tool_bird_class_train/Inuwashi_Golden_Eagle/AAS1_inuwashi-8D4A4438-2906-1340-815-344.JPG,0,Inuwashi
tool_bird_class_train/Inuwashi_Golden_Eagle/AAS1_inuwashi-083A3871-2390-1989-478-265.JPG,0,Inuwashi
tool_bird_class_train/Inuwashi_Golden_Eagle/AAS1_inuwashi-DSCr2431-1808-695-328-441.JPG,0,Inuwashi
tool_bird_class_train/Inuwashi_Golden_Eagle/AAS1_inuwashi-DSCr0725-2835-1512-362-151.JPG,0,Inuwashi
tool_bird_class_train/Inuwashi_Golden_Eagle/ext_inat_20260504/inat_253449251_e568d906.jpg,0,Inuwashi
tool_bird_class_train/Inuwashi_Golden_Eagle/ext_inat_20260504/inat_302471597_9e42babe.jpg,0,Inuwashi
tool_bird_class_train/Inuwashi_Golden_Eagle/v5_train_v5_inat/351375896.jpg,0,Inuwashi
tool_bird_class_train/Inuwashi_Golden_Eagle/v5_ds_beta_bird/103.jpg,0,Inuwashi
tool_bird_class_train/Inuwashi_Golden_Eagle/ext_inat_20260504/inat_549861130_d5dcddcb.jpg,0,Inuwashi
tool_bird_class_train/Inuwashi_Golden_Eagle/AAS1_inuwashi-DSCr1527-498-566-416-550.JPG,0,Inuwashi
tool_bird_class_train/Inuwashi_Golden_Eagle/AAS1_inuwashi-083A3417-2335-1641-747-1018.JPG,0,Inuwashi
tool_bird_class_train/Inuwashi_Golden_Eagle/ext_inat_20260504/inat_452258944_bad8ed82.jpg,0,Inuwashi
tool_bird_class_train/Inuwashi_Golden_Eagle/AAS1_inuwashi-083A4383-2910-2003-295-243.JPG,0,Inuwashi
tool_bird_class_train/Inuwashi_Golden_Eagle/AAS1_inuwashi-083A3369-2333-2016-468-492.JPG,0,Inuwashi
tool_bird_class_train/Inuwashi_Golden_Eagle/BIRDS525/109.jpg,0,Inuwashi
tool_bird_class_train/Inuwashi_Golden_Eagle/AAS1_inuwashi-083A3134-2121-1359-1160-770.JPG,0,Inuwashi
tool_bird_class_train/Inuwashi_Golden_Eagle/ext_inat_20260504/inat_406233430_54deb0b2.jpg,0,Inuwashi
tool_bird_class_train/Inuwashi_Golden_Eagle/ext_inat_20260504/inat_124857260_c080e8a1.jpg,0,Inuwashi
tool_bird_class_train/Inuwashi_Golden_Eagle/AAS1_inuwashi-083A3225-2145-1609-944-313.JPG,0,Inuwashi
tool_bird_class_train/Inuwashi_Golden_Eagle/v5_ds_beta_bird/048.jpg,0,Inuwashi
tool_bird_class_train/Inuwashi_Golden_Eagle/inat_3119/80004c69-0bb4-4960-bbf7-d812a44a7f61.jpg,0,Inuwashi
tool_bird_class_train/Inuwashi_Golden_Eagle/ext_inat_20260504/inat_225655170_f33bda1b.jpg,0,Inuwashi
tool_bird_class_train/Inuwashi_Golden_Eagle/AAS1_inuwashi-083A3558-2467-1619-142-135.JPG,0,Inuwashi
tool_bird_class_train/Inuwashi_Golden_Eagle/ext_inat_20260504/inat_542081924_8c7a9615.jpg,0,Inuwashi
tool_bird_class_train/Inuwashi_Golden_Eagle/AAS1_inuwashi-DSCr1569-1267-98-476-620.JPG,0,Inuwashi
tool_bird_class_train/Inuwashi_Golden_Eagle/ext_inat_20260504/inat_560728731_03bc4cc7.jpg,0,Inuwashi
tool_bird_class_train/Inuwashi_Golden_Eagle/ext_inat_20260504/inat_179691847_8170ea71.jpg,0,Inuwashi
tool_bird_class_train/Inuwashi_Golden_Eagle/ext_inat_20260504/inat_548764399_faf39f7a.jpg,0,Inuwashi
tool_bird_class_train/Inuwashi_Golden_Eagle/AAS1_inuwashi-083A3386-646-611-1214-809.JPG,0,Inuwashi
tool_bird_class_train/Inuwashi_Golden_Eagle/ext_inat_20260504/inat_489090058_9b778403.jpg,0,Inuwashi
tool_bird_class_train/Inuwashi_Golden_Eagle/ext_inat_20260504/inat_152025961_67df75d4.jpg,0,Inuwashi
tool_bird_class_train/Inuwashi_Golden_Eagle/ext_inat_20260504/inat_452258960_c7d88343.jpg,0,Inuwashi
tool_bird_class_train/Inuwashi_Golden_Eagle/AAS1_inuwashi-083A3115-3431-1813-216-157.JPG,0,Inuwashi
tool_bird_class_train/Inuwashi_Golden_Eagle/AAS1_inuwashi-083A3100-2034-1310-148-233.JPG,0,Inuwashi
tool_bird_class_train/Inuwashi_Golden_Eagle/AAS1_inuwashi-083A3885-2691-1920-228-409.JPG,0,Inuwashi
tool_bird_class_train/Inuwashi_Golden_Eagle/ext_inat_20260504/inat_342962123_ca4e4d0c.jpg,0,Inuwashi
tool_bird_class_train/Inuwashi_Golden_Eagle/ext_inat_20260504/inat_477134810_18f8acd1.jpg,0,Inuwashi
tool_bird_class_train/Inuwashi_Golden_Eagle/ext_inat_20260504/inat_291876620_029bd2b6.jpg,0,Inuwashi
tool_bird_class_train/Inuwashi_Golden_Eagle/ext_inat_20260504/inat_66637947_c4925559.jpg,0,Inuwashi
tool_bird_class_train/Inuwashi_Golden_Eagle/AAS1_inuwashi-DSCr1581-591-469-623-476.JPG,0,Inuwashi
tool_bird_class_train/Inuwashi_Golden_Eagle/ext_inat_20260504/inat_363298701_3adb6579.jpg,0,Inuwashi
tool_bird_class_train/Inuwashi_Golden_Eagle/ext_inat_20260504/inat_215994324_1cb61ba7.jpg,0,Inuwashi
tool_bird_class_train/Inuwashi_Golden_Eagle/AAS1_inuwashi-DSCr3341-3279-1469-329-244.JPG,0,Inuwashi
tool_bird_class_train/Inuwashi_Golden_Eagle/ext_inat_20260504/inat_31492654_eeaafc74.jpg,0,Inuwashi
tool_bird_class_train/Inuwashi_Golden_Eagle/AAS1_inuwashi-083A3117-3371-1727-243-145.JPG,0,Inuwashi
tool_bird_class_train/Inuwashi_Golden_Eagle/ext_inat_20260504/inat_334684352_ccc1f147.jpg,0,Inuwashi
tool_bird_class_train/Inuwashi_Golden_Eagle/frame_019490_bb00_t0650.32_conf0.987.jpg,0,Inuwashi
tool_bird_class_train/Inuwashi_Golden_Eagle/AAS1_inuwashi-083A3609-323-148-203-239.JPG,0,Inuwashi
tool_bird_class_train/Inuwashi_Golden_Eagle/ext_inat_20260504/inat_354872513_85604f48.jpg,0,Inuwashi
tool_bird_class_train/Inuwashi_Golden_Eagle/AAS1_inuwashi-DSCr1817-2146-1572-189-142.JPG,0,Inuwashi
tool_bird_class_train/Inuwashi_Golden_Eagle/AAS1_inuwashi-083A3233-2292-1412-1272-630.JPG,0,Inuwashi
tool_bird_class_train/Inuwashi_Golden_Eagle/ext_inat_20260504/inat_63785326_ff0d449e.jpg,0,Inuwashi
tool_bird_class_train/Inuwashi_Golden_Eagle/AAS1_inuwashi-8D4A4443-2041-1587-798-306.JPG,0,Inuwashi
tool_bird_class_train/Inuwashi_Golden_Eagle/ext_inat_20260504/inat_263858740_7b0783a4.jpg,0,Inuwashi
tool_bird_class_train/Inuwashi_Golden_Eagle/AAS1_inuwashi-8D4A4478-2592-1462-665-832.JPG,0,Inuwashi
tool_bird_class_train/Inuwashi_Golden_Eagle/ext_inat_20260504/inat_460457264_3512afcc.jpg,0,Inuwashi
tool_bird_class_train/Inuwashi_Golden_Eagle/ext_inat_20260504/inat_169868014_0350dc25.jpg,0,Inuwashi
tool_bird_class_train/Inuwashi_Golden_Eagle/ext_inat_20260504/inat_275808427_56d1cd0a.jpg,0,Inuwashi
tool_bird_class_train/Inuwashi_Golden_Eagle/AAS1_inuwashi-083A4134-2848-1683-236-203.JPG,0,Inuwashi
tool_bird_class_train/Inuwashi_Golden_Eagle/AAS1_inuwashi-083A3854-2631-937-492-581.JPG,0,Inuwashi
tool_bird_class_train/Inuwashi_Golden_Eagle/ext_inat_20260504/inat_256365056_5f7c484d.jpg,0,Inuwashi
tool_bird_class_train/Inuwashi_Golden_Eagle/AAS1_inuwashi-083A3207-2840-1813-389-561.JPG,0,Inuwashi
tool_bird_class_train/Inuwashi_Golden_Eagle/ext_inat_20260504/inat_463098617_a0bb37f4.jpg,0,Inuwashi
tool_bird_class_train/Inuwashi_Golden_Eagle/ext_inat_20260504/inat_354871792_b7fb311d.jpg,0,Inuwashi
tool_bird_class_train/Inuwashi_Golden_Eagle/ext_inat_20260504/inat_445912073_980565fc.jpg,0,Inuwashi
tool_bird_class_train/Inuwashi_Golden_Eagle/ext_inat_20260504/inat_542081765_96172881.jpg,0,Inuwashi
tool_bird_class_train/Inuwashi_Golden_Eagle/ext_inat_20260504/inat_21275113_82a9cacc.jpg,0,Inuwashi
tool_bird_class_train/Inuwashi_Golden_Eagle/ext_inat_20260504/inat_482414514_2f6200b9.png,0,Inuwashi
tool_bird_class_train/Inuwashi_Golden_Eagle/AAS1_inuwashi-083A3413-2494-1358-1061-1107.JPG,0,Inuwashi
tool_bird_class_train/Inuwashi_Golden_Eagle/ext_inat_20260504/inat_589965503_98ae0e1f.jpg,0,Inuwashi
tool_bird_class_train/Inuwashi_Golden_Eagle/ext_inat_20260504/inat_236691823_9dfdb176.jpg,0,Inuwashi
tool_bird_class_train/Inuwashi_Golden_Eagle/ext_inat_20260504/inat_179010787_23150eb2.jpg,0,Inuwashi
tool_bird_class_train/Inuwashi_Golden_Eagle/AAS1_inuwashi-8D4A4510-2749-1783-143-166.JPG,0,Inuwashi
tool_bird_class_train/Inuwashi_Golden_Eagle/ext_inat_20260504/inat_162195656_c81fbe5d.jpg,0,Inuwashi
tool_bird_class_train/Inuwashi_Golden_Eagle/AAS1_inuwashi-083A3112-3085-1628-243-270.JPG,0,Inuwashi
tool_bird_class_train/Inuwashi_Golden_Eagle/AAS1_inuwashi-8D4A4419-2656-2010-497-178.JPG,0,Inuwashi
tool_bird_class_train/Inuwashi_Golden_Eagle/AAS1_inuwashi-083A4414-2688-1444-135-108.JPG,0,Inuwashi
tool_bird_class_train/Inuwashi_Golden_Eagle/AAS1_inuwashi-083A3429-2054-1571-1184-380.JPG,0,Inuwashi
tool_bird_class_train/Inuwashi_Golden_Eagle/ext_inat_20260504/inat_264002684_7953d886.jpg,0,Inuwashi
tool_bird_class_train/Inuwashi_Golden_Eagle/AAS1_inuwashi-DSCr0721-2884-1904-308-353.JPG,0,Inuwashi
tool_bird_class_train/Inuwashi_Golden_Eagle/inat_3119/e4923c41-13ea-4052-a92c-625903ffa4e2.jpg,0,Inuwashi
tool_bird_class_train/Inuwashi_Golden_Eagle/AAS1_inuwashi-8D4A4488-2505-2001-177-123.JPG,0,Inuwashi
tool_bird_class_train/Inuwashi_Golden_Eagle/AAS1_inuwashi-DSCr1869-1022-1928-286-204.JPG,0,Inuwashi
tool_bird_class_train/Inuwashi_Golden_Eagle/ext_inat_20260504/inat_78931100_0a741de8.jpg,0,Inuwashi
tool_bird_class_train/Inuwashi_Golden_Eagle/ext_inat_20260504/inat_360791737_4e159a69.jpg,0,Inuwashi
tool_bird_class_train/Inuwashi_Golden_Eagle/inat_3119/184ca21d-4e16-4c1e-b9f1-e9678ca1e24c.jpg,0,Inuwashi
tool_bird_class_train/Inuwashi_Golden_Eagle/AAS1_inuwashi-DSCr3325-1727-1492-266-216.JPG,0,Inuwashi
tool_bird_class_train/Inuwashi_Golden_Eagle/frame_000570_bb00_t0019.02_conf0.994.jpg,0,Inuwashi
tool_bird_class_train/Inuwashi_Golden_Eagle/AAS1_inuwashi-DSCr1564-545-835-703-470.JPG,0,Inuwashi
tool_bird_class_train/Inuwashi_Golden_Eagle/ext_inat_20260504/inat_292785292_425ad4bd.jpg,0,Inuwashi
tool_bird_class_train/Inuwashi_Golden_Eagle/AAS1_inuwashi-083A4468-2448-1657-238-193.JPG,0,Inuwashi
tool_bird_class_train/Inuwashi_Golden_Eagle/ext_inat_20260504/inat_104262289_442b2ba0.jpg,0,Inuwashi
tool_bird_class_train/Inuwashi_Golden_Eagle/ext_inat_20260504/inat_13116526_06166b68.jpg,0,Inuwashi
tool_bird_class_train/Inuwashi_Golden_Eagle/AAS1_inuwashi-083A3252-2588-1316-1045-783.JPG,0,Inuwashi
tool_bird_class_train/Inuwashi_Golden_Eagle/AAS1_inuwashi-083A4423-2804-2673-366-342.JPG,0,Inuwashi
tool_bird_class_train/Inuwashi_Golden_Eagle/ext_inat_20260504/inat_336953876_22689ba5.jpg,0,Inuwashi
tool_bird_class_train/Inuwashi_Golden_Eagle/ext_inat_20260504/inat_183903042_eaba2e70.jpg,0,Inuwashi
tool_bird_class_train/Inuwashi_Golden_Eagle/inat_3119/29299c99-3e02-4b8e-a3f2-6f106fa1ac09.jpg,0,Inuwashi
tool_bird_class_train/Inuwashi_Golden_Eagle/v5_train_v5_inat/345609042.jpg,0,Inuwashi
tool_bird_class_train/Inuwashi_Golden_Eagle/ext_inat_20260504/inat_236949413_f6f64b22.jpg,0,Inuwashi
tool_bird_class_train/Inuwashi_Golden_Eagle/ext_inat_20260504/inat_504920347_33f5476d.jpg,0,Inuwashi
tool_bird_class_train/Inuwashi_Golden_Eagle/AAS1_inuwashi-083A3852-2169-1062-483-629.JPG,0,Inuwashi
tool_bird_class_train/Inuwashi_Golden_Eagle/AAS1_inuwashi-083A3419-2573-1499-699-1000.JPG,0,Inuwashi
tool_bird_class_train/Inuwashi_Golden_Eagle/AAS1_inuwashi-DSCr1529-905-152-335-524.JPG,0,Inuwashi
tool_bird_class_train/Inuwashi_Golden_Eagle/ext_inat_20260504/inat_605454007_ba5b2e15.jpg,0,Inuwashi
tool_bird_class_train/Inuwashi_Golden_Eagle/ext_inat_20260504/inat_339578667_41bdb86d.jpg,0,Inuwashi
tool_bird_class_train/Inuwashi_Golden_Eagle/ext_inat_20260504/inat_56311156_3a68c1ea.jpg,0,Inuwashi
tool_bird_class_train/Inuwashi_Golden_Eagle/ext_inat_20260504/inat_47632707_1b846516.jpg,0,Inuwashi
tool_bird_class_train/Inuwashi_Golden_Eagle/ext_inat_20260504/inat_609354885_8361f1d7.jpg,0,Inuwashi
tool_bird_class_train/Inuwashi_Golden_Eagle/ext_inat_20260504/inat_255809782_c50475aa.png,0,Inuwashi
tool_bird_class_train/Inuwashi_Golden_Eagle/ext_inat_20260504/inat_13006143_9710d617.jpg,0,Inuwashi
tool_bird_class_train/Inuwashi_Golden_Eagle/AAS1_inuwashi-DSCr1679-1875-1504-413-390.JPG,0,Inuwashi
tool_bird_class_train/Inuwashi_Golden_Eagle/AAS1_inuwashi-083A3380-2405-1734-420-400.JPG,0,Inuwashi
tool_bird_class_train/Inuwashi_Golden_Eagle/ext_inat_20260504/inat_178355573_2febf4a9.jpg,0,Inuwashi
tool_bird_class_train/Inuwashi_Golden_Eagle/ext_inat_20260504/inat_46142320_6e94d164.jpg,0,Inuwashi
tool_bird_class_train/Inuwashi_Golden_Eagle/AAS1_inuwashi-DSCr3191-2764-1541-241-180.JPG,0,Inuwashi
tool_bird_class_train/Inuwashi_Golden_Eagle/ext_inat_20260504/inat_618503001_e2d82224.jpg,0,Inuwashi
tool_bird_class_train/Inuwashi_Golden_Eagle/ext_inat_20260504/inat_177690445_7912a60b.jpg,0,Inuwashi
tool_bird_class_train/Inuwashi_Golden_Eagle/ext_inat_20260504/inat_179382884_bb90aa0b.jpg,0,Inuwashi
tool_bird_class_train/Inuwashi_Golden_Eagle/v5_ds_beta_bird/130.jpg,0,Inuwashi
tool_bird_class_train/Inuwashi_Golden_Eagle/AAS1_inuwashi-083A4472-3079-1588-248-271.JPG,0,Inuwashi
tool_bird_class_train/Inuwashi_Golden_Eagle/ext_inat_20260504/inat_24020555_ecaa81a0.jpg,0,Inuwashi
tool_bird_class_train/Inuwashi_Golden_Eagle/AAS1_inuwashi-8D4A4495-3024-1567-113-187.JPG,0,Inuwashi
tool_bird_class_train/Inuwashi_Golden_Eagle/ext_inat_20260504/inat_595631263_5c7789ce.jpg,0,Inuwashi
tool_bird_class_train/Inuwashi_Golden_Eagle/AAS1_inuwashi-DSCr1681-837-1442-442-339.JPG,0,Inuwashi
tool_bird_class_train/Inuwashi_Golden_Eagle/ext_inat_20260504/inat_563067942_4ab2b114.jpg,0,Inuwashi
tool_bird_class_train/Inuwashi_Golden_Eagle/ext_inat_20260504/inat_422682180_fa9a5966.png,0,Inuwashi
tool_bird_class_train/Inuwashi_Golden_Eagle/inat_3119/28f40a6f-ebd3-480d-8c79-c77b0ef2ded0.jpg,0,Inuwashi
tool_bird_class_train/Inuwashi_Golden_Eagle/ext_inat_20260504/inat_437302579_689bfa7d.jpg,0,Inuwashi
tool_bird_class_train/Inuwashi_Golden_Eagle/ext_inat_20260504/inat_554329469_ae8ea755.jpg,0,Inuwashi
tool_bird_class_train/Inuwashi_Golden_Eagle/v5_train_v5_inat/343670788.jpg,0,Inuwashi
tool_bird_class_train/Inuwashi_Golden_Eagle/ext_inat_20260504/inat_259962523_22cb78b4.jpg,0,Inuwashi
tool_bird_class_train/Inuwashi_Golden_Eagle/v5_ds_beta_bird/118.jpg,0,Inuwashi
tool_bird_class_train/Inuwashi_Golden_Eagle/ext_inat_20260504/inat_277586123_588a8add.jpg,0,Inuwashi
tool_bird_class_train/Inuwashi_Golden_Eagle/AAS1_inuwashi-DSCr1816-2080-1437-220-159.JPG,0,Inuwashi
tool_bird_class_train/Inuwashi_Golden_Eagle/AAS1_inuwashi-8D4A3402-2266-1158-564-182.JPG,0,Inuwashi
tool_bird_class_train/Inuwashi_Golden_Eagle/AAS1_inuwashi-083A3637-569-422-130-96.JPG,0,Inuwashi
tool_bird_class_train/Inuwashi_Golden_Eagle/ext_inat_20260504/inat_56085999_497bd32e.jpg,0,Inuwashi
tool_bird_class_train/Inuwashi_Golden_Eagle/AAS1_inuwashi-083A4151-1968-1469-299-537.JPG,0,Inuwashi
tool_bird_class_train/Inuwashi_Golden_Eagle/BIRDS525/087.jpg,0,Inuwashi
tool_bird_class_train/Inuwashi_Golden_Eagle/AAS1_inuwashi-083A3405-774-171-611-1000.JPG,0,Inuwashi
tool_bird_class_train/Inuwashi_Golden_Eagle/ext_inat_20260504/inat_7400116_5e66e7c6.jpg,0,Inuwashi
tool_bird_class_train/Inuwashi_Golden_Eagle/ext_inat_20260504/inat_260419828_5fd07013.jpg,0,Inuwashi
tool_bird_class_train/Inuwashi_Golden_Eagle/inat_3119/622a87c6-f2af-4dab-9301-367223d63ace.jpg,0,Inuwashi
tool_bird_class_train/Inuwashi_Golden_Eagle/ext_inat_20260504/inat_215072388_a1e37f88.jpg,0,Inuwashi
tool_bird_class_train/Inuwashi_Golden_Eagle/AAS1_inuwashi-083A3638-3270-1821-195-144.JPG,0,Inuwashi
tool_bird_class_train/Inuwashi_Golden_Eagle/ext_inat_20260504/inat_513829592_666c1352.jpg,0,Inuwashi
tool_bird_class_train/Inuwashi_Golden_Eagle/inat_3119/a25a7700-abdd-4957-b626-47a561b6cc02.jpg,0,Inuwashi
tool_bird_class_train/Inuwashi_Golden_Eagle/AAS1_inuwashi-083A4162-3419-1201-445-293.JPG,0,Inuwashi
tool_bird_class_train/Inuwashi_Golden_Eagle/AAS1_inuwashi-DSCr2328-155-806-295-239.JPG,0,Inuwashi
tool_bird_class_train/Inuwashi_Golden_Eagle/AAS1_inuwashi-083A3698-2592-1753-233-198.JPG,0,Inuwashi
tool_bird_class_train/Inuwashi_Golden_Eagle/ext_inat_20260504/inat_501829888_d4e113d8.jpg,0,Inuwashi
tool_bird_class_train/Inuwashi_Golden_Eagle/ext_inat_20260504/inat_323219015_4afe7c43.jpg,0,Inuwashi
tool_bird_class_train/Inuwashi_Golden_Eagle/AAS1_inuwashi-8D4A4453-2432-793-895-367.JPG,0,Inuwashi
tool_bird_class_train/Inuwashi_Golden_Eagle/AAS1_inuwashi-8D4A3408-2214-1411-715-263.JPG,0,Inuwashi
tool_bird_class_train/Inuwashi_Golden_Eagle/AAS1_inuwashi-083A3085-2006-326-218-307.JPG,0,Inuwashi
tool_bird_class_train/Inuwashi_Golden_Eagle/ext_inat_20260504/inat_479475030_f91353bc.jpg,0,Inuwashi
tool_bird_class_train/Inuwashi_Golden_Eagle/AAS1_inuwashi-8D4A4470-2357-216-545-1004.JPG,0,Inuwashi
tool_bird_class_train/Inuwashi_Golden_Eagle/v5_ds_beta_bird/022.jpg,0,Inuwashi
tool_bird_class_train/Inuwashi_Golden_Eagle/ext_inat_20260504/inat_322478556_a42322a1.jpg,0,Inuwashi
tool_bird_class_train/Inuwashi_Golden_Eagle/ext_inat_20260504/inat_111946040_add6da3e.jpg,0,Inuwashi
tool_bird_class_train/Inuwashi_Golden_Eagle/AAS1_inuwashi-083A3142-1915-1417-1127-779.JPG,0,Inuwashi
tool_bird_class_train/Inuwashi_Golden_Eagle/AAS1_inuwashi-8D4A4527-3037-1577-129-207.JPG,0,Inuwashi
tool_bird_class_train/Inuwashi_Golden_Eagle/ext_inat_20260504/inat_236950637_9e54a557.jpg,0,Inuwashi
tool_bird_class_train/Inuwashi_Golden_Eagle/ext_inat_20260504/inat_253209520_8475427b.jpg,0,Inuwashi
tool_bird_class_train/Inuwashi_Golden_Eagle/AAS1_inuwashi-8D4A4520-2268-1878-238-97.JPG,0,Inuwashi
tool_bird_class_train/Inuwashi_Golden_Eagle/AAS1_inuwashi-DSCr1827-3040-1384-189-170.JPG,0,Inuwashi
tool_bird_class_train/Inuwashi_Golden_Eagle/AAS1_inuwashi-083A3460-2315-1575-319-207.JPG,0,Inuwashi
tool_bird_class_train/Inuwashi_Golden_Eagle/AAS1_inuwashi-083A4400-2491-1489-118-140.JPG,0,Inuwashi
tool_bird_class_train/Inuwashi_Golden_Eagle/ext_inat_20260504/inat_111676864_3fae143f.jpg,0,Inuwashi
tool_bird_class_train/Inuwashi_Golden_Eagle/ext_inat_20260504/inat_356957771_a6b605e3.jpg,0,Inuwashi
tool_bird_class_train/Inuwashi_Golden_Eagle/ext_inat_20260504/inat_226855306_6d6b4f94.jpg,0,Inuwashi
tool_bird_class_train/Inuwashi_Golden_Eagle/ext_inat_20260504/inat_171924577_7c146d19.jpg,0,Inuwashi
tool_bird_class_train/Inuwashi_Golden_Eagle/ext_inat_20260504/inat_8413460_b963ab72.jpg,0,Inuwashi
tool_bird_class_train/Inuwashi_Golden_Eagle/ext_inat_20260504/inat_334360215_93554df6.jpg,0,Inuwashi
tool_bird_class_train/Inuwashi_Golden_Eagle/ext_inat_20260504/inat_446622507_e48a87ba.jpg,0,Inuwashi
tool_bird_class_train/Inuwashi_Golden_Eagle/v5_ds_beta_bird/134.jpg,0,Inuwashi
tool_bird_class_train/Inuwashi_Golden_Eagle/ext_inat_20260504/inat_24075546_ac76c87d.jpg,0,Inuwashi
tool_bird_class_train/Inuwashi_Golden_Eagle/ext_inat_20260504/inat_615991359_5fff8c39.jpg,0,Inuwashi
tool_bird_class_train/Inuwashi_Golden_Eagle/AAS1_inuwashi-DSCr1856-2751-1819-184-134.JPG,0,Inuwashi
tool_bird_class_train/Inuwashi_Golden_Eagle/ext_inat_20260504/inat_629869991_bf125dd0.jpg,0,Inuwashi
tool_bird_class_train/Inuwashi_Golden_Eagle/ext_inat_20260504/inat_384466001_7b98f4fc.jpg,0,Inuwashi
tool_bird_class_train/Inuwashi_Golden_Eagle/ext_inat_20260504/inat_67327222_e8b94253.jpg,0,Inuwashi
tool_bird_class_train/Inuwashi_Golden_Eagle/AAS1_inuwashi-DSCr3248-1852-1868-372-268.JPG,0,Inuwashi
tool_bird_class_train/Inuwashi_Golden_Eagle/v5_ds_beta_bird/010.jpg,0,Inuwashi
tool_bird_class_train/Inuwashi_Golden_Eagle/ext_inat_20260504/inat_248985523_9d09ecf6.jpg,0,Inuwashi
tool_bird_class_train/Inuwashi_Golden_Eagle/ext_inat_20260504/inat_422883679_5e1b08ff.jpg,0,Inuwashi
tool_bird_class_train/Inuwashi_Golden_Eagle/AAS1_inuwashi-DSCr3329-1424-1382-300-249.JPG,0,Inuwashi
tool_bird_class_train/Inuwashi_Golden_Eagle/AAS1_inuwashi-083A4165-2739-1720-512-301.JPG,0,Inuwashi
tool_bird_class_train/Inuwashi_Golden_Eagle/ext_inat_20260504/inat_476077859_504f4b73.jpg,0,Inuwashi
tool_bird_class_train/Inuwashi_Golden_Eagle/ext_inat_20260504/inat_242189735_9ee717ba.jpg,0,Inuwashi
tool_bird_class_train/Inuwashi_Golden_Eagle/AAS1_inuwashi-083A3886-2756-1715-271-231.JPG,0,Inuwashi
tool_bird_class_train/Inuwashi_Golden_Eagle/ext_inat_20260504/inat_473996056_76a3f38a.jpg,0,Inuwashi
tool_bird_class_train/Inuwashi_Golden_Eagle/ext_inat_20260504/inat_122149101_4f3b86c4.jpg,0,Inuwashi
tool_bird_class_train/Inuwashi_Golden_Eagle/ext_inat_20260504/inat_531511594_572f32e9.jpg,0,Inuwashi
tool_bird_class_train/Inuwashi_Golden_Eagle/AAS1_inuwashi-8D4A4517-2304-1579-102-134.JPG,0,Inuwashi
tool_bird_class_train/Inuwashi_Golden_Eagle/AAS1_inuwashi-DSCr2275-2058-1689-324-317.JPG,0,Inuwashi
tool_bird_class_train/Inuwashi_Golden_Eagle/ext_inat_20260504/inat_163117769_9fcbec34.jpg,0,Inuwashi
tool_bird_class_train/Inuwashi_Golden_Eagle/ext_inat_20260504/inat_552331559_1c40a650.jpg,0,Inuwashi
tool_bird_class_train/Inuwashi_Golden_Eagle/AAS1_inuwashi-8D4A3403-2376-1446-670-210.JPG,0,Inuwashi
tool_bird_class_train/Inuwashi_Golden_Eagle/frame_028070_bb00_t0936.60_conf0.979.jpg,0,Inuwashi
tool_bird_class_train/Inuwashi_Golden_Eagle/ext_inat_20260504/inat_609684690_b11c3b3d.jpg,0,Inuwashi
tool_bird_class_train/Inuwashi_Golden_Eagle/AAS1_inuwashi-DSCr3197-4018-1664-212-173.JPG,0,Inuwashi
tool_bird_class_train/Inuwashi_Golden_Eagle/AAS1_inuwashi-DSCr0932-3358-1713-225-251.JPG,0,Inuwashi
tool_bird_class_train/Inuwashi_Golden_Eagle/ext_inat_20260504/inat_255370478_44373388.jpg,0,Inuwashi
tool_bird_class_train/Inuwashi_Golden_Eagle/ext_inat_20260504/inat_355769629_a48ec720.jpg,0,Inuwashi
tool_bird_class_train/Inuwashi_Golden_Eagle/AAS1_inuwashi-083A3674-2912-1769-180-172.JPG,0,Inuwashi
tool_bird_class_train/Inuwashi_Golden_Eagle/ext_inat_20260504/inat_422891865_78906267.jpg,0,Inuwashi
tool_bird_class_train/Inuwashi_Golden_Eagle/ext_inat_20260504/inat_68002111_c111f8ff.jpg,0,Inuwashi
tool_bird_class_train/Inuwashi_Golden_Eagle/AAS1_inuwashi-083A3363-2470-1912-532-480.JPG,0,Inuwashi
tool_bird_class_train/Inuwashi_Golden_Eagle/ext_inat_20260504/inat_181826293_a6996efd.jpg,0,Inuwashi
tool_bird_class_train/Inuwashi_Golden_Eagle/BIRDS525/007.jpg,0,Inuwashi
tool_bird_class_train/Inuwashi_Golden_Eagle/AAS1_inuwashi-8D4A4414-2781-1709-395-126.JPG,0,Inuwashi
tool_bird_class_train/Inuwashi_Golden_Eagle/AAS1_inuwashi-083A3239-569-433-1053-834.JPG,0,Inuwashi
tool_bird_class_train/Inuwashi_Golden_Eagle/ext_inat_20260504/inat_387747950_ed93ad7e.jpg,0,Inuwashi
tool_bird_class_train/Inuwashi_Golden_Eagle/AAS1_inuwashi-DSCr2331-1044-734-316-208.JPG,0,Inuwashi
tool_bird_class_train/Inuwashi_Golden_Eagle/ext_inat_20260504/inat_46142350_9c841d46.jpg,0,Inuwashi
tool_bird_class_train/Inuwashi_Golden_Eagle/ext_inat_20260504/inat_287220310_1c6bac9b.jpg,0,Inuwashi
tool_bird_class_train/Inuwashi_Golden_Eagle/ext_inat_20260504/inat_246390604_70f6c9cf.jpg,0,Inuwashi
tool_bird_class_train/Inuwashi_Golden_Eagle/AAS1_inuwashi-083A3127-2083-776-1064-575.JPG,0,Inuwashi
tool_bird_class_train/Inuwashi_Golden_Eagle/AAS1_inuwashi-DSCr1577-982-449-636-655.JPG,0,Inuwashi
tool_bird_class_train/Inuwashi_Golden_Eagle/AAS1_inuwashi-083A4453-2924-1945-391-352.JPG,0,Inuwashi
tool_bird_class_train/Inuwashi_Golden_Eagle/BIRDS525/121.jpg,0,Inuwashi
tool_bird_class_train/Inuwashi_Golden_Eagle/ext_inat_20260504/inat_580400945_e7b3aa96.jpg,0,Inuwashi
tool_bird_class_train/Inuwashi_Golden_Eagle/ext_inat_20260504/inat_414077036_f5de9e90.jpg,0,Inuwashi
tool_bird_class_train/Inuwashi_Golden_Eagle/AAS1_inuwashi-083A3712-2804-1612-231-373.JPG,0,Inuwashi
tool_bird_class_train/Inuwashi_Golden_Eagle/AAS1_inuwashi-8D4A4492-2812-1867-174-171.JPG,0,Inuwashi
tool_bird_class_train/Inuwashi_Golden_Eagle/ext_inat_20260504/inat_348225131_59d0a769.jpg,0,Inuwashi
tool_bird_class_train/Inuwashi_Golden_Eagle/AAS1_inuwashi-DSCr1436-2724-1502-392-377.JPG,0,Inuwashi
tool_bird_class_train/Inuwashi_Golden_Eagle/ext_inat_20260504/inat_101699593_190e9d78.jpg,0,Inuwashi
tool_bird_class_train/Inuwashi_Golden_Eagle/ext_inat_20260504/inat_166424883_73333d2d.jpg,0,Inuwashi
tool_bird_class_train/Inuwashi_Golden_Eagle/ext_inat_20260504/inat_177639138_b1c12e79.jpg,0,Inuwashi
tool_bird_class_train/Inuwashi_Golden_Eagle/ext_inat_20260504/inat_641209595_02db6cc1.jpg,0,Inuwashi
tool_bird_class_train/Inuwashi_Golden_Eagle/ext_inat_20260504/inat_287975551_19579102.jpg,0,Inuwashi
tool_bird_class_train/Inuwashi_Golden_Eagle/ext_inat_20260504/inat_250588816_e8aee7a0.jpg,0,Inuwashi
tool_bird_class_train/Inuwashi_Golden_Eagle/ext_inat_20260504/inat_33372342_c628fb62.jpg,0,Inuwashi
tool_bird_class_train/Inuwashi_Golden_Eagle/AAS1_inuwashi-8D4A4496-3107-1465-127-187.JPG,0,Inuwashi
tool_bird_class_train/Inuwashi_Golden_Eagle/ext_inat_20260504/inat_109856053_524c995c.jpg,0,Inuwashi
tool_bird_class_train/Inuwashi_Golden_Eagle/BIRDS525/001.jpg,0,Inuwashi
tool_bird_class_train/Inuwashi_Golden_Eagle/frame_019420_bb00_t0647.98_conf0.995.jpg,0,Inuwashi
tool_bird_class_train/Inuwashi_Golden_Eagle/ext_inat_20260504/inat_527628626_0db3f262.jpg,0,Inuwashi
tool_bird_class_train/Inuwashi_Golden_Eagle/ext_inat_20260504/inat_473882622_0cf1804e.jpg,0,Inuwashi
tool_bird_class_train/Inuwashi_Golden_Eagle/AAS1_inuwashi-8D4A4525-2845-1561-170-178.JPG,0,Inuwashi
tool_bird_class_train/Inuwashi_Golden_Eagle/AAS1_inuwashi-8D4A4473-1756-624-520-975.JPG,0,Inuwashi
tool_bird_class_train/Inuwashi_Golden_Eagle/inat_3119/cbae26b5-a391-4dcb-af94-121f6f21e14f.jpg,0,Inuwashi
tool_bird_class_train/Inuwashi_Golden_Eagle/AAS1_inuwashi-DSCr1882-2096-1181-250-237.JPG,0,Inuwashi
tool_bird_class_train/Inuwashi_Golden_Eagle/AAS1_inuwashi-8D4A4439-2928-1446-819-322.JPG,0,Inuwashi
tool_bird_class_train/Inuwashi_Golden_Eagle/ext_inat_20260504/inat_160911353_3aff3227.jpg,0,Inuwashi
tool_bird_class_train/Inuwashi_Golden_Eagle/ext_inat_20260504/inat_635102112_af77048b.jpg,0,Inuwashi
tool_bird_class_train/Inuwashi_Golden_Eagle/ext_inat_20260504/inat_618813005_174931fb.jpg,0,Inuwashi
tool_bird_class_train/Inuwashi_Golden_Eagle/ext_inat_20260504/inat_501438079_2c8eee76.jpg,0,Inuwashi
tool_bird_class_train/Inuwashi_Golden_Eagle/BIRDS525/092.jpg,0,Inuwashi
tool_bird_class_train/Inuwashi_Golden_Eagle/ext_inat_20260504/inat_58752302_aeef0e3b.jpg,0,Inuwashi
tool_bird_class_train/Inuwashi_Golden_Eagle/AAS1_inuwashi-DSCr3215-2432-1473-212-174.JPG,0,Inuwashi
tool_bird_class_train/Inuwashi_Golden_Eagle/ext_inat_20260504/inat_360870536_33814abb.jpg,0,Inuwashi
tool_bird_class_train/Inuwashi_Golden_Eagle/ext_inat_20260504/inat_482414061_a53dade8.png,0,Inuwashi
tool_bird_class_train/Inuwashi_Golden_Eagle/AAS1_inuwashi-083A3131-2184-1372-1088-635.JPG,0,Inuwashi
tool_bird_class_train/Inuwashi_Golden_Eagle/ext_inat_20260504/inat_107727177_8bf3751a.jpg,0,Inuwashi
tool_bird_class_train/Inuwashi_Golden_Eagle/AAS1_inuwashi-083A3148-2273-2198-870-1127.JPG,0,Inuwashi
tool_bird_class_train/Inuwashi_Golden_Eagle/ext_inat_20260504/inat_218500679_dbfc9584.jpg,0,Inuwashi
tool_bird_class_train/Inuwashi_Golden_Eagle/ext_inat_20260504/inat_445744420_503a4417.jpg,0,Inuwashi
tool_bird_class_train/Inuwashi_Golden_Eagle/ext_inat_20260504/inat_604007654_993bf5ba.jpg,0,Inuwashi
tool_bird_class_train/Inuwashi_Golden_Eagle/ext_inat_20260504/inat_597435692_8688adc3.jpg,0,Inuwashi
tool_bird_class_train/Inuwashi_Golden_Eagle/ext_inat_20260504/inat_334684321_e30aa281.jpg,0,Inuwashi
tool_bird_class_train/Inuwashi_Golden_Eagle/AAS1_inuwashi-DSCr3252-1981-1704-231-261.JPG,0,Inuwashi
tool_bird_class_train/Inuwashi_Golden_Eagle/ext_inat_20260504/inat_91853235_437712e7.jpg,0,Inuwashi
tool_bird_class_train/Inuwashi_Golden_Eagle/ext_inat_20260504/inat_341549328_859e9879.jpg,0,Inuwashi
tool_bird_class_train/Inuwashi_Golden_Eagle/AAS1_inuwashi-DSCr0599-3477-1704-363-447.JPG,0,Inuwashi
tool_bird_class_train/Inuwashi_Golden_Eagle/ext_inat_20260504/inat_170667261_1d48ca59.jpg,0,Inuwashi
tool_bird_class_train/Inuwashi_Golden_Eagle/AAS1_inuwashi-DSCr0729-2400-1516-548-252.JPG,0,Inuwashi
tool_bird_class_train/Inuwashi_Golden_Eagle/AAS1_inuwashi-083A3836-2674-1379-462-649.JPG,0,Inuwashi
tool_bird_class_train/Inuwashi_Golden_Eagle/AAS1_inuwashi-083A3102-4195-2555-389-308.JPG,0,Inuwashi
tool_bird_class_train/Inuwashi_Golden_Eagle/ext_inat_20260504/inat_241199601_189befc0.jpg,0,Inuwashi
tool_bird_class_train/Inuwashi_Golden_Eagle/ext_inat_20260504/inat_127129381_f7d6f1f2.jpg,0,Inuwashi
tool_bird_class_train/Inuwashi_Golden_Eagle/ext_inat_20260504/inat_318622554_5d6e525a.jpg,0,Inuwashi
tool_bird_class_train/Inuwashi_Golden_Eagle/AAS1_inuwashi-DSCr1576-1121-456-457-648.JPG,0,Inuwashi
tool_bird_class_train/Inuwashi_Golden_Eagle/ext_inat_20260504/inat_445743758_3318baae.jpg,0,Inuwashi
tool_bird_class_train/Inuwashi_Golden_Eagle/AAS1_inuwashi-8D4A4491-2828-1936-199-168.JPG,0,Inuwashi
tool_bird_class_train/Inuwashi_Golden_Eagle/AAS1_inuwashi-083A3853-2405-913-459-576.JPG,0,Inuwashi
tool_bird_class_train/Inuwashi_Golden_Eagle/AAS1_inuwashi-083A4362-2698-1568-243-150.JPG,0,Inuwashi
tool_bird_class_train/Inuwashi_Golden_Eagle/AAS1_inuwashi-083A3606-2588-1926-262-419.JPG,0,Inuwashi
tool_bird_class_train/Inuwashi_Golden_Eagle/ext_inat_20260504/inat_493539226_8ea1681c.jpg,0,Inuwashi
tool_bird_class_train/Inuwashi_Golden_Eagle/ext_inat_20260504/inat_56650031_e7ff2c48.jpg,0,Inuwashi
tool_bird_class_train/Inuwashi_Golden_Eagle/AAS1_inuwashi-DSCr0897-3729-1735-173-142.JPG,0,Inuwashi
tool_bird_class_train/Inuwashi_Golden_Eagle/ext_inat_20260504/inat_91214753_85f1b67d.jpg,0,Inuwashi
tool_bird_class_train/Inuwashi_Golden_Eagle/AAS1_inuwashi-DSCr0719-2216-1894-515-447.JPG,0,Inuwashi
tool_bird_class_train/Inuwashi_Golden_Eagle/ext_inat_20260504/inat_184992622_8b1a5184.jpg,0,Inuwashi
tool_bird_class_train/Inuwashi_Golden_Eagle/ext_inat_20260504/inat_183714746_05158f24.jpg,0,Inuwashi
tool_bird_class_train/Inuwashi_Golden_Eagle/AAS1_inuwashi-083A3847-2621-1928-343-268.JPG,0,Inuwashi
tool_bird_class_train/Inuwashi_Golden_Eagle/ext_inat_20260504/inat_147008915_dacb4812.jpg,0,Inuwashi
tool_bird_class_train/Inuwashi_Golden_Eagle/AAS1_inuwashi-8D4A4403-2778-1622-331-107.JPG,0,Inuwashi
tool_bird_class_train/Inuwashi_Golden_Eagle/AAS1_inuwashi-8D4A4458-2573-1033-921-421.JPG,0,Inuwashi
tool_bird_class_train/Inuwashi_Golden_Eagle/ext_inat_20260504/inat_13620752_818a34e0.jpg,0,Inuwashi
tool_bird_class_train/Inuwashi_Golden_Eagle/AAS1_inuwashi-083A3732-2895-1975-194-207.JPG,0,Inuwashi
tool_bird_class_train/Inuwashi_Golden_Eagle/v5_train_v5_inat/345609030.jpg,0,Inuwashi
tool_bird_class_train/Inuwashi_Golden_Eagle/AAS1_inuwashi-083A3562-2746-2147-185-212.JPG,0,Inuwashi
tool_bird_class_train/Inuwashi_Golden_Eagle/AAS1_inuwashi-083A4055-3006-1749-142-159.JPG,0,Inuwashi
tool_bird_class_train/Inuwashi_Golden_Eagle/AAS1_inuwashi-083A3430-2011-1546-1228-395.JPG,0,Inuwashi
tool_bird_class_train/Inuwashi_Golden_Eagle/AAS1_inuwashi-8D4A4395-2141-1465-315-96.JPG,0,Inuwashi
tool_bird_class_train/Inuwashi_Golden_Eagle/ext_inat_20260504/inat_501445448_e4a7f8b2.jpg,0,Inuwashi
tool_bird_class_train/Inuwashi_Golden_Eagle/AAS1_inuwashi-083A3411-1910-1482-983-582.JPG,0,Inuwashi
tool_bird_class_train/Inuwashi_Golden_Eagle/AAS1_inuwashi-083A3849-2515-2032-391-558.JPG,0,Inuwashi
tool_bird_class_train/Inuwashi_Golden_Eagle/ext_inat_20260504/inat_149439761_cacf74ea.jpg,0,Inuwashi
tool_bird_class_train/Inuwashi_Golden_Eagle/AAS1_inuwashi-DSCr0872-4205-1786-234-166.JPG,0,Inuwashi
tool_bird_class_train/Inuwashi_Golden_Eagle/AAS1_inuwashi-DSCr1526-440-677-454-640.JPG,0,Inuwashi
tool_bird_class_train/Inuwashi_Golden_Eagle/AAS1_inuwashi-083A3607-374-215-219-220.JPG,0,Inuwashi
tool_bird_class_train/Inuwashi_Golden_Eagle/ext_inat_20260504/inat_369948835_de07f9f8.jpg,0,Inuwashi
tool_bird_class_train/Inuwashi_Golden_Eagle/AAS1_inuwashi-083A3365-2453-2037-560-476.JPG,0,Inuwashi
tool_bird_class_train/Inuwashi_Golden_Eagle/ext_inat_20260504/inat_432826167_b251adcf.jpg,0,Inuwashi
tool_bird_class_train/Inuwashi_Golden_Eagle/AAS1_inuwashi-8D4A3421-2256-1324-595-260.JPG,0,Inuwashi
tool_bird_class_train/Inuwashi_Golden_Eagle/ext_inat_20260504/inat_205942395_fe310e73.jpg,0,Inuwashi
tool_bird_class_train/Inuwashi_Golden_Eagle/AAS1_inuwashi-DSCr1572-1293-146-389-665.JPG,0,Inuwashi
tool_bird_class_train/Inuwashi_Golden_Eagle/AAS1_inuwashi-DSCr1861-2225-1284-170-197.JPG,0,Inuwashi
tool_bird_class_train/Inuwashi_Golden_Eagle/ext_inat_20260504/inat_259987816_85bac378.jpg,0,Inuwashi
tool_bird_class_train/Inuwashi_Golden_Eagle/AAS1_inuwashi-083A3364-2443-2028-555-476.JPG,0,Inuwashi
tool_bird_class_train/Inuwashi_Golden_Eagle/BIRDS525/006.jpg,0,Inuwashi
tool_bird_class_train/Inuwashi_Golden_Eagle/ext_inat_20260504/inat_103894536_623aabe8.jpg,0,Inuwashi
tool_bird_class_train/Inuwashi_Golden_Eagle/ext_inat_20260504/inat_65172939_1219b68d.jpg,0,Inuwashi
tool_bird_class_train/Inuwashi_Golden_Eagle/ext_inat_20260504/inat_93888999_6feccdf7.jpg,0,Inuwashi
tool_bird_class_train/Inuwashi_Golden_Eagle/ext_inat_20260504/inat_171924645_6cc35b9a.jpg,0,Inuwashi
tool_bird_class_train/Inuwashi_Golden_Eagle/ext_inat_20260504/inat_205164133_4a8953a5.jpg,0,Inuwashi
tool_bird_class_train/Inuwashi_Golden_Eagle/ext_inat_20260504/inat_354739360_aefdd84a.jpg,0,Inuwashi
tool_bird_class_train/Inuwashi_Golden_Eagle/ext_inat_20260504/inat_451525496_2963a12e.jpg,0,Inuwashi
tool_bird_class_train/Inuwashi_Golden_Eagle/ext_inat_20260504/inat_296699047_e5cba60d.jpg,0,Inuwashi
tool_bird_class_train/Inuwashi_Golden_Eagle/inat_3119/383cc7e3-7532-4989-bd7a-78dc73cf4134.jpg,0,Inuwashi
tool_bird_class_train/Inuwashi_Golden_Eagle/ext_inat_20260504/inat_214974123_ba57fbc0.jpg,0,Inuwashi
tool_bird_class_train/Inuwashi_Golden_Eagle/ext_inat_20260504/inat_640786804_bdc9123d.jpg,0,Inuwashi
tool_bird_class_train/Inuwashi_Golden_Eagle/ext_inat_20260504/inat_175459548_3bc37552.jpg,0,Inuwashi
tool_bird_class_train/Inuwashi_Golden_Eagle/ext_inat_20260504/inat_434537047_dfbb909a.jpg,0,Inuwashi
tool_bird_class_train/Inuwashi_Golden_Eagle/ext_inat_20260504/inat_249334507_c478b1f8.jpg,0,Inuwashi
tool_bird_class_train/Inuwashi_Golden_Eagle/AAS1_inuwashi-083A4136-2803-1527-401-251.JPG,0,Inuwashi
tool_bird_class_train/Inuwashi_Golden_Eagle/ext_inat_20260504/inat_263865961_cfead8cc.jpg,0,Inuwashi
tool_bird_class_train/Inuwashi_Golden_Eagle/AAS1_inuwashi-8D4A4389-2411-1646-226-78.JPG,0,Inuwashi
tool_bird_class_train/Inuwashi_Golden_Eagle/ext_inat_20260504/inat_169644717_2ebd0bf6.jpg,0,Inuwashi
tool_bird_class_train/Inuwashi_Golden_Eagle/ext_inat_20260504/inat_200933815_c1de1146.jpg,0,Inuwashi
tool_bird_class_train/Inuwashi_Golden_Eagle/AAS1_inuwashi-8D4A4452-1932-1405-866-354.JPG,0,Inuwashi
tool_bird_class_train/Inuwashi_Golden_Eagle/ext_inat_20260504/inat_24932439_aacea559.jpg,0,Inuwashi
tool_bird_class_train/Inuwashi_Golden_Eagle/ext_inat_20260504/inat_390828605_ac844b76.jpg,0,Inuwashi
tool_bird_class_train/Inuwashi_Golden_Eagle/ext_inat_20260504/inat_198742_749e3842.jpg,0,Inuwashi
tool_bird_class_train/Inuwashi_Golden_Eagle/ext_inat_20260504/inat_418526536_63a8f8df.jpg,0,Inuwashi
tool_bird_class_train/Inuwashi_Golden_Eagle/ext_inat_20260504/inat_80915729_2eb38156.jpg,0,Inuwashi
tool_bird_class_train/Inuwashi_Golden_Eagle/ext_inat_20260504/inat_402588889_ca54bf1a.jpg,0,Inuwashi
tool_bird_class_train/Inuwashi_Golden_Eagle/AAS1_inuwashi-DSCr2277-1787-1598-410-324.JPG,0,Inuwashi
tool_bird_class_train/Inuwashi_Golden_Eagle/AAS1_inuwashi-DSCr3332-2667-957-167-226.JPG,0,Inuwashi
tool_bird_class_train/Inuwashi_Golden_Eagle/AAS1_inuwashi-083A4157-3063-2043-420-252.JPG,0,Inuwashi
tool_bird_class_train/Inuwashi_Golden_Eagle/ext_inat_20260504/inat_164225800_641f4f32.jpg,0,Inuwashi
tool_bird_class_train/Inuwashi_Golden_Eagle/AAS1_inuwashi-DSCr2379-1599-1145-303-417.JPG,0,Inuwashi
tool_bird_class_train/Inuwashi_Golden_Eagle/AAS1_inuwashi-DSCr2432-1744-525-295-438.JPG,0,Inuwashi
tool_bird_class_train/Inuwashi_Golden_Eagle/ext_inat_20260504/inat_483970128_84e5ec72.jpg,0,Inuwashi
tool_bird_class_train/Inuwashi_Golden_Eagle/AAS1_inuwashi-083A3440-2224-1615-1324-637.JPG,0,Inuwashi
tool_bird_class_train/Inuwashi_Golden_Eagle/ext_inat_20260504/inat_101149404_95768462.jpg,0,Inuwashi
tool_bird_class_train/Inuwashi_Golden_Eagle/AAS1_inuwashi-8D4A4490-2669-2058-193-143.JPG,0,Inuwashi
tool_bird_class_train/Inuwashi_Golden_Eagle/AAS1_inuwashi-DSCr0881-3675-2067-280-166.JPG,0,Inuwashi
tool_bird_class_train/Inuwashi_Golden_Eagle/ext_inat_20260504/inat_268413678_faf4f31f.jpg,0,Inuwashi
tool_bird_class_train/Inuwashi_Golden_Eagle/v5_train_v5_inat/351162569.jpg,0,Inuwashi
tool_bird_class_train/Inuwashi_Golden_Eagle/AAS1_inuwashi-DSCr0922-3549-1556-202-151.JPG,0,Inuwashi
tool_bird_class_train/Inuwashi_Golden_Eagle/ext_inat_20260504/inat_451110878_94cc61b5.jpg,0,Inuwashi
tool_bird_class_train/Inuwashi_Golden_Eagle/ext_inat_20260504/inat_168021352_137a2580.jpg,0,Inuwashi
tool_bird_class_train/Inuwashi_Golden_Eagle/ext_inat_20260504/inat_533332493_7a8b814a.jpg,0,Inuwashi
tool_bird_class_train/Inuwashi_Golden_Eagle/ext_inat_20260504/inat_601364148_dabc05db.jpg,0,Inuwashi
tool_bird_class_train/Inuwashi_Golden_Eagle/ext_inat_20260504/inat_316369956_70b2ed25.jpg,0,Inuwashi
tool_bird_class_train/Inuwashi_Golden_Eagle/BIRDS525/013.jpg,0,Inuwashi
tool_bird_class_train/Inuwashi_Golden_Eagle/ext_inat_20260504/inat_471678291_c0b3e492.jpg,0,Inuwashi
tool_bird_class_train/Inuwashi_Golden_Eagle/AAS1_inuwashi-083A3388-756-208-800-1112.JPG,0,Inuwashi
tool_bird_class_train/Inuwashi_Golden_Eagle/ext_inat_20260504/inat_338945428_7b982e34.jpg,0,Inuwashi
tool_bird_class_train/Inuwashi_Golden_Eagle/ext_inat_20260504/inat_560309806_eff0d023.jpg,0,Inuwashi
tool_bird_class_train/Inuwashi_Golden_Eagle/ext_inat_20260504/inat_268413662_d9586173.jpg,0,Inuwashi
tool_bird_class_train/Inuwashi_Golden_Eagle/ext_inat_20260504/inat_345333458_60b856c4.jpg,0,Inuwashi
tool_bird_class_train/Inuwashi_Golden_Eagle/AAS1_inuwashi-083A3929-2471-1794-167-179.JPG,0,Inuwashi
tool_bird_class_train/Inuwashi_Golden_Eagle/ext_inat_20260504/inat_113025987_acfc56ea.jpg,0,Inuwashi
tool_bird_class_train/Inuwashi_Golden_Eagle/ext_inat_20260504/inat_110048040_88fa7c07.jpg,0,Inuwashi
tool_bird_class_train/Inuwashi_Golden_Eagle/ext_inat_20260504/inat_436228817_7a562123.jpg,0,Inuwashi
tool_bird_class_train/Inuwashi_Golden_Eagle/AAS1_inuwashi-8D4A4483-3077-1774-167-139.JPG,0,Inuwashi
tool_bird_class_train/Inuwashi_Golden_Eagle/AAS1_inuwashi-DSCr2682-2061-1455-295-208.JPG,0,Inuwashi
tool_bird_class_train/Inuwashi_Golden_Eagle/AAS1_inuwashi-083A3425-2880-968-689-1053.JPG,0,Inuwashi
tool_bird_class_train/Inuwashi_Golden_Eagle/ext_inat_20260504/inat_257886290_7898cbd8.jpg,0,Inuwashi
tool_bird_class_train/Inuwashi_Golden_Eagle/ext_inat_20260504/inat_216788312_a9d2275e.jpg,0,Inuwashi
tool_bird_class_train/Inuwashi_Golden_Eagle/AAS1_inuwashi-083A3473-2982-1662-319-207.JPG,0,Inuwashi
tool_bird_class_train/Inuwashi_Golden_Eagle/ext_inat_20260504/inat_421280557_ed827d26.jpg,0,Inuwashi
tool_bird_class_train/Inuwashi_Golden_Eagle/ext_inat_20260504/inat_423140636_4c134beb.jpg,0,Inuwashi
tool_bird_class_train/Inuwashi_Golden_Eagle/ext_inat_20260504/inat_355009744_1d7a0cdf.jpg,0,Inuwashi
tool_bird_class_train/Inuwashi_Golden_Eagle/AAS1_inuwashi-DSCr0863-3489-1489-159-151.JPG,0,Inuwashi
tool_bird_class_train/Inuwashi_Golden_Eagle/ext_inat_20260504/inat_465052058_46461116.jpg,0,Inuwashi
tool_bird_class_train/Inuwashi_Golden_Eagle/v5_ds_beta_bird/032.jpg,0,Inuwashi
tool_bird_class_train/Inuwashi_Golden_Eagle/ext_inat_20260504/inat_256658583_4174a979.jpg,0,Inuwashi
tool_bird_class_train/Inuwashi_Golden_Eagle/ext_inat_20260504/inat_285166598_d3785bf7.jpg,0,Inuwashi
tool_bird_class_train/Inuwashi_Golden_Eagle/ext_inat_20260504/inat_252766661_a8454ea2.jpg,0,Inuwashi
tool_bird_class_train/Inuwashi_Golden_Eagle/AAS1_inuwashi-DSCr3342-3289-1395-309-262.JPG,0,Inuwashi
tool_bird_class_train/Inuwashi_Golden_Eagle/ext_inat_20260504/inat_597355943_2be006ba.jpg,0,Inuwashi
tool_bird_class_train/Inuwashi_Golden_Eagle/AAS1_inuwashi-083A4164-2840-1749-512-337.JPG,0,Inuwashi
tool_bird_class_train/Inuwashi_Golden_Eagle/ext_inat_20260504/inat_423701899_e33af601.jpg,0,Inuwashi
tool_bird_class_train/Inuwashi_Golden_Eagle/AAS1_inuwashi-DSCr3261-1395-1891-261-192.JPG,0,Inuwashi
tool_bird_class_train/Inuwashi_Golden_Eagle/AAS1_inuwashi-083A3241-2905-1216-1096-905.JPG,0,Inuwashi
tool_bird_class_train/Inuwashi_Golden_Eagle/AAS1_inuwashi-DSCr1849-3589-937-239-171.JPG,0,Inuwashi
tool_bird_class_train/Inuwashi_Golden_Eagle/ext_inat_20260504/inat_265832064_5b37ae12.jpg,0,Inuwashi
tool_bird_class_train/Inuwashi_Golden_Eagle/AAS1_inuwashi-083A3401-2244-1579-1090-348.JPG,0,Inuwashi
tool_bird_class_train/Inuwashi_Golden_Eagle/inat_3119/fe5dc2d6-53a1-41d3-8d3b-dc335990dd9b.jpg,0,Inuwashi
tool_bird_class_train/Inuwashi_Golden_Eagle/AAS1_inuwashi-8D4A4530-2301-1520-116-206.JPG,0,Inuwashi
tool_bird_class_train/Inuwashi_Golden_Eagle/AAS1_inuwashi-8D4A4412-2685-1706-401-117.JPG,0,Inuwashi
tool_bird_class_train/Inuwashi_Golden_Eagle/ext_inat_20260504/inat_318824382_5c690f62.jpg,0,Inuwashi
tool_bird_class_train/Inuwashi_Golden_Eagle/AAS1_inuwashi-083A3613-2352-1686-267-361.JPG,0,Inuwashi
tool_bird_class_train/Inuwashi_Golden_Eagle/BIRDS525/091.jpg,0,Inuwashi
tool_bird_class_train/Inuwashi_Golden_Eagle/ext_inat_20260504/inat_388024710_bc4ef953.jpg,0,Inuwashi
tool_bird_class_train/Inuwashi_Golden_Eagle/AAS1_inuwashi-083A3196-2578-1441-337-328.JPG,0,Inuwashi
tool_bird_class_train/Inuwashi_Golden_Eagle/AAS1_inuwashi-8D4A3423-2564-831-638-181.JPG,0,Inuwashi
tool_bird_class_train/Inuwashi_Golden_Eagle/ext_inat_20260504/inat_68221999_b1c69856.jpg,0,Inuwashi
tool_bird_class_train/Inuwashi_Golden_Eagle/ext_inat_20260504/inat_403325797_2a914ce8.jpg,0,Inuwashi
tool_bird_class_train/Inuwashi_Golden_Eagle/v4_gt/348281265.jpg,0,Inuwashi
tool_bird_class_train/Inuwashi_Golden_Eagle/ext_inat_20260504/inat_292647408_a0f7f515.jpg,0,Inuwashi
tool_bird_class_train/Inuwashi_Golden_Eagle/ext_inat_20260504/inat_60572910_7eb931e1.png,0,Inuwashi
tool_bird_class_train/Inuwashi_Golden_Eagle/ext_inat_20260504/inat_547033010_220299d0.jpg,0,Inuwashi
tool_bird_class_train/Inuwashi_Golden_Eagle/ext_inat_20260504/inat_268742303_bf6ad160.jpg,0,Inuwashi
tool_bird_class_train/Inuwashi_Golden_Eagle/ext_inat_20260504/inat_500100785_a3e97271.jpg,0,Inuwashi
tool_bird_class_train/Inuwashi_Golden_Eagle/v5_ds_beta_bird/122.jpg,0,Inuwashi
tool_bird_class_train/Inuwashi_Golden_Eagle/ext_inat_20260504/inat_162397840_2328f7f0.png,0,Inuwashi
tool_bird_class_train/Inuwashi_Golden_Eagle/AAS1_inuwashi-083A3932-2662-1611-108-154.JPG,0,Inuwashi
tool_bird_class_train/Inuwashi_Golden_Eagle/ext_inat_20260504/inat_450782288_8b0a0722.jpg,0,Inuwashi
tool_bird_class_train/Inuwashi_Golden_Eagle/AAS1_inuwashi-083A3090-3542-1702-247-252.JPG,0,Inuwashi
tool_bird_class_train/Inuwashi_Golden_Eagle/ext_inat_20260504/inat_562386140_0b5dfe64.jpg,0,Inuwashi
tool_bird_class_train/Inuwashi_Golden_Eagle/ext_inat_20260504/inat_499592207_b23166c3.jpg,0,Inuwashi
tool_bird_class_train/Inuwashi_Golden_Eagle/ext_inat_20260504/inat_8547667_c3217bab.jpg,0,Inuwashi
tool_bird_class_train/Inuwashi_Golden_Eagle/ext_inat_20260504/inat_269656487_5f0c5e1a.jpg,0,Inuwashi
tool_bird_class_train/Inuwashi_Golden_Eagle/AAS1_inuwashi-DSCr3206-2908-1738-231-199.JPG,0,Inuwashi
tool_bird_class_train/Inuwashi_Golden_Eagle/ext_inat_20260504/inat_29519830_f5aacbd7.jpg,0,Inuwashi
tool_bird_class_train/Inuwashi_Golden_Eagle/AAS1_inuwashi-083A3735-182-57-97-155.JPG,0,Inuwashi
tool_bird_class_train/Inuwashi_Golden_Eagle/ext_inat_20260504/inat_47819449_efa5d83c.jpg,0,Inuwashi
tool_bird_class_train/Inuwashi_Golden_Eagle/AAS1_inuwashi-DSCr2677-2289-1946-255-201.JPG,0,Inuwashi
tool_bird_class_train/Inuwashi_Golden_Eagle/ext_inat_20260504/inat_497333485_79db3f15.jpg,0,Inuwashi
tool_bird_class_train/Inuwashi_Golden_Eagle/AAS1_inuwashi-083A4426-3186-2201-299-396.JPG,0,Inuwashi
tool_bird_class_train/Inuwashi_Golden_Eagle/ext_inat_20260504/inat_513304171_0e3570a6.jpg,0,Inuwashi
tool_bird_class_train/Inuwashi_Golden_Eagle/AAS1_inuwashi-DSCr3250-2279-1853-291-240.JPG,0,Inuwashi
tool_bird_class_train/Inuwashi_Golden_Eagle/v5_ds_beta_bird/060.jpg,0,Inuwashi
tool_bird_class_train/Inuwashi_Golden_Eagle/ext_inat_20260504/inat_131060916_85e4c9ea.jpg,0,Inuwashi
tool_bird_class_train/Inuwashi_Golden_Eagle/ext_inat_20260504/inat_452026462_e116c280.jpg,0,Inuwashi
tool_bird_class_train/Inuwashi_Golden_Eagle/AAS1_inuwashi-083A3614-2578-1614-233-366.JPG,0,Inuwashi
tool_bird_class_train/Inuwashi_Golden_Eagle/ext_inat_20260504/inat_80330788_583e185f.jpg,0,Inuwashi
tool_bird_class_train/Inuwashi_Golden_Eagle/AAS1_inuwashi-8D4A3435-2018-2354-337-121.JPG,0,Inuwashi
tool_bird_class_train/Inuwashi_Golden_Eagle/ext_inat_20260504/inat_269090605_d46c0efd.jpg,0,Inuwashi
tool_bird_class_train/Inuwashi_Golden_Eagle/AAS1_inuwashi-083A3931-2643-1622-104-145.JPG,0,Inuwashi
tool_bird_class_train/Inuwashi_Golden_Eagle/AAS1_inuwashi-083A3414-451-188-959-1010.JPG,0,Inuwashi
tool_bird_class_train/Inuwashi_Golden_Eagle/AAS1_inuwashi-083A3441-1956-853-1394-929.JPG,0,Inuwashi
tool_bird_class_train/Inuwashi_Golden_Eagle/AAS1_inuwashi-083A3228-1756-1062-1132-336.JPG,0,Inuwashi
tool_bird_class_train/Inuwashi_Golden_Eagle/ext_inat_20260504/inat_338400064_e1e59798.jpg,0,Inuwashi
tool_bird_class_train/Inuwashi_Golden_Eagle/inat_3119/4e6368d2-9cc0-45ad-b02d-8a6579b815a1.jpg,0,Inuwashi
tool_bird_class_train/Inuwashi_Golden_Eagle/AAS1_inuwashi-8D4A4435-2795-1474-802-312.JPG,0,Inuwashi
tool_bird_class_train/Inuwashi_Golden_Eagle/AAS1_inuwashi-DSCr1838-1462-1654-226-228.JPG,0,Inuwashi
tool_bird_class_train/Inuwashi_Golden_Eagle/AAS1_inuwashi-8D4A4500-3098-1398-104-213.JPG,0,Inuwashi
tool_bird_class_train/Inuwashi_Golden_Eagle/ext_inat_20260504/inat_593171060_0ac7d309.jpg,0,Inuwashi
tool_bird_class_train/Inuwashi_Golden_Eagle/ext_inat_20260504/inat_233460403_5c34954f.jpg,0,Inuwashi
tool_bird_class_train/Inuwashi_Golden_Eagle/AAS1_inuwashi-DSCr0892-3869-2063-284-170.JPG,0,Inuwashi
tool_bird_class_train/Inuwashi_Golden_Eagle/ext_inat_20260504/inat_397469913_053fc3e8.jpg,0,Inuwashi
tool_bird_class_train/Inuwashi_Golden_Eagle/ext_inat_20260504/inat_108080841_545ec0fa.jpg,0,Inuwashi
tool_bird_class_train/Inuwashi_Golden_Eagle/AAS1_inuwashi-8D4A4528-2663-1523-132-206.JPG,0,Inuwashi
tool_bird_class_train/Inuwashi_Golden_Eagle/ext_inat_20260504/inat_600536932_980d0873.jpg,0,Inuwashi
tool_bird_class_train/Inuwashi_Golden_Eagle/ext_inat_20260504/inat_464472041_82faa29e.jpg,0,Inuwashi
tool_bird_class_train/Inuwashi_Golden_Eagle/frame_000580_bb00_t0019.35_conf0.995.jpg,0,Inuwashi
tool_bird_class_train/Inuwashi_Golden_Eagle/AAS1_inuwashi-8D4A4399-2423-1667-292-107.JPG,0,Inuwashi
tool_bird_class_train/Inuwashi_Golden_Eagle/AAS1_inuwashi-8D4A4474-2246-1235-625-863.JPG,0,Inuwashi
tool_bird_class_train/Inuwashi_Golden_Eagle/AAS1_inuwashi-DSCr0714rr2r-2446-1801-385-281.JPG,0,Inuwashi
tool_bird_class_train/Inuwashi_Golden_Eagle/AAS1_inuwashi-083A3116-3038-1930-235-146.JPG,0,Inuwashi
tool_bird_class_train/Inuwashi_Golden_Eagle/ext_inat_20260504/inat_475952095_8278fc67.jpg,0,Inuwashi
tool_bird_class_train/Inuwashi_Golden_Eagle/AAS1_inuwashi-DSCr1821-1932-1706-296-181.JPG,0,Inuwashi
tool_bird_class_train/Inuwashi_Golden_Eagle/AAS1_inuwashi-DSCr2378-1758-1332-331-396.JPG,0,Inuwashi
tool_bird_class_train/Inuwashi_Golden_Eagle/ext_inat_20260504/inat_309805204_5e565279.jpg,0,Inuwashi
tool_bird_class_train/Inuwashi_Golden_Eagle/AAS1_inuwashi-083A3238-2710-1585-1094-837.JPG,0,Inuwashi
tool_bird_class_train/Inuwashi_Golden_Eagle/ext_inat_20260504/inat_339586427_32725849.jpg,0,Inuwashi
tool_bird_class_train/Inuwashi_Golden_Eagle/inat_3119/7f9ab23c-be03-4c91-bd50-d0b5f050611d.jpg,0,Inuwashi
tool_bird_class_train/Inuwashi_Golden_Eagle/ext_inat_20260504/inat_549860904_2c44f554.jpg,0,Inuwashi
tool_bird_class_train/Inuwashi_Golden_Eagle/AAS1_inuwashi-DSCr0876-3589-2348-226-209.JPG,0,Inuwashi
tool_bird_class_train/Inuwashi_Golden_Eagle/ext_inat_20260504/inat_171386910_088a6ce3.jpg,0,Inuwashi
tool_bird_class_train/Inuwashi_Golden_Eagle/AAS1_inuwashi-DSCr1584-694-493-511-566.JPG,0,Inuwashi
tool_bird_class_train/Inuwashi_Golden_Eagle/v5_ds_beta_bird/083.jpg,0,Inuwashi
tool_bird_class_train/Inuwashi_Golden_Eagle/ext_inat_20260504/inat_87049896_27c16964.jpg,0,Inuwashi
tool_bird_class_train/Inuwashi_Golden_Eagle/frame_028080_bb00_t0936.94_conf0.992.jpg,0,Inuwashi
tool_bird_class_train/Inuwashi_Golden_Eagle/AAS1_inuwashi-8D4A4454-2845-1900-911-403.JPG,0,Inuwashi
tool_bird_class_train/Inuwashi_Golden_Eagle/ext_inat_20260504/inat_285704166_17ef18e7.jpg,0,Inuwashi
tool_bird_class_train/Inuwashi_Golden_Eagle/AAS1_inuwashi-083A3710-2890-1638-238-275.JPG,0,Inuwashi
tool_bird_class_train/Inuwashi_Golden_Eagle/AAS1_inuwashi-8D4A4442-2354-1881-792-315.JPG,0,Inuwashi
tool_bird_class_train/Inuwashi_Golden_Eagle/ext_inat_20260504/inat_636726851_a851f62b.jpg,0,Inuwashi
tool_bird_class_train/Inuwashi_Golden_Eagle/AAS1_inuwashi-DSCr3200-2624-2245-231-156.JPG,0,Inuwashi
tool_bird_class_train/Inuwashi_Golden_Eagle/ext_inat_20260504/inat_584094761_84b46517.jpg,0,Inuwashi
tool_bird_class_train/Inuwashi_Golden_Eagle/ext_inat_20260504/inat_610470420_bd20705a.jpg,0,Inuwashi
tool_bird_class_train/Inuwashi_Golden_Eagle/ext_inat_20260504/inat_41264317_0702cb1a.jpg,0,Inuwashi
tool_bird_class_train/Inuwashi_Golden_Eagle/AAS1_inuwashi-083A3690-3629-2090-175-169.JPG,0,Inuwashi
tool_bird_class_train/Inuwashi_Golden_Eagle/ext_inat_20260504/inat_447551844_d37e4aa7.jpg,0,Inuwashi
tool_bird_class_train/Inuwashi_Golden_Eagle/ext_inat_20260504/inat_523763098_651879b2.jpg,0,Inuwashi
tool_bird_class_train/Inuwashi_Golden_Eagle/AAS1_inuwashi-083A3403-2323-1201-737-1018.JPG,0,Inuwashi
tool_bird_class_train/Inuwashi_Golden_Eagle/ext_inat_20260504/inat_609645330_25e0d36e.jpg,0,Inuwashi
tool_bird_class_train/Inuwashi_Golden_Eagle/ext_inat_20260504/inat_445084973_0bb07e7b.jpg,0,Inuwashi
tool_bird_class_train/Inuwashi_Golden_Eagle/AAS1_inuwashi-8D4A4427-2365-1856-741-283.JPG,0,Inuwashi
tool_bird_class_train/Inuwashi_Golden_Eagle/ext_inat_20260504/inat_334684423_cce4edb9.jpg,0,Inuwashi
tool_bird_class_train/Inuwashi_Golden_Eagle/ext_inat_20260504/inat_49705027_28052dae.jpg,0,Inuwashi
tool_bird_class_train/Inuwashi_Golden_Eagle/AAS1_inuwashi-083A4142-3056-2008-222-163.JPG,0,Inuwashi
tool_bird_class_train/Inuwashi_Golden_Eagle/AAS1_inuwashi-DSCr3198-3263-1832-231-228.JPG,0,Inuwashi
tool_bird_class_train/Inuwashi_Golden_Eagle/ext_inat_20260504/inat_354937655_11e57d16.jpg,0,Inuwashi
tool_bird_class_train/Inuwashi_Golden_Eagle/ext_inat_20260504/inat_341862350_ae905b52.jpg,0,Inuwashi
tool_bird_class_train/Inuwashi_Golden_Eagle/ext_inat_20260504/inat_477134513_b3052208.jpg,0,Inuwashi
tool_bird_class_train/Inuwashi_Golden_Eagle/AAS1_inuwashi-DSCr2688-2741-1069-232-181.JPG,0,Inuwashi
tool_bird_class_train/Inuwashi_Golden_Eagle/AAS1_inuwashi-083A4411-2959-1901-151-130.JPG,0,Inuwashi
tool_bird_class_train/Inuwashi_Golden_Eagle/ext_inat_20260504/inat_351337178_c8a64a48.jpg,0,Inuwashi
tool_bird_class_train/Inuwashi_Golden_Eagle/AAS1_inuwashi-DSCr1670rr2r-1197-1148-428-246.JPG,0,Inuwashi
tool_bird_class_train/Inuwashi_Golden_Eagle/AAS1_inuwashi-8D4A4444-2445-1534-837-335.JPG,0,Inuwashi
tool_bird_class_train/Inuwashi_Golden_Eagle/ext_inat_20260504/inat_540161926_d8085b5b.jpg,0,Inuwashi
tool_bird_class_train/Inuwashi_Golden_Eagle/AAS1_inuwashi-DSCr2684-3128-1588-392-248.JPG,0,Inuwashi
tool_bird_class_train/Inuwashi_Golden_Eagle/ext_inat_20260504/inat_13116304_f76bfacf.jpg,0,Inuwashi
tool_bird_class_train/Inuwashi_Golden_Eagle/ext_inat_20260504/inat_548764413_0ed4f9c5.jpg,0,Inuwashi
tool_bird_class_train/Inuwashi_Golden_Eagle/v5_ds_beta_bird/026.jpg,0,Inuwashi
tool_bird_class_train/Inuwashi_Golden_Eagle/ext_inat_20260504/inat_291315821_e6bdde55.jpg,0,Inuwashi
tool_bird_class_train/Inuwashi_Golden_Eagle/AAS1_inuwashi-DSCr1841-1614-1790-123-234.JPG,0,Inuwashi
tool_bird_class_train/Inuwashi_Golden_Eagle/ext_inat_20260504/inat_614313485_464f12b0.jpg,0,Inuwashi
tool_bird_class_train/Inuwashi_Golden_Eagle/ext_inat_20260504/inat_259987774_83eddef9.jpg,0,Inuwashi
tool_bird_class_train/Inuwashi_Golden_Eagle/AAS1_inuwashi-083A4463-2782-1783-311-233.JPG,0,Inuwashi
tool_bird_class_train/Inuwashi_Golden_Eagle/BIRDS525/090.jpg,0,Inuwashi
tool_bird_class_train/Inuwashi_Golden_Eagle/ext_inat_20260504/inat_25529201_68bf459a.jpg,0,Inuwashi
tool_bird_class_train/Inuwashi_Golden_Eagle/ext_inat_20260504/inat_206415050_87f2bec6.jpg,0,Inuwashi
tool_bird_class_train/Inuwashi_Golden_Eagle/AAS1_inuwashi-083A3107-1362-1122-252-278.JPG,0,Inuwashi
tool_bird_class_train/Inuwashi_Golden_Eagle/AAS1_inuwashi-DSCr1585-809-583-562-437.JPG,0,Inuwashi
tool_bird_class_train/Inuwashi_Golden_Eagle/AAS1_inuwashi-8D4A4440-2441-2086-803-323.JPG,0,Inuwashi
tool_bird_class_train/Inuwashi_Golden_Eagle/ext_inat_20260504/inat_180949633_294a69c1.jpg,0,Inuwashi
tool_bird_class_train/Inuwashi_Golden_Eagle/ext_inat_20260504/inat_145381967_5af7dd3d.jpg,0,Inuwashi
tool_bird_class_train/Inuwashi_Golden_Eagle/ext_inat_20260504/inat_226353019_5c30ea06.jpg,0,Inuwashi
tool_bird_class_train/Inuwashi_Golden_Eagle/BIRDS525/135.jpg,0,Inuwashi
tool_bird_class_train/Inuwashi_Golden_Eagle/ext_inat_20260504/inat_576523386_cf18ce29.jpg,0,Inuwashi
tool_bird_class_train/Inuwashi_Golden_Eagle/ext_inat_20260504/inat_194846034_e5e1f101.jpg,0,Inuwashi
tool_bird_class_train/Inuwashi_Golden_Eagle/ext_inat_20260504/inat_603348919_03330e54.jpg,0,Inuwashi
tool_bird_class_train/Inuwashi_Golden_Eagle/AAS1_inuwashi-083A3091-781-531-276-329.JPG,0,Inuwashi
tool_bird_class_train/Inuwashi_Golden_Eagle/ext_inat_20260504/inat_107046922_64bb37bd.jpg,0,Inuwashi
tool_bird_class_train/Inuwashi_Golden_Eagle/ext_inat_20260504/inat_389645184_1e026e1f.jpg,0,Inuwashi
tool_bird_class_train/Inuwashi_Golden_Eagle/ext_inat_20260504/inat_629723755_ada2d354.jpg,0,Inuwashi
tool_bird_class_train/Inuwashi_Golden_Eagle/AAS1_inuwashi-DSCr1682-3013-863-534-349.JPG,0,Inuwashi
tool_bird_class_train/Inuwashi_Golden_Eagle/ext_inat_20260504/inat_241780574_ffbc831c.jpg,0,Inuwashi
tool_bird_class_train/Inuwashi_Golden_Eagle/AAS1_inuwashi-083A3433-2357-1064-1485-510.JPG,0,Inuwashi
tool_bird_class_train/Inuwashi_Golden_Eagle/ext_inat_20260504/inat_308231799_cf2e78ff.jpg,0,Inuwashi
tool_bird_class_train/Inuwashi_Golden_Eagle/ext_inat_20260504/inat_98258542_c7d3fe4b.jpg,0,Inuwashi
tool_bird_class_train/Inuwashi_Golden_Eagle/AAS1_inuwashi-DSCr2430-1895-691-316-453.JPG,0,Inuwashi
tool_bird_class_train/Inuwashi_Golden_Eagle/AAS1_inuwashi-083A3381-2198-1778-475-387.JPG,0,Inuwashi
tool_bird_class_train/Inuwashi_Golden_Eagle/AAS1_inuwashi-083A4022-2781-1833-84-89.JPG,0,Inuwashi
tool_bird_class_train/Inuwashi_Golden_Eagle/AAS1_inuwashi-DSCr1474-2292-1504-694-220.JPG,0,Inuwashi
tool_bird_class_train/Inuwashi_Golden_Eagle/frame_028510_bb00_t0951.28_conf0.994.jpg,0,Inuwashi
tool_bird_class_train/Inuwashi_Golden_Eagle/AAS1_inuwashi-083A3737-2674-1576-142-159.JPG,0,Inuwashi
tool_bird_class_train/Inuwashi_Golden_Eagle/ext_inat_20260504/inat_237105769_71d9aa41.jpg,0,Inuwashi
tool_bird_class_train/Inuwashi_Golden_Eagle/v5_ds_beta_bird/037.jpg,0,Inuwashi
tool_bird_class_train/Inuwashi_Golden_Eagle/ext_inat_20260504/inat_259987761_3a074ac3.jpg,0,Inuwashi
tool_bird_class_train/Inuwashi_Golden_Eagle/BIRDS525/018.jpg,0,Inuwashi
tool_bird_class_train/Inuwashi_Golden_Eagle/AAS1_inuwashi-083A4396-3687-754-234-197.JPG,0,Inuwashi
tool_bird_class_train/Inuwashi_Golden_Eagle/AAS1_inuwashi-083A3736-2573-1815-174-220.JPG,0,Inuwashi
tool_bird_class_train/Inuwashi_Golden_Eagle/ext_inat_20260504/inat_283312294_30d37535.jpg,0,Inuwashi
tool_bird_class_train/Inuwashi_Golden_Eagle/AAS1_inuwashi-DSCr1579-646-335-708-571.JPG,0,Inuwashi
tool_bird_class_train/Inuwashi_Golden_Eagle/ext_inat_20260504/inat_240655460_e738e380.jpg,0,Inuwashi
tool_bird_class_train/Inuwashi_Golden_Eagle/ext_inat_20260504/inat_246950076_e1ad3dec.jpg,0,Inuwashi
tool_bird_class_train/Inuwashi_Golden_Eagle/ext_inat_20260504/inat_511503105_66ed32cd.jpg,0,Inuwashi
tool_bird_class_train/Inuwashi_Golden_Eagle/AAS1_inuwashi-083A3206-556-214-305-490.JPG,0,Inuwashi
tool_bird_class_train/Inuwashi_Golden_Eagle/ext_inat_20260504/inat_30917172_9faf9e91.jpg,0,Inuwashi
tool_bird_class_train/Inuwashi_Golden_Eagle/AAS1_inuwashi-083A4175-2059-1565-771-376.JPG,0,Inuwashi
tool_bird_class_train/Inuwashi_Golden_Eagle/AAS1_inuwashi-DSCr2333-2302-496-405-421.JPG,0,Inuwashi
tool_bird_class_train/Inuwashi_Golden_Eagle/ext_inat_20260504/inat_181334168_d7f9aeb1.jpg,0,Inuwashi
tool_bird_class_train/Inuwashi_Golden_Eagle/ext_inat_20260504/inat_396537866_1251d564.jpg,0,Inuwashi
tool_bird_class_train/Inuwashi_Golden_Eagle/AAS1_inuwashi-083A3442-3020-1458-1045-750.JPG,0,Inuwashi
tool_bird_class_train/Inuwashi_Golden_Eagle/ext_inat_20260504/inat_2673463_8912d481.jpg,0,Inuwashi
tool_bird_class_train/Inuwashi_Golden_Eagle/ext_inat_20260504/inat_49251389_15270a20.png,0,Inuwashi
tool_bird_class_train/Inuwashi_Golden_Eagle/AAS1_inuwashi-DSCr3259-1068-1690-516-230.JPG,0,Inuwashi
tool_bird_class_train/Inuwashi_Golden_Eagle/ext_inat_20260504/inat_108757328_62c8b45b.jpg,0,Inuwashi
tool_bird_class_train/Inuwashi_Golden_Eagle/AAS1_inuwashi-8D4A4445-2230-1670-827-357.JPG,0,Inuwashi
tool_bird_class_train/Inuwashi_Golden_Eagle/ext_inat_20260504/inat_251708608_40adc1e2.jpg,0,Inuwashi
tool_bird_class_train/Inuwashi_Golden_Eagle/ext_inat_20260504/inat_109248191_49aa2bb0.jpg,0,Inuwashi
tool_bird_class_train/Inuwashi_Golden_Eagle/AAS1_inuwashi-DSCr2330-850-770-237-200.JPG,0,Inuwashi
tool_bird_class_train/Inuwashi_Golden_Eagle/AAS1_inuwashi-DSCr1847-3036-1284-233-170.JPG,0,Inuwashi
tool_bird_class_train/Inuwashi_Golden_Eagle/ext_inat_20260504/inat_239834160_c87afe7c.jpg,0,Inuwashi
tool_bird_class_train/Inuwashi_Golden_Eagle/ext_inat_20260504/inat_338364609_5b06628a.jpg,0,Inuwashi
tool_bird_class_train/Inuwashi_Golden_Eagle/ext_inat_20260504/inat_34892113_6687afa4.jpg,0,Inuwashi
tool_bird_class_train/Inuwashi_Golden_Eagle/ext_inat_20260504/inat_52439014_b7c2c10a.jpg,0,Inuwashi
tool_bird_class_train/Inuwashi_Golden_Eagle/ext_inat_20260504/inat_147211801_f1ca175b.jpg,0,Inuwashi
tool_bird_class_train/Inuwashi_Golden_Eagle/AAS1_inuwashi-DSCr1691-854-1463-444-216.JPG,0,Inuwashi
tool_bird_class_train/Inuwashi_Golden_Eagle/ext_inat_20260504/inat_181115617_f0213726.jpg,0,Inuwashi
tool_bird_class_train/Inuwashi_Golden_Eagle/AAS1_inuwashi-DSCr3217-2497-2000-221-161.JPG,0,Inuwashi
tool_bird_class_train/Inuwashi_Golden_Eagle/AAS1_inuwashi-DSCr1864-2000-1286-194-242.JPG,0,Inuwashi
tool_bird_class_train/Inuwashi_Golden_Eagle/ext_inat_20260504/inat_619670266_e0761053.jpg,0,Inuwashi
tool_bird_class_train/Inuwashi_Golden_Eagle/ext_inat_20260504/inat_625761330_8e8f304f.jpg,0,Inuwashi
tool_bird_class_train/Inuwashi_Golden_Eagle/AAS1_inuwashi-8D4A4464-2855-1369-527-1034.JPG,0,Inuwashi
tool_bird_class_train/Inuwashi_Golden_Eagle/BIRDS525/034.jpg,0,Inuwashi
tool_bird_class_train/Inuwashi_Golden_Eagle/AAS1_inuwashi-DSCr2696-3373-1419-273-150.JPG,0,Inuwashi
tool_bird_class_train/Inuwashi_Golden_Eagle/AAS1_inuwashi-083A3434-2325-972-1510-579.JPG,0,Inuwashi
tool_bird_class_train/Inuwashi_Golden_Eagle/AAS1_inuwashi-083A3426-1933-1359-1055-919.JPG,0,Inuwashi
tool_bird_class_train/Inuwashi_Golden_Eagle/ext_inat_20260504/inat_92011198_7888221f.jpg,0,Inuwashi
tool_bird_class_train/Inuwashi_Golden_Eagle/ext_inat_20260504/inat_177731118_078ece39.jpg,0,Inuwashi
tool_bird_class_train/Inuwashi_Golden_Eagle/frame_000590_bb00_t0019.69_conf0.998.jpg,0,Inuwashi
tool_bird_class_train/Inuwashi_Golden_Eagle/ext_inat_20260504/inat_94846407_2ed492fa.jpg,0,Inuwashi
tool_bird_class_train/Inuwashi_Golden_Eagle/ext_inat_20260504/inat_648478113_e2f8c799.jpg,0,Inuwashi
tool_bird_class_train/Inuwashi_Golden_Eagle/AAS1_inuwashi-083A4399-2333-1523-180-188.JPG,0,Inuwashi
tool_bird_class_train/Inuwashi_Golden_Eagle/ext_inat_20260504/inat_256564618_e0521c4f.jpg,0,Inuwashi
tool_bird_class_train/Inuwashi_Golden_Eagle/ext_inat_20260504/inat_608387885_ced3d852.jpg,0,Inuwashi
tool_bird_class_train/Inuwashi_Golden_Eagle/ext_inat_20260504/inat_470786864_9598df50.jpg,0,Inuwashi
tool_bird_class_train/Inuwashi_Golden_Eagle/ext_inat_20260504/inat_37999276_4d236ec6.jpg,0,Inuwashi
tool_bird_class_train/Inuwashi_Golden_Eagle/ext_inat_20260504/inat_188942464_4a23b53d.jpg,0,Inuwashi
tool_bird_class_train/Inuwashi_Golden_Eagle/AAS1_inuwashi-083A3375-3078-1872-484-480.JPG,0,Inuwashi
tool_bird_class_train/Inuwashi_Golden_Eagle/AAS1_inuwashi-083A4176-553-414-621-414.JPG,0,Inuwashi
tool_bird_class_train/Inuwashi_Golden_Eagle/ext_inat_20260504/inat_370866345_fa3da03f.jpg,0,Inuwashi
tool_bird_class_train/Inuwashi_Golden_Eagle/ext_inat_20260504/inat_224671085_cff576f8.jpg,0,Inuwashi
tool_bird_class_train/Inuwashi_Golden_Eagle/AAS1_inuwashi-8D4A4508-2653-2214-158-163.JPG,0,Inuwashi
tool_bird_class_train/Inuwashi_Golden_Eagle/ext_inat_20260504/inat_451049677_8c42764f.jpg,0,Inuwashi
tool_bird_class_train/Inuwashi_Golden_Eagle/AAS1_inuwashi-DSCr2385-1727-1099-382-297.JPG,0,Inuwashi
tool_bird_class_train/Inuwashi_Golden_Eagle/ext_inat_20260504/inat_246812156_506ad232.jpg,0,Inuwashi
tool_bird_class_train/Inuwashi_Golden_Eagle/ext_inat_20260504/inat_256087844_ef201242.jpg,0,Inuwashi
tool_bird_class_train/Inuwashi_Golden_Eagle/ext_inat_20260504/inat_160911331_b98b9419.jpg,0,Inuwashi
tool_bird_class_train/Inuwashi_Golden_Eagle/ext_inat_20260504/inat_113664289_eec08547.jpg,0,Inuwashi
tool_bird_class_train/Inuwashi_Golden_Eagle/AAS1_inuwashi-083A4402-2912-1250-165-126.JPG,0,Inuwashi
tool_bird_class_train/Inuwashi_Golden_Eagle/ext_inat_20260504/inat_422637062_55aa14d7.png,0,Inuwashi
tool_bird_class_train/Inuwashi_Golden_Eagle/ext_inat_20260504/inat_28116191_00b237b5.jpg,0,Inuwashi
tool_bird_class_train/Inuwashi_Golden_Eagle/AAS1_inuwashi-DSCr3343-3346-1501-332-223.JPG,0,Inuwashi
tool_bird_class_train/Inuwashi_Golden_Eagle/ext_inat_20260504/inat_641838888_7cee3043.jpg,0,Inuwashi
tool_bird_class_train/Inuwashi_Golden_Eagle/ext_inat_20260504/inat_334684279_5be30dd3.jpg,0,Inuwashi
tool_bird_class_train/Inuwashi_Golden_Eagle/ext_inat_20260504/inat_460457279_e062cd1a.jpg,0,Inuwashi
tool_bird_class_train/Inuwashi_Golden_Eagle/v5_ds_beta_bird/046.jpg,0,Inuwashi
tool_bird_class_train/Inuwashi_Golden_Eagle/AAS1_inuwashi-DSCr0882-3221-2202-159-204.JPG,0,Inuwashi
tool_bird_class_train/Inuwashi_Golden_Eagle/AAS1_inuwashi-083A3696-2213-1617-233-159.JPG,0,Inuwashi
tool_bird_class_train/Inuwashi_Golden_Eagle/AAS1_inuwashi-DSCr1568-1092-186-564-599.JPG,0,Inuwashi
tool_bird_class_train/Inuwashi_Golden_Eagle/AAS1_inuwashi-DSCr1820-2827-1564-209-192.JPG,0,Inuwashi
tool_bird_class_train/Inuwashi_Golden_Eagle/AAS1_inuwashi-083A3964-2725-1597-132-143.JPG,0,Inuwashi
tool_bird_class_train/Inuwashi_Golden_Eagle/AAS1_inuwashi-DSCr0895-3333-1543-294-243.JPG,0,Inuwashi
tool_bird_class_train/Inuwashi_Golden_Eagle/AAS1_inuwashi-DSCr1860-2756-1296-271-188.JPG,0,Inuwashi
tool_bird_class_train/Inuwashi_Golden_Eagle/ext_inat_20260504/inat_325998786_a64d8f37.jpg,0,Inuwashi
tool_bird_class_train/Inuwashi_Golden_Eagle/AAS1_inuwashi-DSCr1828-3279-1466-216-190.JPG,0,Inuwashi
tool_bird_class_train/Inuwashi_Golden_Eagle/ext_inat_20260504/inat_214110613_ecf37bd5.jpg,0,Inuwashi
tool_bird_class_train/Inuwashi_Golden_Eagle/AAS1_inuwashi-083A4167-2739-1298-568-326.JPG,0,Inuwashi
tool_bird_class_train/Inuwashi_Golden_Eagle/ext_inat_20260504/inat_417896381_b807a271.jpg,0,Inuwashi
tool_bird_class_train/Inuwashi_Golden_Eagle/v4_gt/348249342.jpg,0,Inuwashi
tool_bird_class_train/Inuwashi_Golden_Eagle/AAS1_inuwashi-DSCr3256-1472-1484-386-256.JPG,0,Inuwashi
tool_bird_class_train/Inuwashi_Golden_Eagle/AAS1_inuwashi-083A4391-2977-3204-204-150.JPG,0,Inuwashi
tool_bird_class_train/Inuwashi_Golden_Eagle/ext_inat_20260504/inat_49752888_a4a5bb93.jpg,0,Inuwashi
tool_bird_class_train/Inuwashi_Golden_Eagle/frame_028530_bb00_t0951.95_conf0.947.jpg,0,Inuwashi
tool_bird_class_train/Inuwashi_Golden_Eagle/AAS1_inuwashi-083A3376-3034-1882-497-550.JPG,0,Inuwashi
tool_bird_class_train/Inuwashi_Golden_Eagle/ext_inat_20260504/inat_339862821_7f2789a9.jpg,0,Inuwashi
tool_bird_class_train/Inuwashi_Golden_Eagle/AAS1_inuwashi-DSCr1669-2385-1436-145-114.JPG,0,Inuwashi
tool_bird_class_train/Inuwashi_Golden_Eagle/ext_inat_20260504/inat_240474779_b751ac24.jpg,0,Inuwashi
tool_bird_class_train/Inuwashi_Golden_Eagle/AAS1_inuwashi-083A3211-2402-1637-420-491.JPG,0,Inuwashi
tool_bird_class_train/Inuwashi_Golden_Eagle/AAS1_inuwashi-083A3887-2611-2002-235-220.JPG,0,Inuwashi
tool_bird_class_train/Inuwashi_Golden_Eagle/ext_inat_20260504/inat_338904971_976eedaa.png,0,Inuwashi
tool_bird_class_train/Inuwashi_Golden_Eagle/ext_inat_20260504/inat_257592437_16473ad2.jpg,0,Inuwashi
tool_bird_class_train/Inuwashi_Golden_Eagle/ext_inat_20260504/inat_329360040_2f8e1c0d.jpg,0,Inuwashi
tool_bird_class_train/Inuwashi_Golden_Eagle/ext_inat_20260504/inat_61107959_a8e09fab.jpg,0,Inuwashi
tool_bird_class_train/Inuwashi_Golden_Eagle/ext_inat_20260504/inat_477140139_0cf151a9.jpg,0,Inuwashi
tool_bird_class_train/Inuwashi_Golden_Eagle/AAS1_inuwashi-083A4369-3099-1846-327-239.JPG,0,Inuwashi
tool_bird_class_train/Inuwashi_Golden_Eagle/AAS1_inuwashi-DSCr1842-3157-1539-113-159.JPG,0,Inuwashi
tool_bird_class_train/Inuwashi_Golden_Eagle/ext_inat_20260504/inat_143412920_a94513ea.jpg,0,Inuwashi
tool_bird_class_train/Inuwashi_Golden_Eagle/ext_inat_20260504/inat_253855822_2168589b.jpg,0,Inuwashi
tool_bird_class_train/Inuwashi_Golden_Eagle/BIRDS525/117.jpg,0,Inuwashi
tool_bird_class_train/Inuwashi_Golden_Eagle/ext_inat_20260504/inat_345333301_d7a35e43.jpg,0,Inuwashi
tool_bird_class_train/Inuwashi_Golden_Eagle/AAS1_inuwashi-DSCr1683-963-1348-377-220.JPG,0,Inuwashi
tool_bird_class_train/Inuwashi_Golden_Eagle/ext_inat_20260504/inat_350943740_ad04c78f.jpg,0,Inuwashi
tool_bird_class_train/Inuwashi_Golden_Eagle/AAS1_inuwashi-083A3210-2371-1647-475-496.JPG,0,Inuwashi
tool_bird_class_train/Inuwashi_Golden_Eagle/AAS1_inuwashi-DSCr0921-3931-1837-173-127.JPG,0,Inuwashi
tool_bird_class_train/Inuwashi_Golden_Eagle/ext_inat_20260504/inat_37999263_aa1b5cc3.jpg,0,Inuwashi
tool_bird_class_train/Inuwashi_Golden_Eagle/ext_inat_20260504/inat_375464911_bdb07e20.jpg,0,Inuwashi
tool_bird_class_train/Inuwashi_Golden_Eagle/ext_inat_20260504/inat_414493579_a9fab874.jpg,0,Inuwashi
tool_bird_class_train/Inuwashi_Golden_Eagle/AAS1_inuwashi-083A3633-4051-2101-146-111.JPG,0,Inuwashi
tool_bird_class_train/Inuwashi_Golden_Eagle/AAS1_inuwashi-083A3141-1982-1825-1119-787.JPG,0,Inuwashi
tool_bird_class_train/Inuwashi_Golden_Eagle/ext_inat_20260504/inat_60620296_e9ee35d5.jpg,0,Inuwashi
tool_bird_class_train/Inuwashi_Golden_Eagle/AAS1_inuwashi-083A3393-3229-1345-778-704.JPG,0,Inuwashi
tool_bird_class_train/Inuwashi_Golden_Eagle/ext_inat_20260504/inat_334773774_3848656f.jpg,0,Inuwashi
tool_bird_class_train/Inuwashi_Golden_Eagle/AAS1_inuwashi-DSCr1471-2533-1308-732-285.JPG,0,Inuwashi
tool_bird_class_train/Inuwashi_Golden_Eagle/AAS1_inuwashi-083A3445-1824-1216-1007-825.JPG,0,Inuwashi
tool_bird_class_train/Inuwashi_Golden_Eagle/ext_inat_20260504/inat_397819453_7cb76b2d.jpg,0,Inuwashi
tool_bird_class_train/Inuwashi_Golden_Eagle/ext_inat_20260504/inat_180264888_c3424ab2.jpg,0,Inuwashi
tool_bird_class_train/Inuwashi_Golden_Eagle/ext_inat_20260504/inat_541659197_fd1dc977.jpg,0,Inuwashi
tool_bird_class_train/Inuwashi_Golden_Eagle/ext_inat_20260504/inat_440548072_c3e207d1.jpg,0,Inuwashi
tool_bird_class_train/Inuwashi_Golden_Eagle/ext_inat_20260504/inat_230598412_852931b2.jpg,0,Inuwashi
tool_bird_class_train/Inuwashi_Golden_Eagle/ext_inat_20260504/inat_169655810_7ab4b9da.jpg,0,Inuwashi
tool_bird_class_train/Inuwashi_Golden_Eagle/ext_inat_20260504/inat_477310734_041e573e.jpg,0,Inuwashi
tool_bird_class_train/Inuwashi_Golden_Eagle/AAS1_inuwashi-DSCr1475-2478-1424-678-246.JPG,0,Inuwashi
tool_bird_class_train/Inuwashi_Golden_Eagle/AAS1_inuwashi-DSCr2329-602-868-228-167.JPG,0,Inuwashi
tool_bird_class_train/Inuwashi_Golden_Eagle/ext_inat_20260504/inat_344111709_5fb87782.jpg,0,Inuwashi
tool_bird_class_train/Inuwashi_Golden_Eagle/ext_inat_20260504/inat_252919464_8f48f5d7.jpg,0,Inuwashi
tool_bird_class_train/Inuwashi_Golden_Eagle/ext_inat_20260504/inat_334684394_7a9b0e7a.jpg,0,Inuwashi
tool_bird_class_train/Inuwashi_Golden_Eagle/AAS1_inuwashi-8D4A4485-3184-1695-169-169.JPG,0,Inuwashi
tool_bird_class_train/Inuwashi_Golden_Eagle/AAS1_inuwashi-083A3208-2696-1921-334-525.JPG,0,Inuwashi
tool_bird_class_train/Inuwashi_Golden_Eagle/AAS1_inuwashi-DSCr3214-3257-2469-194-130.JPG,0,Inuwashi
tool_bird_class_train/Inuwashi_Golden_Eagle/ext_inat_20260504/inat_159107438_d8959a23.jpg,0,Inuwashi
tool_bird_class_train/Inuwashi_Golden_Eagle/inat_3119/57ec0915-6bd6-4f4f-bf51-925fb76d4978.jpg,0,Inuwashi
tool_bird_class_train/Inuwashi_Golden_Eagle/ext_inat_20260504/inat_191026627_bfc32a03.jpg,0,Inuwashi
tool_bird_class_train/Inuwashi_Golden_Eagle/ext_inat_20260504/inat_101785392_ad6d88d0.jpg,0,Inuwashi
tool_bird_class_train/Inuwashi_Golden_Eagle/AAS1_inuwashi-083A3236-2189-1398-1156-826.JPG,0,Inuwashi
tool_bird_class_train/Inuwashi_Golden_Eagle/ext_inat_20260504/inat_319519257_e7cfd5e9.jpg,0,Inuwashi
tool_bird_class_train/Inuwashi_Golden_Eagle/AAS1_inuwashi-8D4A4447-1625-1965-820-334.JPG,0,Inuwashi
tool_bird_class_train/Inuwashi_Golden_Eagle/ext_inat_20260504/inat_211760181_cbea2359.jpg,0,Inuwashi
tool_bird_class_train/Inuwashi_Golden_Eagle/ext_inat_20260504/inat_339544274_9cc21c3f.jpg,0,Inuwashi
tool_bird_class_train/Inuwashi_Golden_Eagle/BIRDS525/038.jpg,0,Inuwashi
tool_bird_class_train/Inuwashi_Golden_Eagle/AAS1_inuwashi-083A3879-2698-1609-267-352.JPG,0,Inuwashi
tool_bird_class_train/Inuwashi_Golden_Eagle/ext_inat_20260504/inat_219076967_b786cf8f.jpg,0,Inuwashi
tool_bird_class_train/Inuwashi_Golden_Eagle/BIRDS525/155.jpg,0,Inuwashi
tool_bird_class_train/Inuwashi_Golden_Eagle/ext_inat_20260504/inat_118311710_14a9a694.jpg,0,Inuwashi
tool_bird_class_train/Inuwashi_Golden_Eagle/BIRDS525/101.jpg,0,Inuwashi
tool_bird_class_train/Inuwashi_Golden_Eagle/BIRDS525/108.jpg,0,Inuwashi
tool_bird_class_train/Inuwashi_Golden_Eagle/AAS1_inuwashi-DSCr0883-3953-2017-205-234.JPG,0,Inuwashi
tool_bird_class_train/Inuwashi_Golden_Eagle/AAS1_inuwashi-083A3962-2861-1863-151-150.JPG,0,Inuwashi
tool_bird_class_train/Inuwashi_Golden_Eagle/AAS1_inuwashi-083A3699-2710-1691-233-222.JPG,0,Inuwashi
tool_bird_class_train/Inuwashi_Golden_Eagle/ext_inat_20260504/inat_451525462_893ba4a5.jpg,0,Inuwashi
tool_bird_class_train/Inuwashi_Golden_Eagle/AAS1_inuwashi-DSCr1850-1773-2432-190-131.JPG,0,Inuwashi
tool_bird_class_train/Inuwashi_Golden_Eagle/ext_inat_20260504/inat_435833024_472d6f48.jpg,0,Inuwashi
tool_bird_class_train/Inuwashi_Golden_Eagle/ext_inat_20260504/inat_604804486_af70e9b9.jpg,0,Inuwashi
tool_bird_class_train/Inuwashi_Golden_Eagle/ext_inat_20260504/inat_387897826_5f6b631d.jpg,0,Inuwashi
tool_bird_class_train/Inuwashi_Golden_Eagle/ext_inat_20260504/inat_259962513_ae6be640.jpg,0,Inuwashi
tool_bird_class_train/Inuwashi_Golden_Eagle/ext_inat_20260504/inat_289053527_31141c2c.jpg,0,Inuwashi
tool_bird_class_train/Inuwashi_Golden_Eagle/AAS1_inuwashi-DSCr1468-2669-1209-607-320.JPG,0,Inuwashi
tool_bird_class_train/Inuwashi_Golden_Eagle/AAS1_inuwashi-8D4A4479-2582-1449-697-781.JPG,0,Inuwashi
tool_bird_class_train/Inuwashi_Golden_Eagle/v5_ds_beta_bird/102.jpg,0,Inuwashi
tool_bird_class_train/Inuwashi_Golden_Eagle/ext_inat_20260504/inat_344192444_77da0b8c.jpg,0,Inuwashi
tool_bird_class_train/Inuwashi_Golden_Eagle/ext_inat_20260504/inat_470786917_4d8ff8c6.jpg,0,Inuwashi
tool_bird_class_train/Inuwashi_Golden_Eagle/AAS1_inuwashi-DSCr3201-2893-2029-217-185.JPG,0,Inuwashi
tool_bird_class_train/Inuwashi_Golden_Eagle/AAS1_inuwashi-083A3451-1149-313-967-484.JPG,0,Inuwashi
tool_bird_class_train/Inuwashi_Golden_Eagle/AAS1_inuwashi-8D4A3438-2805-2424-166-249.JPG,0,Inuwashi
tool_bird_class_train/Inuwashi_Golden_Eagle/ext_inat_20260504/inat_611259821_df17a027.jpg,0,Inuwashi
tool_bird_class_train/Inuwashi_Golden_Eagle/AAS1_inuwashi-083A4153-3124-2013-337-222.JPG,0,Inuwashi
tool_bird_class_train/Inuwashi_Golden_Eagle/AAS1_inuwashi-DSCr3346-3329-1476-332-208.JPG,0,Inuwashi
tool_bird_class_train/Inuwashi_Golden_Eagle/ext_inat_20260504/inat_29982927_c0a4c835.jpg,0,Inuwashi
tool_bird_class_train/Inuwashi_Golden_Eagle/ext_inat_20260504/inat_402606627_bdf97f83.jpg,0,Inuwashi
tool_bird_class_train/Inuwashi_Golden_Eagle/inat_3119/9b5f27d0-71e5-47de-8aa2-3983347b1432.jpg,0,Inuwashi
tool_bird_class_train/Inuwashi_Golden_Eagle/ext_inat_20260504/inat_236579682_ae7cf6db.jpg,0,Inuwashi
tool_bird_class_train/Inuwashi_Golden_Eagle/ext_inat_20260504/inat_348225927_d08fa464.jpg,0,Inuwashi
tool_bird_class_train/Inuwashi_Golden_Eagle/ext_inat_20260504/inat_401450994_5db3a753.jpg,0,Inuwashi
tool_bird_class_train/Inuwashi_Golden_Eagle/AAS1_inuwashi-083A4466-2684-1623-353-275.JPG,0,Inuwashi
tool_bird_class_train/Inuwashi_Golden_Eagle/AAS1_inuwashi-DSCr0920-3200-2183-231-137.JPG,0,Inuwashi
tool_bird_class_train/Inuwashi_Golden_Eagle/ext_inat_20260504/inat_182062219_cc801738.jpg,0,Inuwashi
tool_bird_class_train/Inuwashi_Golden_Eagle/ext_inat_20260504/inat_472402120_a8e85bc9.jpg,0,Inuwashi
tool_bird_class_train/Inuwashi_Golden_Eagle/AAS1_inuwashi-8D4A4502-2772-1728-196-162.JPG,0,Inuwashi
tool_bird_class_train/Inuwashi_Golden_Eagle/ext_inat_20260504/inat_478030752_b29aba71.jpg,0,Inuwashi
tool_bird_class_train/Inuwashi_Golden_Eagle/AAS1_inuwashi-8D4A4405-2712-1841-324-94.JPG,0,Inuwashi
tool_bird_class_train/Inuwashi_Golden_Eagle/AAS1_inuwashi-083A3495-1891-2065-391-174.JPG,0,Inuwashi
tool_bird_class_train/Inuwashi_Golden_Eagle/v5_train_v5_inat/343882596.jpg,0,Inuwashi
tool_bird_class_train/Inuwashi_Golden_Eagle/ext_inat_20260504/inat_112188157_6dc4de18.jpg,0,Inuwashi
tool_bird_class_train/Inuwashi_Golden_Eagle/ext_inat_20260504/inat_285165791_bac0f33f.jpg,0,Inuwashi
tool_bird_class_train/Inuwashi_Golden_Eagle/AAS1_inuwashi-8D4A4494-2714-1821-174-174.JPG,0,Inuwashi
tool_bird_class_train/Inuwashi_Golden_Eagle/inat_3119/9abbe654-c669-43b2-9936-32f638f91113.jpg,0,Inuwashi
tool_bird_class_train/Inuwashi_Golden_Eagle/ext_inat_20260504/inat_470309900_9ca442ef.jpg,0,Inuwashi
tool_bird_class_train/Inuwashi_Golden_Eagle/AAS1_inuwashi-083A4376-3318-1745-198-109.JPG,0,Inuwashi
tool_bird_class_train/Inuwashi_Golden_Eagle/AAS1_inuwashi-083A4083-2869-1987-161-127.JPG,0,Inuwashi
tool_bird_class_train/Inuwashi_Golden_Eagle/AAS1_inuwashi-083A4154-3226-1926-335-318.JPG,0,Inuwashi
tool_bird_class_train/Inuwashi_Golden_Eagle/AAS1_inuwashi-083A4060-193-108-95-117.JPG,0,Inuwashi
tool_bird_class_train/Inuwashi_Golden_Eagle/ext_inat_20260504/inat_346445069_7606291c.jpg,0,Inuwashi
tool_bird_class_train/Inuwashi_Golden_Eagle/AAS1_inuwashi-083A4163-2900-1792-401-265.JPG,0,Inuwashi
tool_bird_class_train/Inuwashi_Golden_Eagle/AAS1_inuwashi-8D4A4411-2474-1616-388-113.JPG,0,Inuwashi
tool_bird_class_train/Inuwashi_Golden_Eagle/ext_inat_20260504/inat_160895125_df6ea000.jpg,0,Inuwashi
tool_bird_class_train/Inuwashi_Golden_Eagle/AAS1_inuwashi-DSCr0602-3924-1462-464-382.JPG,0,Inuwashi
tool_bird_class_train/Inuwashi_Golden_Eagle/frame_028540_bb00_t0952.28_conf0.930.jpg,0,Inuwashi
tool_bird_class_train/Inuwashi_Golden_Eagle/ext_inat_20260504/inat_6258487_7a4e6628.jpg,0,Inuwashi
tool_bird_class_train/Inuwashi_Golden_Eagle/ext_inat_20260504/inat_212682279_fa2ee497.jpg,0,Inuwashi
tool_bird_class_train/Inuwashi_Golden_Eagle/ext_inat_20260504/inat_500038977_6d75b445.jpg,0,Inuwashi
tool_bird_class_train/Inuwashi_Golden_Eagle/AAS1_inuwashi-DSCr1442-2524-1464-334-196.JPG,0,Inuwashi
tool_bird_class_train/Inuwashi_Golden_Eagle/AAS1_inuwashi-DSCr1478-2380-1528-631-212.JPG,0,Inuwashi
tool_bird_class_train/Inuwashi_Golden_Eagle/AAS1_inuwashi-DSCr0733-2504-1822-306-310.JPG,0,Inuwashi
tool_bird_class_train/Inuwashi_Golden_Eagle/v5_ds_beta_bird/116.jpg,0,Inuwashi
tool_bird_class_train/Inuwashi_Golden_Eagle/ext_inat_20260504/inat_300668703_5ba08231.jpg,0,Inuwashi
tool_bird_class_train/Inuwashi_Golden_Eagle/ext_inat_20260504/inat_13004372_0680cb57.jpg,0,Inuwashi
tool_bird_class_train/Inuwashi_Golden_Eagle/AAS1_inuwashi-8D4A4450-2694-1776-870-354.JPG,0,Inuwashi
tool_bird_class_train/Inuwashi_Golden_Eagle/AAS1_inuwashi-DSCr1872-2068-1394-248-288.JPG,0,Inuwashi
tool_bird_class_train/Inuwashi_Golden_Eagle/ext_inat_20260504/inat_549860749_07edb643.jpg,0,Inuwashi
tool_bird_class_train/Inuwashi_Golden_Eagle/ext_inat_20260504/inat_548024515_7b92e23b.jpg,0,Inuwashi
tool_bird_class_train/Inuwashi_Golden_Eagle/ext_inat_20260504/inat_12988646_c29452f8.jpg,0,Inuwashi
tool_bird_class_train/Inuwashi_Golden_Eagle/AAS1_inuwashi-DSCr1826-1834-1661-179-181.JPG,0,Inuwashi
tool_bird_class_train/Inuwashi_Golden_Eagle/AAS1_inuwashi-DSCr0728-2944-1634-369-222.JPG,0,Inuwashi
tool_bird_class_train/Inuwashi_Golden_Eagle/ext_inat_20260504/inat_439591691_80a93dd4.jpg,0,Inuwashi
tool_bird_class_train/Inuwashi_Golden_Eagle/AAS1_inuwashi-083A3223-2223-1796-866-291.JPG,0,Inuwashi
tool_bird_class_train/Inuwashi_Golden_Eagle/ext_inat_20260504/inat_250864706_0a996fe5.jpg,0,Inuwashi
tool_bird_class_train/Inuwashi_Golden_Eagle/ext_inat_20260504/inat_351747201_b1c7f1e5.jpg,0,Inuwashi
tool_bird_class_train/Inuwashi_Golden_Eagle/ext_inat_20260504/inat_291233300_6f4c72e0.jpg,0,Inuwashi
tool_bird_class_train/Inuwashi_Golden_Eagle/ext_inat_20260504/inat_258100945_3604deb1.jpg,0,Inuwashi
tool_bird_class_train/Inuwashi_Golden_Eagle/ext_inat_20260504/inat_241853521_b11ce7f4.jpg,0,Inuwashi
tool_bird_class_train/Inuwashi_Golden_Eagle/ext_inat_20260504/inat_152858865_dbd48e8f.jpg,0,Inuwashi
tool_bird_class_train/Inuwashi_Golden_Eagle/ext_inat_20260504/inat_618297121_2bd77742.jpg,0,Inuwashi
tool_bird_class_train/Inuwashi_Golden_Eagle/v5_ds_beta_bird/047.jpg,0,Inuwashi
tool_bird_class_train/Inuwashi_Golden_Eagle/ext_inat_20260504/inat_181339627_66baa03a.jpg,0,Inuwashi
tool_bird_class_train/Inuwashi_Golden_Eagle/AAS1_inuwashi-083A4156-2347-1874-327-163.JPG,0,Inuwashi
tool_bird_class_train/Inuwashi_Golden_Eagle/ext_inat_20260504/inat_32660237_2cf30789.jpg,0,Inuwashi
tool_bird_class_train/Inuwashi_Golden_Eagle/ext_inat_20260504/inat_372292033_362e0e80.jpg,0,Inuwashi
tool_bird_class_train/Inuwashi_Golden_Eagle/ext_inat_20260504/inat_439591745_3490f26d.jpg,0,Inuwashi
tool_bird_class_train/Inuwashi_Golden_Eagle/ext_inat_20260504/inat_501433348_3192e1c1.jpg,0,Inuwashi
tool_bird_class_train/Inuwashi_Golden_Eagle/ext_inat_20260504/inat_28020627_5dbc8972.jpg,0,Inuwashi
tool_bird_class_train/Inuwashi_Golden_Eagle/ext_inat_20260504/inat_459064582_da13add3.jpg,0,Inuwashi
tool_bird_class_train/Inuwashi_Golden_Eagle/ext_inat_20260504/inat_98194751_9454d76c.jpg,0,Inuwashi
tool_bird_class_train/Inuwashi_Golden_Eagle/ext_inat_20260504/inat_420341285_4cea846d.jpg,0,Inuwashi
tool_bird_class_train/Inuwashi_Golden_Eagle/AAS1_inuwashi-DSCr3195-2201-1731-188-175.JPG,0,Inuwashi
tool_bird_class_train/Inuwashi_Golden_Eagle/BIRDS525/125.jpg,0,Inuwashi
tool_bird_class_train/Inuwashi_Golden_Eagle/BIRDS525/096.jpg,0,Inuwashi
tool_bird_class_train/Inuwashi_Golden_Eagle/AAS1_inuwashi-083A3254-3364-959-994-623.JPG,0,Inuwashi
tool_bird_class_train/Inuwashi_Golden_Eagle/AAS1_inuwashi-DSCr2678-1981-1779-267-273.JPG,0,Inuwashi
tool_bird_class_train/Inuwashi_Golden_Eagle/AAS1_inuwashi-DSCr0598-4405-976-496-333.JPG,0,Inuwashi
tool_bird_class_train/Inuwashi_Golden_Eagle/ext_inat_20260504/inat_275382324_755b881c.jpg,0,Inuwashi
tool_bird_class_train/Inuwashi_Golden_Eagle/ext_inat_20260504/inat_174724564_64fecbc1.jpg,0,Inuwashi
tool_bird_class_train/Inuwashi_Golden_Eagle/AAS1_inuwashi-DSCr2381-1599-1101-346-417.JPG,0,Inuwashi
tool_bird_class_train/Inuwashi_Golden_Eagle/frame_027860_bb00_t0929.60_conf0.976.jpg,0,Inuwashi
tool_bird_class_train/Inuwashi_Golden_Eagle/ext_inat_20260504/inat_35711196_fd605d2c.jpg,0,Inuwashi
tool_bird_class_train/Inuwashi_Golden_Eagle/ext_inat_20260504/inat_167955399_bc34583d.jpg,0,Inuwashi
tool_bird_class_train/Inuwashi_Golden_Eagle/ext_inat_20260504/inat_383677522_da069b28.jpg,0,Inuwashi
tool_bird_class_train/Inuwashi_Golden_Eagle/AAS1_inuwashi-DSCr0864-3809-1587-212-214.JPG,0,Inuwashi
tool_bird_class_train/Inuwashi_Golden_Eagle/ext_inat_20260504/inat_33634574_a16438b8.jpg,0,Inuwashi
tool_bird_class_train/Inuwashi_Golden_Eagle/ext_inat_20260504/inat_47326886_4f36202c.jpg,0,Inuwashi
tool_bird_class_train/Inuwashi_Golden_Eagle/ext_inat_20260504/inat_250631799_c8b579bd.jpg,0,Inuwashi
tool_bird_class_train/Inuwashi_Golden_Eagle/AAS1_inuwashi-8D4A4472-2755-274-537-978.JPG,0,Inuwashi
tool_bird_class_train/Inuwashi_Golden_Eagle/ext_inat_20260504/inat_175803149_b3e3d021.jpg,0,Inuwashi
tool_bird_class_train/Inuwashi_Golden_Eagle/ext_inat_20260504/inat_187208511_66e85975.jpg,0,Inuwashi
tool_bird_class_train/Inuwashi_Golden_Eagle/AAS1_inuwashi-DSCr0879-3528-1793-270-202.JPG,0,Inuwashi
tool_bird_class_train/Inuwashi_Golden_Eagle/BIRDS525/151.jpg,0,Inuwashi
tool_bird_class_train/Inuwashi_Golden_Eagle/inat_3119/c61baa4d-58ce-4eb5-b3f2-9ad3ce558d95.jpg,0,Inuwashi
tool_bird_class_train/Inuwashi_Golden_Eagle/ext_inat_20260504/inat_194846070_0920f375.jpg,0,Inuwashi
tool_bird_class_train/Inuwashi_Golden_Eagle/AAS1_inuwashi-083A4448-3299-1926-382-409.JPG,0,Inuwashi
tool_bird_class_train/Inuwashi_Golden_Eagle/ext_inat_20260504/inat_231658570_f4920727.jpg,0,Inuwashi
tool_bird_class_train/Inuwashi_Golden_Eagle/ext_inat_20260504/inat_120920312_4b3682b5.jpg,0,Inuwashi
tool_bird_class_train/Inuwashi_Golden_Eagle/ext_inat_20260504/inat_405293678_6dfee4b7.jpg,0,Inuwashi
tool_bird_class_train/Inuwashi_Golden_Eagle/frame_027770_bb00_t0926.59_conf0.992.jpg,0,Inuwashi
tool_bird_class_train/Inuwashi_Golden_Eagle/ext_inat_20260504/inat_117389549_90a00c12.jpg,0,Inuwashi
tool_bird_class_train/Inuwashi_Golden_Eagle/ext_inat_20260504/inat_651637946_d20f9ca0.jpg,0,Inuwashi
tool_bird_class_train/Inuwashi_Golden_Eagle/AAS1_inuwashi-8D4A4418-2717-1943-516-165.JPG,0,Inuwashi
tool_bird_class_train/Inuwashi_Golden_Eagle/AAS1_inuwashi-8D4A4512-2733-1885-164-187.JPG,0,Inuwashi
tool_bird_class_train/Inuwashi_Golden_Eagle/ext_inat_20260504/inat_169638152_a0b70053.jpg,0,Inuwashi
tool_bird_class_train/Inuwashi_Golden_Eagle/ext_inat_20260504/inat_28913814_938ac488.jpg,0,Inuwashi
tool_bird_class_train/Inuwashi_Golden_Eagle/AAS1_inuwashi-083A3146-891-2747-937-1171.JPG,0,Inuwashi
tool_bird_class_train/Inuwashi_Golden_Eagle/AAS1_inuwashi-DSCr3327-1831-1430-271-240.JPG,0,Inuwashi
tool_bird_class_train/Inuwashi_Golden_Eagle/ext_inat_20260504/inat_146992594_2608a0fe.jpg,0,Inuwashi
tool_bird_class_train/Inuwashi_Golden_Eagle/ext_inat_20260504/inat_2655374_3d98aa12.jpg,0,Inuwashi
tool_bird_class_train/Inuwashi_Golden_Eagle/AAS1_inuwashi-8D4A4514-2727-1904-135-168.JPG,0,Inuwashi
tool_bird_class_train/Inuwashi_Golden_Eagle/v5_train_v5_inat/351375873.jpg,0,Inuwashi
tool_bird_class_train/Inuwashi_Golden_Eagle/ext_inat_20260504/inat_450132986_f00b5ca7.jpg,0,Inuwashi
tool_bird_class_train/Inuwashi_Golden_Eagle/ext_inat_20260504/inat_356957772_0f6845e6.jpg,0,Inuwashi
tool_bird_class_train/Inuwashi_Golden_Eagle/AAS1_inuwashi-083A4412-3373-1659-190-124.JPG,0,Inuwashi
tool_bird_class_train/Inuwashi_Golden_Eagle/ext_inat_20260504/inat_365825523_9342cce5.jpg,0,Inuwashi
tool_bird_class_train/Inuwashi_Golden_Eagle/ext_inat_20260504/inat_466167489_8402d1ed.jpg,0,Inuwashi
tool_bird_class_train/Inuwashi_Golden_Eagle/AAS1_inuwashi-083A3075-1946-2260-245-200.JPG,0,Inuwashi
tool_bird_class_train/Inuwashi_Golden_Eagle/AAS1_inuwashi-DSCr2382-1837-1080-346-366.JPG,0,Inuwashi
tool_bird_class_train/Inuwashi_Golden_Eagle/AAS1_inuwashi-083A3432-2227-1843-1397-329.JPG,0,Inuwashi
tool_bird_class_train/Inuwashi_Golden_Eagle/v5_train_v5_inat/346314808.jpg,0,Inuwashi
tool_bird_class_train/Inuwashi_Golden_Eagle/ext_inat_20260504/inat_202048191_6f05c8fa.jpg,0,Inuwashi
tool_bird_class_train/Inuwashi_Golden_Eagle/frame_001590_bb00_t0053.05_conf0.973.jpg,0,Inuwashi
tool_bird_class_train/Inuwashi_Golden_Eagle/v5_ds_beta_bird/002.jpg,0,Inuwashi
tool_bird_class_train/Inuwashi_Golden_Eagle/AAS1_inuwashi-083A4160-2984-1071-461-343.JPG,0,Inuwashi
tool_bird_class_train/Inuwashi_Golden_Eagle/ext_inat_20260504/inat_250588634_ff24f788.jpg,0,Inuwashi
tool_bird_class_train/Inuwashi_Golden_Eagle/ext_inat_20260504/inat_186661204_89374a81.jpg,0,Inuwashi
tool_bird_class_train/Inuwashi_Golden_Eagle/AAS1_inuwashi-DSCr0722-3086-2089-334-245.JPG,0,Inuwashi
tool_bird_class_train/Inuwashi_Golden_Eagle/frame_001570_bb00_t0052.39_conf0.974.jpg,0,Inuwashi
tool_bird_class_train/Inuwashi_Golden_Eagle/ext_inat_20260504/inat_101699592_83f3018b.jpg,0,Inuwashi
tool_bird_class_train/Inuwashi_Golden_Eagle/AAS1_inuwashi-DSCr1587-852-528-497-475.JPG,0,Inuwashi
tool_bird_class_train/Inuwashi_Golden_Eagle/ext_inat_20260504/inat_103225655_38a11d8f.jpg,0,Inuwashi
tool_bird_class_train/Inuwashi_Golden_Eagle/AAS1_inuwashi-083A4089-2990-2055-164-127.JPG,0,Inuwashi
tool_bird_class_train/Inuwashi_Golden_Eagle/AAS1_inuwashi-083A3110-3147-1561-223-307.JPG,0,Inuwashi
tool_bird_class_train/Inuwashi_Golden_Eagle/inat_3119/af23090b-f769-41d3-a2ed-8676e27382f4.jpg,0,Inuwashi
tool_bird_class_train/Inuwashi_Golden_Eagle/ext_inat_20260504/inat_90335687_75600b57.jpg,0,Inuwashi
tool_bird_class_train/Inuwashi_Golden_Eagle/ext_inat_20260504/inat_458945618_5a10bc21.jpg,0,Inuwashi
tool_bird_class_train/Inuwashi_Golden_Eagle/AAS1_inuwashi-DSCr0925-3405-1687-246-142.JPG,0,Inuwashi
tool_bird_class_train/Inuwashi_Golden_Eagle/AAS1_inuwashi-DSCr0715-2518-2116-366-252.JPG,0,Inuwashi
tool_bird_class_train/Inuwashi_Golden_Eagle/frame_027840_bb00_t0928.93_conf0.978.jpg,0,Inuwashi
tool_bird_class_train/Inuwashi_Golden_Eagle/AAS1_inuwashi-083A3242-2472-1337-1103-914.JPG,0,Inuwashi
tool_bird_class_train/Inuwashi_Golden_Eagle/frame_028180_bb00_t0940.27_conf0.979.jpg,0,Inuwashi
tool_bird_class_train/Inuwashi_Golden_Eagle/ext_inat_20260504/inat_476119007_1f421f30.jpg,0,Inuwashi
tool_bird_class_train/Inuwashi_Golden_Eagle/AAS1_inuwashi-083A3458-3000-877-267-173.JPG,0,Inuwashi
tool_bird_class_train/Inuwashi_Golden_Eagle/ext_inat_20260504/inat_630797775_4f415fab.jpg,0,Inuwashi
tool_bird_class_train/Inuwashi_Golden_Eagle/ext_inat_20260504/inat_46430029_ec2d92d7.jpg,0,Inuwashi
tool_bird_class_train/Inuwashi_Golden_Eagle/AAS1_inuwashi-083A3214-2794-1576-516-347.JPG,0,Inuwashi
tool_bird_class_train/Inuwashi_Golden_Eagle/ext_inat_20260504/inat_547691019_2a4e612f.jpg,0,Inuwashi
tool_bird_class_train/Inuwashi_Golden_Eagle/ext_inat_20260504/inat_549624586_021fdae2.jpg,0,Inuwashi
tool_bird_class_train/Inuwashi_Golden_Eagle/v5_ds_beta_bird/058.jpg,0,Inuwashi
tool_bird_class_train/Inuwashi_Golden_Eagle/ext_inat_20260504/inat_373138363_42bd8e75.jpg,0,Inuwashi
tool_bird_class_train/Inuwashi_Golden_Eagle/ext_inat_20260504/inat_231345975_8e639001.jpg,0,Inuwashi
tool_bird_class_train/Inuwashi_Golden_Eagle/ext_inat_20260504/inat_113017664_5293d839.jpg,0,Inuwashi
tool_bird_class_train/Inuwashi_Golden_Eagle/ext_inat_20260504/inat_256960440_68334cf2.jpg,0,Inuwashi
tool_bird_class_train/Inuwashi_Golden_Eagle/ext_inat_20260504/inat_419256499_dfcd1323.jpg,0,Inuwashi
tool_bird_class_train/Inuwashi_Golden_Eagle/ext_inat_20260504/inat_385941921_7346f048.jpg,0,Inuwashi
tool_bird_class_train/Inuwashi_Golden_Eagle/AAS1_inuwashi-8D4A2467-2861-1491-138-258.JPG,0,Inuwashi
tool_bird_class_train/Inuwashi_Golden_Eagle/ext_inat_20260504/inat_601320734_5cdf843e.jpg,0,Inuwashi
tool_bird_class_train/Inuwashi_Golden_Eagle/AAS1_inuwashi-DSCr1440-2735-1425-289-198.JPG,0,Inuwashi
tool_bird_class_train/Inuwashi_Golden_Eagle/AAS1_inuwashi-083A3934-2818-2014-137-203.JPG,0,Inuwashi
tool_bird_class_train/Inuwashi_Golden_Eagle/AAS1_inuwashi-083A3354-3144-1752-680-275.JPG,0,Inuwashi
tool_bird_class_train/Inuwashi_Golden_Eagle/ext_inat_20260504/inat_652089711_cf2e04bb.jpg,0,Inuwashi
tool_bird_class_train/Inuwashi_Golden_Eagle/AAS1_inuwashi-8D4A2466-2740-1649-165-237.JPG,0,Inuwashi
tool_bird_class_train/Inuwashi_Golden_Eagle/AAS1_inuwashi-8D4A3434-1923-2048-280-109.JPG,0,Inuwashi
tool_bird_class_train/Inuwashi_Golden_Eagle/ext_inat_20260504/inat_259975015_8b6c0714.jpg,0,Inuwashi
tool_bird_class_train/Inuwashi_Golden_Eagle/ext_inat_20260504/inat_548494664_384d7e13.jpg,0,Inuwashi
tool_bird_class_train/Inuwashi_Golden_Eagle/BIRDS525/009.jpg,0,Inuwashi
tool_bird_class_train/Inuwashi_Golden_Eagle/AAS1_inuwashi-8D4A4423-2740-1753-690-249.JPG,0,Inuwashi
tool_bird_class_train/Inuwashi_Golden_Eagle/ext_inat_20260504/inat_549860428_56b027ff.jpg,0,Inuwashi
tool_bird_class_train/Inuwashi_Golden_Eagle/v5_ds_beta_bird/066.jpg,0,Inuwashi
tool_bird_class_train/Inuwashi_Golden_Eagle/ext_inat_20260504/inat_364721692_5d43fe29.jpg,0,Inuwashi
tool_bird_class_train/Inuwashi_Golden_Eagle/ext_inat_20260504/inat_450512350_1d557eac.jpg,0,Inuwashi
tool_bird_class_train/Inuwashi_Golden_Eagle/ext_inat_20260504/inat_395785650_e5e91060.jpg,0,Inuwashi
tool_bird_class_train/Inuwashi_Golden_Eagle/AAS1_inuwashi-083A3461-2602-1672-281-183.JPG,0,Inuwashi
tool_bird_class_train/Inuwashi_Golden_Eagle/AAS1_inuwashi-083A3398-1953-1309-827-882.JPG,0,Inuwashi
tool_bird_class_train/Inuwashi_Golden_Eagle/frame_027970_bb00_t0933.27_conf0.990.jpg,0,Inuwashi
tool_bird_class_train/Inuwashi_Golden_Eagle/ext_inat_20260504/inat_498324580_0980185c.jpg,0,Inuwashi
tool_bird_class_train/Inuwashi_Golden_Eagle/AAS1_inuwashi-8D4A4390-2413-1642-224-85.JPG,0,Inuwashi
tool_bird_class_train/Inuwashi_Golden_Eagle/ext_inat_20260504/inat_146763105_cd603050.jpg,0,Inuwashi
tool_bird_class_train/Inuwashi_Golden_Eagle/ext_inat_20260504/inat_528832955_130a17a7.jpg,0,Inuwashi
tool_bird_class_train/Inuwashi_Golden_Eagle/ext_inat_20260504/inat_637233682_7ed0875a.jpg,0,Inuwashi
tool_bird_class_train/Inuwashi_Golden_Eagle/AAS1_inuwashi-8D4A3432-2434-1038-393-178.JPG,0,Inuwashi
tool_bird_class_train/Inuwashi_Golden_Eagle/ext_inat_20260504/inat_164307665_f58ccd13.jpg,0,Inuwashi
tool_bird_class_train/Inuwashi_Golden_Eagle/AAS1_inuwashi-083A3139-1223-2466-1189-765.JPG,0,Inuwashi
tool_bird_class_train/Inuwashi_Golden_Eagle/AAS1_inuwashi-DSCr1837-1647-1733-136-174.JPG,0,Inuwashi
tool_bird_class_train/Inuwashi_Golden_Eagle/ext_inat_20260504/inat_452258928_8cbc01fe.jpg,0,Inuwashi
tool_bird_class_train/Inuwashi_Golden_Eagle/AAS1_inuwashi-083A3199-2283-449-310-380.JPG,0,Inuwashi
tool_bird_class_train/Inuwashi_Golden_Eagle/AAS1_inuwashi-083A3415-444-183-933-1022.JPG,0,Inuwashi
tool_bird_class_train/Inuwashi_Golden_Eagle/ext_inat_20260504/inat_451258270_eeb3d727.jpg,0,Inuwashi
tool_bird_class_train/Inuwashi_Golden_Eagle/ext_inat_20260504/inat_242223571_79b335a2.jpg,0,Inuwashi
tool_bird_class_train/Inuwashi_Golden_Eagle/ext_inat_20260504/inat_57718620_3669b973.jpg,0,Inuwashi
tool_bird_class_train/Inuwashi_Golden_Eagle/ext_inat_20260504/inat_527174913_15e00f95.jpg,0,Inuwashi
tool_bird_class_train/Inuwashi_Golden_Eagle/AAS1_inuwashi-083A3368-2168-2017-555-550.JPG,0,Inuwashi
tool_bird_class_train/Inuwashi_Golden_Eagle/AAS1_inuwashi-083A4450-2676-2096-507-400.JPG,0,Inuwashi
tool_bird_class_train/Inuwashi_Golden_Eagle/AAS1_inuwashi-083A3636-2840-1981-305-191.JPG,0,Inuwashi
tool_bird_class_train/Inuwashi_Golden_Eagle/BIRDS525/114.jpg,0,Inuwashi
tool_bird_class_train/Inuwashi_Golden_Eagle/ext_inat_20260504/inat_253920742_4ca219be.jpg,0,Inuwashi
tool_bird_class_train/Inuwashi_Golden_Eagle/ext_inat_20260504/inat_334684296_f94f99a0.jpg,0,Inuwashi
tool_bird_class_train/Inuwashi_Golden_Eagle/AAS1_inuwashi-083A4148-649-319-290-481.JPG,0,Inuwashi
tool_bird_class_train/Inuwashi_Golden_Eagle/ext_inat_20260504/inat_170049961_87a807f8.jpg,0,Inuwashi
tool_bird_class_train/Inuwashi_Golden_Eagle/AAS1_inuwashi-8D4A4409-2458-1629-375-117.JPG,0,Inuwashi
tool_bird_class_train/Inuwashi_Golden_Eagle/AAS1_inuwashi-DSCr1571-1515-133-476-648.JPG,0,Inuwashi
tool_bird_class_train/Inuwashi_Golden_Eagle/ext_inat_20260504/inat_178710789_568e56c8.jpg,0,Inuwashi
tool_bird_class_train/Inuwashi_Golden_Eagle/ext_inat_20260504/inat_57792861_13a383fb.jpg,0,Inuwashi
tool_bird_class_train/Inuwashi_Golden_Eagle/ext_inat_20260504/inat_212898052_ffbf7c87.jpg,0,Inuwashi
tool_bird_class_train/Inuwashi_Golden_Eagle/v5_ds_beta_bird/061.jpg,0,Inuwashi
tool_bird_class_train/Inuwashi_Golden_Eagle/ext_inat_20260504/inat_458877596_d1e49239.jpg,0,Inuwashi
tool_bird_class_train/Inuwashi_Golden_Eagle/ext_inat_20260504/inat_89263818_7891c63b.jpg,0,Inuwashi
tool_bird_class_train/Inuwashi_Golden_Eagle/ext_inat_20260504/inat_590908762_9d4f9e75.jpg,0,Inuwashi
tool_bird_class_train/Inuwashi_Golden_Eagle/ext_inat_20260504/inat_255248229_e438e075.jpg,0,Inuwashi
tool_bird_class_train/Inuwashi_Golden_Eagle/AAS1_inuwashi-083A3678-2854-1520-161-169.JPG,0,Inuwashi
tool_bird_class_train/Inuwashi_Golden_Eagle/AAS1_inuwashi-DSCr1438-2746-1469-434-359.JPG,0,Inuwashi
tool_bird_class_train/Inuwashi_Golden_Eagle/ext_inat_20260504/inat_399436604_abf3196f.jpg,0,Inuwashi
tool_bird_class_train/Inuwashi_Golden_Eagle/AAS1_inuwashi-083A3488-319-212-319-212.JPG,0,Inuwashi
tool_bird_class_train/Inuwashi_Golden_Eagle/AAS1_inuwashi-8D4A4522-2525-1923-225-158.JPG,0,Inuwashi
tool_bird_class_train/Inuwashi_Golden_Eagle/ext_inat_20260504/inat_449647767_849e14c2.jpg,0,Inuwashi
tool_bird_class_train/Inuwashi_Golden_Eagle/AAS1_inuwashi-083A4403-3049-1287-144-121.JPG,0,Inuwashi
tool_bird_class_train/Inuwashi_Golden_Eagle/v5_ds_beta_bird/106.jpg,0,Inuwashi
tool_bird_class_train/Inuwashi_Golden_Eagle/ext_inat_20260504/inat_442443442_b6493f3c.jpg,0,Inuwashi
tool_bird_class_train/Inuwashi_Golden_Eagle/ext_inat_20260504/inat_460457265_d5b85da7.jpg,0,Inuwashi
tool_bird_class_train/Inuwashi_Golden_Eagle/AAS1_inuwashi-083A3224-2285-1413-984-351.JPG,0,Inuwashi
tool_bird_class_train/Inuwashi_Golden_Eagle/AAS1_inuwashi-083A3144-1453-1932-874-1093.JPG,0,Inuwashi
tool_bird_class_train/Inuwashi_Golden_Eagle/ext_inat_20260504/inat_540845337_6dc0bee7.jpg,0,Inuwashi
tool_bird_class_train/Inuwashi_Golden_Eagle/AAS1_inuwashi-DSCr3334-2688-914-209-287.JPG,0,Inuwashi
tool_bird_class_train/Inuwashi_Golden_Eagle/ext_inat_20260504/inat_113031562_ebf98e41.jpg,0,Inuwashi
tool_bird_class_train/Inuwashi_Golden_Eagle/ext_inat_20260504/inat_93375500_f179e0fb.jpg,0,Inuwashi
tool_bird_class_train/Inuwashi_Golden_Eagle/ext_inat_20260504/inat_361991294_8b82d18f.jpg,0,Inuwashi
tool_bird_class_train/Inuwashi_Golden_Eagle/ext_inat_20260504/inat_251164688_2d2a993a.jpg,0,Inuwashi
tool_bird_class_train/Inuwashi_Golden_Eagle/AAS1_inuwashi-083A3851-478-236-437-545.JPG,0,Inuwashi
tool_bird_class_train/Inuwashi_Golden_Eagle/ext_inat_20260504/inat_298347335_84b41b69.jpg,0,Inuwashi
tool_bird_class_train/Inuwashi_Golden_Eagle/BIRDS525/079.jpg,0,Inuwashi
tool_bird_class_train/Inuwashi_Golden_Eagle/AAS1_inuwashi-8D4A4457-2749-1113-908-395.JPG,0,Inuwashi
tool_bird_class_train/Inuwashi_Golden_Eagle/BIRDS525/147.jpg,0,Inuwashi
tool_bird_class_train/Inuwashi_Golden_Eagle/AAS1_inuwashi-083A3129-2479-1150-1095-734.JPG,0,Inuwashi
tool_bird_class_train/Inuwashi_Golden_Eagle/BIRDS525/011.jpg,0,Inuwashi
tool_bird_class_train/Inuwashi_Golden_Eagle/AAS1_inuwashi-083A3400-2047-1605-1122-336.JPG,0,Inuwashi
tool_bird_class_train/Inuwashi_Golden_Eagle/AAS1_inuwashi-083A4058-2552-1525-148-243.JPG,0,Inuwashi
tool_bird_class_train/Inuwashi_Golden_Eagle/BIRDS525/064.jpg,0,Inuwashi
tool_bird_class_train/Inuwashi_Golden_Eagle/ext_inat_20260504/inat_339380647_ee36074d.jpg,0,Inuwashi
tool_bird_class_train/Inuwashi_Golden_Eagle/AAS1_inuwashi-083A3708-2636-1561-238-294.JPG,0,Inuwashi
tool_bird_class_train/Inuwashi_Golden_Eagle/AAS1_inuwashi-8D4A4398-2503-1504-311-107.JPG,0,Inuwashi
tool_bird_class_train/Inuwashi_Golden_Eagle/ext_inat_20260504/inat_250588818_41b1d043.jpg,0,Inuwashi
tool_bird_class_train/Inuwashi_Golden_Eagle/ext_inat_20260504/inat_501438035_1c40c645.jpg,0,Inuwashi
tool_bird_class_train/Inuwashi_Golden_Eagle/AAS1_inuwashi-083A3856-2829-1464-540-548.JPG,0,Inuwashi
tool_bird_class_train/Inuwashi_Golden_Eagle/BIRDS525/023.jpg,0,Inuwashi
tool_bird_class_train/Inuwashi_Golden_Eagle/ext_inat_20260504/inat_624271059_a7cc2fbf.jpg,0,Inuwashi
tool_bird_class_train/Inuwashi_Golden_Eagle/ext_inat_20260504/inat_335895043_a55edf25.jpg,0,Inuwashi
tool_bird_class_train/Inuwashi_Golden_Eagle/AAS1_inuwashi-083A4059-2523-1575-151-193.JPG,0,Inuwashi
tool_bird_class_train/Inuwashi_Golden_Eagle/ext_inat_20260504/inat_399677075_0e322897.jpg,0,Inuwashi
tool_bird_class_train/Inuwashi_Golden_Eagle/ext_inat_20260504/inat_176448861_aa9ccdf3.jpg,0,Inuwashi
tool_bird_class_train/Inuwashi_Golden_Eagle/ext_inat_20260504/inat_104030630_e160e59f.jpg,0,Inuwashi
tool_bird_class_train/Inuwashi_Golden_Eagle/ext_inat_20260504/inat_167054057_5f10f8a3.jpg,0,Inuwashi
tool_bird_class_train/Inuwashi_Golden_Eagle/AAS1_inuwashi-083A3439-1771-1436-1127-616.JPG,0,Inuwashi
tool_bird_class_train/Inuwashi_Golden_Eagle/ext_inat_20260504/inat_487681553_731297ac.jpg,0,Inuwashi
tool_bird_class_train/Inuwashi_Golden_Eagle/AAS1_inuwashi-083A3385-2136-1641-1099-627.JPG,0,Inuwashi
tool_bird_class_train/Inuwashi_Golden_Eagle/AAS1_inuwashi-083A4464-2717-1745-299-211.JPG,0,Inuwashi
tool_bird_class_train/Inuwashi_Golden_Eagle/ext_inat_20260504/inat_629505155_c5c33757.jpg,0,Inuwashi
tool_bird_class_train/Inuwashi_Golden_Eagle/AAS1_inuwashi-DSCr0890-3618-2297-247-179.JPG,0,Inuwashi
tool_bird_class_train/Inuwashi_Golden_Eagle/AAS1_inuwashi-DSCr0878-3535-1649-262-159.JPG,0,Inuwashi
tool_bird_class_train/Inuwashi_Golden_Eagle/ext_inat_20260504/inat_344192334_3914cbe0.jpg,0,Inuwashi
tool_bird_class_train/Inuwashi_Golden_Eagle/ext_inat_20260504/inat_242735125_d8c32f9d.jpg,0,Inuwashi
tool_bird_class_train/Inuwashi_Golden_Eagle/ext_inat_20260504/inat_253491451_7be76838.jpg,0,Inuwashi
tool_bird_class_train/Inuwashi_Golden_Eagle/ext_inat_20260504/inat_448675362_562975f7.png,0,Inuwashi
tool_bird_class_train/Inuwashi_Golden_Eagle/ext_inat_20260504/inat_626497511_e8663660.jpg,0,Inuwashi
tool_bird_class_train/Inuwashi_Golden_Eagle/ext_inat_20260504/inat_394314604_0f0ee8e1.jpg,0,Inuwashi
tool_bird_class_train/Inuwashi_Golden_Eagle/AAS1_inuwashi-083A4023-306-187-68-68.JPG,0,Inuwashi
tool_bird_class_train/Inuwashi_Golden_Eagle/ext_inat_20260504/inat_526200132_4e313cc5.jpg,0,Inuwashi
tool_bird_class_train/Inuwashi_Golden_Eagle/ext_inat_20260504/inat_201258754_260a9928.jpg,0,Inuwashi
tool_bird_class_train/Inuwashi_Golden_Eagle/ext_inat_20260504/inat_323706599_a49c54b9.jpg,0,Inuwashi
tool_bird_class_train/Inuwashi_Golden_Eagle/ext_inat_20260504/inat_166912484_424caa1e.jpg,0,Inuwashi
tool_bird_class_train/Inuwashi_Golden_Eagle/AAS1_inuwashi-083A3106-2537-2658-204-174.JPG,0,Inuwashi
tool_bird_class_train/Inuwashi_Golden_Eagle/ext_inat_20260504/inat_594822436_b6c6e4a3.jpg,0,Inuwashi
tool_bird_class_train/Inuwashi_Golden_Eagle/AAS1_inuwashi-8D4A4415-2653-1638-427-139.JPG,0,Inuwashi
tool_bird_class_train/Inuwashi_Golden_Eagle/frame_028020_bb00_t0934.93_conf0.995.jpg,0,Inuwashi
tool_bird_class_train/Inuwashi_Golden_Eagle/AAS1_inuwashi-083A3691-3770-2152-127-111.JPG,0,Inuwashi
tool_bird_class_train/Inuwashi_Golden_Eagle/AAS1_inuwashi-083A3945-3480-2622-190-140.JPG,0,Inuwashi
tool_bird_class_train/Inuwashi_Golden_Eagle/ext_inat_20260504/inat_501250555_521e59f7.jpg,0,Inuwashi
tool_bird_class_train/Inuwashi_Golden_Eagle/ext_inat_20260504/inat_498312218_5e840af1.jpg,0,Inuwashi
tool_bird_class_train/Inuwashi_Golden_Eagle/ext_inat_20260504/inat_373140583_afe9118a.jpg,0,Inuwashi
tool_bird_class_train/Inuwashi_Golden_Eagle/ext_inat_20260504/inat_527940709_b69226b9.jpg,0,Inuwashi
tool_bird_class_train/Inuwashi_Golden_Eagle/ext_inat_20260504/inat_179867713_7753399b.jpg,0,Inuwashi
tool_bird_class_train/Inuwashi_Golden_Eagle/ext_inat_20260504/inat_89833561_8af7c237.jpg,0,Inuwashi
tool_bird_class_train/Inuwashi_Golden_Eagle/ext_inat_20260504/inat_287563577_21c8928f.jpg,0,Inuwashi
tool_bird_class_train/Inuwashi_Golden_Eagle/ext_inat_20260504/inat_47642221_93775246.jpg,0,Inuwashi
tool_bird_class_train/Inuwashi_Golden_Eagle/AAS1_inuwashi-083A4434-2442-1763-244-252.JPG,0,Inuwashi
tool_bird_class_train/Inuwashi_Golden_Eagle/AAS1_inuwashi-083A3474-3020-1820-263-114.JPG,0,Inuwashi
tool_bird_class_train/Inuwashi_Golden_Eagle/ext_inat_20260504/inat_89308207_43e57260.jpg,0,Inuwashi
tool_bird_class_train/Inuwashi_Golden_Eagle/AAS1_inuwashi-DSCr0896-3930-1485-231-189.JPG,0,Inuwashi
tool_bird_class_train/Inuwashi_Golden_Eagle/AAS1_inuwashi-8D4A3429-2410-1526-494-168.JPG,0,Inuwashi
tool_bird_class_train/Inuwashi_Golden_Eagle/ext_inat_20260504/inat_253360348_1563875e.jpg,0,Inuwashi
tool_bird_class_train/Inuwashi_Golden_Eagle/AAS1_inuwashi-083A4420-3062-1966-161-114.JPG,0,Inuwashi
tool_bird_class_train/Inuwashi_Golden_Eagle/ext_inat_20260504/inat_338399776_5509c6fb.jpg,0,Inuwashi
tool_bird_class_train/Inuwashi_Golden_Eagle/AAS1_inuwashi-083A3616-2520-1522-300-395.JPG,0,Inuwashi
tool_bird_class_train/Inuwashi_Golden_Eagle/ext_inat_20260504/inat_341832256_98fb6acd.jpg,0,Inuwashi
tool_bird_class_train/Inuwashi_Golden_Eagle/AAS1_inuwashi-083A3407-1917-1425-737-1023.JPG,0,Inuwashi
tool_bird_class_train/Inuwashi_Golden_Eagle/ext_inat_20260504/inat_475952448_10b9fbff.jpg,0,Inuwashi
tool_bird_class_train/Inuwashi_Golden_Eagle/AAS1_inuwashi-083A3121-3175-1648-444-198.JPG,0,Inuwashi
tool_bird_class_train/Inuwashi_Golden_Eagle/AAS1_inuwashi-8D4A4416-2884-1526-443-149.JPG,0,Inuwashi
tool_bird_class_train/Inuwashi_Golden_Eagle/ext_inat_20260504/inat_60105807_8b4a7bf5.jpg,0,Inuwashi
tool_bird_class_train/Inuwashi_Golden_Eagle/v4_gt/351040524.jpg,0,Inuwashi
tool_bird_class_train/Inuwashi_Golden_Eagle/ext_inat_20260504/inat_599556383_2d02cb6c.jpg,0,Inuwashi
tool_bird_class_train/Inuwashi_Golden_Eagle/ext_inat_20260504/inat_90937103_fb2d4199.jpg,0,Inuwashi
tool_bird_class_train/Inuwashi_Golden_Eagle/AAS1_inuwashi-083A3443-1475-743-1014-676.JPG,0,Inuwashi
tool_bird_class_train/Inuwashi_Golden_Eagle/AAS1_inuwashi-083A3397-865-463-852-781.JPG,0,Inuwashi
tool_bird_class_train/Inuwashi_Golden_Eagle/ext_inat_20260504/inat_201781402_f5f9ab96.jpg,0,Inuwashi
tool_bird_class_train/Inuwashi_Golden_Eagle/AAS1_inuwashi-DSCr3211-3957-1661-111-107.JPG,0,Inuwashi
tool_bird_class_train/Inuwashi_Golden_Eagle/AAS1_inuwashi-DSCr0606-4003-2226-500-274.JPG,0,Inuwashi
tool_bird_class_train/Inuwashi_Golden_Eagle/AAS1_inuwashi-DSCr1472-2504-1263-758-362.JPG,0,Inuwashi
tool_bird_class_train/Inuwashi_Golden_Eagle/ext_inat_20260504/inat_178215609_d5cf2c35.jpg,0,Inuwashi
tool_bird_class_train/Inuwashi_Golden_Eagle/ext_inat_20260504/inat_447551589_dc54951d.jpg,0,Inuwashi
tool_bird_class_train/Inuwashi_Golden_Eagle/ext_inat_20260504/inat_521565493_b4388363.jpg,0,Inuwashi
tool_bird_class_train/Inuwashi_Golden_Eagle/ext_inat_20260504/inat_605433460_9211d776.jpg,0,Inuwashi
tool_bird_class_train/Inuwashi_Golden_Eagle/BIRDS525/024.jpg,0,Inuwashi
tool_bird_class_train/Inuwashi_Golden_Eagle/ext_inat_20260504/inat_255809816_73f0bd10.png,0,Inuwashi
tool_bird_class_train/Inuwashi_Golden_Eagle/ext_inat_20260504/inat_415982418_59796950.jpg,0,Inuwashi
tool_bird_class_train/Inuwashi_Golden_Eagle/AAS1_inuwashi-083A3605-2710-2001-252-279.JPG,0,Inuwashi
tool_bird_class_train/Inuwashi_Golden_Eagle/ext_inat_20260504/inat_258850073_3ebf75cb.jpg,0,Inuwashi
tool_bird_class_train/Inuwashi_Golden_Eagle/ext_inat_20260504/inat_39886460_5327cfe7.jpg,0,Inuwashi
tool_bird_class_train/Inuwashi_Golden_Eagle/ext_inat_20260504/inat_339862770_3451e0c4.jpg,0,Inuwashi
tool_bird_class_train/Inuwashi_Golden_Eagle/ext_inat_20260504/inat_214056518_8dcd4c2f.jpg,0,Inuwashi
tool_bird_class_train/Inuwashi_Golden_Eagle/ext_inat_20260504/inat_102345142_9088bb05.jpg,0,Inuwashi
tool_bird_class_train/Inuwashi_Golden_Eagle/ext_inat_20260504/inat_279805261_fac0c338.jpg,0,Inuwashi
tool_bird_class_train/Inuwashi_Golden_Eagle/ext_inat_20260504/inat_256365045_ea7bea13.jpg,0,Inuwashi
tool_bird_class_train/Inuwashi_Golden_Eagle/ext_inat_20260504/inat_230673390_c918eb9e.jpg,0,Inuwashi
tool_bird_class_train/Inuwashi_Golden_Eagle/ext_inat_20260504/inat_417742654_97f73346.jpg,0,Inuwashi
tool_bird_class_train/Inuwashi_Golden_Eagle/AAS1_inuwashi-083A3408-2544-1275-782-691.JPG,0,Inuwashi
tool_bird_class_train/Inuwashi_Golden_Eagle/ext_inat_20260504/inat_468745986_57c3494b.jpg,0,Inuwashi
tool_bird_class_train/Inuwashi_Golden_Eagle/AAS1_inuwashi-DSCr3202-2598-1772-197-187.JPG,0,Inuwashi
tool_bird_class_train/Inuwashi_Golden_Eagle/ext_inat_20260504/inat_353349981_2b94cc88.jpg,0,Inuwashi
tool_bird_class_train/Inuwashi_Golden_Eagle/AAS1_inuwashi-DSCr1575-963-338-444-674.JPG,0,Inuwashi
tool_bird_class_train/Inuwashi_Golden_Eagle/ext_inat_20260504/inat_357822_f6daef29.jpg,0,Inuwashi
tool_bird_class_train/Inuwashi_Golden_Eagle/ext_inat_20260504/inat_132211460_c3226c08.jpg,0,Inuwashi
tool_bird_class_train/Inuwashi_Golden_Eagle/BIRDS525/015.jpg,0,Inuwashi
tool_bird_class_train/Inuwashi_Golden_Eagle/AAS1_inuwashi-083A3204-758-350-327-500.JPG,0,Inuwashi
tool_bird_class_train/Inuwashi_Golden_Eagle/ext_inat_20260504/inat_263226552_5d3d2862.jpg,0,Inuwashi
tool_bird_class_train/Inuwashi_Golden_Eagle/ext_inat_20260504/inat_4876817_24e98061.jpg,0,Inuwashi
tool_bird_class_train/Inuwashi_Golden_Eagle/AAS1_inuwashi-083A3247-2434-1268-1031-899.JPG,0,Inuwashi
tool_bird_class_train/Inuwashi_Golden_Eagle/ext_inat_20260504/inat_398762834_2b77af70.jpg,0,Inuwashi
tool_bird_class_train/Inuwashi_Golden_Eagle/ext_inat_20260504/inat_246916022_210446f6.jpg,0,Inuwashi
tool_bird_class_train/Inuwashi_Golden_Eagle/ext_inat_20260504/inat_608749694_f2bde882.jpg,0,Inuwashi
tool_bird_class_train/Inuwashi_Golden_Eagle/frame_007410_bb00_t0247.25_conf0.992.jpg,0,Inuwashi
tool_bird_class_train/Inuwashi_Golden_Eagle/ext_inat_20260504/inat_433063893_eb8a5c5f.jpg,0,Inuwashi
tool_bird_class_train/Inuwashi_Golden_Eagle/BIRDS525/149.jpg,0,Inuwashi
tool_bird_class_train/Inuwashi_Golden_Eagle/ext_inat_20260504/inat_49972571_930e2470.jpg,0,Inuwashi
tool_bird_class_train/Inuwashi_Golden_Eagle/ext_inat_20260504/inat_58934255_e9440871.jpg,0,Inuwashi
tool_bird_class_train/Inuwashi_Golden_Eagle/ext_inat_20260504/inat_615406428_07b181e9.jpg,0,Inuwashi
tool_bird_class_train/Inuwashi_Golden_Eagle/ext_inat_20260504/inat_523195382_4ac31ca4.jpg,0,Inuwashi
tool_bird_class_train/Inuwashi_Golden_Eagle/ext_inat_20260504/inat_478569512_9975d9d4.jpg,0,Inuwashi
tool_bird_class_train/Inuwashi_Golden_Eagle/ext_inat_20260504/inat_618502895_61bcf8aa.jpg,0,Inuwashi
tool_bird_class_train/Inuwashi_Golden_Eagle/ext_inat_20260504/inat_56671594_c6a1628c.jpg,0,Inuwashi
tool_bird_class_train/Inuwashi_Golden_Eagle/AAS1_inuwashi-DSCr0868-3355-1801-154-173.JPG,0,Inuwashi
tool_bird_class_train/Inuwashi_Golden_Eagle/AAS1_inuwashi-083A3561-3001-2181-156-198.JPG,0,Inuwashi
tool_bird_class_train/Inuwashi_Golden_Eagle/ext_inat_20260504/inat_415960083_6fb1ca2a.jpg,0,Inuwashi
tool_bird_class_train/Inuwashi_Golden_Eagle/ext_inat_20260504/inat_196844112_b35ba481.jpg,0,Inuwashi
tool_bird_class_train/Inuwashi_Golden_Eagle/inat_3119/8e863ff6-5540-40cd-befb-1ec63db8c34e.jpg,0,Inuwashi
tool_bird_class_train/Inuwashi_Golden_Eagle/AAS1_inuwashi-083A4172-2908-1698-709-371.JPG,0,Inuwashi
tool_bird_class_train/Inuwashi_Golden_Eagle/ext_inat_20260504/inat_258440636_4bde0405.jpg,0,Inuwashi
tool_bird_class_train/Inuwashi_Golden_Eagle/ext_inat_20260504/inat_234062429_86d55893.jpg,0,Inuwashi
tool_bird_class_train/Inuwashi_Golden_Eagle/AAS1_inuwashi-8D4A4507-3089-1683-171-171.JPG,0,Inuwashi
tool_bird_class_train/Inuwashi_Golden_Eagle/AAS1_inuwashi-DSCr3196-2576-1800-169-123.JPG,0,Inuwashi
tool_bird_class_train/Inuwashi_Golden_Eagle/AAS1_inuwashi-083A4088-2984-2026-199-153.JPG,0,Inuwashi
tool_bird_class_train/Inuwashi_Golden_Eagle/AAS1_inuwashi-083A3563-2278-2022-137-164.JPG,0,Inuwashi
tool_bird_class_train/Inuwashi_Golden_Eagle/AAS1_inuwashi-083A4502-2451-2332-430-395.JPG,0,Inuwashi
tool_bird_class_train/Inuwashi_Golden_Eagle/ext_inat_20260504/inat_252919461_596b9572.jpg,0,Inuwashi
tool_bird_class_train/Inuwashi_Golden_Eagle/AAS1_inuwashi-083A4021-2559-1590-132-121.JPG,0,Inuwashi
tool_bird_class_train/Inuwashi_Golden_Eagle/AAS1_inuwashi-083A3565-1982-1929-145-214.JPG,0,Inuwashi
tool_bird_class_train/Inuwashi_Golden_Eagle/ext_inat_20260504/inat_441334242_1ef63be8.jpg,0,Inuwashi
tool_bird_class_train/Inuwashi_Golden_Eagle/v5_ds_beta_bird/112.jpg,0,Inuwashi
tool_bird_class_train/Inuwashi_Golden_Eagle/AAS1_inuwashi-DSCr1528-857-364-437-530.JPG,0,Inuwashi
tool_bird_class_train/Inuwashi_Golden_Eagle/AAS1_inuwashi-8D4A4393-2426-1805-266-85.JPG,0,Inuwashi
tool_bird_class_train/Inuwashi_Golden_Eagle/v5_ds_beta_bird/078.jpg,0,Inuwashi
tool_bird_class_train/Inuwashi_Golden_Eagle/AAS1_inuwashi-083A3491-2270-1690-353-198.JPG,0,Inuwashi
tool_bird_class_train/Inuwashi_Golden_Eagle/AAS1_inuwashi-8D4A4526-3133-1803-161-177.JPG,0,Inuwashi
tool_bird_class_train/Inuwashi_Golden_Eagle/ext_inat_20260504/inat_442475957_0dd7fe17.jpg,0,Inuwashi
tool_bird_class_train/Inuwashi_Golden_Eagle/ext_inat_20260504/inat_208433632_18753be2.jpg,0,Inuwashi
tool_bird_class_train/Inuwashi_Golden_Eagle/BIRDS525/142.jpg,0,Inuwashi
tool_bird_class_train/Inuwashi_Golden_Eagle/AAS1_inuwashi-083A4365-2739-2123-180-265.JPG,0,Inuwashi
tool_bird_class_train/Inuwashi_Golden_Eagle/AAS1_inuwashi-083A3697-2025-1570-257-188.JPG,0,Inuwashi
tool_bird_class_train/Inuwashi_Golden_Eagle/AAS1_inuwashi-083A4137-2912-1524-348-207.JPG,0,Inuwashi
tool_bird_class_train/Inuwashi_Golden_Eagle/ext_inat_20260504/inat_468772071_c2e75576.jpg,0,Inuwashi
tool_bird_class_train/Inuwashi_Golden_Eagle/AAS1_inuwashi-083A3104-2251-1730-194-168.JPG,0,Inuwashi
tool_bird_class_train/Inuwashi_Golden_Eagle/ext_inat_20260504/inat_105946786_6a61967b.jpg,0,Inuwashi
tool_bird_class_train/Inuwashi_Golden_Eagle/AAS1_inuwashi-083A4368-2537-1704-190-284.JPG,0,Inuwashi
tool_bird_class_train/Inuwashi_Golden_Eagle/ext_inat_20260504/inat_419649766_32408b1a.jpg,0,Inuwashi
tool_bird_class_train/Inuwashi_Golden_Eagle/ext_inat_20260504/inat_573100750_ce2e1a85.jpg,0,Inuwashi
tool_bird_class_train/Inuwashi_Golden_Eagle/AAS1_inuwashi-DSCr1878-2183-1529-187-195.JPG,0,Inuwashi
tool_bird_class_train/Inuwashi_Golden_Eagle/inat_3119/fdcf416e-5e06-4a96-b1ba-97135fdf4efc.jpg,0,Inuwashi
tool_bird_class_train/Inuwashi_Golden_Eagle/v5_ds_beta_bird/033.jpg,0,Inuwashi
tool_bird_class_train/Inuwashi_Golden_Eagle/ext_inat_20260504/inat_450681473_2d89f4bc.jpg,0,Inuwashi
tool_bird_class_train/Inuwashi_Golden_Eagle/ext_inat_20260504/inat_29016115_cafe4249.jpg,0,Inuwashi
tool_bird_class_train/Inuwashi_Golden_Eagle/AAS1_inuwashi-DSCr1673rr2r-771-1098-371-231.JPG,0,Inuwashi
tool_bird_class_train/Inuwashi_Golden_Eagle/ext_inat_20260504/inat_494311123_01882ac7.jpg,0,Inuwashi
tool_bird_class_train/Inuwashi_Golden_Eagle/ext_inat_20260504/inat_463092764_5db9cf30.jpg,0,Inuwashi
tool_bird_class_train/Inuwashi_Golden_Eagle/AAS1_inuwashi-083A4421-3049-1960-127-145.JPG,0,Inuwashi
tool_bird_class_train/Inuwashi_Golden_Eagle/AAS1_inuwashi-083A4401-2753-1237-137-106.JPG,0,Inuwashi
tool_bird_class_train/Inuwashi_Golden_Eagle/BIRDS525/143.jpg,0,Inuwashi
tool_bird_class_train/Inuwashi_Golden_Eagle/ext_inat_20260504/inat_323267951_355d7063.jpg,0,Inuwashi
tool_bird_class_train/Inuwashi_Golden_Eagle/AAS1_inuwashi-DSCr0893-3499-1986-164-161.JPG,0,Inuwashi
tool_bird_class_train/Inuwashi_Golden_Eagle/AAS1_inuwashi-DSCr0597-4853-1649-552-296.JPG,0,Inuwashi
tool_bird_class_train/Inuwashi_Golden_Eagle/AAS1_inuwashi-083A4168-2894-1238-603-404.JPG,0,Inuwashi
tool_bird_class_train/Inuwashi_Golden_Eagle/ext_inat_20260504/inat_59930015_eef4ab78.jpg,0,Inuwashi
tool_bird_class_train/Inuwashi_Golden_Eagle/AAS1_inuwashi-083A4395-2824-2089-180-73.JPG,0,Inuwashi
tool_bird_class_train/Inuwashi_Golden_Eagle/frame_028400_bb00_t0947.61_conf0.987.jpg,0,Inuwashi
tool_bird_class_train/Inuwashi_Golden_Eagle/ext_inat_20260504/inat_330181007_6d030a29.jpg,0,Inuwashi
tool_bird_class_train/Inuwashi_Golden_Eagle/BIRDS525/059.jpg,0,Inuwashi
tool_bird_class_train/Inuwashi_Golden_Eagle/AAS1_inuwashi-083A3975-2807-1371-186-217.JPG,0,Inuwashi
tool_bird_class_train/Inuwashi_Golden_Eagle/ext_inat_20260504/inat_91935146_4e1e47c5.jpg,0,Inuwashi
tool_bird_class_train/Inuwashi_Golden_Eagle/BIRDS525/039.jpg,0,Inuwashi
tool_bird_class_train/Inuwashi_Golden_Eagle/AAS1_inuwashi-DSCr3344-3313-1459-309-273.JPG,0,Inuwashi
tool_bird_class_train/Inuwashi_Golden_Eagle/AAS1_inuwashi-083A3679-2930-1511-177-179.JPG,0,Inuwashi
tool_bird_class_train/Inuwashi_Golden_Eagle/ext_inat_20260504/inat_373138696_233c2a84.jpg,0,Inuwashi
tool_bird_class_train/Inuwashi_Golden_Eagle/AAS1_inuwashi-083A3076-2011-2210-271-231.JPG,0,Inuwashi
tool_bird_class_train/Inuwashi_Golden_Eagle/ext_inat_20260504/inat_452258919_08254551.jpg,0,Inuwashi
tool_bird_class_train/Inuwashi_Golden_Eagle/ext_inat_20260504/inat_243640348_5fb57627.jpg,0,Inuwashi
tool_bird_class_train/Inuwashi_Golden_Eagle/ext_inat_20260504/inat_353565357_b1a959fe.jpg,0,Inuwashi
tool_bird_class_train/Inuwashi_Golden_Eagle/AAS1_inuwashi-8D4A3400-2778-1465-590-210.JPG,0,Inuwashi
tool_bird_class_train/Inuwashi_Golden_Eagle/ext_inat_20260504/inat_613179777_1b1f3bcf.jpg,0,Inuwashi
tool_bird_class_train/Inuwashi_Golden_Eagle/AAS1_inuwashi-083A3470-2616-1324-325-293.JPG,0,Inuwashi
tool_bird_class_train/Inuwashi_Golden_Eagle/ext_inat_20260504/inat_172958345_a2229e86.jpg,0,Inuwashi
tool_bird_class_train/Inuwashi_Golden_Eagle/AAS1_inuwashi-DSCr1881-2117-1109-250-237.JPG,0,Inuwashi
tool_bird_class_train/Inuwashi_Golden_Eagle/AAS1_inuwashi-083A3084-167-147-181-269.JPG,0,Inuwashi
tool_bird_class_train/Inuwashi_Golden_Eagle/v5_ds_beta_bird/139.jpg,0,Inuwashi
tool_bird_class_train/Inuwashi_Golden_Eagle/AAS1_inuwashi-083A3216-2739-1584-398-537.JPG,0,Inuwashi
tool_bird_class_train/Inuwashi_Golden_Eagle/AAS1_inuwashi-DSCr1694-799-1459-402-203.JPG,0,Inuwashi
tool_bird_class_train/Inuwashi_Golden_Eagle/ext_inat_20260504/inat_73073981_bf59fc27.jpg,0,Inuwashi
tool_bird_class_train/Inuwashi_Golden_Eagle/AAS1_inuwashi-DSCr0860-3731-2228-180-167.JPG,0,Inuwashi
tool_bird_class_train/Inuwashi_Golden_Eagle/AAS1_inuwashi-DSCr1677-1981-1352-396-491.JPG,0,Inuwashi
tool_bird_class_train/Inuwashi_Golden_Eagle/AAS1_inuwashi-DSCr0720-2655-2205-363-301.JPG,0,Inuwashi
tool_bird_class_train/Inuwashi_Golden_Eagle/ext_inat_20260504/inat_229595910_5025713e.jpg,0,Inuwashi
tool_bird_class_train/Inuwashi_Golden_Eagle/AAS1_inuwashi-083A4398-2226-3177-247-155.JPG,0,Inuwashi
tool_bird_class_train/Inuwashi_Golden_Eagle/ext_inat_20260504/inat_339586336_4b7a2c4c.jpg,0,Inuwashi
tool_bird_class_train/Inuwashi_Golden_Eagle/AAS1_inuwashi-8D4A3398-3352-2068-654-284.JPG,0,Inuwashi
tool_bird_class_train/Inuwashi_Golden_Eagle/AAS1_inuwashi-083A3559-167-111-167-111.JPG,0,Inuwashi
tool_bird_class_train/Inuwashi_Golden_Eagle/ext_inat_20260504/inat_503737595_efb1b2b3.jpg,0,Inuwashi
tool_bird_class_train/Inuwashi_Golden_Eagle/ext_inat_20260504/inat_252377666_a8547e9d.jpg,0,Inuwashi
tool_bird_class_train/Inuwashi_Golden_Eagle/ext_inat_20260504/inat_172688726_8de6fb1c.jpg,0,Inuwashi
tool_bird_class_train/Inuwashi_Golden_Eagle/BIRDS525/119.jpg,0,Inuwashi
tool_bird_class_train/Inuwashi_Golden_Eagle/ext_inat_20260504/inat_243348020_a9d9f843.jpg,0,Inuwashi
tool_bird_class_train/Inuwashi_Golden_Eagle/AAS1_inuwashi-083A4381-2464-1721-286-233.JPG,0,Inuwashi
tool_bird_class_train/Inuwashi_Golden_Eagle/ext_inat_20260504/inat_175515422_119e326c.jpg,0,Inuwashi
tool_bird_class_train/Inuwashi_Golden_Eagle/AAS1_inuwashi-8D4A4413-2855-1584-388-123.JPG,0,Inuwashi
tool_bird_class_train/Inuwashi_Golden_Eagle/frame_001610_bb00_t0053.72_conf0.973.jpg,0,Inuwashi
tool_bird_class_train/Inuwashi_Golden_Eagle/v5_ds_beta_bird/093.jpg,0,Inuwashi
tool_bird_class_train/Inuwashi_Golden_Eagle/AAS1_inuwashi-083A4147-2477-1316-492-270.JPG,0,Inuwashi
tool_bird_class_train/Inuwashi_Golden_Eagle/AAS1_inuwashi-DSCr2332-1991-562-409-425.JPG,0,Inuwashi
tool_bird_class_train/Inuwashi_Golden_Eagle/ext_inat_20260504/inat_187613477_18765f0c.jpg,0,Inuwashi
tool_bird_class_train/Inuwashi_Golden_Eagle/ext_inat_20260504/inat_129678269_e8075796.jpg,0,Inuwashi
tool_bird_class_train/Inuwashi_Golden_Eagle/ext_inat_20260504/inat_308885533_91f4685e.jpg,0,Inuwashi
tool_bird_class_train/Inuwashi_Golden_Eagle/AAS1_inuwashi-083A3092-3359-2994-276-313.JPG,0,Inuwashi
tool_bird_class_train/Inuwashi_Golden_Eagle/AAS1_inuwashi-DSCr3204-2720-1836-212-171.JPG,0,Inuwashi
tool_bird_class_train/Inuwashi_Golden_Eagle/BIRDS525/063.jpg,0,Inuwashi
tool_bird_class_train/Inuwashi_Golden_Eagle/AAS1_inuwashi-DSCr2697-3207-1536-223-182.JPG,0,Inuwashi
tool_bird_class_train/Inuwashi_Golden_Eagle/AAS1_inuwashi-083A3688-2885-1522-194-135.JPG,0,Inuwashi
tool_bird_class_train/Inuwashi_Golden_Eagle/ext_inat_20260504/inat_252377680_f8b796bd.jpg,0,Inuwashi
tool_bird_class_train/Inuwashi_Golden_Eagle/ext_inat_20260504/inat_59180135_307cc455.jpg,0,Inuwashi
tool_bird_class_train/Inuwashi_Golden_Eagle/ext_inat_20260504/inat_334684351_19648543.jpg,0,Inuwashi
tool_bird_class_train/Inuwashi_Golden_Eagle/ext_inat_20260504/inat_350041761_13262a70.jpg,0,Inuwashi
tool_bird_class_train/Inuwashi_Golden_Eagle/ext_inat_20260504/inat_176471777_66005925.jpg,0,Inuwashi
tool_bird_class_train/Inuwashi_Golden_Eagle/BIRDS525/123.jpg,0,Inuwashi
tool_bird_class_train/Inuwashi_Golden_Eagle/ext_inat_20260504/inat_249038444_835ff552.jpg,0,Inuwashi
tool_bird_class_train/Inuwashi_Golden_Eagle/ext_inat_20260504/inat_48508055_1df7982e.jpg,0,Inuwashi
tool_bird_class_train/Inuwashi_Golden_Eagle/ext_inat_20260504/inat_553351453_7de3cf27.jpg,0,Inuwashi
tool_bird_class_train/Inuwashi_Golden_Eagle/v5_train_v5_inat/351375880.jpg,0,Inuwashi
tool_bird_class_train/Inuwashi_Golden_Eagle/ext_inat_20260504/inat_23205719_28bb5072.jpg,0,Inuwashi
tool_bird_class_train/Inuwashi_Golden_Eagle/ext_inat_20260504/inat_93687803_141e3dae.jpg,0,Inuwashi
tool_bird_class_train/Inuwashi_Golden_Eagle/ext_inat_20260504/inat_587876162_e8b466e7.jpg,0,Inuwashi
tool_bird_class_train/Inuwashi_Golden_Eagle/AAS1_inuwashi-083A4501-2594-2287-444-414.JPG,0,Inuwashi
tool_bird_class_train/Inuwashi_Golden_Eagle/ext_inat_20260504/inat_57620573_f810c0b8.jpg,0,Inuwashi
tool_bird_class_train/Inuwashi_Golden_Eagle/ext_inat_20260504/inat_236242084_c5278b98.jpg,0,Inuwashi
tool_bird_class_train/Inuwashi_Golden_Eagle/ext_inat_20260504/inat_175441440_9ba53e33.jpg,0,Inuwashi
tool_bird_class_train/Inuwashi_Golden_Eagle/ext_inat_20260504/inat_464554379_fc493f9f.jpg,0,Inuwashi
tool_bird_class_train/Inuwashi_Golden_Eagle/ext_inat_20260504/inat_397819652_0d7858b2.jpg,0,Inuwashi
tool_bird_class_train/Inuwashi_Golden_Eagle/ext_inat_20260504/inat_463092885_a86c3460.jpg,0,Inuwashi
tool_bird_class_train/Inuwashi_Golden_Eagle/AAS1_inuwashi-8D4A4394-2778-2070-295-102.JPG,0,Inuwashi
tool_bird_class_train/Inuwashi_Golden_Eagle/ext_inat_20260504/inat_29611108_81790775.jpg,0,Inuwashi
tool_bird_class_train/Inuwashi_Golden_Eagle/ext_inat_20260504/inat_255370486_0055ee19.jpg,0,Inuwashi
tool_bird_class_train/Inuwashi_Golden_Eagle/ext_inat_20260504/inat_612242098_debf86ed.jpg,0,Inuwashi
tool_bird_class_train/Inuwashi_Golden_Eagle/AAS1_inuwashi-083A3373-2624-1604-516-395.JPG,0,Inuwashi
tool_bird_class_train/Inuwashi_Golden_Eagle/AAS1_inuwashi-DSCr3347-3423-1522-310-201.JPG,0,Inuwashi
tool_bird_class_train/Inuwashi_Golden_Eagle/AAS1_inuwashi-DSCr1814-3322-1690-218-118.JPG,0,Inuwashi
tool_bird_class_train/Inuwashi_Golden_Eagle/ext_inat_20260504/inat_240190530_a7cd5b72.jpg,0,Inuwashi
tool_bird_class_train/Inuwashi_Golden_Eagle/AAS1_inuwashi-DSCr1689-1072-1501-476-236.JPG,0,Inuwashi
tool_bird_class_train/Inuwashi_Golden_Eagle/AAS1_inuwashi-083A3096-3157-1815-180-197.JPG,0,Inuwashi
tool_bird_class_train/Inuwashi_Golden_Eagle/ext_inat_20260504/inat_258106632_1890365c.jpg,0,Inuwashi
tool_bird_class_train/Inuwashi_Golden_Eagle/AAS1_inuwashi-083A4433-3024-1439-193-121.JPG,0,Inuwashi
tool_bird_class_train/Inuwashi_Golden_Eagle/ext_inat_20260504/inat_172764395_8b62db82.jpg,0,Inuwashi
tool_bird_class_train/Inuwashi_Golden_Eagle/ext_inat_20260504/inat_479208727_290cb19e.jpg,0,Inuwashi
tool_bird_class_train/Inuwashi_Golden_Eagle/ext_inat_20260504/inat_219774037_91ddd497.jpg,0,Inuwashi
tool_bird_class_train/Inuwashi_Golden_Eagle/ext_inat_20260504/inat_429138684_4e07461c.jpg,0,Inuwashi
tool_bird_class_train/Inuwashi_Golden_Eagle/ext_inat_20260504/inat_591880469_295d0ee2.jpg,0,Inuwashi
tool_bird_class_train/Inuwashi_Golden_Eagle/AAS1_inuwashi-083A4145-2679-1744-194-168.JPG,0,Inuwashi
tool_bird_class_train/Inuwashi_Golden_Eagle/ext_inat_20260504/inat_627143285_7bd65678.jpg,0,Inuwashi
tool_bird_class_train/Inuwashi_Golden_Eagle/AAS1_inuwashi-DSCr3249-2164-1940-358-302.JPG,0,Inuwashi
tool_bird_class_train/Inuwashi_Golden_Eagle/ext_inat_20260504/inat_88177262_e906de70.jpg,0,Inuwashi
tool_bird_class_train/Inuwashi_Golden_Eagle/ext_inat_20260504/inat_60274481_e21ec71a.jpg,0,Inuwashi
tool_bird_class_train/Inuwashi_Golden_Eagle/ext_inat_20260504/inat_622400783_96a12808.jpg,0,Inuwashi
tool_bird_class_train/Inuwashi_Golden_Eagle/BIRDS525/050.jpg,0,Inuwashi
tool_bird_class_train/Inuwashi_Golden_Eagle/AAS1_inuwashi-8D4A4515-2656-1574-106-149.JPG,0,Inuwashi
tool_bird_class_train/Inuwashi_Golden_Eagle/ext_inat_20260504/inat_27624740_5d70ea26.jpg,0,Inuwashi
tool_bird_class_train/Inuwashi_Golden_Eagle/ext_inat_20260504/inat_202235954_9daa9a8b.jpg,0,Inuwashi
tool_bird_class_train/Inuwashi_Golden_Eagle/ext_inat_20260504/inat_168021364_f5602a84.jpg,0,Inuwashi
tool_bird_class_train/Inuwashi_Golden_Eagle/AAS1_inuwashi-083A3438-1968-1436-1132-525.JPG,0,Inuwashi
tool_bird_class_train/Inuwashi_Golden_Eagle/AAS1_inuwashi-8D4A4521-2381-1917-235-94.JPG,0,Inuwashi
tool_bird_class_train/Inuwashi_Golden_Eagle/BIRDS525/145.jpg,0,Inuwashi
tool_bird_class_train/Inuwashi_Golden_Eagle/ext_inat_20260504/inat_190495732_04fc960a.jpg,0,Inuwashi
tool_bird_class_train/Inuwashi_Golden_Eagle/ext_inat_20260504/inat_621072127_7a640bab.jpg,0,Inuwashi
tool_bird_class_train/Inuwashi_Golden_Eagle/ext_inat_20260504/inat_174955370_1a7d8f22.jpg,0,Inuwashi
tool_bird_class_train/Inuwashi_Golden_Eagle/ext_inat_20260504/inat_188457107_69c0202f.jpg,0,Inuwashi
tool_bird_class_train/Inuwashi_Golden_Eagle/ext_inat_20260504/inat_431690532_490362f9.jpg,0,Inuwashi
tool_bird_class_train/Inuwashi_Golden_Eagle/ext_inat_20260504/inat_109841632_88864647.jpg,0,Inuwashi
tool_bird_class_train/Inuwashi_Golden_Eagle/AAS1_inuwashi-083A4177-2133-1591-648-358.JPG,0,Inuwashi
tool_bird_class_train/Inuwashi_Golden_Eagle/ext_inat_20260504/inat_142802261_612a5061.jpg,0,Inuwashi
tool_bird_class_train/Inuwashi_Golden_Eagle/ext_inat_20260504/inat_532135218_24b34ca8.jpg,0,Inuwashi
tool_bird_class_train/Inuwashi_Golden_Eagle/ext_inat_20260504/inat_106995274_b174d41b.jpg,0,Inuwashi
tool_bird_class_train/Inuwashi_Golden_Eagle/inat_3119/23153c77-56d5-45d7-a274-ddcca0ee87dd.jpg,0,Inuwashi
tool_bird_class_train/Inuwashi_Golden_Eagle/AAS1_inuwashi-8D4A4441-2714-1638-793-323.JPG,0,Inuwashi
tool_bird_class_train/Inuwashi_Golden_Eagle/ext_inat_20260504/inat_362642967_19ed21e2.jpg,0,Inuwashi
tool_bird_class_train/Inuwashi_Golden_Eagle/ext_inat_20260504/inat_603670527_a6786be1.jpg,0,Inuwashi
tool_bird_class_train/Inuwashi_Golden_Eagle/ext_inat_20260504/inat_522572876_49b2004d.jpg,0,Inuwashi
tool_bird_class_train/Inuwashi_Golden_Eagle/ext_inat_20260504/inat_265884367_06683f21.jpg,0,Inuwashi
tool_bird_class_train/Inuwashi_Golden_Eagle/AAS1_inuwashi-083A3944-2537-2001-108-164.JPG,0,Inuwashi
tool_bird_class_train/Inuwashi_Golden_Eagle/AAS1_inuwashi-DSCr1879-2156-1274-176-248.JPG,0,Inuwashi
tool_bird_class_train/Inuwashi_Golden_Eagle/ext_inat_20260504/inat_643551121_b4caaa4a.jpg,0,Inuwashi
tool_bird_class_train/Inuwashi_Golden_Eagle/AAS1_inuwashi-8D4A4391-2387-1821-302-101.JPG,0,Inuwashi
tool_bird_class_train/Inuwashi_Golden_Eagle/ext_inat_20260504/inat_48712047_d364b6f6.jpg,0,Inuwashi
tool_bird_class_train/Inuwashi_Golden_Eagle/AAS1_inuwashi-8D4A4513-2932-1834-129-165.JPG,0,Inuwashi
tool_bird_class_train/Inuwashi_Golden_Eagle/ext_inat_20260504/inat_166375306_4d60c4fc.jpg,0,Inuwashi
tool_bird_class_train/Inuwashi_Golden_Eagle/ext_inat_20260504/inat_346400407_43939ad9.jpg,0,Inuwashi
tool_bird_class_train/Inuwashi_Golden_Eagle/ext_inat_20260504/inat_180180811_fb3b1389.jpg,0,Inuwashi
tool_bird_class_train/Inuwashi_Golden_Eagle/ext_inat_20260504/inat_249818599_d0607a47.jpg,0,Inuwashi
tool_bird_class_train/Inuwashi_Golden_Eagle/ext_inat_20260504/inat_380141144_79a6c04c.jpg,0,Inuwashi
tool_bird_class_train/Inuwashi_Golden_Eagle/frame_028500_bb00_t0950.95_conf0.978.jpg,0,Inuwashi
tool_bird_class_train/Inuwashi_Golden_Eagle/ext_inat_20260504/inat_172974951_82d58a68.jpg,0,Inuwashi
tool_bird_class_train/Inuwashi_Golden_Eagle/AAS1_inuwashi-083A3635-2910-1926-251-204.JPG,0,Inuwashi
tool_bird_class_train/Inuwashi_Golden_Eagle/ext_inat_20260504/inat_152847900_6fcf3cf6.jpg,0,Inuwashi
tool_bird_class_train/Inuwashi_Golden_Eagle/AAS1_inuwashi-083A3437-2232-1455-1141-544.JPG,0,Inuwashi
tool_bird_class_train/Inuwashi_Golden_Eagle/AAS1_inuwashi-8D4A2474-2844-1837-123-190.JPG,0,Inuwashi
tool_bird_class_train/Inuwashi_Golden_Eagle/ext_inat_20260504/inat_44284536_203475a8.jpg,0,Inuwashi
tool_bird_class_train/Inuwashi_Golden_Eagle/AAS1_inuwashi-DSCr1865-2139-1241-154-198.JPG,0,Inuwashi
tool_bird_class_train/Inuwashi_Golden_Eagle/ext_inat_20260504/inat_470085384_45ac2584.jpg,0,Inuwashi
tool_bird_class_train/Inuwashi_Golden_Eagle/v5_ds_beta_bird/146.jpg,0,Inuwashi
tool_bird_class_train/Inuwashi_Golden_Eagle/ext_inat_20260504/inat_459924725_7f870385.jpg,0,Inuwashi
tool_bird_class_train/Inuwashi_Golden_Eagle/AAS1_inuwashi-083A3083-164-92-222-325.JPG,0,Inuwashi
tool_bird_class_train/Inuwashi_Golden_Eagle/BIRDS525/105.jpg,0,Inuwashi
tool_bird_class_train/Inuwashi_Golden_Eagle/AAS1_inuwashi-083A3095-1045-1821-228-202.JPG,0,Inuwashi
tool_bird_class_train/Inuwashi_Golden_Eagle/ext_inat_20260504/inat_624278564_5e69e3dc.jpg,0,Inuwashi
tool_bird_class_train/Inuwashi_Golden_Eagle/ext_inat_20260504/inat_325685635_7ab36459.jpg,0,Inuwashi
tool_bird_class_train/Inuwashi_Golden_Eagle/ext_inat_20260504/inat_243640333_5d0cec46.jpg,0,Inuwashi
tool_bird_class_train/Inuwashi_Golden_Eagle/ext_inat_20260504/inat_549861006_2ac6623f.jpg,0,Inuwashi
tool_bird_class_train/Inuwashi_Golden_Eagle/ext_inat_20260504/inat_76464873_bf4842b4.jpg,0,Inuwashi
tool_bird_class_train/Inuwashi_Golden_Eagle/AAS1_inuwashi-083A4462-2944-1661-284-184.JPG,0,Inuwashi
tool_bird_class_train/Inuwashi_Golden_Eagle/ext_inat_20260504/inat_241199663_7eb96be5.jpg,0,Inuwashi
tool_bird_class_train/Inuwashi_Golden_Eagle/v5_ds_beta_bird/004.jpg,0,Inuwashi
tool_bird_class_train/Inuwashi_Golden_Eagle/ext_inat_20260504/inat_290156786_54760610.jpg,0,Inuwashi
tool_bird_class_train/Inuwashi_Golden_Eagle/AAS1_inuwashi-083A3719-2775-1483-324-332.JPG,0,Inuwashi
tool_bird_class_train/Inuwashi_Golden_Eagle/ext_inat_20260504/inat_464095576_9451b24c.jpg,0,Inuwashi
tool_bird_class_train/Inuwashi_Golden_Eagle/ext_inat_20260504/inat_593145776_b150c0b2.jpg,0,Inuwashi
tool_bird_class_train/Inuwashi_Golden_Eagle/v5_ds_beta_bird/110.jpg,0,Inuwashi
tool_bird_class_train/Inuwashi_Golden_Eagle/ext_inat_20260504/inat_336183441_448fc26a.jpg,0,Inuwashi
tool_bird_class_train/Inuwashi_Golden_Eagle/AAS1_inuwashi-083A3714-2686-1831-252-236.JPG,0,Inuwashi
tool_bird_class_train/Inuwashi_Golden_Eagle/AAS1_inuwashi-083A4371-3063-1354-267-198.JPG,0,Inuwashi
tool_bird_class_train/Inuwashi_Golden_Eagle/ext_inat_20260504/inat_237063789_68bca4ab.jpg,0,Inuwashi
tool_bird_class_train/Inuwashi_Golden_Eagle/ext_inat_20260504/inat_13031280_166e02ca.jpg,0,Inuwashi
tool_bird_class_train/Inuwashi_Golden_Eagle/AAS1_inuwashi-DSCr1588-1112-493-448-447.JPG,0,Inuwashi
tool_bird_class_train/Inuwashi_Golden_Eagle/ext_inat_20260504/inat_243505501_8fbf3262.jpg,0,Inuwashi
tool_bird_class_train/Inuwashi_Golden_Eagle/ext_inat_20260504/inat_481956940_fc91ec3c.jpg,0,Inuwashi
tool_bird_class_train/Inuwashi_Golden_Eagle/AAS1_inuwashi-083A3966-2789-1719-137-145.JPG,0,Inuwashi
tool_bird_class_train/Inuwashi_Golden_Eagle/BIRDS525/027.jpg,0,Inuwashi
tool_bird_class_train/Inuwashi_Golden_Eagle/ext_inat_20260504/inat_501445398_9f881007.jpg,0,Inuwashi
tool_bird_class_train/Inuwashi_Golden_Eagle/inat_3119/f0bf66c4-e9fd-41cf-9283-c648640b5d0f.jpg,0,Inuwashi
tool_bird_class_train/Inuwashi_Golden_Eagle/AAS1_inuwashi-DSCr0869-3030-1875-299-238.JPG,0,Inuwashi
tool_bird_class_train/Inuwashi_Golden_Eagle/ext_inat_20260504/inat_164225808_69c04673.jpg,0,Inuwashi
tool_bird_class_train/Inuwashi_Golden_Eagle/AAS1_inuwashi-083A3449-1369-367-895-596.JPG,0,Inuwashi
tool_bird_class_train/Inuwashi_Golden_Eagle/ext_inat_20260504/inat_105788608_9f338859.jpg,0,Inuwashi
tool_bird_class_train/Inuwashi_Golden_Eagle/ext_inat_20260504/inat_557191110_6e792a15.jpg,0,Inuwashi
tool_bird_class_train/Inuwashi_Golden_Eagle/ext_inat_20260504/inat_335192963_7ddfd363.jpg,0,Inuwashi
tool_bird_class_train/Inuwashi_Golden_Eagle/inat_3119/2e335fe2-96b3-44be-ac99-0aa2086c0eb9.jpg,0,Inuwashi
tool_bird_class_train/Inuwashi_Golden_Eagle/ext_inat_20260504/inat_319177384_eed2f406.jpg,0,Inuwashi
tool_bird_class_train/Inuwashi_Golden_Eagle/AAS1_inuwashi-083A4394-2818-2065-186-114.JPG,0,Inuwashi
tool_bird_class_train/Inuwashi_Golden_Eagle/AAS1_inuwashi-DSCr0887-3667-2067-217-156.JPG,0,Inuwashi
tool_bird_class_train/Inuwashi_Golden_Eagle/BIRDS525/141.jpg,0,Inuwashi
tool_bird_class_train/Inuwashi_Golden_Eagle/ext_inat_20260504/inat_55127907_f27d6ce0.jpg,0,Inuwashi
tool_bird_class_train/Inuwashi_Golden_Eagle/ext_inat_20260504/inat_334684366_77bfe387.jpg,0,Inuwashi
tool_bird_class_train/Inuwashi_Golden_Eagle/ext_inat_20260504/inat_4891780_2bac6d04.jpg,0,Inuwashi
tool_bird_class_train/Inuwashi_Golden_Eagle/ext_inat_20260504/inat_253748282_3a17d5f5.jpg,0,Inuwashi
tool_bird_class_train/Inuwashi_Golden_Eagle/AAS1_inuwashi-DSCr0604-4148-1688-476-329.JPG,0,Inuwashi
tool_bird_class_train/Inuwashi_Golden_Eagle/ext_inat_20260504/inat_118375527_3b4b63f7.jpg,0,Inuwashi
tool_bird_class_train/Ojirowashi_White_Tailed_Eagle/ext_inat_20260504/inat_635194079_e8c60182.jpg,1,Ojirowashi
tool_bird_class_train/Ojirowashi_White_Tailed_Eagle/ext_inat_20260504/inat_340631437_da9de79e.jpg,1,Ojirowashi
tool_bird_class_train/Ojirowashi_White_Tailed_Eagle/ext_inat_20260504/inat_456332099_40c0db80.jpg,1,Ojirowashi
tool_bird_class_train/Ojirowashi_White_Tailed_Eagle/ext_inat_20260504/inat_651270596_65663c5f.jpg,1,Ojirowashi
tool_bird_class_train/Ojirowashi_White_Tailed_Eagle/AAS1_ojirowashi-7DMA0858-2675-1764-459-216.JPG,1,Ojirowashi
tool_bird_class_train/Ojirowashi_White_Tailed_Eagle/AAS1_ojirowashi-7D2M3593-2818-1744-407-245.JPG,1,Ojirowashi
tool_bird_class_train/Ojirowashi_White_Tailed_Eagle/AAS1_ojirowashi-7DMA1045-1832-1547-458-466.JPG,1,Ojirowashi
tool_bird_class_train/Ojirowashi_White_Tailed_Eagle/ext_inat_20260504/inat_583513176_892b24d6.jpg,1,Ojirowashi
tool_bird_class_train/Ojirowashi_White_Tailed_Eagle/ext_inat_20260504/inat_255118421_0edd1cf6.jpg,1,Ojirowashi
tool_bird_class_train/Ojirowashi_White_Tailed_Eagle/AAS1_ojirowashi-7DMA1164-2690-1546-401-370.JPG,1,Ojirowashi
tool_bird_class_train/Ojirowashi_White_Tailed_Eagle/ext_inat_20260504/inat_606877928_73a52e7b.jpg,1,Ojirowashi
tool_bird_class_train/Ojirowashi_White_Tailed_Eagle/AAS1_ojirowashi-7D2M4888-2622-1711-563-426.JPG,1,Ojirowashi
tool_bird_class_train/Ojirowashi_White_Tailed_Eagle/AAS1_ojirowashi-7D2M4097-1759-1064-1824-1216.JPG,1,Ojirowashi
tool_bird_class_train/Ojirowashi_White_Tailed_Eagle/ext_inat_20260504/inat_516760797_42e0bed4.jpg,1,Ojirowashi
tool_bird_class_train/Ojirowashi_White_Tailed_Eagle/ext_inat_20260504/inat_246369806_852fd505.jpg,1,Ojirowashi
tool_bird_class_train/Ojirowashi_White_Tailed_Eagle/ext_inat_20260504/inat_245556338_8a4ab676.jpg,1,Ojirowashi
tool_bird_class_train/Ojirowashi_White_Tailed_Eagle/ext_inat_20260504/inat_410648672_95848597.jpg,1,Ojirowashi
tool_bird_class_train/Ojirowashi_White_Tailed_Eagle/AAS1_ojirowashi-7DMA1319-2634-1685-337-181.JPG,1,Ojirowashi
tool_bird_class_train/Ojirowashi_White_Tailed_Eagle/AAS1_ojirowashi-7DMA1050-2432-1811-460-311.JPG,1,Ojirowashi
tool_bird_class_train/Ojirowashi_White_Tailed_Eagle/ext_inat_20260504/inat_483543429_dbaa7f1a.jpg,1,Ojirowashi
tool_bird_class_train/Ojirowashi_White_Tailed_Eagle/ext_inat_20260504/inat_121583249_d158e27e.jpg,1,Ojirowashi
tool_bird_class_train/Ojirowashi_White_Tailed_Eagle/ext_inat_20260504/inat_579373777_3efc778d.jpg,1,Ojirowashi
tool_bird_class_train/Ojirowashi_White_Tailed_Eagle/AAS1_ojirowashi-7D2M6558-2499-1462-738-588.JPG,1,Ojirowashi
tool_bird_class_train/Ojirowashi_White_Tailed_Eagle/AAS1_ojirowashi-7DMA1163-2586-1309-506-493.JPG,1,Ojirowashi
tool_bird_class_train/Ojirowashi_White_Tailed_Eagle/ext_inat_20260504/inat_426093524_a64ac5fe.jpg,1,Ojirowashi
tool_bird_class_train/Ojirowashi_White_Tailed_Eagle/ext_inat_20260504/inat_172469917_0c347749.jpg,1,Ojirowashi
tool_bird_class_train/Ojirowashi_White_Tailed_Eagle/ext_inat_20260504/inat_235964556_1268494c.jpg,1,Ojirowashi
tool_bird_class_train/Ojirowashi_White_Tailed_Eagle/AAS1_ojirowashi-7D2M4576-2102-1497-750-681.JPG,1,Ojirowashi
tool_bird_class_train/Ojirowashi_White_Tailed_Eagle/ext_inat_20260504/inat_558070673_b83a4750.jpg,1,Ojirowashi
tool_bird_class_train/Ojirowashi_White_Tailed_Eagle/ext_inat_20260504/inat_106821826_082c8350.jpg,1,Ojirowashi
tool_bird_class_train/Ojirowashi_White_Tailed_Eagle/ext_inat_20260504/inat_375218753_025938d2.jpg,1,Ojirowashi
tool_bird_class_train/Ojirowashi_White_Tailed_Eagle/AAS1_ojirowashi-7D2M4118-2649-1092-430-494.JPG,1,Ojirowashi
tool_bird_class_train/Ojirowashi_White_Tailed_Eagle/ext_inat_20260504/inat_635151793_4f700768.jpg,1,Ojirowashi
tool_bird_class_train/Ojirowashi_White_Tailed_Eagle/frame_000310_bb00_t0010.34_conf0.968.jpg,1,Ojirowashi
tool_bird_class_train/Ojirowashi_White_Tailed_Eagle/AAS1_ojirowashi-7D2M6547-2635-1534-557-373.JPG,1,Ojirowashi
tool_bird_class_train/Ojirowashi_White_Tailed_Eagle/ext_inat_20260504/inat_158316517_1fa03e70.jpg,1,Ojirowashi
tool_bird_class_train/Ojirowashi_White_Tailed_Eagle/ext_inat_20260504/inat_300453463_b4c4306f.jpg,1,Ojirowashi
tool_bird_class_train/Ojirowashi_White_Tailed_Eagle/ext_inat_20260504/inat_460703302_738b70f5.jpg,1,Ojirowashi
tool_bird_class_train/Ojirowashi_White_Tailed_Eagle/ext_inat_20260504/inat_236343372_da5d32a4.jpg,1,Ojirowashi
tool_bird_class_train/Ojirowashi_White_Tailed_Eagle/AAS1_ojirowashi-7D2M6525-2586-1277-1094-532.JPG,1,Ojirowashi
tool_bird_class_train/Ojirowashi_White_Tailed_Eagle/ext_inat_20260504/inat_270218438_b27ee0bc.jpg,1,Ojirowashi
tool_bird_class_train/Ojirowashi_White_Tailed_Eagle/AAS1_ojirowashi-7D2M6953-1824-1216-420-309.JPG,1,Ojirowashi
tool_bird_class_train/Ojirowashi_White_Tailed_Eagle/ext_inat_20260504/inat_185791926_89725505.jpg,1,Ojirowashi
tool_bird_class_train/Ojirowashi_White_Tailed_Eagle/ext_inat_20260504/inat_292690369_93f635b1.jpg,1,Ojirowashi
tool_bird_class_train/Ojirowashi_White_Tailed_Eagle/ext_inat_20260504/inat_173202021_008ce6c9.jpg,1,Ojirowashi
tool_bird_class_train/Ojirowashi_White_Tailed_Eagle/inat_3160/35ceab1b-6c0f-4fce-8d04-9719841bea08.jpg,1,Ojirowashi
tool_bird_class_train/Ojirowashi_White_Tailed_Eagle/AAS1_ojirowashi-7D2M6982-2213-1713-624-697.JPG,1,Ojirowashi
tool_bird_class_train/Ojirowashi_White_Tailed_Eagle/ext_inat_20260504/inat_377657599_7323d38e.jpg,1,Ojirowashi
tool_bird_class_train/Ojirowashi_White_Tailed_Eagle/ext_inat_20260504/inat_152763388_d08a0f45.jpg,1,Ojirowashi
tool_bird_class_train/Ojirowashi_White_Tailed_Eagle/AAS1_ojirowashi-7D2M3575-2520-1692-578-267.JPG,1,Ojirowashi
tool_bird_class_train/Ojirowashi_White_Tailed_Eagle/AAS1_ojirowashi-7D2M4570-2083-1331-696-546.JPG,1,Ojirowashi
tool_bird_class_train/Ojirowashi_White_Tailed_Eagle/ext_inat_20260504/inat_458805136_3a6d19b5.jpg,1,Ojirowashi
tool_bird_class_train/Ojirowashi_White_Tailed_Eagle/ext_inat_20260504/inat_316093994_a04f8262.jpg,1,Ojirowashi
tool_bird_class_train/Ojirowashi_White_Tailed_Eagle/AAS1_ojirowashi-7D2M3192-2976-1096-255-391.JPG,1,Ojirowashi
tool_bird_class_train/Ojirowashi_White_Tailed_Eagle/ext_inat_20260504/inat_592025018_42c70c28.jpg,1,Ojirowashi
tool_bird_class_train/Ojirowashi_White_Tailed_Eagle/ext_inat_20260504/inat_316781866_98703871.jpg,1,Ojirowashi
tool_bird_class_train/Ojirowashi_White_Tailed_Eagle/AAS1_ojirowashi-7D2M6518-1743-1549-975-306.JPG,1,Ojirowashi
tool_bird_class_train/Ojirowashi_White_Tailed_Eagle/ext_inat_20260504/inat_582009252_2dca8b90.jpg,1,Ojirowashi
tool_bird_class_train/Ojirowashi_White_Tailed_Eagle/AAS1_ojirowashi-7D2M6650-2318-1321-854-419.JPG,1,Ojirowashi
tool_bird_class_train/Ojirowashi_White_Tailed_Eagle/ext_inat_20260504/inat_622437935_254fbece.jpg,1,Ojirowashi
tool_bird_class_train/Ojirowashi_White_Tailed_Eagle/AAS1_ojirowashi-7D2M3614-2055-1618-411-299.JPG,1,Ojirowashi
tool_bird_class_train/Ojirowashi_White_Tailed_Eagle/ext_inat_20260504/inat_415711793_faf56707.jpg,1,Ojirowashi
tool_bird_class_train/Ojirowashi_White_Tailed_Eagle/ext_inat_20260504/inat_533396663_04196674.jpg,1,Ojirowashi
tool_bird_class_train/Ojirowashi_White_Tailed_Eagle/ext_inat_20260504/inat_428142484_8bfb395b.jpg,1,Ojirowashi
tool_bird_class_train/Ojirowashi_White_Tailed_Eagle/AAS1_ojirowashi-7D2M4485-2225-961-2467-946.JPG,1,Ojirowashi
tool_bird_class_train/Ojirowashi_White_Tailed_Eagle/AAS1_ojirowashi-7D2M5553-2514-1475-334-353.JPG,1,Ojirowashi
tool_bird_class_train/Ojirowashi_White_Tailed_Eagle/AAS1_ojirowashi-7D2M5149-1r-2534-1683-1218-1107.JPG,1,Ojirowashi
tool_bird_class_train/Ojirowashi_White_Tailed_Eagle/ext_inat_20260504/inat_595903408_18691c18.jpg,1,Ojirowashi
tool_bird_class_train/Ojirowashi_White_Tailed_Eagle/ext_inat_20260504/inat_279647768_cb696527.jpg,1,Ojirowashi
tool_bird_class_train/Ojirowashi_White_Tailed_Eagle/ext_inat_20260504/inat_265411427_ddb1fa21.jpg,1,Ojirowashi
tool_bird_class_train/Ojirowashi_White_Tailed_Eagle/ext_inat_20260504/inat_463094978_b8e44952.jpg,1,Ojirowashi
tool_bird_class_train/Ojirowashi_White_Tailed_Eagle/ext_inat_20260504/inat_507590406_41ff1d15.jpg,1,Ojirowashi
tool_bird_class_train/Ojirowashi_White_Tailed_Eagle/AAS1_ojirowashi-7D2M6657-2083-1734-692-928.JPG,1,Ojirowashi
tool_bird_class_train/Ojirowashi_White_Tailed_Eagle/ext_inat_20260504/inat_241592167_bb564487.jpg,1,Ojirowashi
tool_bird_class_train/Ojirowashi_White_Tailed_Eagle/ext_inat_20260504/inat_208421330_598ecbad.jpg,1,Ojirowashi
tool_bird_class_train/Ojirowashi_White_Tailed_Eagle/AAS1_ojirowashi-7D2M6513-2256-1537-1516-399.JPG,1,Ojirowashi
tool_bird_class_train/Ojirowashi_White_Tailed_Eagle/ext_inat_20260504/inat_445732239_e3dba7dd.jpg,1,Ojirowashi
tool_bird_class_train/Ojirowashi_White_Tailed_Eagle/AAS1_ojirowashi-7D2M5939-1751-1085-2076-1094.JPG,1,Ojirowashi
tool_bird_class_train/Ojirowashi_White_Tailed_Eagle/ext_inat_20260504/inat_193722858_677578d0.jpg,1,Ojirowashi
tool_bird_class_train/Ojirowashi_White_Tailed_Eagle/AAS1_ojirowashi-7D2M6438-2912-1398-357-395.JPG,1,Ojirowashi
tool_bird_class_train/Ojirowashi_White_Tailed_Eagle/inat_3160/5506bf84-414f-4f08-8eb9-894f6cbac0e2.jpg,1,Ojirowashi
tool_bird_class_train/Ojirowashi_White_Tailed_Eagle/ext_inat_20260504/inat_335922507_dee03a26.jpg,1,Ojirowashi
tool_bird_class_train/Ojirowashi_White_Tailed_Eagle/ext_inat_20260504/inat_605964880_aa2c2a90.jpg,1,Ojirowashi
tool_bird_class_train/Ojirowashi_White_Tailed_Eagle/ext_inat_20260504/inat_575633094_81c14cb7.jpg,1,Ojirowashi
tool_bird_class_train/Ojirowashi_White_Tailed_Eagle/ext_inat_20260504/inat_576802189_0ab15c3c.jpg,1,Ojirowashi
tool_bird_class_train/Ojirowashi_White_Tailed_Eagle/AAS1_ojirowashi-7D2M4501r-1-339-1172-4656-2305.JPG,1,Ojirowashi
tool_bird_class_train/Ojirowashi_White_Tailed_Eagle/ext_inat_20260504/inat_113096954_4766db54.jpg,1,Ojirowashi
tool_bird_class_train/Ojirowashi_White_Tailed_Eagle/ext_inat_20260504/inat_459049353_d0b18941.jpg,1,Ojirowashi
tool_bird_class_train/Ojirowashi_White_Tailed_Eagle/AAS1_ojirowashi-7D2M2809-2567-1628-305-441.JPG,1,Ojirowashi
tool_bird_class_train/Ojirowashi_White_Tailed_Eagle/ext_inat_20260504/inat_221182370_59adafd8.jpg,1,Ojirowashi
tool_bird_class_train/Ojirowashi_White_Tailed_Eagle/ext_inat_20260504/inat_347303141_a2d2afb1.jpg,1,Ojirowashi
tool_bird_class_train/Ojirowashi_White_Tailed_Eagle/ext_inat_20260504/inat_296751267_0aec9120.jpg,1,Ojirowashi
tool_bird_class_train/Ojirowashi_White_Tailed_Eagle/ext_inat_20260504/inat_196766024_ff7e14fb.jpg,1,Ojirowashi
tool_bird_class_train/Ojirowashi_White_Tailed_Eagle/frame_002510_bb00_t0083.75_conf0.989.jpg,1,Ojirowashi
tool_bird_class_train/Ojirowashi_White_Tailed_Eagle/ext_inat_20260504/inat_487714211_cc964772.jpg,1,Ojirowashi
tool_bird_class_train/Ojirowashi_White_Tailed_Eagle/ext_inat_20260504/inat_267782078_3ba1a457.jpg,1,Ojirowashi
tool_bird_class_train/Ojirowashi_White_Tailed_Eagle/ext_inat_20260504/inat_492989953_5ede7981.jpg,1,Ojirowashi
tool_bird_class_train/Ojirowashi_White_Tailed_Eagle/ext_inat_20260504/inat_453461956_34a1419c.jpg,1,Ojirowashi
tool_bird_class_train/Ojirowashi_White_Tailed_Eagle/ext_inat_20260504/inat_414715092_e3b856f3.jpg,1,Ojirowashi
tool_bird_class_train/Ojirowashi_White_Tailed_Eagle/ext_inat_20260504/inat_413885223_12bafad4.jpg,1,Ojirowashi
tool_bird_class_train/Ojirowashi_White_Tailed_Eagle/AAS1_ojirowashi-7D2M6984-2371-1216-556-689.JPG,1,Ojirowashi
tool_bird_class_train/Ojirowashi_White_Tailed_Eagle/ext_inat_20260504/inat_364715795_abfd7048.jpg,1,Ojirowashi
tool_bird_class_train/Ojirowashi_White_Tailed_Eagle/ext_inat_20260504/inat_599211913_8c8a9195.jpg,1,Ojirowashi
tool_bird_class_train/Ojirowashi_White_Tailed_Eagle/AAS1_ojirowashi-7D2M6559-2467-1596-698-589.JPG,1,Ojirowashi
tool_bird_class_train/Ojirowashi_White_Tailed_Eagle/AAS1_ojirowashi-7DMA0851-2582-1966-365-264.JPG,1,Ojirowashi
tool_bird_class_train/Ojirowashi_White_Tailed_Eagle/ext_inat_20260504/inat_600513057_9d2757a6.jpg,1,Ojirowashi
tool_bird_class_train/Ojirowashi_White_Tailed_Eagle/ext_inat_20260504/inat_451802809_3e20c1af.jpg,1,Ojirowashi
tool_bird_class_train/Ojirowashi_White_Tailed_Eagle/AAS1_ojirowashi-7D2M4467-1871-1532-1324-683.JPG,1,Ojirowashi
tool_bird_class_train/Ojirowashi_White_Tailed_Eagle/frame_001740_bb00_t0058.06_conf0.768.jpg,1,Ojirowashi
tool_bird_class_train/Ojirowashi_White_Tailed_Eagle/ext_inat_20260504/inat_348852363_8630f8de.jpg,1,Ojirowashi
tool_bird_class_train/Ojirowashi_White_Tailed_Eagle/ext_inat_20260504/inat_153134248_315d556b.jpg,1,Ojirowashi
tool_bird_class_train/Ojirowashi_White_Tailed_Eagle/ext_inat_20260504/inat_386806602_30e85e75.jpg,1,Ojirowashi
tool_bird_class_train/Ojirowashi_White_Tailed_Eagle/AAS1_ojirowashi-7D2M4741-2483-1514-541-357.JPG,1,Ojirowashi
tool_bird_class_train/Ojirowashi_White_Tailed_Eagle/ext_inat_20260504/inat_517081412_d5cbd598.jpg,1,Ojirowashi
tool_bird_class_train/Ojirowashi_White_Tailed_Eagle/ext_inat_20260504/inat_282613751_27c18233.jpg,1,Ojirowashi
tool_bird_class_train/Ojirowashi_White_Tailed_Eagle/AAS1_ojirowashi-7D2M4512r-1-1838-891-2234-2614.JPG,1,Ojirowashi
tool_bird_class_train/Ojirowashi_White_Tailed_Eagle/ext_inat_20260504/inat_485388302_739080c2.jpg,1,Ojirowashi
tool_bird_class_train/Ojirowashi_White_Tailed_Eagle/ext_inat_20260504/inat_464102944_b65c3955.jpg,1,Ojirowashi
tool_bird_class_train/Ojirowashi_White_Tailed_Eagle/ext_inat_20260504/inat_575043544_8c9f5162.jpg,1,Ojirowashi
tool_bird_class_train/Ojirowashi_White_Tailed_Eagle/AAS1_ojirowashi-7D2M6622-1631-943-1148-1190.JPG,1,Ojirowashi
tool_bird_class_train/Ojirowashi_White_Tailed_Eagle/ext_inat_20260504/inat_252931927_f4852844.jpg,1,Ojirowashi
tool_bird_class_train/Ojirowashi_White_Tailed_Eagle/ext_inat_20260504/inat_620330996_47ebaa9c.jpg,1,Ojirowashi
tool_bird_class_train/Ojirowashi_White_Tailed_Eagle/AAS1_ojirowashi-7D2M4649-1-611-359-2023-1945.JPG,1,Ojirowashi
tool_bird_class_train/Ojirowashi_White_Tailed_Eagle/ext_inat_20260504/inat_253869500_a9d04526.jpg,1,Ojirowashi
tool_bird_class_train/Ojirowashi_White_Tailed_Eagle/ext_inat_20260504/inat_231487236_68ef3d41.jpg,1,Ojirowashi
tool_bird_class_train/Ojirowashi_White_Tailed_Eagle/ext_inat_20260504/inat_109954244_480f3042.jpg,1,Ojirowashi
tool_bird_class_train/Ojirowashi_White_Tailed_Eagle/ext_inat_20260504/inat_477677952_baf2167a.jpg,1,Ojirowashi
tool_bird_class_train/Ojirowashi_White_Tailed_Eagle/ext_inat_20260504/inat_180350579_1426d1a9.jpg,1,Ojirowashi
tool_bird_class_train/Ojirowashi_White_Tailed_Eagle/ext_inat_20260504/inat_627551183_8933d2eb.jpg,1,Ojirowashi
tool_bird_class_train/Ojirowashi_White_Tailed_Eagle/ext_inat_20260504/inat_401703821_18415c58.jpg,1,Ojirowashi
tool_bird_class_train/Ojirowashi_White_Tailed_Eagle/ext_inat_20260504/inat_472743648_da133f12.jpg,1,Ojirowashi
tool_bird_class_train/Ojirowashi_White_Tailed_Eagle/AAS1_ojirowashi-7D2M4698-2003-1833-946-794.JPG,1,Ojirowashi
tool_bird_class_train/Ojirowashi_White_Tailed_Eagle/ext_inat_20260504/inat_623888148_0aaf3373.jpg,1,Ojirowashi
tool_bird_class_train/Ojirowashi_White_Tailed_Eagle/ext_inat_20260504/inat_178442960_9608b90e.jpg,1,Ojirowashi
tool_bird_class_train/Ojirowashi_White_Tailed_Eagle/ext_inat_20260504/inat_445746453_67d56142.jpg,1,Ojirowashi
tool_bird_class_train/Ojirowashi_White_Tailed_Eagle/ext_inat_20260504/inat_443287009_178c51a9.jpg,1,Ojirowashi
tool_bird_class_train/Ojirowashi_White_Tailed_Eagle/ext_inat_20260504/inat_485775155_b3ccb8b9.jpg,1,Ojirowashi
tool_bird_class_train/Ojirowashi_White_Tailed_Eagle/ext_inat_20260504/inat_602977480_d09578b2.jpg,1,Ojirowashi
tool_bird_class_train/Ojirowashi_White_Tailed_Eagle/ext_inat_20260504/inat_449432262_df512d6b.jpg,1,Ojirowashi
tool_bird_class_train/Ojirowashi_White_Tailed_Eagle/AAS1_ojirowashi-7D2M5662-2626-1571-247-403.JPG,1,Ojirowashi
tool_bird_class_train/Ojirowashi_White_Tailed_Eagle/ext_inat_20260504/inat_517019430_eabccd40.jpg,1,Ojirowashi
tool_bird_class_train/Ojirowashi_White_Tailed_Eagle/ext_inat_20260504/inat_547576943_e553759a.jpg,1,Ojirowashi
tool_bird_class_train/Ojirowashi_White_Tailed_Eagle/AAS1_ojirowashi-7DMA1053-1907-1557-448-354.JPG,1,Ojirowashi
tool_bird_class_train/Ojirowashi_White_Tailed_Eagle/ext_inat_20260504/inat_468882900_b37caa65.jpg,1,Ojirowashi
tool_bird_class_train/Ojirowashi_White_Tailed_Eagle/ext_inat_20260504/inat_119124169_c8241c6e.jpg,1,Ojirowashi
tool_bird_class_train/Ojirowashi_White_Tailed_Eagle/ext_inat_20260504/inat_616659716_09fe20ff.jpg,1,Ojirowashi
tool_bird_class_train/Ojirowashi_White_Tailed_Eagle/AAS1_ojirowashi-7D2M5565-2515-1716-243-251.JPG,1,Ojirowashi
tool_bird_class_train/Ojirowashi_White_Tailed_Eagle/ext_inat_20260504/inat_193047682_45c1e4b9.jpg,1,Ojirowashi
tool_bird_class_train/Ojirowashi_White_Tailed_Eagle/AAS1_ojirowashi-7D2M6782-1-436-681-1820-817.JPG,1,Ojirowashi
tool_bird_class_train/Ojirowashi_White_Tailed_Eagle/ext_inat_20260504/inat_636758906_4c288ad6.jpg,1,Ojirowashi
tool_bird_class_train/Ojirowashi_White_Tailed_Eagle/ext_inat_20260504/inat_253871051_a02ffcbd.jpg,1,Ojirowashi
tool_bird_class_train/Ojirowashi_White_Tailed_Eagle/ext_inat_20260504/inat_636223677_dde656a9.jpg,1,Ojirowashi
tool_bird_class_train/Ojirowashi_White_Tailed_Eagle/ext_inat_20260504/inat_385820888_43c63920.jpg,1,Ojirowashi
tool_bird_class_train/Ojirowashi_White_Tailed_Eagle/ext_inat_20260504/inat_632665618_6fa56df7.jpg,1,Ojirowashi
tool_bird_class_train/Ojirowashi_White_Tailed_Eagle/ext_inat_20260504/inat_164892752_abe7e75c.jpg,1,Ojirowashi
tool_bird_class_train/Ojirowashi_White_Tailed_Eagle/ext_inat_20260504/inat_114930005_8a798790.jpg,1,Ojirowashi
tool_bird_class_train/Ojirowashi_White_Tailed_Eagle/AAS1_ojirowashi-7D2M6005-2198-1510-202-248.JPG,1,Ojirowashi
tool_bird_class_train/Ojirowashi_White_Tailed_Eagle/ext_inat_20260504/inat_284106587_8e779766.jpg,1,Ojirowashi
tool_bird_class_train/Ojirowashi_White_Tailed_Eagle/ext_inat_20260504/inat_451839199_0b1ec085.jpg,1,Ojirowashi
tool_bird_class_train/Ojirowashi_White_Tailed_Eagle/ext_inat_20260504/inat_445085099_6d4b0539.jpg,1,Ojirowashi
tool_bird_class_train/Ojirowashi_White_Tailed_Eagle/ext_inat_20260504/inat_440726682_c7f0a7b7.jpg,1,Ojirowashi
tool_bird_class_train/Ojirowashi_White_Tailed_Eagle/ext_inat_20260504/inat_176682966_2620f1bb.jpg,1,Ojirowashi
tool_bird_class_train/Ojirowashi_White_Tailed_Eagle/ext_inat_20260504/inat_620078474_7db02c4b.jpg,1,Ojirowashi
tool_bird_class_train/Ojirowashi_White_Tailed_Eagle/AAS1_ojirowashi-7D2M4428-2419-1302-430-803.JPG,1,Ojirowashi
tool_bird_class_train/Ojirowashi_White_Tailed_Eagle/ext_inat_20260504/inat_113700437_07cb5e09.jpg,1,Ojirowashi
tool_bird_class_train/Ojirowashi_White_Tailed_Eagle/ext_inat_20260504/inat_348494669_2ef14188.jpg,1,Ojirowashi
tool_bird_class_train/Ojirowashi_White_Tailed_Eagle/ext_inat_20260504/inat_327864214_5e702bc7.jpg,1,Ojirowashi
tool_bird_class_train/Ojirowashi_White_Tailed_Eagle/AAS1_ojirowashi-7D2M5558-2721-1708-273-294.JPG,1,Ojirowashi
tool_bird_class_train/Ojirowashi_White_Tailed_Eagle/ext_inat_20260504/inat_453978518_7e34b5b3.jpg,1,Ojirowashi
tool_bird_class_train/Ojirowashi_White_Tailed_Eagle/AAS1_ojirowashi-7D2M6721-3102-1749-459-274.JPG,1,Ojirowashi
tool_bird_class_train/Ojirowashi_White_Tailed_Eagle/AAS1_ojirowashi-7DMA1112-2624-1787-504-190.JPG,1,Ojirowashi
tool_bird_class_train/Ojirowashi_White_Tailed_Eagle/ext_inat_20260504/inat_323244055_c55dda27.jpg,1,Ojirowashi
tool_bird_class_train/Ojirowashi_White_Tailed_Eagle/ext_inat_20260504/inat_506429678_16f73c46.jpg,1,Ojirowashi
tool_bird_class_train/Ojirowashi_White_Tailed_Eagle/AAS1_ojirowashi-7D2M5642-1939-1302-1824-1216.JPG,1,Ojirowashi
tool_bird_class_train/Ojirowashi_White_Tailed_Eagle/ext_inat_20260504/inat_265691790_ab02e4a2.jpg,1,Ojirowashi
tool_bird_class_train/Ojirowashi_White_Tailed_Eagle/ext_inat_20260504/inat_421547352_3f6319f4.jpg,1,Ojirowashi
tool_bird_class_train/Ojirowashi_White_Tailed_Eagle/ext_inat_20260504/inat_264317137_6f2ee7a0.jpg,1,Ojirowashi
tool_bird_class_train/Ojirowashi_White_Tailed_Eagle/AAS1_ojirowashi-7D2M4458-1-255-186-291-314.JPG,1,Ojirowashi
tool_bird_class_train/Ojirowashi_White_Tailed_Eagle/ext_inat_20260504/inat_617158444_e1994540.jpg,1,Ojirowashi
tool_bird_class_train/Ojirowashi_White_Tailed_Eagle/ext_inat_20260504/inat_292693225_daa2b2cd.jpg,1,Ojirowashi
tool_bird_class_train/Ojirowashi_White_Tailed_Eagle/ext_inat_20260504/inat_75013142_63c3faad.jpg,1,Ojirowashi
tool_bird_class_train/Ojirowashi_White_Tailed_Eagle/ext_inat_20260504/inat_514756785_8879bbea.jpg,1,Ojirowashi
tool_bird_class_train/Ojirowashi_White_Tailed_Eagle/ext_inat_20260504/inat_238910625_4c3e7cee.jpg,1,Ojirowashi
tool_bird_class_train/Ojirowashi_White_Tailed_Eagle/ext_inat_20260504/inat_468767664_9988e560.jpg,1,Ojirowashi
tool_bird_class_train/Ojirowashi_White_Tailed_Eagle/AAS1_ojirowashi-7D2M3378-2554-1744-177-203.JPG,1,Ojirowashi
tool_bird_class_train/Ojirowashi_White_Tailed_Eagle/AAS1_ojirowashi-7D2M3641-2102-800-864-1349.JPG,1,Ojirowashi
tool_bird_class_train/Ojirowashi_White_Tailed_Eagle/ext_inat_20260504/inat_562307922_de83fae4.jpg,1,Ojirowashi
tool_bird_class_train/Ojirowashi_White_Tailed_Eagle/ext_inat_20260504/inat_194764312_3022ee8b.jpg,1,Ojirowashi
tool_bird_class_train/Ojirowashi_White_Tailed_Eagle/ext_inat_20260504/inat_265298833_d389d8d9.jpg,1,Ojirowashi
tool_bird_class_train/Ojirowashi_White_Tailed_Eagle/inat_3160/4c4d701c-156d-4a23-83f9-b1c9ccd8f676.jpg,1,Ojirowashi
tool_bird_class_train/Ojirowashi_White_Tailed_Eagle/ext_inat_20260504/inat_231483810_f18b70b9.jpg,1,Ojirowashi
tool_bird_class_train/Ojirowashi_White_Tailed_Eagle/ext_inat_20260504/inat_503434653_52f9f345.jpg,1,Ojirowashi
tool_bird_class_train/Ojirowashi_White_Tailed_Eagle/ext_inat_20260504/inat_621837169_357d344c.jpg,1,Ojirowashi
tool_bird_class_train/Ojirowashi_White_Tailed_Eagle/ext_inat_20260504/inat_89432729_88b620e5.jpg,1,Ojirowashi
tool_bird_class_train/Ojirowashi_White_Tailed_Eagle/ext_inat_20260504/inat_278954274_cda63b1e.jpg,1,Ojirowashi
tool_bird_class_train/Ojirowashi_White_Tailed_Eagle/ext_inat_20260504/inat_465904933_19c2f019.jpg,1,Ojirowashi
tool_bird_class_train/Ojirowashi_White_Tailed_Eagle/frame_002220_bb00_t0074.07_conf0.970.jpg,1,Ojirowashi
tool_bird_class_train/Ojirowashi_White_Tailed_Eagle/AAS1_ojirowashi-7DMA1278-2759-1508-318-542.JPG,1,Ojirowashi
tool_bird_class_train/Ojirowashi_White_Tailed_Eagle/ext_inat_20260504/inat_232544428_98acfa74.jpg,1,Ojirowashi
tool_bird_class_train/Ojirowashi_White_Tailed_Eagle/ext_inat_20260504/inat_356480437_b2fef05f.jpg,1,Ojirowashi
tool_bird_class_train/Ojirowashi_White_Tailed_Eagle/AAS1_ojirowashi-7DMA1283-2209-1306-299-451.JPG,1,Ojirowashi
tool_bird_class_train/Ojirowashi_White_Tailed_Eagle/AAS1_ojirowashi-7D2M5718-2674-1540-137-242.JPG,1,Ojirowashi
tool_bird_class_train/Ojirowashi_White_Tailed_Eagle/AAS1_ojirowashi-7D2M6445-2432-1331-497-174.JPG,1,Ojirowashi
tool_bird_class_train/Ojirowashi_White_Tailed_Eagle/AAS1_ojirowashi-7D2M4658-1474-595-2660-1430.JPG,1,Ojirowashi
tool_bird_class_train/Ojirowashi_White_Tailed_Eagle/AAS1_ojirowashi-7D2M6939-2365-1609-648-300.JPG,1,Ojirowashi
tool_bird_class_train/Ojirowashi_White_Tailed_Eagle/AAS1_ojirowashi-7D2M6967-2544-1864-195-199.JPG,1,Ojirowashi
tool_bird_class_train/Ojirowashi_White_Tailed_Eagle/ext_inat_20260504/inat_383925833_b92bf642.jpg,1,Ojirowashi
tool_bird_class_train/Ojirowashi_White_Tailed_Eagle/ext_inat_20260504/inat_590127035_06f080e6.jpg,1,Ojirowashi
tool_bird_class_train/Ojirowashi_White_Tailed_Eagle/ext_inat_20260504/inat_117978984_c7ca2d3e.jpg,1,Ojirowashi
tool_bird_class_train/Ojirowashi_White_Tailed_Eagle/ext_inat_20260504/inat_194423128_01e04044.jpg,1,Ojirowashi
tool_bird_class_train/Ojirowashi_White_Tailed_Eagle/ext_inat_20260504/inat_309915993_0d5bc531.jpg,1,Ojirowashi
tool_bird_class_train/Ojirowashi_White_Tailed_Eagle/AAS1_ojirowashi-7D2M6793-1-384-678-1177-307.JPG,1,Ojirowashi
tool_bird_class_train/Ojirowashi_White_Tailed_Eagle/AAS1_ojirowashi-7D2M4849-1827-905-1734-2100.JPG,1,Ojirowashi
tool_bird_class_train/Ojirowashi_White_Tailed_Eagle/AAS1_ojirowashi-7D2M5461-2415-1692-335-210.JPG,1,Ojirowashi
tool_bird_class_train/Ojirowashi_White_Tailed_Eagle/AAS1_ojirowashi-7D2M6446-2746-1648-533-444.JPG,1,Ojirowashi
tool_bird_class_train/Ojirowashi_White_Tailed_Eagle/ext_inat_20260504/inat_571112743_bc42f66b.jpg,1,Ojirowashi
tool_bird_class_train/Ojirowashi_White_Tailed_Eagle/ext_inat_20260504/inat_120025111_fe6b207b.jpg,1,Ojirowashi
tool_bird_class_train/Ojirowashi_White_Tailed_Eagle/AAS1_ojirowashi-7D2M2793-2963-1613-242-133.JPG,1,Ojirowashi
tool_bird_class_train/Ojirowashi_White_Tailed_Eagle/ext_inat_20260504/inat_305568621_4d21f286.jpg,1,Ojirowashi
tool_bird_class_train/Ojirowashi_White_Tailed_Eagle/AAS1_ojirowashi-7D2M6958-2810-1587-225-159.JPG,1,Ojirowashi
tool_bird_class_train/Ojirowashi_White_Tailed_Eagle/AAS1_ojirowashi-7D2M6002-2549-1758-295-318.JPG,1,Ojirowashi
tool_bird_class_train/Ojirowashi_White_Tailed_Eagle/AAS1_ojirowashi-7DMA0878-2841-1554-369-292.JPG,1,Ojirowashi
tool_bird_class_train/Ojirowashi_White_Tailed_Eagle/AAS1_ojirowashi-7D2M5646-2749-1021-2077-1388.JPG,1,Ojirowashi
tool_bird_class_train/Ojirowashi_White_Tailed_Eagle/ext_inat_20260504/inat_580536792_df95bf5b.jpg,1,Ojirowashi
tool_bird_class_train/Ojirowashi_White_Tailed_Eagle/ext_inat_20260504/inat_612931870_7c735b27.jpg,1,Ojirowashi
tool_bird_class_train/Ojirowashi_White_Tailed_Eagle/AAS1_ojirowashi-rrrrrIMGr6371-276-145-93-109.JPG,1,Ojirowashi
tool_bird_class_train/Ojirowashi_White_Tailed_Eagle/ext_inat_20260504/inat_320855482_0f4c3026.jpg,1,Ojirowashi
tool_bird_class_train/Ojirowashi_White_Tailed_Eagle/ext_inat_20260504/inat_188310488_74828553.jpg,1,Ojirowashi
tool_bird_class_train/Ojirowashi_White_Tailed_Eagle/ext_inat_20260504/inat_464769398_ec8eb7ae.jpg,1,Ojirowashi
tool_bird_class_train/Ojirowashi_White_Tailed_Eagle/ext_inat_20260504/inat_622532787_fbc6314a.jpg,1,Ojirowashi
tool_bird_class_train/Ojirowashi_White_Tailed_Eagle/ext_inat_20260504/inat_556533052_75d88af5.jpg,1,Ojirowashi
tool_bird_class_train/Ojirowashi_White_Tailed_Eagle/ext_inat_20260504/inat_342243584_549bc426.jpg,1,Ojirowashi
tool_bird_class_train/Ojirowashi_White_Tailed_Eagle/ext_inat_20260504/inat_578550229_099e14ee.jpg,1,Ojirowashi
tool_bird_class_train/Ojirowashi_White_Tailed_Eagle/AAS1_ojirowashi-7DMA1320-2930-1600-345-201.JPG,1,Ojirowashi
tool_bird_class_train/Ojirowashi_White_Tailed_Eagle/AAS1_ojirowashi-7D2M6494-1348-1171-2934-1202.JPG,1,Ojirowashi
tool_bird_class_train/Ojirowashi_White_Tailed_Eagle/ext_inat_20260504/inat_111426825_772e81fd.jpg,1,Ojirowashi
tool_bird_class_train/Ojirowashi_White_Tailed_Eagle/ext_inat_20260504/inat_395880716_7614d440.jpg,1,Ojirowashi
tool_bird_class_train/Ojirowashi_White_Tailed_Eagle/v5_train_v5_inat/351532215.jpg,1,Ojirowashi
tool_bird_class_train/Ojirowashi_White_Tailed_Eagle/AAS1_ojirowashi-7D2M6477-1023-884-2594-2756.JPG,1,Ojirowashi
tool_bird_class_train/Ojirowashi_White_Tailed_Eagle/ext_inat_20260504/inat_139008782_f5c680c8.jpg,1,Ojirowashi
tool_bird_class_train/Ojirowashi_White_Tailed_Eagle/ext_inat_20260504/inat_604164112_ec951b92.jpg,1,Ojirowashi
tool_bird_class_train/Ojirowashi_White_Tailed_Eagle/ext_inat_20260504/inat_171415476_265e0e8a.jpg,1,Ojirowashi
tool_bird_class_train/Ojirowashi_White_Tailed_Eagle/ext_inat_20260504/inat_255118325_bcecb5ac.jpg,1,Ojirowashi
tool_bird_class_train/Ojirowashi_White_Tailed_Eagle/AAS1_ojirowashi-7D2M4689-1578-955-1505-1085.JPG,1,Ojirowashi
tool_bird_class_train/Ojirowashi_White_Tailed_Eagle/ext_inat_20260504/inat_191608064_275cf60b.jpg,1,Ojirowashi
tool_bird_class_train/Ojirowashi_White_Tailed_Eagle/ext_inat_20260504/inat_612694329_3c6cd19b.jpg,1,Ojirowashi
tool_bird_class_train/Ojirowashi_White_Tailed_Eagle/AAS1_ojirowashi-7D2M5427-2663-1774-260-247.JPG,1,Ojirowashi
tool_bird_class_train/Ojirowashi_White_Tailed_Eagle/AAS1_ojirowashi-7DMA1039-1892-1457-610-500.JPG,1,Ojirowashi
tool_bird_class_train/Ojirowashi_White_Tailed_Eagle/AAS1_ojirowashi-7D2M6786-1-409-858-1902-519.JPG,1,Ojirowashi
tool_bird_class_train/Ojirowashi_White_Tailed_Eagle/AAS1_ojirowashi-7DMA1334-2807-1310-320-366.JPG,1,Ojirowashi
tool_bird_class_train/Ojirowashi_White_Tailed_Eagle/ext_inat_20260504/inat_474497602_477d225d.jpg,1,Ojirowashi
tool_bird_class_train/Ojirowashi_White_Tailed_Eagle/ext_inat_20260504/inat_311339003_c6dbb97d.jpg,1,Ojirowashi
tool_bird_class_train/Ojirowashi_White_Tailed_Eagle/ext_inat_20260504/inat_346838904_9b0dc4a8.jpg,1,Ojirowashi
tool_bird_class_train/Ojirowashi_White_Tailed_Eagle/ext_inat_20260504/inat_258428227_6920bc0b.jpg,1,Ojirowashi
tool_bird_class_train/Ojirowashi_White_Tailed_Eagle/ext_inat_20260504/inat_477840093_1d3a123a.jpg,1,Ojirowashi
tool_bird_class_train/Ojirowashi_White_Tailed_Eagle/AAS1_ojirowashi-7DMA1044-1993-1596-452-366.JPG,1,Ojirowashi
tool_bird_class_train/Ojirowashi_White_Tailed_Eagle/ext_inat_20260504/inat_317309712_5ffd3a90.jpg,1,Ojirowashi
tool_bird_class_train/Ojirowashi_White_Tailed_Eagle/AAS1_ojirowashi-7D2M6641-2472-1441-555-784.JPG,1,Ojirowashi
tool_bird_class_train/Ojirowashi_White_Tailed_Eagle/ext_inat_20260504/inat_326274469_1970c493.jpg,1,Ojirowashi
tool_bird_class_train/Ojirowashi_White_Tailed_Eagle/AAS1_ojirowashi-7D2M4089-2563-1605-440-413.JPG,1,Ojirowashi
tool_bird_class_train/Ojirowashi_White_Tailed_Eagle/ext_inat_20260504/inat_222489167_313fd036.jpg,1,Ojirowashi
tool_bird_class_train/Ojirowashi_White_Tailed_Eagle/ext_inat_20260504/inat_641393777_49ca7ad7.jpg,1,Ojirowashi
tool_bird_class_train/Ojirowashi_White_Tailed_Eagle/AAS1_ojirowashi-7D2M6943-1885-1608-720-841.JPG,1,Ojirowashi
tool_bird_class_train/Ojirowashi_White_Tailed_Eagle/ext_inat_20260504/inat_605080613_e4ea1bf6.jpg,1,Ojirowashi
tool_bird_class_train/Ojirowashi_White_Tailed_Eagle/ext_inat_20260504/inat_194632160_db71ea83.jpg,1,Ojirowashi
tool_bird_class_train/Ojirowashi_White_Tailed_Eagle/ext_inat_20260504/inat_103573923_bbc1beef.jpg,1,Ojirowashi
tool_bird_class_train/Ojirowashi_White_Tailed_Eagle/AAS1_ojirowashi-7DMA1325-2768-1667-334-180.JPG,1,Ojirowashi
tool_bird_class_train/Ojirowashi_White_Tailed_Eagle/AAS1_ojirowashi-7D2M4735-1216-2418-346-443.JPG,1,Ojirowashi
tool_bird_class_train/Ojirowashi_White_Tailed_Eagle/ext_inat_20260504/inat_237385063_6590f76f.jpg,1,Ojirowashi
tool_bird_class_train/Ojirowashi_White_Tailed_Eagle/AAS1_ojirowashi-7D2M6705-2367-2013-545-476.JPG,1,Ojirowashi
tool_bird_class_train/Ojirowashi_White_Tailed_Eagle/AAS1_ojirowashi-7D2M4461-2644-1495-567-411.JPG,1,Ojirowashi
tool_bird_class_train/Ojirowashi_White_Tailed_Eagle/ext_inat_20260504/inat_211922065_8ceb70bd.jpg,1,Ojirowashi
tool_bird_class_train/Ojirowashi_White_Tailed_Eagle/ext_inat_20260504/inat_352215667_9ef5bd9a.jpg,1,Ojirowashi
tool_bird_class_train/Ojirowashi_White_Tailed_Eagle/AAS1_ojirowashi-7D2M3312-2902-1731-82-123.JPG,1,Ojirowashi
tool_bird_class_train/Ojirowashi_White_Tailed_Eagle/AAS1_ojirowashi-7D2M2789-1180-1276-1897-1204.JPG,1,Ojirowashi
tool_bird_class_train/Ojirowashi_White_Tailed_Eagle/AAS1_ojirowashi-7D2M4479-1614-1388-2220-1165.JPG,1,Ojirowashi
tool_bird_class_train/Ojirowashi_White_Tailed_Eagle/ext_inat_20260504/inat_470720902_4fb53fde.jpg,1,Ojirowashi
tool_bird_class_train/Ojirowashi_White_Tailed_Eagle/ext_inat_20260504/inat_616946717_49a3c4d5.jpg,1,Ojirowashi
tool_bird_class_train/Ojirowashi_White_Tailed_Eagle/AAS1_ojirowashi-7D2M4407-2371-221-1427-2261.JPG,1,Ojirowashi
tool_bird_class_train/Ojirowashi_White_Tailed_Eagle/ext_inat_20260504/inat_391919132_f51d1c07.jpg,1,Ojirowashi
tool_bird_class_train/Ojirowashi_White_Tailed_Eagle/AAS1_ojirowashi-7D2M5494-2500-1668-382-260.JPG,1,Ojirowashi
tool_bird_class_train/Ojirowashi_White_Tailed_Eagle/ext_inat_20260504/inat_643660612_2abff2d3.jpg,1,Ojirowashi
tool_bird_class_train/Ojirowashi_White_Tailed_Eagle/AAS1_ojirowashi-7D2M4137-2319-1302-705-681.JPG,1,Ojirowashi
tool_bird_class_train/Ojirowashi_White_Tailed_Eagle/AAS1_ojirowashi-7D2M4652-1906-1512-2688-1066.JPG,1,Ojirowashi
tool_bird_class_train/Ojirowashi_White_Tailed_Eagle/AAS1_ojirowashi-7D2M6450-2595-1720-370-162.JPG,1,Ojirowashi
tool_bird_class_train/Ojirowashi_White_Tailed_Eagle/AAS1_ojirowashi-7D2M6909-2674-1042-727-495.JPG,1,Ojirowashi
tool_bird_class_train/Ojirowashi_White_Tailed_Eagle/AAS1_ojirowashi-7D2M4122-2911-1670-541-442.JPG,1,Ojirowashi
tool_bird_class_train/Ojirowashi_White_Tailed_Eagle/AAS1_ojirowashi-7D2M4424-1-460-90-847-1280.JPG,1,Ojirowashi
tool_bird_class_train/Ojirowashi_White_Tailed_Eagle/AAS1_ojirowashi-7D2M6444-2468-1566-501-168.JPG,1,Ojirowashi
tool_bird_class_train/Ojirowashi_White_Tailed_Eagle/AAS1_ojirowashi-7DMA0880-2532-1501-470-382.JPG,1,Ojirowashi
tool_bird_class_train/Ojirowashi_White_Tailed_Eagle/ext_inat_20260504/inat_443990108_1caf647a.jpg,1,Ojirowashi
tool_bird_class_train/Ojirowashi_White_Tailed_Eagle/AAS1_ojirowashi-7D2M5705-1596-3010-396-427.JPG,1,Ojirowashi
tool_bird_class_train/Ojirowashi_White_Tailed_Eagle/ext_inat_20260504/inat_364058471_91cf0b41.jpg,1,Ojirowashi
tool_bird_class_train/Ojirowashi_White_Tailed_Eagle/AAS1_ojirowashi-7D2M4464-1929-1432-1367-648.JPG,1,Ojirowashi
tool_bird_class_train/Ojirowashi_White_Tailed_Eagle/ext_inat_20260504/inat_244218778_e77877e7.jpg,1,Ojirowashi
tool_bird_class_train/Ojirowashi_White_Tailed_Eagle/ext_inat_20260504/inat_356288217_e1770be5.jpg,1,Ojirowashi
tool_bird_class_train/Ojirowashi_White_Tailed_Eagle/ext_inat_20260504/inat_119313063_e74fa626.jpg,1,Ojirowashi
tool_bird_class_train/Ojirowashi_White_Tailed_Eagle/ext_inat_20260504/inat_588520298_ee438b7a.jpg,1,Ojirowashi
tool_bird_class_train/Ojirowashi_White_Tailed_Eagle/ext_inat_20260504/inat_630989932_404f27d3.jpg,1,Ojirowashi
tool_bird_class_train/Ojirowashi_White_Tailed_Eagle/ext_inat_20260504/inat_234756433_dbc15102.jpg,1,Ojirowashi
tool_bird_class_train/Ojirowashi_White_Tailed_Eagle/ext_inat_20260504/inat_208731935_0a06a4c9.jpg,1,Ojirowashi
tool_bird_class_train/Ojirowashi_White_Tailed_Eagle/ext_inat_20260504/inat_250814847_324cc2dc.jpg,1,Ojirowashi
tool_bird_class_train/Ojirowashi_White_Tailed_Eagle/frame_001730_bb00_t0057.72_conf0.960.jpg,1,Ojirowashi
tool_bird_class_train/Ojirowashi_White_Tailed_Eagle/ext_inat_20260504/inat_252660425_1d1058b2.jpg,1,Ojirowashi
tool_bird_class_train/Ojirowashi_White_Tailed_Eagle/AAS1_ojirowashi-7D2M4512-1924-870-2113-2643.JPG,1,Ojirowashi
tool_bird_class_train/Ojirowashi_White_Tailed_Eagle/ext_inat_20260504/inat_318069851_fcf58697.jpg,1,Ojirowashi
tool_bird_class_train/Ojirowashi_White_Tailed_Eagle/AAS1_ojirowashi-7D2M5639-2424-551-1824-1216.JPG,1,Ojirowashi
tool_bird_class_train/Ojirowashi_White_Tailed_Eagle/ext_inat_20260504/inat_464512024_6a1dd598.jpg,1,Ojirowashi
tool_bird_class_train/Ojirowashi_White_Tailed_Eagle/ext_inat_20260504/inat_621685999_9e4f4255.jpg,1,Ojirowashi
tool_bird_class_train/Ojirowashi_White_Tailed_Eagle/ext_inat_20260504/inat_134412264_c7baa4dd.jpg,1,Ojirowashi
tool_bird_class_train/Ojirowashi_White_Tailed_Eagle/ext_inat_20260504/inat_475838000_2c21ecdf.jpg,1,Ojirowashi
tool_bird_class_train/Ojirowashi_White_Tailed_Eagle/ext_inat_20260504/inat_481046497_b7bc0782.jpg,1,Ojirowashi
tool_bird_class_train/Ojirowashi_White_Tailed_Eagle/ext_inat_20260504/inat_248200903_5e026d70.jpg,1,Ojirowashi
tool_bird_class_train/Ojirowashi_White_Tailed_Eagle/ext_inat_20260504/inat_378880807_39be6b41.jpg,1,Ojirowashi
tool_bird_class_train/Ojirowashi_White_Tailed_Eagle/ext_inat_20260504/inat_483424609_15e502dc.jpg,1,Ojirowashi
tool_bird_class_train/Ojirowashi_White_Tailed_Eagle/ext_inat_20260504/inat_444641432_6185b6cb.jpg,1,Ojirowashi
tool_bird_class_train/Ojirowashi_White_Tailed_Eagle/ext_inat_20260504/inat_383398604_81a1f8f7.jpg,1,Ojirowashi
tool_bird_class_train/Ojirowashi_White_Tailed_Eagle/AAS1_ojirowashi-7D2M6522-2606-1456-1051-475.JPG,1,Ojirowashi
tool_bird_class_train/Ojirowashi_White_Tailed_Eagle/AAS1_ojirowashi-7D2M4906-2781-1733-725-573.JPG,1,Ojirowashi
tool_bird_class_train/Ojirowashi_White_Tailed_Eagle/ext_inat_20260504/inat_606642741_6b7b5dc4.jpg,1,Ojirowashi
tool_bird_class_train/Ojirowashi_White_Tailed_Eagle/ext_inat_20260504/inat_600507950_f6d67a9a.jpg,1,Ojirowashi
tool_bird_class_train/Ojirowashi_White_Tailed_Eagle/AAS1_ojirowashi-7D2M3509-2093-674-997-1242.JPG,1,Ojirowashi
tool_bird_class_train/Ojirowashi_White_Tailed_Eagle/AAS1_ojirowashi-7D2M4456-1-288-229-298-230.JPG,1,Ojirowashi
tool_bird_class_train/Ojirowashi_White_Tailed_Eagle/ext_inat_20260504/inat_255826865_100a6408.jpg,1,Ojirowashi
tool_bird_class_train/Ojirowashi_White_Tailed_Eagle/frame_002020_bb00_t0067.40_conf0.994.jpg,1,Ojirowashi
tool_bird_class_train/Ojirowashi_White_Tailed_Eagle/ext_inat_20260504/inat_307754143_2e3e8091.jpg,1,Ojirowashi
tool_bird_class_train/Ojirowashi_White_Tailed_Eagle/AAS1_ojirowashi-7D2M4288-2548-1666-420-268.JPG,1,Ojirowashi
tool_bird_class_train/Ojirowashi_White_Tailed_Eagle/ext_inat_20260504/inat_344433468_2fb578ad.jpg,1,Ojirowashi
tool_bird_class_train/Ojirowashi_White_Tailed_Eagle/ext_inat_20260504/inat_487819229_77a3f2c8.jpg,1,Ojirowashi
tool_bird_class_train/Ojirowashi_White_Tailed_Eagle/AAS1_ojirowashi-7D2M4627-2117-1280-867-702.JPG,1,Ojirowashi
tool_bird_class_train/Ojirowashi_White_Tailed_Eagle/AAS1_ojirowashi-7D2M6259-2272-1094-433-1142.JPG,1,Ojirowashi
tool_bird_class_train/Ojirowashi_White_Tailed_Eagle/AAS1_ojirowashi-7D2M4733-1109-2371-462-435.JPG,1,Ojirowashi
tool_bird_class_train/Ojirowashi_White_Tailed_Eagle/AAS1_ojirowashi-7DMA1264-2526-1497-526-366.JPG,1,Ojirowashi
tool_bird_class_train/Ojirowashi_White_Tailed_Eagle/ext_inat_20260504/inat_503112321_4562edf5.jpg,1,Ojirowashi
tool_bird_class_train/Ojirowashi_White_Tailed_Eagle/AAS1_ojirowashi-7D2M6631-2203-1277-1011-1082.JPG,1,Ojirowashi
tool_bird_class_train/Ojirowashi_White_Tailed_Eagle/AAS1_ojirowashi-7D2M4705-2528-1417-878-646.JPG,1,Ojirowashi
tool_bird_class_train/Ojirowashi_White_Tailed_Eagle/ext_inat_20260504/inat_584361092_3eb9bef9.jpg,1,Ojirowashi
tool_bird_class_train/Ojirowashi_White_Tailed_Eagle/ext_inat_20260504/inat_132926018_8e3040f0.jpg,1,Ojirowashi
tool_bird_class_train/Ojirowashi_White_Tailed_Eagle/ext_inat_20260504/inat_233727406_7f295280.jpg,1,Ojirowashi
tool_bird_class_train/Ojirowashi_White_Tailed_Eagle/AAS1_ojirowashi-7D2M6629-2375-1356-1456-1010.JPG,1,Ojirowashi
tool_bird_class_train/Ojirowashi_White_Tailed_Eagle/ext_inat_20260504/inat_108685152_13332f82.jpg,1,Ojirowashi
tool_bird_class_train/Ojirowashi_White_Tailed_Eagle/AAS1_ojirowashi-7D2M6467-1507-1365-1849-658.JPG,1,Ojirowashi
tool_bird_class_train/Ojirowashi_White_Tailed_Eagle/AAS1_ojirowashi-7D2M4892-2560-1049-654-834.JPG,1,Ojirowashi
tool_bird_class_train/Ojirowashi_White_Tailed_Eagle/AAS1_ojirowashi-7DMA1170-2580-1655-362-432.JPG,1,Ojirowashi
tool_bird_class_train/Ojirowashi_White_Tailed_Eagle/AAS1_ojirowashi-7D2M9934-3210-1899-60-71.JPG,1,Ojirowashi
tool_bird_class_train/Ojirowashi_White_Tailed_Eagle/ext_inat_20260504/inat_353306768_96207dca.jpg,1,Ojirowashi
tool_bird_class_train/Ojirowashi_White_Tailed_Eagle/ext_inat_20260504/inat_399840720_61bbe8a1.jpg,1,Ojirowashi
tool_bird_class_train/Ojirowashi_White_Tailed_Eagle/ext_inat_20260504/inat_281614777_b7c62728.jpg,1,Ojirowashi
tool_bird_class_train/Ojirowashi_White_Tailed_Eagle/ext_inat_20260504/inat_560401043_c3952f2b.jpg,1,Ojirowashi
tool_bird_class_train/Ojirowashi_White_Tailed_Eagle/ext_inat_20260504/inat_235032716_ec2a832d.jpg,1,Ojirowashi
tool_bird_class_train/Ojirowashi_White_Tailed_Eagle/ext_inat_20260504/inat_193757749_2d313862.jpg,1,Ojirowashi
tool_bird_class_train/Ojirowashi_White_Tailed_Eagle/ext_inat_20260504/inat_604553787_02c22708.jpg,1,Ojirowashi
tool_bird_class_train/Ojirowashi_White_Tailed_Eagle/AAS1_ojirowashi-7D2M6523-1872-1580-1121-380.JPG,1,Ojirowashi
tool_bird_class_train/Ojirowashi_White_Tailed_Eagle/ext_inat_20260504/inat_315796308_bbed4932.jpg,1,Ojirowashi
tool_bird_class_train/Ojirowashi_White_Tailed_Eagle/ext_inat_20260504/inat_173189587_6f1719e1.jpg,1,Ojirowashi
tool_bird_class_train/Ojirowashi_White_Tailed_Eagle/AAS1_ojirowashi-7D2M6528-2033-1431-1112-650.JPG,1,Ojirowashi
tool_bird_class_train/Ojirowashi_White_Tailed_Eagle/ext_inat_20260504/inat_610740119_71d5ed4b.jpg,1,Ojirowashi
tool_bird_class_train/Ojirowashi_White_Tailed_Eagle/ext_inat_20260504/inat_610965966_f2ba66ac.jpg,1,Ojirowashi
tool_bird_class_train/Ojirowashi_White_Tailed_Eagle/ext_inat_20260504/inat_572842324_2fbec2ce.jpg,1,Ojirowashi
tool_bird_class_train/Ojirowashi_White_Tailed_Eagle/AAS1_ojirowashi-7D2M5387-2554-1632-747-336.JPG,1,Ojirowashi
tool_bird_class_train/Ojirowashi_White_Tailed_Eagle/ext_inat_20260504/inat_180475180_48ec7d4d.jpg,1,Ojirowashi
tool_bird_class_train/Ojirowashi_White_Tailed_Eagle/AAS1_ojirowashi-7DMA1310-2357-1784-376-240.JPG,1,Ojirowashi
tool_bird_class_train/Ojirowashi_White_Tailed_Eagle/ext_inat_20260504/inat_323064543_a32dc704.jpg,1,Ojirowashi
tool_bird_class_train/Ojirowashi_White_Tailed_Eagle/ext_inat_20260504/inat_450637869_0ec83bfa.png,1,Ojirowashi
tool_bird_class_train/Ojirowashi_White_Tailed_Eagle/ext_inat_20260504/inat_363957569_457c7c2c.jpg,1,Ojirowashi
tool_bird_class_train/Ojirowashi_White_Tailed_Eagle/ext_inat_20260504/inat_359807312_c264401a.jpg,1,Ojirowashi
tool_bird_class_train/Ojirowashi_White_Tailed_Eagle/AAS1_ojirowashi-7D2M6976-2458-1597-656-330.JPG,1,Ojirowashi
tool_bird_class_train/Ojirowashi_White_Tailed_Eagle/ext_inat_20260504/inat_395168423_792177db.jpg,1,Ojirowashi
tool_bird_class_train/Ojirowashi_White_Tailed_Eagle/AAS1_ojirowashi-7D2M6639-2624-1792-591-445.JPG,1,Ojirowashi
tool_bird_class_train/Ojirowashi_White_Tailed_Eagle/frame_001570_bb00_t0052.39_conf0.992.jpg,1,Ojirowashi
tool_bird_class_train/Ojirowashi_White_Tailed_Eagle/ext_inat_20260504/inat_452194244_aa44c170.jpg,1,Ojirowashi
tool_bird_class_train/Ojirowashi_White_Tailed_Eagle/AAS1_ojirowashi-7D2M5550-1-1679-632-1824-1216.JPG,1,Ojirowashi
tool_bird_class_train/Ojirowashi_White_Tailed_Eagle/AAS1_ojirowashi-7D2M3212-2794-1634-264-582.JPG,1,Ojirowashi
tool_bird_class_train/Ojirowashi_White_Tailed_Eagle/frame_002260_bb00_t0075.41_conf0.970.jpg,1,Ojirowashi
tool_bird_class_train/Ojirowashi_White_Tailed_Eagle/ext_inat_20260504/inat_165397174_80ced629.jpg,1,Ojirowashi
tool_bird_class_train/Ojirowashi_White_Tailed_Eagle/ext_inat_20260504/inat_472128680_984fa427.jpg,1,Ojirowashi
tool_bird_class_train/Ojirowashi_White_Tailed_Eagle/v4_gt/348923626.jpg,1,Ojirowashi
tool_bird_class_train/Ojirowashi_White_Tailed_Eagle/AAS1_ojirowashi-7D2M4715-2722-1477-256-260.JPG,1,Ojirowashi
tool_bird_class_train/Ojirowashi_White_Tailed_Eagle/ext_inat_20260504/inat_637228366_7e3a081c.jpg,1,Ojirowashi
tool_bird_class_train/Ojirowashi_White_Tailed_Eagle/ext_inat_20260504/inat_315421066_2e3b9ad8.jpg,1,Ojirowashi
tool_bird_class_train/Ojirowashi_White_Tailed_Eagle/AAS1_ojirowashi-7DMA1168-2484-1350-428-913.JPG,1,Ojirowashi
tool_bird_class_train/Ojirowashi_White_Tailed_Eagle/ext_inat_20260504/inat_103117903_02b61473.jpg,1,Ojirowashi
tool_bird_class_train/Ojirowashi_White_Tailed_Eagle/AAS1_ojirowashi-7DMA1181-2671-1649-321-272.JPG,1,Ojirowashi
tool_bird_class_train/Ojirowashi_White_Tailed_Eagle/inat_3160/613669cd-1c49-407b-8151-d2b3568e9ea8.jpg,1,Ojirowashi
tool_bird_class_train/Ojirowashi_White_Tailed_Eagle/ext_inat_20260504/inat_573373921_216d0cbf.jpg,1,Ojirowashi
tool_bird_class_train/Ojirowashi_White_Tailed_Eagle/ext_inat_20260504/inat_247496511_547479ea.jpg,1,Ojirowashi
tool_bird_class_train/Ojirowashi_White_Tailed_Eagle/ext_inat_20260504/inat_398765618_eb5c1a68.jpg,1,Ojirowashi
tool_bird_class_train/Ojirowashi_White_Tailed_Eagle/AAS1_ojirowashi-7D2M9828-2924-1446-345-446.JPG,1,Ojirowashi
tool_bird_class_train/Ojirowashi_White_Tailed_Eagle/ext_inat_20260504/inat_108994592_95274219.jpg,1,Ojirowashi
tool_bird_class_train/Ojirowashi_White_Tailed_Eagle/ext_inat_20260504/inat_648461074_2438f75b.jpg,1,Ojirowashi
tool_bird_class_train/Ojirowashi_White_Tailed_Eagle/AAS1_ojirowashi-7D2M6894-2262-1962-997-546.JPG,1,Ojirowashi
tool_bird_class_train/Ojirowashi_White_Tailed_Eagle/ext_inat_20260504/inat_578551713_a31465b8.jpg,1,Ojirowashi
tool_bird_class_train/Ojirowashi_White_Tailed_Eagle/ext_inat_20260504/inat_342527131_be064126.jpg,1,Ojirowashi
tool_bird_class_train/Ojirowashi_White_Tailed_Eagle/AAS1_ojirowashi-7D2M4224-2614-1660-424-495.JPG,1,Ojirowashi
tool_bird_class_train/Ojirowashi_White_Tailed_Eagle/ext_inat_20260504/inat_121293957_f0366274.jpg,1,Ojirowashi
tool_bird_class_train/Ojirowashi_White_Tailed_Eagle/ext_inat_20260504/inat_608687171_6bebb4b9.jpg,1,Ojirowashi
tool_bird_class_train/Ojirowashi_White_Tailed_Eagle/AAS1_ojirowashi-7D2M9984-2605-1796-191-44.JPG,1,Ojirowashi
tool_bird_class_train/Ojirowashi_White_Tailed_Eagle/v5_train_v5_inat/348270113.jpg,1,Ojirowashi
tool_bird_class_train/Ojirowashi_White_Tailed_Eagle/inat_3160/85513e3c-3d98-4579-9039-a2e504da4b8e.jpg,1,Ojirowashi
tool_bird_class_train/Ojirowashi_White_Tailed_Eagle/ext_inat_20260504/inat_529377652_bed14dc1.jpg,1,Ojirowashi
tool_bird_class_train/Ojirowashi_White_Tailed_Eagle/AAS1_ojirowashi-7DMA1286-2490-1789-296-450.JPG,1,Ojirowashi
tool_bird_class_train/Ojirowashi_White_Tailed_Eagle/ext_inat_20260504/inat_484504290_fea968db.jpg,1,Ojirowashi
tool_bird_class_train/Ojirowashi_White_Tailed_Eagle/AAS1_ojirowashi-7D2M6635-2770-1700-507-246.JPG,1,Ojirowashi
tool_bird_class_train/Ojirowashi_White_Tailed_Eagle/ext_inat_20260504/inat_417244578_ab7483e5.jpg,1,Ojirowashi
tool_bird_class_train/Ojirowashi_White_Tailed_Eagle/AAS1_ojirowashi-7DMA0862-2243-1282-503-408.JPG,1,Ojirowashi
tool_bird_class_train/Ojirowashi_White_Tailed_Eagle/ext_inat_20260504/inat_526245508_5c84672f.jpg,1,Ojirowashi
tool_bird_class_train/Ojirowashi_White_Tailed_Eagle/v5_train_v5_inat/351467626.jpg,1,Ojirowashi
tool_bird_class_train/Ojirowashi_White_Tailed_Eagle/ext_inat_20260504/inat_498194122_dcebfbe2.jpg,1,Ojirowashi
tool_bird_class_train/Ojirowashi_White_Tailed_Eagle/AAS1_ojirowashi-7D2M3494-2474-1802-558-155.JPG,1,Ojirowashi
tool_bird_class_train/Ojirowashi_White_Tailed_Eagle/AAS1_ojirowashi-7D2M5708-2762-1454-175-216.JPG,1,Ojirowashi
tool_bird_class_train/Ojirowashi_White_Tailed_Eagle/AAS1_ojirowashi-7D2M3637-2787-1590-194-328.JPG,1,Ojirowashi
tool_bird_class_train/Ojirowashi_White_Tailed_Eagle/ext_inat_20260504/inat_155571962_c54f10eb.jpg,1,Ojirowashi
tool_bird_class_train/Ojirowashi_White_Tailed_Eagle/AAS1_ojirowashi-7D2M6607-2722-1204-1088-606.JPG,1,Ojirowashi
tool_bird_class_train/Ojirowashi_White_Tailed_Eagle/ext_inat_20260504/inat_441430010_1a517ce8.jpg,1,Ojirowashi
tool_bird_class_train/Ojirowashi_White_Tailed_Eagle/ext_inat_20260504/inat_257579735_90622bfa.jpg,1,Ojirowashi
tool_bird_class_train/Ojirowashi_White_Tailed_Eagle/AAS1_ojirowashi-7D2M6947-2852-946-696-992.JPG,1,Ojirowashi
tool_bird_class_train/Ojirowashi_White_Tailed_Eagle/AAS1_ojirowashi-7DMA0817-2592-1569-252-158.JPG,1,Ojirowashi
tool_bird_class_train/Ojirowashi_White_Tailed_Eagle/ext_inat_20260504/inat_615219358_ed022913.jpg,1,Ojirowashi
tool_bird_class_train/Ojirowashi_White_Tailed_Eagle/ext_inat_20260504/inat_447360532_b9f0fce5.jpg,1,Ojirowashi
tool_bird_class_train/Ojirowashi_White_Tailed_Eagle/AAS1_ojirowashi-7D2M6691-2530-1789-499-181.JPG,1,Ojirowashi
tool_bird_class_train/Ojirowashi_White_Tailed_Eagle/ext_inat_20260504/inat_364753261_9cf86cdd.jpg,1,Ojirowashi
tool_bird_class_train/Ojirowashi_White_Tailed_Eagle/ext_inat_20260504/inat_492595385_fb690395.jpg,1,Ojirowashi
tool_bird_class_train/Ojirowashi_White_Tailed_Eagle/ext_inat_20260504/inat_386358967_040522bc.jpg,1,Ojirowashi
tool_bird_class_train/Ojirowashi_White_Tailed_Eagle/AAS1_ojirowashi-7D2M4554-2835-1475-440-578.JPG,1,Ojirowashi
tool_bird_class_train/Ojirowashi_White_Tailed_Eagle/ext_inat_20260504/inat_266865909_ce894e06.jpg,1,Ojirowashi
tool_bird_class_train/Ojirowashi_White_Tailed_Eagle/frame_001590_bb01_t0053.05_conf0.982.jpg,1,Ojirowashi
tool_bird_class_train/Ojirowashi_White_Tailed_Eagle/AAS1_ojirowashi-7D2M6980-2609-1655-527-322.JPG,1,Ojirowashi
tool_bird_class_train/Ojirowashi_White_Tailed_Eagle/ext_inat_20260504/inat_316486744_d3fa7657.jpg,1,Ojirowashi
tool_bird_class_train/Ojirowashi_White_Tailed_Eagle/AAS1_ojirowashi-7DMA0881-2274-1586-409-263.JPG,1,Ojirowashi
tool_bird_class_train/Ojirowashi_White_Tailed_Eagle/ext_inat_20260504/inat_153166820_a61826ee.jpg,1,Ojirowashi
tool_bird_class_train/Ojirowashi_White_Tailed_Eagle/AAS1_ojirowashi-7D2M3443-2600-1726-272-145.JPG,1,Ojirowashi
tool_bird_class_train/Ojirowashi_White_Tailed_Eagle/ext_inat_20260504/inat_212339906_0ba72171.jpg,1,Ojirowashi
tool_bird_class_train/Ojirowashi_White_Tailed_Eagle/ext_inat_20260504/inat_169609406_c9e7ab84.jpg,1,Ojirowashi
tool_bird_class_train/Ojirowashi_White_Tailed_Eagle/AAS1_ojirowashi-7D2M4723-2498-1604-326-388.JPG,1,Ojirowashi
tool_bird_class_train/Ojirowashi_White_Tailed_Eagle/ext_inat_20260504/inat_533007161_bda85e55.jpg,1,Ojirowashi
tool_bird_class_train/Ojirowashi_White_Tailed_Eagle/ext_inat_20260504/inat_471784381_42ad1524.jpg,1,Ojirowashi
tool_bird_class_train/Ojirowashi_White_Tailed_Eagle/ext_inat_20260504/inat_604810622_c73951ed.jpg,1,Ojirowashi
tool_bird_class_train/Ojirowashi_White_Tailed_Eagle/AAS1_ojirowashi-7D2M3569-2726-1653-460-229.JPG,1,Ojirowashi
tool_bird_class_train/Ojirowashi_White_Tailed_Eagle/AAS1_ojirowashi-7DMA1125-2675-1799-188-249.JPG,1,Ojirowashi
tool_bird_class_train/Ojirowashi_White_Tailed_Eagle/ext_inat_20260504/inat_192810217_07e5283c.jpg,1,Ojirowashi
tool_bird_class_train/Ojirowashi_White_Tailed_Eagle/AAS1_ojirowashi-7D2M4248-2532-1637-430-547.JPG,1,Ojirowashi
tool_bird_class_train/Ojirowashi_White_Tailed_Eagle/frame_002520_bb00_t0084.08_conf0.984.jpg,1,Ojirowashi
tool_bird_class_train/Ojirowashi_White_Tailed_Eagle/AAS1_ojirowashi-7D2M2909-2499-1475-379-466.JPG,1,Ojirowashi
tool_bird_class_train/Ojirowashi_White_Tailed_Eagle/ext_inat_20260504/inat_551241074_7e60a5fb.jpg,1,Ojirowashi
tool_bird_class_train/Ojirowashi_White_Tailed_Eagle/ext_inat_20260504/inat_646060144_3fe528ff.jpg,1,Ojirowashi
tool_bird_class_train/Ojirowashi_White_Tailed_Eagle/ext_inat_20260504/inat_267851105_d61e144d.jpg,1,Ojirowashi
tool_bird_class_train/Ojirowashi_White_Tailed_Eagle/ext_inat_20260504/inat_257577175_4333ec81.jpg,1,Ojirowashi
tool_bird_class_train/Ojirowashi_White_Tailed_Eagle/ext_inat_20260504/inat_489333727_44b6f227.jpg,1,Ojirowashi
tool_bird_class_train/Ojirowashi_White_Tailed_Eagle/ext_inat_20260504/inat_251298632_fbe9a9fa.jpg,1,Ojirowashi
tool_bird_class_train/Ojirowashi_White_Tailed_Eagle/ext_inat_20260504/inat_646107618_5408f936.jpg,1,Ojirowashi
tool_bird_class_train/Ojirowashi_White_Tailed_Eagle/v4_gt/348442813.jpg,1,Ojirowashi
tool_bird_class_train/Ojirowashi_White_Tailed_Eagle/AAS1_ojirowashi-7D2M4841-3005-2107-1624-1535.JPG,1,Ojirowashi
tool_bird_class_train/Ojirowashi_White_Tailed_Eagle/ext_inat_20260504/inat_565800327_28e0f92a.jpg,1,Ojirowashi
tool_bird_class_train/Ojirowashi_White_Tailed_Eagle/ext_inat_20260504/inat_260000668_8cfe9144.jpg,1,Ojirowashi
tool_bird_class_train/Ojirowashi_White_Tailed_Eagle/AAS1_ojirowashi-7D2M4746-2494-1649-600-294.JPG,1,Ojirowashi
tool_bird_class_train/Ojirowashi_White_Tailed_Eagle/ext_inat_20260504/inat_376749055_31c47f20.jpg,1,Ojirowashi
tool_bird_class_train/Ojirowashi_White_Tailed_Eagle/AAS1_ojirowashi-7DMA1311-2355-1805-363-189.JPG,1,Ojirowashi
tool_bird_class_train/Ojirowashi_White_Tailed_Eagle/AAS1_ojirowashi-7D2M6951-2448-1647-689-371.JPG,1,Ojirowashi
tool_bird_class_train/Ojirowashi_White_Tailed_Eagle/ext_inat_20260504/inat_580109527_590191e6.jpg,1,Ojirowashi
tool_bird_class_train/Ojirowashi_White_Tailed_Eagle/AAS1_ojirowashi-7D2M4103-1766-1595-1420-624.JPG,1,Ojirowashi
tool_bird_class_train/Ojirowashi_White_Tailed_Eagle/ext_inat_20260504/inat_563688567_fadd8a15.jpg,1,Ojirowashi
tool_bird_class_train/Ojirowashi_White_Tailed_Eagle/ext_inat_20260504/inat_472743251_64fb931a.jpg,1,Ojirowashi
tool_bird_class_train/Ojirowashi_White_Tailed_Eagle/ext_inat_20260504/inat_462889294_4816c100.jpg,1,Ojirowashi
tool_bird_class_train/Ojirowashi_White_Tailed_Eagle/ext_inat_20260504/inat_231487052_76b2bdc6.jpg,1,Ojirowashi
tool_bird_class_train/Ojirowashi_White_Tailed_Eagle/ext_inat_20260504/inat_509967371_99390b63.jpg,1,Ojirowashi
tool_bird_class_train/Ojirowashi_White_Tailed_Eagle/ext_inat_20260504/inat_635094237_ff4eedab.jpg,1,Ojirowashi
tool_bird_class_train/Ojirowashi_White_Tailed_Eagle/ext_inat_20260504/inat_119178478_1c90dc8a.jpg,1,Ojirowashi
tool_bird_class_train/Ojirowashi_White_Tailed_Eagle/ext_inat_20260504/inat_568969200_2420649d.jpg,1,Ojirowashi
tool_bird_class_train/Ojirowashi_White_Tailed_Eagle/ext_inat_20260504/inat_604810056_5e124e05.jpg,1,Ojirowashi
tool_bird_class_train/Ojirowashi_White_Tailed_Eagle/ext_inat_20260504/inat_398648471_c4385a63.jpg,1,Ojirowashi
tool_bird_class_train/Ojirowashi_White_Tailed_Eagle/ext_inat_20260504/inat_599210788_3846b25a.jpg,1,Ojirowashi
tool_bird_class_train/Ojirowashi_White_Tailed_Eagle/ext_inat_20260504/inat_255634030_58a24a26.jpg,1,Ojirowashi
tool_bird_class_train/Ojirowashi_White_Tailed_Eagle/AAS1_ojirowashi-7DMA1117-2282-2052-364-171.JPG,1,Ojirowashi
tool_bird_class_train/Ojirowashi_White_Tailed_Eagle/ext_inat_20260504/inat_613274022_0916e0e4.jpg,1,Ojirowashi
tool_bird_class_train/Ojirowashi_White_Tailed_Eagle/ext_inat_20260504/inat_624201233_4a78560b.jpg,1,Ojirowashi
tool_bird_class_train/Ojirowashi_White_Tailed_Eagle/ext_inat_20260504/inat_171556397_519a7552.jpg,1,Ojirowashi
tool_bird_class_train/Ojirowashi_White_Tailed_Eagle/ext_inat_20260504/inat_349218899_423f8487.jpg,1,Ojirowashi
tool_bird_class_train/Ojirowashi_White_Tailed_Eagle/AAS1_ojirowashi-7D2M5683-2559-1494-271-462.JPG,1,Ojirowashi
tool_bird_class_train/Ojirowashi_White_Tailed_Eagle/AAS1_ojirowashi-7D2M4430-2121-1124-488-640.JPG,1,Ojirowashi
tool_bird_class_train/Ojirowashi_White_Tailed_Eagle/ext_inat_20260504/inat_93926653_a4a17af8.jpg,1,Ojirowashi
tool_bird_class_train/Ojirowashi_White_Tailed_Eagle/ext_inat_20260504/inat_249101402_be49feb0.jpg,1,Ojirowashi
tool_bird_class_train/Ojirowashi_White_Tailed_Eagle/ext_inat_20260504/inat_606642573_5eec66d3.jpg,1,Ojirowashi
tool_bird_class_train/Ojirowashi_White_Tailed_Eagle/ext_inat_20260504/inat_180778340_043303ff.jpg,1,Ojirowashi
tool_bird_class_train/Ojirowashi_White_Tailed_Eagle/ext_inat_20260504/inat_213862510_8981b9e9.jpg,1,Ojirowashi
tool_bird_class_train/Ojirowashi_White_Tailed_Eagle/ext_inat_20260504/inat_518835980_cea20a16.jpg,1,Ojirowashi
tool_bird_class_train/Ojirowashi_White_Tailed_Eagle/ext_inat_20260504/inat_253871527_064c6bac.jpg,1,Ojirowashi
tool_bird_class_train/Ojirowashi_White_Tailed_Eagle/AAS1_ojirowashi-7D2M4893-2603-1494-860-572.JPG,1,Ojirowashi
tool_bird_class_train/Ojirowashi_White_Tailed_Eagle/ext_inat_20260504/inat_425835443_87f554fa.jpg,1,Ojirowashi
tool_bird_class_train/Ojirowashi_White_Tailed_Eagle/AAS1_ojirowashi-7D2M2918-2257-1391-698-264.JPG,1,Ojirowashi
tool_bird_class_train/Ojirowashi_White_Tailed_Eagle/ext_inat_20260504/inat_343511126_5066d10d.jpg,1,Ojirowashi
tool_bird_class_train/Ojirowashi_White_Tailed_Eagle/AAS1_ojirowashi-7DMA0812-2708-1677-266-236.JPG,1,Ojirowashi
tool_bird_class_train/Ojirowashi_White_Tailed_Eagle/ext_inat_20260504/inat_430811724_e3799f0b.jpg,1,Ojirowashi
tool_bird_class_train/Ojirowashi_White_Tailed_Eagle/ext_inat_20260504/inat_264077566_8c8ad868.jpg,1,Ojirowashi
tool_bird_class_train/Ojirowashi_White_Tailed_Eagle/AAS1_ojirowashi-rrrrrIMGr3602-247-113-237-393.JPG,1,Ojirowashi
tool_bird_class_train/Ojirowashi_White_Tailed_Eagle/ext_inat_20260504/inat_470578764_2d48daec.jpg,1,Ojirowashi
tool_bird_class_train/Ojirowashi_White_Tailed_Eagle/ext_inat_20260504/inat_165097682_d543f676.jpg,1,Ojirowashi
tool_bird_class_train/Ojirowashi_White_Tailed_Eagle/AAS1_ojirowashi-7D2M6620-2189-1641-1324-406.JPG,1,Ojirowashi
tool_bird_class_train/Ojirowashi_White_Tailed_Eagle/ext_inat_20260504/inat_110380998_04420e50.jpg,1,Ojirowashi
tool_bird_class_train/Ojirowashi_White_Tailed_Eagle/ext_inat_20260504/inat_606397951_146ce943.jpg,1,Ojirowashi
tool_bird_class_train/Ojirowashi_White_Tailed_Eagle/ext_inat_20260504/inat_411337937_76d79e82.jpg,1,Ojirowashi
tool_bird_class_train/Ojirowashi_White_Tailed_Eagle/AAS1_ojirowashi-7D2M2984-2192-1958-395-252.JPG,1,Ojirowashi
tool_bird_class_train/Ojirowashi_White_Tailed_Eagle/ext_inat_20260504/inat_234630270_627af42e.jpg,1,Ojirowashi
tool_bird_class_train/Ojirowashi_White_Tailed_Eagle/AAS1_ojirowashi-7DMA1114-2455-1757-599-221.JPG,1,Ojirowashi
tool_bird_class_train/Ojirowashi_White_Tailed_Eagle/AAS1_ojirowashi-7D2M6739-3081-1738-567-356.JPG,1,Ojirowashi
tool_bird_class_train/Ojirowashi_White_Tailed_Eagle/ext_inat_20260504/inat_391049514_f7cf0534.jpg,1,Ojirowashi
tool_bird_class_train/Ojirowashi_White_Tailed_Eagle/AAS1_ojirowashi-7D2M5710-2371-2353-173-215.JPG,1,Ojirowashi
tool_bird_class_train/Ojirowashi_White_Tailed_Eagle/ext_inat_20260504/inat_638676051_56e3bac2.jpg,1,Ojirowashi
tool_bird_class_train/Ojirowashi_White_Tailed_Eagle/ext_inat_20260504/inat_173891314_82a9f443.jpg,1,Ojirowashi
tool_bird_class_train/Ojirowashi_White_Tailed_Eagle/AAS1_ojirowashi-7D2M6478-1001-24-2520-2777.JPG,1,Ojirowashi
tool_bird_class_train/Ojirowashi_White_Tailed_Eagle/ext_inat_20260504/inat_306860033_79ce1d75.jpg,1,Ojirowashi
tool_bird_class_train/Ojirowashi_White_Tailed_Eagle/AAS1_ojirowashi-7DMA1331-1819-1214-422-161.JPG,1,Ojirowashi
tool_bird_class_train/Ojirowashi_White_Tailed_Eagle/AAS1_ojirowashi-7D2M4211-2446-1734-260-191.JPG,1,Ojirowashi
tool_bird_class_train/Ojirowashi_White_Tailed_Eagle/ext_inat_20260504/inat_223196701_69c1d206.jpg,1,Ojirowashi
tool_bird_class_train/Ojirowashi_White_Tailed_Eagle/ext_inat_20260504/inat_618448531_f6de6920.jpg,1,Ojirowashi
tool_bird_class_train/Ojirowashi_White_Tailed_Eagle/ext_inat_20260504/inat_463103112_ea515a9f.jpg,1,Ojirowashi
tool_bird_class_train/Ojirowashi_White_Tailed_Eagle/AAS1_ojirowashi-7D2M6548-2316-1688-477-270.JPG,1,Ojirowashi
tool_bird_class_train/Ojirowashi_White_Tailed_Eagle/ext_inat_20260504/inat_171799945_13359f05.jpg,1,Ojirowashi
tool_bird_class_train/Ojirowashi_White_Tailed_Eagle/AAS1_ojirowashi-7DMA1122-2686-1737-217-510.JPG,1,Ojirowashi
tool_bird_class_train/Ojirowashi_White_Tailed_Eagle/ext_inat_20260504/inat_359438898_219b2d28.jpg,1,Ojirowashi
tool_bird_class_train/Ojirowashi_White_Tailed_Eagle/ext_inat_20260504/inat_364752973_14efaf7d.jpg,1,Ojirowashi
tool_bird_class_train/Ojirowashi_White_Tailed_Eagle/ext_inat_20260504/inat_476689072_37e43c6c.jpg,1,Ojirowashi
tool_bird_class_train/Ojirowashi_White_Tailed_Eagle/ext_inat_20260504/inat_579359558_52d6ec9f.jpg,1,Ojirowashi
tool_bird_class_train/Ojirowashi_White_Tailed_Eagle/ext_inat_20260504/inat_257772704_f7f2a7b1.jpg,1,Ojirowashi
tool_bird_class_train/Ojirowashi_White_Tailed_Eagle/ext_inat_20260504/inat_388111173_b525f9bd.jpg,1,Ojirowashi
tool_bird_class_train/Ojirowashi_White_Tailed_Eagle/AAS1_ojirowashi-7D2M6611-1724-1407-1053-481.JPG,1,Ojirowashi
tool_bird_class_train/Ojirowashi_White_Tailed_Eagle/ext_inat_20260504/inat_574751084_96abbec7.jpg,1,Ojirowashi
tool_bird_class_train/Ojirowashi_White_Tailed_Eagle/AAS1_ojirowashi-7D2M3576-2674-1700-473-194.JPG,1,Ojirowashi
tool_bird_class_train/Ojirowashi_White_Tailed_Eagle/ext_inat_20260504/inat_485469728_0101d333.jpg,1,Ojirowashi
tool_bird_class_train/Ojirowashi_White_Tailed_Eagle/ext_inat_20260504/inat_212989522_216a4be0.jpg,1,Ojirowashi
tool_bird_class_train/Ojirowashi_White_Tailed_Eagle/AAS1_ojirowashi-7D2M3626-2671-1626-263-178.JPG,1,Ojirowashi
tool_bird_class_train/Ojirowashi_White_Tailed_Eagle/AAS1_ojirowashi-7DMA1336-2858-1752-319-195.JPG,1,Ojirowashi
tool_bird_class_train/Ojirowashi_White_Tailed_Eagle/AAS1_ojirowashi-7DMA1179-2953-1944-208-404.JPG,1,Ojirowashi
tool_bird_class_train/Ojirowashi_White_Tailed_Eagle/inat_3160/b777e4dc-0197-48d3-9102-0cec9f3bebad.jpg,1,Ojirowashi
tool_bird_class_train/Ojirowashi_White_Tailed_Eagle/AAS1_ojirowashi-7D2M6965-2580-1840-488-201.JPG,1,Ojirowashi
tool_bird_class_train/Ojirowashi_White_Tailed_Eagle/ext_inat_20260504/inat_304551383_60a50001.jpg,1,Ojirowashi
tool_bird_class_train/Ojirowashi_White_Tailed_Eagle/ext_inat_20260504/inat_530905519_e08d06d7.jpg,1,Ojirowashi
tool_bird_class_train/Ojirowashi_White_Tailed_Eagle/AAS1_ojirowashi-7D2M9999-2651-1900-177-72.JPG,1,Ojirowashi
tool_bird_class_train/Ojirowashi_White_Tailed_Eagle/ext_inat_20260504/inat_179607524_28d7d9e6.jpg,1,Ojirowashi
tool_bird_class_train/Ojirowashi_White_Tailed_Eagle/ext_inat_20260504/inat_425835538_ccbf79da.jpg,1,Ojirowashi
tool_bird_class_train/Ojirowashi_White_Tailed_Eagle/AAS1_ojirowashi-7D2M6555-2499-1875-926-158.JPG,1,Ojirowashi
tool_bird_class_train/Ojirowashi_White_Tailed_Eagle/AAS1_ojirowashi-7D2M2948-2772-1459-231-338.JPG,1,Ojirowashi
tool_bird_class_train/Ojirowashi_White_Tailed_Eagle/ext_inat_20260504/inat_321437180_1621ef0e.jpg,1,Ojirowashi
tool_bird_class_train/Ojirowashi_White_Tailed_Eagle/ext_inat_20260504/inat_181194875_050c450e.jpg,1,Ojirowashi
tool_bird_class_train/Ojirowashi_White_Tailed_Eagle/AAS1_ojirowashi-7D2M3603-2604-1808-521-437.JPG,1,Ojirowashi
tool_bird_class_train/Ojirowashi_White_Tailed_Eagle/AAS1_ojirowashi-7D2M4729-2056-1591-321-509.JPG,1,Ojirowashi
tool_bird_class_train/Ojirowashi_White_Tailed_Eagle/ext_inat_20260504/inat_89048285_e7f3cf1c.jpg,1,Ojirowashi
tool_bird_class_train/Ojirowashi_White_Tailed_Eagle/AAS1_ojirowashi-7D2M4445-2054-812-1132-1547.JPG,1,Ojirowashi
tool_bird_class_train/Ojirowashi_White_Tailed_Eagle/ext_inat_20260504/inat_401532037_d035100f.jpg,1,Ojirowashi
tool_bird_class_train/Ojirowashi_White_Tailed_Eagle/ext_inat_20260504/inat_599220985_0e8146e1.jpg,1,Ojirowashi
tool_bird_class_train/Ojirowashi_White_Tailed_Eagle/ext_inat_20260504/inat_364045198_bc798b64.jpg,1,Ojirowashi
tool_bird_class_train/Ojirowashi_White_Tailed_Eagle/ext_inat_20260504/inat_366045956_71d29fc8.jpg,1,Ojirowashi
tool_bird_class_train/Ojirowashi_White_Tailed_Eagle/ext_inat_20260504/inat_535822858_c6d90f2f.jpg,1,Ojirowashi
tool_bird_class_train/Ojirowashi_White_Tailed_Eagle/AAS1_ojirowashi-7D2M4443-1867-1280-1234-1350.JPG,1,Ojirowashi
tool_bird_class_train/Ojirowashi_White_Tailed_Eagle/ext_inat_20260504/inat_120207036_d7538963.jpg,1,Ojirowashi
tool_bird_class_train/Ojirowashi_White_Tailed_Eagle/ext_inat_20260504/inat_645608621_1d654c2f.jpg,1,Ojirowashi
tool_bird_class_train/Ojirowashi_White_Tailed_Eagle/ext_inat_20260504/inat_364045977_f6a9f95f.jpg,1,Ojirowashi
tool_bird_class_train/Ojirowashi_White_Tailed_Eagle/AAS1_ojirowashi-7D2M6464-2235-1641-1213-344.JPG,1,Ojirowashi
tool_bird_class_train/Ojirowashi_White_Tailed_Eagle/AAS1_ojirowashi-7D2M6767-2285-1427-718-702.JPG,1,Ojirowashi
tool_bird_class_train/Ojirowashi_White_Tailed_Eagle/AAS1_ojirowashi-7D2M6806-1617-1431-814-400.JPG,1,Ojirowashi
tool_bird_class_train/Ojirowashi_White_Tailed_Eagle/AAS1_ojirowashi-7D2M6745-2797-1641-389-344.JPG,1,Ojirowashi
tool_bird_class_train/Ojirowashi_White_Tailed_Eagle/ext_inat_20260504/inat_238835864_4b8cc068.jpg,1,Ojirowashi
tool_bird_class_train/Ojirowashi_White_Tailed_Eagle/ext_inat_20260504/inat_634852248_c59ebfa6.jpg,1,Ojirowashi
tool_bird_class_train/Ojirowashi_White_Tailed_Eagle/AAS1_ojirowashi-7D2M3398-2602-1815-375-123.JPG,1,Ojirowashi
tool_bird_class_train/Ojirowashi_White_Tailed_Eagle/AAS1_ojirowashi-7DMA1048-1948-1936-459-422.JPG,1,Ojirowashi
tool_bird_class_train/Ojirowashi_White_Tailed_Eagle/ext_inat_20260504/inat_253483166_21f73719.jpg,1,Ojirowashi
tool_bird_class_train/Ojirowashi_White_Tailed_Eagle/ext_inat_20260504/inat_602996174_d6dc7801.jpg,1,Ojirowashi
tool_bird_class_train/Ojirowashi_White_Tailed_Eagle/ext_inat_20260504/inat_626325283_52908c1e.jpg,1,Ojirowashi
tool_bird_class_train/Ojirowashi_White_Tailed_Eagle/ext_inat_20260504/inat_479076421_00cd3849.jpg,1,Ojirowashi
tool_bird_class_train/Ojirowashi_White_Tailed_Eagle/ext_inat_20260504/inat_307209019_5283aa5c.jpg,1,Ojirowashi
tool_bird_class_train/Ojirowashi_White_Tailed_Eagle/AAS1_ojirowashi-7D2M4135-1843-1344-685-749.JPG,1,Ojirowashi
tool_bird_class_train/Ojirowashi_White_Tailed_Eagle/AAS1_ojirowashi-7D2M5706-2572-1542-258-254.JPG,1,Ojirowashi
tool_bird_class_train/Ojirowashi_White_Tailed_Eagle/ext_inat_20260504/inat_247857246_01a0a822.jpg,1,Ojirowashi
tool_bird_class_train/Ojirowashi_White_Tailed_Eagle/ext_inat_20260504/inat_290829313_1625baa1.jpg,1,Ojirowashi
tool_bird_class_train/Ojirowashi_White_Tailed_Eagle/ext_inat_20260504/inat_155577496_1e4cab6e.jpg,1,Ojirowashi
tool_bird_class_train/Ojirowashi_White_Tailed_Eagle/ext_inat_20260504/inat_343946502_6be63eb6.jpg,1,Ojirowashi
tool_bird_class_train/Ojirowashi_White_Tailed_Eagle/AAS1_ojirowashi-7DMA1269-2816-1661-294-353.JPG,1,Ojirowashi
tool_bird_class_train/Ojirowashi_White_Tailed_Eagle/ext_inat_20260504/inat_553262351_f9270c7a.jpg,1,Ojirowashi
tool_bird_class_train/Ojirowashi_White_Tailed_Eagle/AAS1_ojirowashi-7DMA1321-3688-1670-353-140.JPG,1,Ojirowashi
tool_bird_class_train/Ojirowashi_White_Tailed_Eagle/AAS1_ojirowashi-7D2M3600-2528-1677-472-357.JPG,1,Ojirowashi
tool_bird_class_train/Ojirowashi_White_Tailed_Eagle/ext_inat_20260504/inat_538364508_0f53e9ef.jpg,1,Ojirowashi
tool_bird_class_train/Ojirowashi_White_Tailed_Eagle/ext_inat_20260504/inat_178032908_71c130e8.jpg,1,Ojirowashi
tool_bird_class_train/Ojirowashi_White_Tailed_Eagle/ext_inat_20260504/inat_646205975_c1d2c605.jpg,1,Ojirowashi
tool_bird_class_train/Ojirowashi_White_Tailed_Eagle/ext_inat_20260504/inat_568555791_fb954f16.jpg,1,Ojirowashi
tool_bird_class_train/Ojirowashi_White_Tailed_Eagle/ext_inat_20260504/inat_329996973_520a4d78.jpg,1,Ojirowashi
tool_bird_class_train/Ojirowashi_White_Tailed_Eagle/ext_inat_20260504/inat_234756586_2fdbefe7.jpg,1,Ojirowashi
tool_bird_class_train/Ojirowashi_White_Tailed_Eagle/ext_inat_20260504/inat_390444983_e1cb56d6.jpg,1,Ojirowashi
tool_bird_class_train/Ojirowashi_White_Tailed_Eagle/ext_inat_20260504/inat_483785003_c506fadd.jpg,1,Ojirowashi
tool_bird_class_train/Ojirowashi_White_Tailed_Eagle/ext_inat_20260504/inat_256470963_9d9873d6.jpg,1,Ojirowashi
tool_bird_class_train/Ojirowashi_White_Tailed_Eagle/ext_inat_20260504/inat_408969401_99a37058.jpg,1,Ojirowashi
tool_bird_class_train/Ojirowashi_White_Tailed_Eagle/ext_inat_20260504/inat_618128935_d192a7b0.jpg,1,Ojirowashi
tool_bird_class_train/Ojirowashi_White_Tailed_Eagle/ext_inat_20260504/inat_246338814_0d8c9cd4.jpg,1,Ojirowashi
tool_bird_class_train/Ojirowashi_White_Tailed_Eagle/AAS1_ojirowashi-7DMA1175-2294-1690-442-535.JPG,1,Ojirowashi
tool_bird_class_train/Ojirowashi_White_Tailed_Eagle/ext_inat_20260504/inat_332846443_cec4d6d6.jpg,1,Ojirowashi
tool_bird_class_train/Ojirowashi_White_Tailed_Eagle/ext_inat_20260504/inat_279512742_53b43c8a.jpg,1,Ojirowashi
tool_bird_class_train/Ojirowashi_White_Tailed_Eagle/AAS1_ojirowashi-7D2M4292-2495-1680-329-278.JPG,1,Ojirowashi
tool_bird_class_train/Ojirowashi_White_Tailed_Eagle/ext_inat_20260504/inat_380098147_d75ac386.jpg,1,Ojirowashi
tool_bird_class_train/Ojirowashi_White_Tailed_Eagle/ext_inat_20260504/inat_580589344_a8a532c0.jpg,1,Ojirowashi
tool_bird_class_train/Ojirowashi_White_Tailed_Eagle/ext_inat_20260504/inat_149171709_6ab91f38.jpg,1,Ojirowashi
tool_bird_class_train/Ojirowashi_White_Tailed_Eagle/ext_inat_20260504/inat_175391824_ebf4a103.jpg,1,Ojirowashi
tool_bird_class_train/Ojirowashi_White_Tailed_Eagle/ext_inat_20260504/inat_226858969_c4a52f59.jpg,1,Ojirowashi
tool_bird_class_train/Ojirowashi_White_Tailed_Eagle/ext_inat_20260504/inat_181527816_ed4f67c6.jpg,1,Ojirowashi
tool_bird_class_train/Ojirowashi_White_Tailed_Eagle/ext_inat_20260504/inat_479610871_7ba76eb2.jpg,1,Ojirowashi
tool_bird_class_train/Ojirowashi_White_Tailed_Eagle/ext_inat_20260504/inat_248004774_3aa01042.jpg,1,Ojirowashi
tool_bird_class_train/Ojirowashi_White_Tailed_Eagle/ext_inat_20260504/inat_375832712_f54a5c87.jpg,1,Ojirowashi
tool_bird_class_train/Ojirowashi_White_Tailed_Eagle/AAS1_ojirowashi-7D2M3493-2841-1680-565-184.JPG,1,Ojirowashi
tool_bird_class_train/Ojirowashi_White_Tailed_Eagle/AAS1_ojirowashi-7D2M4684-1962-1661-1419-512.JPG,1,Ojirowashi
tool_bird_class_train/Ojirowashi_White_Tailed_Eagle/ext_inat_20260504/inat_279514642_efd77d52.jpg,1,Ojirowashi
tool_bird_class_train/Ojirowashi_White_Tailed_Eagle/ext_inat_20260504/inat_582105662_549c5c26.jpg,1,Ojirowashi
tool_bird_class_train/Ojirowashi_White_Tailed_Eagle/ext_inat_20260504/inat_649162701_ae5f953b.jpg,1,Ojirowashi
tool_bird_class_train/Ojirowashi_White_Tailed_Eagle/ext_inat_20260504/inat_387904171_44118272.jpg,1,Ojirowashi
tool_bird_class_train/Ojirowashi_White_Tailed_Eagle/ext_inat_20260504/inat_434921555_32d42e2e.jpg,1,Ojirowashi
tool_bird_class_train/Ojirowashi_White_Tailed_Eagle/ext_inat_20260504/inat_396244870_0e5b4d5a.jpg,1,Ojirowashi
tool_bird_class_train/Ojirowashi_White_Tailed_Eagle/ext_inat_20260504/inat_622846518_aac5fdb6.jpg,1,Ojirowashi
tool_bird_class_train/Ojirowashi_White_Tailed_Eagle/ext_inat_20260504/inat_627671205_2a5df76a.jpg,1,Ojirowashi
tool_bird_class_train/Ojirowashi_White_Tailed_Eagle/ext_inat_20260504/inat_618097432_77537760.jpg,1,Ojirowashi
tool_bird_class_train/Ojirowashi_White_Tailed_Eagle/AAS1_ojirowashi-7D2M4699-2230-2132-326-264.JPG,1,Ojirowashi
tool_bird_class_train/Ojirowashi_White_Tailed_Eagle/ext_inat_20260504/inat_366351066_8d497ef2.jpg,1,Ojirowashi
tool_bird_class_train/Ojirowashi_White_Tailed_Eagle/AAS1_ojirowashi-7D2M4704-2584-1858-279-245.JPG,1,Ojirowashi
tool_bird_class_train/Ojirowashi_White_Tailed_Eagle/ext_inat_20260504/inat_437328559_102512f0.jpg,1,Ojirowashi
tool_bird_class_train/Ojirowashi_White_Tailed_Eagle/ext_inat_20260504/inat_364012937_2b4ea728.jpg,1,Ojirowashi
tool_bird_class_train/Ojirowashi_White_Tailed_Eagle/ext_inat_20260504/inat_517640875_7cb90182.jpg,1,Ojirowashi
tool_bird_class_train/Ojirowashi_White_Tailed_Eagle/ext_inat_20260504/inat_569935507_57e8638e.jpg,1,Ojirowashi
tool_bird_class_train/Ojirowashi_White_Tailed_Eagle/AAS1_ojirowashi-7D2M6613-2018-1504-1031-935.JPG,1,Ojirowashi
tool_bird_class_train/Ojirowashi_White_Tailed_Eagle/AAS1_ojirowashi-7D2M4497-1698-1638-2997-1255.JPG,1,Ojirowashi
tool_bird_class_train/Ojirowashi_White_Tailed_Eagle/AAS1_ojirowashi-7D2M6414-2411-1596-331-528.JPG,1,Ojirowashi
tool_bird_class_train/Ojirowashi_White_Tailed_Eagle/AAS1_ojirowashi-7D2M6480-228-173-2535-2982.JPG,1,Ojirowashi
tool_bird_class_train/Ojirowashi_White_Tailed_Eagle/AAS1_ojirowashi-7D2M2838-2255-1574-501-578.JPG,1,Ojirowashi
tool_bird_class_train/Ojirowashi_White_Tailed_Eagle/ext_inat_20260504/inat_502934257_db7db294.jpg,1,Ojirowashi
tool_bird_class_train/Ojirowashi_White_Tailed_Eagle/ext_inat_20260504/inat_590180134_9b01527f.jpg,1,Ojirowashi
tool_bird_class_train/Ojirowashi_White_Tailed_Eagle/AAS1_ojirowashi-rrrrrIMGr8052-112-90-130-107.JPG,1,Ojirowashi
tool_bird_class_train/Ojirowashi_White_Tailed_Eagle/AAS1_ojirowashi-7DMA1119-2410-1689-312-371.JPG,1,Ojirowashi
tool_bird_class_train/Ojirowashi_White_Tailed_Eagle/AAS1_ojirowashi-7D2M4831-1477-1084-2051-1036.JPG,1,Ojirowashi
tool_bird_class_train/Ojirowashi_White_Tailed_Eagle/AAS1_ojirowashi-7D2M5148-1-2480-1430-1023-1010.JPG,1,Ojirowashi
tool_bird_class_train/Ojirowashi_White_Tailed_Eagle/ext_inat_20260504/inat_353566018_5fc6425b.jpg,1,Ojirowashi
tool_bird_class_train/Ojirowashi_White_Tailed_Eagle/ext_inat_20260504/inat_331659957_ef37e313.jpg,1,Ojirowashi
tool_bird_class_train/Ojirowashi_White_Tailed_Eagle/AAS1_ojirowashi-7DMA1259-2567-1455-359-263.JPG,1,Ojirowashi
tool_bird_class_train/Ojirowashi_White_Tailed_Eagle/AAS1_ojirowashi-7D2M6623-2097-1422-1492-577.JPG,1,Ojirowashi
tool_bird_class_train/Ojirowashi_White_Tailed_Eagle/AAS1_ojirowashi-7D2M2929-2518-1779-851-371.JPG,1,Ojirowashi
tool_bird_class_train/Ojirowashi_White_Tailed_Eagle/AAS1_ojirowashi-7D2M6602-2292-1838-779-233.JPG,1,Ojirowashi
tool_bird_class_train/Ojirowashi_White_Tailed_Eagle/AAS1_ojirowashi-7DMA1046-1785-1965-462-374.JPG,1,Ojirowashi
tool_bird_class_train/Ojirowashi_White_Tailed_Eagle/AAS1_ojirowashi-7D2M6102-2852-1674-340-304.JPG,1,Ojirowashi
tool_bird_class_train/Ojirowashi_White_Tailed_Eagle/AAS1_ojirowashi-7D2M3601-2474-1440-523-408.JPG,1,Ojirowashi
tool_bird_class_train/Ojirowashi_White_Tailed_Eagle/ext_inat_20260504/inat_215010088_b3daefb3.jpg,1,Ojirowashi
tool_bird_class_train/Ojirowashi_White_Tailed_Eagle/ext_inat_20260504/inat_227565342_0590f4b8.jpg,1,Ojirowashi
tool_bird_class_train/Ojirowashi_White_Tailed_Eagle/ext_inat_20260504/inat_503391413_75ff6313.jpg,1,Ojirowashi
tool_bird_class_train/Ojirowashi_White_Tailed_Eagle/ext_inat_20260504/inat_405345099_e6a417a8.jpg,1,Ojirowashi
tool_bird_class_train/Ojirowashi_White_Tailed_Eagle/ext_inat_20260504/inat_292687424_b8af7151.jpg,1,Ojirowashi
tool_bird_class_train/Ojirowashi_White_Tailed_Eagle/ext_inat_20260504/inat_436092028_8578d001.jpg,1,Ojirowashi
tool_bird_class_train/Ojirowashi_White_Tailed_Eagle/AAS1_ojirowashi-7D2M3245-2955-1568-56-67.JPG,1,Ojirowashi
tool_bird_class_train/Ojirowashi_White_Tailed_Eagle/AAS1_ojirowashi-7D2M4454-3242-1430-370-475.JPG,1,Ojirowashi
tool_bird_class_train/Ojirowashi_White_Tailed_Eagle/ext_inat_20260504/inat_304034040_30a5eba4.jpg,1,Ojirowashi
tool_bird_class_train/Ojirowashi_White_Tailed_Eagle/AAS1_ojirowashi-7D2M6435-2387-1724-196-251.JPG,1,Ojirowashi
tool_bird_class_train/Ojirowashi_White_Tailed_Eagle/AAS1_ojirowashi-7D2M2915-2298-1698-676-226.JPG,1,Ojirowashi
tool_bird_class_train/Ojirowashi_White_Tailed_Eagle/v5_train_v5_inat/348279016.jpg,1,Ojirowashi
tool_bird_class_train/Ojirowashi_White_Tailed_Eagle/ext_inat_20260504/inat_457430102_bcbbe2a0.png,1,Ojirowashi
tool_bird_class_train/Ojirowashi_White_Tailed_Eagle/AAS1_ojirowashi-7DMA1124-2480-1859-477-309.JPG,1,Ojirowashi
tool_bird_class_train/Ojirowashi_White_Tailed_Eagle/ext_inat_20260504/inat_603630007_ed5e4e0a.jpg,1,Ojirowashi
tool_bird_class_train/Ojirowashi_White_Tailed_Eagle/ext_inat_20260504/inat_586908141_2ba6b23d.jpg,1,Ojirowashi
tool_bird_class_train/Ojirowashi_White_Tailed_Eagle/ext_inat_20260504/inat_178032842_31390895.jpg,1,Ojirowashi
tool_bird_class_train/Ojirowashi_White_Tailed_Eagle/ext_inat_20260504/inat_195026161_4a5a3646.jpg,1,Ojirowashi
tool_bird_class_train/Ojirowashi_White_Tailed_Eagle/ext_inat_20260504/inat_504291853_766aa260.jpg,1,Ojirowashi
tool_bird_class_train/Ojirowashi_White_Tailed_Eagle/ext_inat_20260504/inat_624959573_82e18b27.jpg,1,Ojirowashi
tool_bird_class_train/Ojirowashi_White_Tailed_Eagle/ext_inat_20260504/inat_364082601_8a4fab09.jpg,1,Ojirowashi
tool_bird_class_train/Ojirowashi_White_Tailed_Eagle/AAS1_ojirowashi-7D2M6515-2366-1705-1104-544.JPG,1,Ojirowashi
tool_bird_class_train/Ojirowashi_White_Tailed_Eagle/ext_inat_20260504/inat_592538993_465e01b3.jpg,1,Ojirowashi
tool_bird_class_train/Ojirowashi_White_Tailed_Eagle/ext_inat_20260504/inat_347835699_19199608.jpg,1,Ojirowashi
tool_bird_class_train/Ojirowashi_White_Tailed_Eagle/ext_inat_20260504/inat_584848699_d0975e3d.jpg,1,Ojirowashi
tool_bird_class_train/Ojirowashi_White_Tailed_Eagle/AAS1_ojirowashi-7D2M6036-3249-1028-277-254.JPG,1,Ojirowashi
tool_bird_class_train/Ojirowashi_White_Tailed_Eagle/ext_inat_20260504/inat_617710479_a0c08192.jpg,1,Ojirowashi
tool_bird_class_train/Ojirowashi_White_Tailed_Eagle/ext_inat_20260504/inat_505233833_4aaa73ef.jpg,1,Ojirowashi
tool_bird_class_train/Ojirowashi_White_Tailed_Eagle/ext_inat_20260504/inat_139571215_1a53ec5c.jpg,1,Ojirowashi
tool_bird_class_train/Ojirowashi_White_Tailed_Eagle/AAS1_ojirowashi-7D2M6701-2440-1340-986-345.JPG,1,Ojirowashi
tool_bird_class_train/Ojirowashi_White_Tailed_Eagle/ext_inat_20260504/inat_360049794_5ad1d1e2.jpg,1,Ojirowashi
tool_bird_class_train/Ojirowashi_White_Tailed_Eagle/ext_inat_20260504/inat_588363796_bbeedfd4.jpg,1,Ojirowashi
tool_bird_class_train/Ojirowashi_White_Tailed_Eagle/ext_inat_20260504/inat_438584797_dfc5905f.jpg,1,Ojirowashi
tool_bird_class_train/Ojirowashi_White_Tailed_Eagle/ext_inat_20260504/inat_345057367_bcd0d4b8.jpg,1,Ojirowashi
tool_bird_class_train/Ojirowashi_White_Tailed_Eagle/AAS1_ojirowashi-7D2M4725-2364-1877-267-249.JPG,1,Ojirowashi
tool_bird_class_train/Ojirowashi_White_Tailed_Eagle/ext_inat_20260504/inat_315570987_66117ae2.jpg,1,Ojirowashi
tool_bird_class_train/Ojirowashi_White_Tailed_Eagle/AAS1_ojirowashi-7D2M4455-1-172-96-254-287.JPG,1,Ojirowashi
tool_bird_class_train/Ojirowashi_White_Tailed_Eagle/ext_inat_20260504/inat_89765394_a9aae255.jpg,1,Ojirowashi
tool_bird_class_train/Ojirowashi_White_Tailed_Eagle/ext_inat_20260504/inat_554567910_bd965845.jpg,1,Ojirowashi
tool_bird_class_train/Ojirowashi_White_Tailed_Eagle/AAS1_ojirowashi-7DMA1049-2107-1956-461-349.JPG,1,Ojirowashi
tool_bird_class_train/Ojirowashi_White_Tailed_Eagle/AAS1_ojirowashi-7D2M6560-2275-1182-584-831.JPG,1,Ojirowashi
tool_bird_class_train/Ojirowashi_White_Tailed_Eagle/ext_inat_20260504/inat_112900838_5c839add.jpg,1,Ojirowashi
tool_bird_class_train/Ojirowashi_White_Tailed_Eagle/ext_inat_20260504/inat_153966924_a8fbf4c7.jpg,1,Ojirowashi
tool_bird_class_train/Ojirowashi_White_Tailed_Eagle/AAS1_ojirowashi-7D2M5387-1-205-258-637-269.JPG,1,Ojirowashi
tool_bird_class_train/Ojirowashi_White_Tailed_Eagle/AAS1_ojirowashi-7DMA0815-2464-1539-273-235.JPG,1,Ojirowashi
tool_bird_class_train/Ojirowashi_White_Tailed_Eagle/AAS1_ojirowashi-7D2M4478-1888-1799-1824-1216.JPG,1,Ojirowashi
tool_bird_class_train/Ojirowashi_White_Tailed_Eagle/AAS1_ojirowashi-7D2M2896-2294-1062-295-636.JPG,1,Ojirowashi
tool_bird_class_train/Ojirowashi_White_Tailed_Eagle/ext_inat_20260504/inat_595860094_ba771679.jpg,1,Ojirowashi
tool_bird_class_train/Ojirowashi_White_Tailed_Eagle/AAS1_ojirowashi-7D2M6599-2339-1494-1067-438.JPG,1,Ojirowashi
tool_bird_class_train/Ojirowashi_White_Tailed_Eagle/AAS1_ojirowashi-7D2M4673-1783-1621-1904-722.JPG,1,Ojirowashi
tool_bird_class_train/Ojirowashi_White_Tailed_Eagle/ext_inat_20260504/inat_253871895_99970981.jpg,1,Ojirowashi
tool_bird_class_train/Ojirowashi_White_Tailed_Eagle/AAS1_ojirowashi-7D2M6498-800-610-3015-1907.JPG,1,Ojirowashi
tool_bird_class_train/Ojirowashi_White_Tailed_Eagle/AAS1_ojirowashi-7D2M4113-2609-1111-527-382.JPG,1,Ojirowashi
tool_bird_class_train/Ojirowashi_White_Tailed_Eagle/ext_inat_20260504/inat_489608894_d8ae725c.jpg,1,Ojirowashi
tool_bird_class_train/Ojirowashi_White_Tailed_Eagle/AAS1_ojirowashi-7D2M4126-1687-1704-1217-392.JPG,1,Ojirowashi
tool_bird_class_train/Ojirowashi_White_Tailed_Eagle/ext_inat_20260504/inat_587706264_b10ca3be.jpg,1,Ojirowashi
tool_bird_class_train/Ojirowashi_White_Tailed_Eagle/ext_inat_20260504/inat_173191120_7ff99107.jpg,1,Ojirowashi
tool_bird_class_train/Ojirowashi_White_Tailed_Eagle/ext_inat_20260504/inat_487481223_ecaa3283.jpg,1,Ojirowashi
tool_bird_class_train/Ojirowashi_White_Tailed_Eagle/ext_inat_20260504/inat_347964741_0c993856.jpg,1,Ojirowashi
tool_bird_class_train/Ojirowashi_White_Tailed_Eagle/ext_inat_20260504/inat_578372619_2645c9d8.jpg,1,Ojirowashi
tool_bird_class_train/Ojirowashi_White_Tailed_Eagle/ext_inat_20260504/inat_189955831_99644188.jpg,1,Ojirowashi
tool_bird_class_train/Ojirowashi_White_Tailed_Eagle/ext_inat_20260504/inat_560239320_de9f6cc4.jpg,1,Ojirowashi
tool_bird_class_train/Ojirowashi_White_Tailed_Eagle/AAS1_ojirowashi-7D2M6697-2732-1377-515-449.JPG,1,Ojirowashi
tool_bird_class_train/Ojirowashi_White_Tailed_Eagle/ext_inat_20260504/inat_486344794_e2da3342.jpg,1,Ojirowashi
tool_bird_class_train/Ojirowashi_White_Tailed_Eagle/ext_inat_20260504/inat_191314852_10f55316.jpg,1,Ojirowashi
tool_bird_class_train/Ojirowashi_White_Tailed_Eagle/ext_inat_20260504/inat_318535792_63eb6153.jpg,1,Ojirowashi
tool_bird_class_train/Ojirowashi_White_Tailed_Eagle/AAS1_ojirowashi-7DMA1315-2637-1752-391-121.JPG,1,Ojirowashi
tool_bird_class_train/Ojirowashi_White_Tailed_Eagle/AAS1_ojirowashi-7D2M6744-2448-1719-382-222.JPG,1,Ojirowashi
tool_bird_class_train/Ojirowashi_White_Tailed_Eagle/AAS1_ojirowashi-7D2M3668-2531-1693-286-286.JPG,1,Ojirowashi
tool_bird_class_train/Ojirowashi_White_Tailed_Eagle/ext_inat_20260504/inat_475359952_6bc59f21.jpg,1,Ojirowashi
tool_bird_class_train/Ojirowashi_White_Tailed_Eagle/AAS1_ojirowashi-7DMA1115-2360-1803-670-288.JPG,1,Ojirowashi
tool_bird_class_train/Ojirowashi_White_Tailed_Eagle/ext_inat_20260504/inat_455659776_a545fdfa.jpg,1,Ojirowashi
tool_bird_class_train/Ojirowashi_White_Tailed_Eagle/ext_inat_20260504/inat_310668032_0bb37b24.jpg,1,Ojirowashi
tool_bird_class_train/Ojirowashi_White_Tailed_Eagle/ext_inat_20260504/inat_402101392_33944599.jpg,1,Ojirowashi
tool_bird_class_train/Ojirowashi_White_Tailed_Eagle/AAS1_ojirowashi-7D2M6659-2076-956-627-1101.JPG,1,Ojirowashi
tool_bird_class_train/Ojirowashi_White_Tailed_Eagle/ext_inat_20260504/inat_327639804_65ff5eb2.jpg,1,Ojirowashi
tool_bird_class_train/Ojirowashi_White_Tailed_Eagle/ext_inat_20260504/inat_417244570_c226868c.jpg,1,Ojirowashi
tool_bird_class_train/Ojirowashi_White_Tailed_Eagle/ext_inat_20260504/inat_141454612_3aad2e5c.jpg,1,Ojirowashi
tool_bird_class_train/Ojirowashi_White_Tailed_Eagle/ext_inat_20260504/inat_316671931_8a2ba597.jpg,1,Ojirowashi
tool_bird_class_train/Ojirowashi_White_Tailed_Eagle/ext_inat_20260504/inat_348852029_4569d24e.jpg,1,Ojirowashi
tool_bird_class_train/Ojirowashi_White_Tailed_Eagle/ext_inat_20260504/inat_404062504_05d30a26.jpg,1,Ojirowashi
tool_bird_class_train/Ojirowashi_White_Tailed_Eagle/ext_inat_20260504/inat_622840535_8837eab0.jpg,1,Ojirowashi
tool_bird_class_train/Ojirowashi_White_Tailed_Eagle/ext_inat_20260504/inat_231480033_f553f24a.jpg,1,Ojirowashi
tool_bird_class_train/Ojirowashi_White_Tailed_Eagle/AAS1_ojirowashi-7D2M4634-1739-1532-918-554.JPG,1,Ojirowashi
tool_bird_class_train/Ojirowashi_White_Tailed_Eagle/ext_inat_20260504/inat_579701325_3cb3bce1.jpg,1,Ojirowashi
tool_bird_class_train/Ojirowashi_White_Tailed_Eagle/ext_inat_20260504/inat_403321658_c398e73d.jpg,1,Ojirowashi
tool_bird_class_train/Ojirowashi_White_Tailed_Eagle/ext_inat_20260504/inat_462724100_87267ee3.jpg,1,Ojirowashi
tool_bird_class_train/Ojirowashi_White_Tailed_Eagle/AAS1_ojirowashi-7D2M3016-2688-1692-144-184.JPG,1,Ojirowashi
tool_bird_class_train/Ojirowashi_White_Tailed_Eagle/inat_3160/5fabbe07-7e88-4c21-81ba-27a2382fe726.jpg,1,Ojirowashi
tool_bird_class_train/Ojirowashi_White_Tailed_Eagle/AAS1_ojirowashi-7D2M3507-1708-1174-978-1270.JPG,1,Ojirowashi
tool_bird_class_train/Ojirowashi_White_Tailed_Eagle/ext_inat_20260504/inat_200492329_12d82e79.jpg,1,Ojirowashi
tool_bird_class_train/Ojirowashi_White_Tailed_Eagle/ext_inat_20260504/inat_312802066_a1d8756e.jpg,1,Ojirowashi
tool_bird_class_train/Ojirowashi_White_Tailed_Eagle/ext_inat_20260504/inat_265411440_9b6d9910.jpg,1,Ojirowashi
tool_bird_class_train/Ojirowashi_White_Tailed_Eagle/ext_inat_20260504/inat_599214205_d38f6a85.jpg,1,Ojirowashi
tool_bird_class_train/Ojirowashi_White_Tailed_Eagle/AAS1_ojirowashi-7D2M4394-1913-1404-1272-979.JPG,1,Ojirowashi
tool_bird_class_train/Ojirowashi_White_Tailed_Eagle/ext_inat_20260504/inat_429763670_1acec2bd.jpg,1,Ojirowashi
tool_bird_class_train/Ojirowashi_White_Tailed_Eagle/ext_inat_20260504/inat_281228260_6b98bb9d.jpg,1,Ojirowashi
tool_bird_class_train/Ojirowashi_White_Tailed_Eagle/ext_inat_20260504/inat_355498462_97d1da80.jpg,1,Ojirowashi
tool_bird_class_train/Ojirowashi_White_Tailed_Eagle/ext_inat_20260504/inat_411735570_d16fd6c8.jpg,1,Ojirowashi
tool_bird_class_train/Ojirowashi_White_Tailed_Eagle/AAS1_ojirowashi-7D2M5474-2636-1657-324-193.JPG,1,Ojirowashi
tool_bird_class_train/Ojirowashi_White_Tailed_Eagle/AAS1_ojirowashi-7D2M9878-2099-741-789-1119.JPG,1,Ojirowashi
tool_bird_class_train/Ojirowashi_White_Tailed_Eagle/ext_inat_20260504/inat_234334225_0b10024b.jpg,1,Ojirowashi
tool_bird_class_train/Ojirowashi_White_Tailed_Eagle/ext_inat_20260504/inat_525255381_b4ee170a.jpg,1,Ojirowashi
tool_bird_class_train/Ojirowashi_White_Tailed_Eagle/AAS1_ojirowashi-7DMA1285-2641-1700-293-488.JPG,1,Ojirowashi
tool_bird_class_train/Ojirowashi_White_Tailed_Eagle/ext_inat_20260504/inat_555236741_d07361d8.jpg,1,Ojirowashi
tool_bird_class_train/Ojirowashi_White_Tailed_Eagle/ext_inat_20260504/inat_470690886_a3ffa067.jpg,1,Ojirowashi
tool_bird_class_train/Ojirowashi_White_Tailed_Eagle/ext_inat_20260504/inat_212262533_d39e6746.jpg,1,Ojirowashi
tool_bird_class_train/Ojirowashi_White_Tailed_Eagle/ext_inat_20260504/inat_260327443_9d798070.jpg,1,Ojirowashi
tool_bird_class_train/Ojirowashi_White_Tailed_Eagle/AAS1_ojirowashi-7D2M6954-1777-1226-367-250.JPG,1,Ojirowashi
tool_bird_class_train/Ojirowashi_White_Tailed_Eagle/ext_inat_20260504/inat_530774426_2cb21ed4.jpg,1,Ojirowashi
tool_bird_class_train/Ojirowashi_White_Tailed_Eagle/ext_inat_20260504/inat_552666973_1ad078a9.jpg,1,Ojirowashi
tool_bird_class_train/Ojirowashi_White_Tailed_Eagle/ext_inat_20260504/inat_478074267_f6015ab4.jpg,1,Ojirowashi
tool_bird_class_train/Ojirowashi_White_Tailed_Eagle/AAS1_ojirowashi-7D2M3490-2438-1771-522-139.JPG,1,Ojirowashi
tool_bird_class_train/Ojirowashi_White_Tailed_Eagle/ext_inat_20260504/inat_421077865_52223da0.jpg,1,Ojirowashi
tool_bird_class_train/Ojirowashi_White_Tailed_Eagle/ext_inat_20260504/inat_459967589_65094b06.jpg,1,Ojirowashi
tool_bird_class_train/Ojirowashi_White_Tailed_Eagle/AAS1_ojirowashi-7DMA1324-3309-1878-343-136.JPG,1,Ojirowashi
tool_bird_class_train/Ojirowashi_White_Tailed_Eagle/ext_inat_20260504/inat_479610720_d775b445.jpg,1,Ojirowashi
tool_bird_class_train/Ojirowashi_White_Tailed_Eagle/ext_inat_20260504/inat_136737921_fc308e51.jpg,1,Ojirowashi
tool_bird_class_train/Ojirowashi_White_Tailed_Eagle/frame_001880_bb00_t0062.73_conf0.973.jpg,1,Ojirowashi
tool_bird_class_train/Ojirowashi_White_Tailed_Eagle/ext_inat_20260504/inat_171965633_1a4150fe.jpg,1,Ojirowashi
tool_bird_class_train/Ojirowashi_White_Tailed_Eagle/AAS1_ojirowashi-7D2M6527-2214-1772-1106-621.JPG,1,Ojirowashi
tool_bird_class_train/Ojirowashi_White_Tailed_Eagle/ext_inat_20260504/inat_430408264_a510950c.jpg,1,Ojirowashi
tool_bird_class_train/Ojirowashi_White_Tailed_Eagle/inat_3160/92b23c62-61bc-4da0-94f8-021dee49d392.jpg,1,Ojirowashi
tool_bird_class_train/Ojirowashi_White_Tailed_Eagle/ext_inat_20260504/inat_181570507_21e8c84c.jpg,1,Ojirowashi
tool_bird_class_train/Ojirowashi_White_Tailed_Eagle/ext_inat_20260504/inat_558660043_587d4270.jpg,1,Ojirowashi
tool_bird_class_train/Ojirowashi_White_Tailed_Eagle/AAS1_ojirowashi-7D2M6962-2029-1612-808-390.JPG,1,Ojirowashi
tool_bird_class_train/Ojirowashi_White_Tailed_Eagle/ext_inat_20260504/inat_391480084_9af93ea0.jpg,1,Ojirowashi
tool_bird_class_train/Ojirowashi_White_Tailed_Eagle/v5_train_v5_inat/348245096.jpg,1,Ojirowashi
tool_bird_class_train/Ojirowashi_White_Tailed_Eagle/ext_inat_20260504/inat_500046949_2673105c.jpg,1,Ojirowashi
tool_bird_class_train/Ojirowashi_White_Tailed_Eagle/ext_inat_20260504/inat_402744008_b2b9d174.jpg,1,Ojirowashi
tool_bird_class_train/Ojirowashi_White_Tailed_Eagle/AAS1_ojirowashi-7D2M6724-2467-1441-633-524.JPG,1,Ojirowashi
tool_bird_class_train/Ojirowashi_White_Tailed_Eagle/ext_inat_20260504/inat_564649461_d28303cd.jpg,1,Ojirowashi
tool_bird_class_train/Ojirowashi_White_Tailed_Eagle/ext_inat_20260504/inat_475484122_af54d127.jpg,1,Ojirowashi
tool_bird_class_train/Ojirowashi_White_Tailed_Eagle/ext_inat_20260504/inat_542639250_806aa22d.jpg,1,Ojirowashi
tool_bird_class_train/Ojirowashi_White_Tailed_Eagle/ext_inat_20260504/inat_313511679_80b9dbfc.jpg,1,Ojirowashi
tool_bird_class_train/Ojirowashi_White_Tailed_Eagle/ext_inat_20260504/inat_510096483_a310b890.jpg,1,Ojirowashi
tool_bird_class_train/Ojirowashi_White_Tailed_Eagle/ext_inat_20260504/inat_246342851_fd83b34d.jpg,1,Ojirowashi
tool_bird_class_train/Ojirowashi_White_Tailed_Eagle/ext_inat_20260504/inat_149417415_7ea08916.jpg,1,Ojirowashi
tool_bird_class_train/Ojirowashi_White_Tailed_Eagle/ext_inat_20260504/inat_510466942_ac2f51db.jpg,1,Ojirowashi
tool_bird_class_train/Ojirowashi_White_Tailed_Eagle/ext_inat_20260504/inat_552673950_1360157f.jpg,1,Ojirowashi
tool_bird_class_train/Ojirowashi_White_Tailed_Eagle/ext_inat_20260504/inat_125224125_4f57d21f.jpg,1,Ojirowashi
tool_bird_class_train/Ojirowashi_White_Tailed_Eagle/ext_inat_20260504/inat_189464380_092403c1.jpg,1,Ojirowashi
tool_bird_class_train/Ojirowashi_White_Tailed_Eagle/AAS1_ojirowashi-7D2M2904-2668-1644-252-589.JPG,1,Ojirowashi
tool_bird_class_train/Ojirowashi_White_Tailed_Eagle/ext_inat_20260504/inat_336106751_c53a10ea.jpg,1,Ojirowashi
tool_bird_class_train/Ojirowashi_White_Tailed_Eagle/AAS1_ojirowashi-7D2M4731-2584-1863-408-201.JPG,1,Ojirowashi
tool_bird_class_train/Ojirowashi_White_Tailed_Eagle/ext_inat_20260504/inat_120207990_d1a68ea6.jpg,1,Ojirowashi
tool_bird_class_train/Ojirowashi_White_Tailed_Eagle/AAS1_ojirowashi-7D2M3661-2726-1075-1024-799.JPG,1,Ojirowashi
tool_bird_class_train/Ojirowashi_White_Tailed_Eagle/ext_inat_20260504/inat_498029927_0fb562e4.jpg,1,Ojirowashi
tool_bird_class_train/Ojirowashi_White_Tailed_Eagle/AAS1_ojirowashi-7D2M5719-2643-1509-136-144.JPG,1,Ojirowashi
tool_bird_class_train/Ojirowashi_White_Tailed_Eagle/ext_inat_20260504/inat_549512446_bebe5f27.jpg,1,Ojirowashi
tool_bird_class_train/Ojirowashi_White_Tailed_Eagle/AAS1_ojirowashi-7D2M6472-1272-1145-2583-1401.JPG,1,Ojirowashi
tool_bird_class_train/Ojirowashi_White_Tailed_Eagle/AAS1_ojirowashi-7D2M6534-2400-2162-1214-390.JPG,1,Ojirowashi
tool_bird_class_train/Ojirowashi_White_Tailed_Eagle/ext_inat_20260504/inat_257730297_96a2f72e.jpg,1,Ojirowashi
tool_bird_class_train/Ojirowashi_White_Tailed_Eagle/frame_001720_bb00_t0057.39_conf0.934.jpg,1,Ojirowashi
tool_bird_class_train/Ojirowashi_White_Tailed_Eagle/ext_inat_20260504/inat_460123242_b8e13ab2.jpg,1,Ojirowashi
tool_bird_class_train/Ojirowashi_White_Tailed_Eagle/ext_inat_20260504/inat_563553528_9ba787d9.jpg,1,Ojirowashi
tool_bird_class_train/Ojirowashi_White_Tailed_Eagle/ext_inat_20260504/inat_472743641_45af16c5.jpg,1,Ojirowashi
tool_bird_class_train/Ojirowashi_White_Tailed_Eagle/ext_inat_20260504/inat_503890355_e33bf034.jpg,1,Ojirowashi
tool_bird_class_train/Ojirowashi_White_Tailed_Eagle/AAS1_ojirowashi-7D2M4873-2536-1441-388-375.JPG,1,Ojirowashi
tool_bird_class_train/Ojirowashi_White_Tailed_Eagle/AAS1_ojirowashi-7D2M3321-1814-1654-1068-1481.JPG,1,Ojirowashi
tool_bird_class_train/Ojirowashi_White_Tailed_Eagle/v5_train_v5_inat/351711264.jpg,1,Ojirowashi
tool_bird_class_train/Ojirowashi_White_Tailed_Eagle/ext_inat_20260504/inat_319623918_6a74aaa6.jpg,1,Ojirowashi
tool_bird_class_train/Ojirowashi_White_Tailed_Eagle/ext_inat_20260504/inat_374488395_1722295e.jpg,1,Ojirowashi
tool_bird_class_train/Ojirowashi_White_Tailed_Eagle/AAS1_ojirowashi-7D2M3622-2522-1603-199-277.JPG,1,Ojirowashi
tool_bird_class_train/Ojirowashi_White_Tailed_Eagle/ext_inat_20260504/inat_249540635_2fff760f.jpg,1,Ojirowashi
tool_bird_class_train/Ojirowashi_White_Tailed_Eagle/AAS1_ojirowashi-7D2M6551-2434-1575-464-476.JPG,1,Ojirowashi
tool_bird_class_train/Ojirowashi_White_Tailed_Eagle/ext_inat_20260504/inat_587416689_a18861b5.jpg,1,Ojirowashi
tool_bird_class_train/Ojirowashi_White_Tailed_Eagle/ext_inat_20260504/inat_209795878_c91be0fe.jpg,1,Ojirowashi
tool_bird_class_train/Ojirowashi_White_Tailed_Eagle/AAS1_ojirowashi-rrrrrIMGr3638-164-78-101-147.JPG,1,Ojirowashi
tool_bird_class_train/Ojirowashi_White_Tailed_Eagle/AAS1_ojirowashi-7D2M4392-2087-1518-1158-758.JPG,1,Ojirowashi
tool_bird_class_train/Ojirowashi_White_Tailed_Eagle/ext_inat_20260504/inat_614754757_97f6695d.jpg,1,Ojirowashi
tool_bird_class_train/Ojirowashi_White_Tailed_Eagle/ext_inat_20260504/inat_634160729_9bedadc3.jpg,1,Ojirowashi
tool_bird_class_train/Ojirowashi_White_Tailed_Eagle/ext_inat_20260504/inat_349710392_54150703.jpg,1,Ojirowashi
tool_bird_class_train/Ojirowashi_White_Tailed_Eagle/ext_inat_20260504/inat_330723089_bd692c67.jpg,1,Ojirowashi
tool_bird_class_train/Ojirowashi_White_Tailed_Eagle/ext_inat_20260504/inat_231487153_0efd1d9f.jpg,1,Ojirowashi
tool_bird_class_train/Ojirowashi_White_Tailed_Eagle/ext_inat_20260504/inat_142774780_df426990.jpg,1,Ojirowashi
tool_bird_class_train/Ojirowashi_White_Tailed_Eagle/ext_inat_20260504/inat_316621022_5022514b.jpg,1,Ojirowashi
tool_bird_class_train/Ojirowashi_White_Tailed_Eagle/ext_inat_20260504/inat_248104802_458aef24.jpg,1,Ojirowashi
tool_bird_class_train/Ojirowashi_White_Tailed_Eagle/ext_inat_20260504/inat_267875043_35b83169.jpg,1,Ojirowashi
tool_bird_class_train/Ojirowashi_White_Tailed_Eagle/ext_inat_20260504/inat_401067128_7cc7da26.jpg,1,Ojirowashi
tool_bird_class_train/Ojirowashi_White_Tailed_Eagle/ext_inat_20260504/inat_173202028_9a8ab5d5.jpg,1,Ojirowashi
tool_bird_class_train/Ojirowashi_White_Tailed_Eagle/ext_inat_20260504/inat_179622390_66900df4.jpg,1,Ojirowashi
tool_bird_class_train/Ojirowashi_White_Tailed_Eagle/ext_inat_20260504/inat_178032741_2615a173.jpg,1,Ojirowashi
tool_bird_class_train/Ojirowashi_White_Tailed_Eagle/AAS1_ojirowashi-7DMA1282-2360-1403-292-360.JPG,1,Ojirowashi
tool_bird_class_train/Ojirowashi_White_Tailed_Eagle/ext_inat_20260504/inat_338368690_d9af4d92.jpg,1,Ojirowashi
tool_bird_class_train/Ojirowashi_White_Tailed_Eagle/AAS1_ojirowashi-7D2M4306-2932-1859-510-361.JPG,1,Ojirowashi
tool_bird_class_train/Ojirowashi_White_Tailed_Eagle/AAS1_ojirowashi-7D2M6614-1845-1842-1186-903.JPG,1,Ojirowashi
tool_bird_class_train/Ojirowashi_White_Tailed_Eagle/ext_inat_20260504/inat_486055746_9c01fe26.jpg,1,Ojirowashi
tool_bird_class_train/Ojirowashi_White_Tailed_Eagle/ext_inat_20260504/inat_108773432_456491f1.jpg,1,Ojirowashi
tool_bird_class_train/Ojirowashi_White_Tailed_Eagle/inat_3160/9eeec211-db4c-4c36-b0f0-86269e15bc00.jpg,1,Ojirowashi
tool_bird_class_train/Ojirowashi_White_Tailed_Eagle/ext_inat_20260504/inat_258733920_823b3cdb.jpg,1,Ojirowashi
tool_bird_class_train/Ojirowashi_White_Tailed_Eagle/ext_inat_20260504/inat_240569613_e58af3b1.jpg,1,Ojirowashi
tool_bird_class_train/Ojirowashi_White_Tailed_Eagle/ext_inat_20260504/inat_351962091_818c9c5d.jpg,1,Ojirowashi
tool_bird_class_train/Ojirowashi_White_Tailed_Eagle/AAS1_ojirowashi-7D2M5728-2559-1647-223-294.JPG,1,Ojirowashi
tool_bird_class_train/Ojirowashi_White_Tailed_Eagle/ext_inat_20260504/inat_333127812_90a1edf6.jpg,1,Ojirowashi
tool_bird_class_train/Ojirowashi_White_Tailed_Eagle/ext_inat_20260504/inat_382826663_c9271467.jpg,1,Ojirowashi
tool_bird_class_train/Ojirowashi_White_Tailed_Eagle/ext_inat_20260504/inat_431735033_af227429.jpg,1,Ojirowashi
tool_bird_class_train/Ojirowashi_White_Tailed_Eagle/ext_inat_20260504/inat_416957465_1be95b22.jpg,1,Ojirowashi
tool_bird_class_train/Ojirowashi_White_Tailed_Eagle/ext_inat_20260504/inat_487379922_65629911.jpg,1,Ojirowashi
tool_bird_class_train/Ojirowashi_White_Tailed_Eagle/ext_inat_20260504/inat_623883536_d085cc77.jpg,1,Ojirowashi
tool_bird_class_train/Ojirowashi_White_Tailed_Eagle/ext_inat_20260504/inat_554355054_f529a2e3.jpg,1,Ojirowashi
tool_bird_class_train/Ojirowashi_White_Tailed_Eagle/ext_inat_20260504/inat_487143719_872a6b71.jpg,1,Ojirowashi
tool_bird_class_train/Ojirowashi_White_Tailed_Eagle/AAS1_ojirowashi-7D2M5386-2688-1779-742-426.JPG,1,Ojirowashi
tool_bird_class_train/Ojirowashi_White_Tailed_Eagle/ext_inat_20260504/inat_580948112_ae538477.jpg,1,Ojirowashi
tool_bird_class_train/Ojirowashi_White_Tailed_Eagle/AAS1_ojirowashi-7D2M4975-2348-1676-327-217.JPG,1,Ojirowashi
tool_bird_class_train/Ojirowashi_White_Tailed_Eagle/ext_inat_20260504/inat_521314436_4c14a695.jpg,1,Ojirowashi
tool_bird_class_train/Ojirowashi_White_Tailed_Eagle/ext_inat_20260504/inat_396221514_50a3b74b.jpg,1,Ojirowashi
tool_bird_class_train/Ojirowashi_White_Tailed_Eagle/ext_inat_20260504/inat_259688906_ca9faf5a.jpg,1,Ojirowashi
tool_bird_class_train/Ojirowashi_White_Tailed_Eagle/AAS1_ojirowashi-7D2M5717-2789-1511-208-243.JPG,1,Ojirowashi
tool_bird_class_train/Ojirowashi_White_Tailed_Eagle/AAS1_ojirowashi-7DMA1263-2528-1453-571-413.JPG,1,Ojirowashi
tool_bird_class_train/Ojirowashi_White_Tailed_Eagle/ext_inat_20260504/inat_356741263_bb19eac4.jpg,1,Ojirowashi
tool_bird_class_train/Ojirowashi_White_Tailed_Eagle/ext_inat_20260504/inat_118381799_3ab40d1e.jpg,1,Ojirowashi
tool_bird_class_train/Ojirowashi_White_Tailed_Eagle/ext_inat_20260504/inat_260691321_b5c95001.jpg,1,Ojirowashi
tool_bird_class_train/Ojirowashi_White_Tailed_Eagle/ext_inat_20260504/inat_154976667_b7da4da9.jpg,1,Ojirowashi
tool_bird_class_train/Ojirowashi_White_Tailed_Eagle/ext_inat_20260504/inat_475519397_ecb9848c.jpg,1,Ojirowashi
tool_bird_class_train/Ojirowashi_White_Tailed_Eagle/AAS1_ojirowashi-7D2M6974-2228-1377-1112-555.JPG,1,Ojirowashi
tool_bird_class_train/Ojirowashi_White_Tailed_Eagle/ext_inat_20260504/inat_432345337_e7aeb17e.jpg,1,Ojirowashi
tool_bird_class_train/Ojirowashi_White_Tailed_Eagle/ext_inat_20260504/inat_580971542_a136ee6a.jpg,1,Ojirowashi
tool_bird_class_train/Ojirowashi_White_Tailed_Eagle/ext_inat_20260504/inat_337381893_1a496254.jpg,1,Ojirowashi
tool_bird_class_train/Ojirowashi_White_Tailed_Eagle/ext_inat_20260504/inat_472747641_f4f38861.jpg,1,Ojirowashi
tool_bird_class_train/Ojirowashi_White_Tailed_Eagle/AAS1_ojirowashi-7D2M6648-2323-1468-731-736.JPG,1,Ojirowashi
tool_bird_class_train/Ojirowashi_White_Tailed_Eagle/ext_inat_20260504/inat_499937783_7e96b7bc.jpg,1,Ojirowashi
tool_bird_class_train/Ojirowashi_White_Tailed_Eagle/ext_inat_20260504/inat_632934067_4b694f9e.jpg,1,Ojirowashi
tool_bird_class_train/Ojirowashi_White_Tailed_Eagle/AAS1_ojirowashi-7D2M6811-2804-1604-810-270.JPG,1,Ojirowashi
tool_bird_class_train/Ojirowashi_White_Tailed_Eagle/AAS1_ojirowashi-7D2M6642-2345-1174-632-695.JPG,1,Ojirowashi
tool_bird_class_train/Ojirowashi_White_Tailed_Eagle/ext_inat_20260504/inat_143918980_774d79ff.jpg,1,Ojirowashi
tool_bird_class_train/Ojirowashi_White_Tailed_Eagle/ext_inat_20260504/inat_236343293_4a912910.jpg,1,Ojirowashi
tool_bird_class_train/Ojirowashi_White_Tailed_Eagle/ext_inat_20260504/inat_253615359_ffd3d77d.jpg,1,Ojirowashi
tool_bird_class_train/Ojirowashi_White_Tailed_Eagle/ext_inat_20260504/inat_260509488_bc0da356.jpg,1,Ojirowashi
tool_bird_class_train/Ojirowashi_White_Tailed_Eagle/AAS1_ojirowashi-7DMA1326-3138-1844-330-181.JPG,1,Ojirowashi
tool_bird_class_train/Ojirowashi_White_Tailed_Eagle/ext_inat_20260504/inat_618128864_f4391ea5.jpg,1,Ojirowashi
tool_bird_class_train/Ojirowashi_White_Tailed_Eagle/AAS1_ojirowashi-7D2M4209-2690-1674-392-323.JPG,1,Ojirowashi
tool_bird_class_train/Ojirowashi_White_Tailed_Eagle/AAS1_ojirowashi-7D2M4626-2120-1581-1029-659.JPG,1,Ojirowashi
tool_bird_class_train/Ojirowashi_White_Tailed_Eagle/inat_3160/546e0b40-3212-4a30-b12a-005a1b538738.jpg,1,Ojirowashi
tool_bird_class_train/Ojirowashi_White_Tailed_Eagle/ext_inat_20260504/inat_255975736_0a7081ea.jpg,1,Ojirowashi
tool_bird_class_train/Ojirowashi_White_Tailed_Eagle/AAS1_ojirowashi-7DMA1152-2143-1434-378-107.JPG,1,Ojirowashi
tool_bird_class_train/Ojirowashi_White_Tailed_Eagle/ext_inat_20260504/inat_599014939_83b1634e.jpg,1,Ojirowashi
tool_bird_class_train/Ojirowashi_White_Tailed_Eagle/ext_inat_20260504/inat_127784777_4eafaeb9.jpg,1,Ojirowashi
tool_bird_class_train/Ojirowashi_White_Tailed_Eagle/ext_inat_20260504/inat_108685198_8e6992d2.jpg,1,Ojirowashi
tool_bird_class_train/Ojirowashi_White_Tailed_Eagle/ext_inat_20260504/inat_498059274_fccb271c.jpg,1,Ojirowashi
tool_bird_class_train/Ojirowashi_White_Tailed_Eagle/ext_inat_20260504/inat_132940899_3bce2b76.jpg,1,Ojirowashi
tool_bird_class_train/Ojirowashi_White_Tailed_Eagle/AAS1_ojirowashi-7D2M4092-2996-548-1348-970.JPG,1,Ojirowashi
tool_bird_class_train/Ojirowashi_White_Tailed_Eagle/ext_inat_20260504/inat_367992386_c156320e.jpg,1,Ojirowashi
tool_bird_class_train/Ojirowashi_White_Tailed_Eagle/ext_inat_20260504/inat_541659220_b726ffbb.jpg,1,Ojirowashi
tool_bird_class_train/Ojirowashi_White_Tailed_Eagle/ext_inat_20260504/inat_452198461_faacab52.jpg,1,Ojirowashi
tool_bird_class_train/Ojirowashi_White_Tailed_Eagle/ext_inat_20260504/inat_431613018_051f6f62.jpg,1,Ojirowashi
tool_bird_class_train/Ojirowashi_White_Tailed_Eagle/ext_inat_20260504/inat_531922752_5bb83d40.jpg,1,Ojirowashi
tool_bird_class_train/Ojirowashi_White_Tailed_Eagle/ext_inat_20260504/inat_605451140_d82b31bb.jpg,1,Ojirowashi
tool_bird_class_train/Ojirowashi_White_Tailed_Eagle/ext_inat_20260504/inat_480456168_d93902e9.jpg,1,Ojirowashi
tool_bird_class_train/Ojirowashi_White_Tailed_Eagle/AAS1_ojirowashi-7D2M5132-2615-1183-1272-1297.JPG,1,Ojirowashi
tool_bird_class_train/Ojirowashi_White_Tailed_Eagle/ext_inat_20260504/inat_481965176_923e9a3d.jpg,1,Ojirowashi
tool_bird_class_train/Ojirowashi_White_Tailed_Eagle/ext_inat_20260504/inat_493433086_0d882eb2.jpg,1,Ojirowashi
tool_bird_class_train/Ojirowashi_White_Tailed_Eagle/ext_inat_20260504/inat_442900571_a99961ff.jpg,1,Ojirowashi
tool_bird_class_train/Ojirowashi_White_Tailed_Eagle/AAS1_ojirowashi-7DMA1177-2365-1688-395-560.JPG,1,Ojirowashi
tool_bird_class_train/Ojirowashi_White_Tailed_Eagle/ext_inat_20260504/inat_153447865_1d1183bb.jpg,1,Ojirowashi
tool_bird_class_train/Ojirowashi_White_Tailed_Eagle/AAS1_ojirowashi-7D2M6499-1927-174-2391-2835.JPG,1,Ojirowashi
tool_bird_class_train/Ojirowashi_White_Tailed_Eagle/ext_inat_20260504/inat_462139011_a19638db.jpg,1,Ojirowashi
tool_bird_class_train/Ojirowashi_White_Tailed_Eagle/AAS1_ojirowashi-7D2M6468-1929-1177-2054-821.JPG,1,Ojirowashi
tool_bird_class_train/Ojirowashi_White_Tailed_Eagle/AAS1_ojirowashi-7D2M4119-2615-1238-545-549.JPG,1,Ojirowashi
tool_bird_class_train/Ojirowashi_White_Tailed_Eagle/ext_inat_20260504/inat_555527870_5234edb0.jpg,1,Ojirowashi
tool_bird_class_train/Ojirowashi_White_Tailed_Eagle/ext_inat_20260504/inat_320790272_15ed3239.jpg,1,Ojirowashi
tool_bird_class_train/Ojirowashi_White_Tailed_Eagle/ext_inat_20260504/inat_259688744_58095c50.jpg,1,Ojirowashi
tool_bird_class_train/Ojirowashi_White_Tailed_Eagle/ext_inat_20260504/inat_405038865_1281e38f.jpg,1,Ojirowashi
tool_bird_class_train/Ojirowashi_White_Tailed_Eagle/AAS1_ojirowashi-7D2M9862-1974-898-1314-591.JPG,1,Ojirowashi
tool_bird_class_train/Ojirowashi_White_Tailed_Eagle/ext_inat_20260504/inat_503437704_6fb6301d.jpg,1,Ojirowashi
tool_bird_class_train/Ojirowashi_White_Tailed_Eagle/ext_inat_20260504/inat_503965178_26ddbc96.jpg,1,Ojirowashi
tool_bird_class_train/Ojirowashi_White_Tailed_Eagle/ext_inat_20260504/inat_563547459_3ee3604f.jpg,1,Ojirowashi
tool_bird_class_train/Ojirowashi_White_Tailed_Eagle/ext_inat_20260504/inat_599624787_ff604d7c.jpg,1,Ojirowashi
tool_bird_class_train/Ojirowashi_White_Tailed_Eagle/ext_inat_20260504/inat_586617266_07d7ac10.jpg,1,Ojirowashi
tool_bird_class_train/Ojirowashi_White_Tailed_Eagle/AAS1_ojirowashi-7D2M6254-2637-1431-466-438.JPG,1,Ojirowashi
tool_bird_class_train/Ojirowashi_White_Tailed_Eagle/ext_inat_20260504/inat_616946303_8e975a6d.jpg,1,Ojirowashi
tool_bird_class_train/Ojirowashi_White_Tailed_Eagle/ext_inat_20260504/inat_205475711_1934ddbb.jpg,1,Ojirowashi
tool_bird_class_train/Ojirowashi_White_Tailed_Eagle/ext_inat_20260504/inat_231210841_bf9e773f.jpg,1,Ojirowashi
tool_bird_class_train/Ojirowashi_White_Tailed_Eagle/ext_inat_20260504/inat_586130858_0bc9f362.jpg,1,Ojirowashi
tool_bird_class_train/Ojirowashi_White_Tailed_Eagle/ext_inat_20260504/inat_281810106_0847beee.jpg,1,Ojirowashi
tool_bird_class_train/Ojirowashi_White_Tailed_Eagle/ext_inat_20260504/inat_347151681_cf45a257.jpg,1,Ojirowashi
tool_bird_class_train/Ojirowashi_White_Tailed_Eagle/AAS1_ojirowashi-7D2M3257-2842-1814-85-82.JPG,1,Ojirowashi
tool_bird_class_train/Ojirowashi_White_Tailed_Eagle/AAS1_ojirowashi-7D2M4688-1928-1260-1482-742.JPG,1,Ojirowashi
tool_bird_class_train/Ojirowashi_White_Tailed_Eagle/AAS1_ojirowashi-7D2M5475-2595-1641-411-272.JPG,1,Ojirowashi
tool_bird_class_train/Ojirowashi_White_Tailed_Eagle/ext_inat_20260504/inat_399109839_ad867574.jpg,1,Ojirowashi
tool_bird_class_train/Ojirowashi_White_Tailed_Eagle/ext_inat_20260504/inat_321048070_00450bef.jpg,1,Ojirowashi
tool_bird_class_train/Ojirowashi_White_Tailed_Eagle/ext_inat_20260504/inat_489598915_3b594997.jpg,1,Ojirowashi
tool_bird_class_train/Ojirowashi_White_Tailed_Eagle/ext_inat_20260504/inat_257543613_008f1354.jpg,1,Ojirowashi
tool_bird_class_train/Ojirowashi_White_Tailed_Eagle/ext_inat_20260504/inat_108677109_f4fb7a4b.jpg,1,Ojirowashi
tool_bird_class_train/Ojirowashi_White_Tailed_Eagle/ext_inat_20260504/inat_611248458_e388f0ca.jpg,1,Ojirowashi
tool_bird_class_train/Ojirowashi_White_Tailed_Eagle/ext_inat_20260504/inat_607638717_79fe02e8.jpg,1,Ojirowashi
tool_bird_class_train/Ojirowashi_White_Tailed_Eagle/ext_inat_20260504/inat_265434206_5dc1c8a9.jpg,1,Ojirowashi
tool_bird_class_train/Ojirowashi_White_Tailed_Eagle/AAS1_ojirowashi-7D2M5478-2607-1637-308-230.JPG,1,Ojirowashi
tool_bird_class_train/Ojirowashi_White_Tailed_Eagle/ext_inat_20260504/inat_146986851_b8a42469.jpg,1,Ojirowashi
tool_bird_class_train/Ojirowashi_White_Tailed_Eagle/AAS1_ojirowashi-7D2M5554-2515-1753-523-172.JPG,1,Ojirowashi
tool_bird_class_train/Ojirowashi_White_Tailed_Eagle/AAS1_ojirowashi-7D2M4756-2572-1590-363-419.JPG,1,Ojirowashi
tool_bird_class_train/Ojirowashi_White_Tailed_Eagle/ext_inat_20260504/inat_270086930_a9e4219b.jpg,1,Ojirowashi
tool_bird_class_train/Ojirowashi_White_Tailed_Eagle/AAS1_ojirowashi-7D2M4462-2652-1653-479-309.JPG,1,Ojirowashi
tool_bird_class_train/Ojirowashi_White_Tailed_Eagle/ext_inat_20260504/inat_251589793_67c41552.jpg,1,Ojirowashi
tool_bird_class_train/Ojirowashi_White_Tailed_Eagle/AAS1_ojirowashi-7DMA1118-2336-2158-380-175.JPG,1,Ojirowashi
tool_bird_class_train/Ojirowashi_White_Tailed_Eagle/AAS1_ojirowashi-7DMA0876-2622-1669-367-288.JPG,1,Ojirowashi
tool_bird_class_train/Ojirowashi_White_Tailed_Eagle/ext_inat_20260504/inat_202502031_468ba129.jpg,1,Ojirowashi
tool_bird_class_train/Ojirowashi_White_Tailed_Eagle/ext_inat_20260504/inat_644924279_b72a18e0.jpg,1,Ojirowashi
tool_bird_class_train/Ojirowashi_White_Tailed_Eagle/AAS1_ojirowashi-7DMA1284-2189-1350-299-458.JPG,1,Ojirowashi
tool_bird_class_train/Ojirowashi_White_Tailed_Eagle/AAS1_ojirowashi-7D2M3320-1804-1690-1107-1491.JPG,1,Ojirowashi
tool_bird_class_train/Ojirowashi_White_Tailed_Eagle/ext_inat_20260504/inat_647079522_1da5c043.jpg,1,Ojirowashi
tool_bird_class_train/Ojirowashi_White_Tailed_Eagle/AAS1_ojirowashi-7D2M4558-2667-1616-271-534.JPG,1,Ojirowashi
tool_bird_class_train/Ojirowashi_White_Tailed_Eagle/ext_inat_20260504/inat_377657541_88d6e799.jpg,1,Ojirowashi
tool_bird_class_train/Ojirowashi_White_Tailed_Eagle/ext_inat_20260504/inat_258987574_5d7e9420.jpg,1,Ojirowashi
tool_bird_class_train/Ojirowashi_White_Tailed_Eagle/ext_inat_20260504/inat_379935754_406821fa.jpg,1,Ojirowashi
tool_bird_class_train/Ojirowashi_White_Tailed_Eagle/ext_inat_20260504/inat_264997405_04cdd4bd.jpg,1,Ojirowashi
tool_bird_class_train/Ojirowashi_White_Tailed_Eagle/ext_inat_20260504/inat_253361046_d2a2c389.jpg,1,Ojirowashi
tool_bird_class_train/Ojirowashi_White_Tailed_Eagle/AAS1_ojirowashi-7D2M6661-2040-2037-670-942.JPG,1,Ojirowashi
tool_bird_class_train/Ojirowashi_White_Tailed_Eagle/ext_inat_20260504/inat_450624020_acdd5ca9.jpg,1,Ojirowashi
tool_bird_class_train/Ojirowashi_White_Tailed_Eagle/ext_inat_20260504/inat_115028580_338551a3.jpg,1,Ojirowashi
tool_bird_class_train/Ojirowashi_White_Tailed_Eagle/ext_inat_20260504/inat_551927335_c6e2369a.jpg,1,Ojirowashi
tool_bird_class_train/Ojirowashi_White_Tailed_Eagle/ext_inat_20260504/inat_375039195_cb5dcf03.jpg,1,Ojirowashi
tool_bird_class_train/Ojirowashi_White_Tailed_Eagle/ext_inat_20260504/inat_269561801_b3fd5c43.jpg,1,Ojirowashi
tool_bird_class_train/Ojirowashi_White_Tailed_Eagle/AAS1_ojirowashi-7D2M6647-2419-1254-685-577.JPG,1,Ojirowashi
tool_bird_class_train/Ojirowashi_White_Tailed_Eagle/ext_inat_20260504/inat_602978064_a55f2a97.jpg,1,Ojirowashi
tool_bird_class_train/Ojirowashi_White_Tailed_Eagle/AAS1_ojirowashi-7D2M6471-1404-1030-2256-1055.JPG,1,Ojirowashi
tool_bird_class_train/Ojirowashi_White_Tailed_Eagle/ext_inat_20260504/inat_145198589_20f2b283.jpg,1,Ojirowashi
tool_bird_class_train/Ojirowashi_White_Tailed_Eagle/ext_inat_20260504/inat_126913175_6e8daa31.jpg,1,Ojirowashi
tool_bird_class_train/Ojirowashi_White_Tailed_Eagle/inat_3160/37ff3922-2ca3-44cd-88a5-7d29fb11c9ee.jpg,1,Ojirowashi
tool_bird_class_train/Ojirowashi_White_Tailed_Eagle/ext_inat_20260504/inat_231483807_307b65d4.jpg,1,Ojirowashi
tool_bird_class_train/Ojirowashi_White_Tailed_Eagle/inat_3160/dd51f925-1be4-4ff0-bbab-9ad5751b2999.jpg,1,Ojirowashi
tool_bird_class_train/Ojirowashi_White_Tailed_Eagle/AAS1_ojirowashi-7D2M2865r-1743-1430-1642-1165.JPG,1,Ojirowashi
tool_bird_class_train/Ojirowashi_White_Tailed_Eagle/ext_inat_20260504/inat_618700477_1a135fd8.jpg,1,Ojirowashi
tool_bird_class_train/Ojirowashi_White_Tailed_Eagle/ext_inat_20260504/inat_513441909_4e636f6b.jpg,1,Ojirowashi
tool_bird_class_train/Ojirowashi_White_Tailed_Eagle/ext_inat_20260504/inat_619814569_f7e1cceb.jpg,1,Ojirowashi
tool_bird_class_train/Ojirowashi_White_Tailed_Eagle/ext_inat_20260504/inat_302845712_7e1b9311.jpg,1,Ojirowashi
tool_bird_class_train/Ojirowashi_White_Tailed_Eagle/ext_inat_20260504/inat_411395993_60d64752.jpg,1,Ojirowashi
tool_bird_class_train/Ojirowashi_White_Tailed_Eagle/ext_inat_20260504/inat_258428724_4ccf899c.jpg,1,Ojirowashi
tool_bird_class_train/Ojirowashi_White_Tailed_Eagle/AAS1_ojirowashi-7D2M5547-2380-1196-1124-841.JPG,1,Ojirowashi
tool_bird_class_train/Ojirowashi_White_Tailed_Eagle/ext_inat_20260504/inat_120490561_b7055046.jpg,1,Ojirowashi
tool_bird_class_train/Ojirowashi_White_Tailed_Eagle/ext_inat_20260504/inat_165397151_4b08e89f.jpg,1,Ojirowashi
tool_bird_class_train/Ojirowashi_White_Tailed_Eagle/frame_001850_bb00_t0061.73_conf0.974.jpg,1,Ojirowashi
tool_bird_class_train/Ojirowashi_White_Tailed_Eagle/AAS1_ojirowashi-7D2M6944-2242-1610-846-986.JPG,1,Ojirowashi
tool_bird_class_train/Ojirowashi_White_Tailed_Eagle/ext_inat_20260504/inat_223657958_2be7ced2.jpg,1,Ojirowashi
tool_bird_class_train/Ojirowashi_White_Tailed_Eagle/ext_inat_20260504/inat_413891980_c49cec4e.jpg,1,Ojirowashi
tool_bird_class_train/Ojirowashi_White_Tailed_Eagle/ext_inat_20260504/inat_137596492_3f7424a3.jpg,1,Ojirowashi
tool_bird_class_train/Ojirowashi_White_Tailed_Eagle/ext_inat_20260504/inat_450860825_33af60c5.jpg,1,Ojirowashi
tool_bird_class_train/Ojirowashi_White_Tailed_Eagle/AAS1_ojirowashi-7D2M6772-2685-1731-366-239.JPG,1,Ojirowashi
tool_bird_class_train/Ojirowashi_White_Tailed_Eagle/v5_train_v5_inat/348816243.jpg,1,Ojirowashi
tool_bird_class_train/Ojirowashi_White_Tailed_Eagle/AAS1_ojirowashi-7D2M6658-1787-1201-663-913.JPG,1,Ojirowashi
tool_bird_class_train/Ojirowashi_White_Tailed_Eagle/ext_inat_20260504/inat_511417009_46e31356.jpg,1,Ojirowashi
tool_bird_class_train/Ojirowashi_White_Tailed_Eagle/ext_inat_20260504/inat_514997302_e319581d.jpg,1,Ojirowashi
tool_bird_class_train/Ojirowashi_White_Tailed_Eagle/AAS1_ojirowashi-7D2M3387-2419-1824-181-219.JPG,1,Ojirowashi
tool_bird_class_train/Ojirowashi_White_Tailed_Eagle/ext_inat_20260504/inat_166128423_7855ebcd.jpg,1,Ojirowashi
tool_bird_class_train/Ojirowashi_White_Tailed_Eagle/ext_inat_20260504/inat_249101578_ae1d31fe.jpg,1,Ojirowashi
tool_bird_class_train/Ojirowashi_White_Tailed_Eagle/ext_inat_20260504/inat_253615373_0f607c6b.jpg,1,Ojirowashi
tool_bird_class_train/Ojirowashi_White_Tailed_Eagle/ext_inat_20260504/inat_528660885_5a9b66e9.jpg,1,Ojirowashi
tool_bird_class_train/Ojirowashi_White_Tailed_Eagle/ext_inat_20260504/inat_225525996_b00898ac.jpg,1,Ojirowashi
tool_bird_class_train/Ojirowashi_White_Tailed_Eagle/ext_inat_20260504/inat_178032608_b52c635f.jpg,1,Ojirowashi
tool_bird_class_train/Ojirowashi_White_Tailed_Eagle/ext_inat_20260504/inat_353566431_9e3204a5.jpg,1,Ojirowashi
tool_bird_class_train/Ojirowashi_White_Tailed_Eagle/ext_inat_20260504/inat_461855724_252b72dc.jpg,1,Ojirowashi
tool_bird_class_train/Ojirowashi_White_Tailed_Eagle/AAS1_ojirowashi-7D2M4655-1375-1654-2717-1059.JPG,1,Ojirowashi
tool_bird_class_train/Ojirowashi_White_Tailed_Eagle/ext_inat_20260504/inat_172036327_a4964f94.jpg,1,Ojirowashi
tool_bird_class_train/Ojirowashi_White_Tailed_Eagle/ext_inat_20260504/inat_633978379_7f853205.jpg,1,Ojirowashi
tool_bird_class_train/Ojirowashi_White_Tailed_Eagle/AAS1_ojirowashi-7D2M6507-1814-1241-1369-815.JPG,1,Ojirowashi
tool_bird_class_train/Ojirowashi_White_Tailed_Eagle/ext_inat_20260504/inat_245084154_ea89520e.jpg,1,Ojirowashi
tool_bird_class_train/Ojirowashi_White_Tailed_Eagle/ext_inat_20260504/inat_125929034_27773d5a.jpg,1,Ojirowashi
tool_bird_class_train/Ojirowashi_White_Tailed_Eagle/ext_inat_20260504/inat_533280585_5611ef2d.jpg,1,Ojirowashi
tool_bird_class_train/Ojirowashi_White_Tailed_Eagle/v5_train_v5_inat/351987953.jpg,1,Ojirowashi
tool_bird_class_train/Ojirowashi_White_Tailed_Eagle/ext_inat_20260504/inat_163762344_58767b85.jpg,1,Ojirowashi
tool_bird_class_train/Ojirowashi_White_Tailed_Eagle/ext_inat_20260504/inat_435353782_3455ecea.jpg,1,Ojirowashi
tool_bird_class_train/Ojirowashi_White_Tailed_Eagle/AAS1_ojirowashi-7D2M2851-2609-1706-686-337.JPG,1,Ojirowashi
tool_bird_class_train/Ojirowashi_White_Tailed_Eagle/AAS1_ojirowashi-7D2M3602-2486-1707-187-200.JPG,1,Ojirowashi
tool_bird_class_train/Ojirowashi_White_Tailed_Eagle/AAS1_ojirowashi-7D2M5477-2698-1719-295-174.JPG,1,Ojirowashi
tool_bird_class_train/Ojirowashi_White_Tailed_Eagle/v5_train_v5_inat/351214595.jpg,1,Ojirowashi
tool_bird_class_train/Ojirowashi_White_Tailed_Eagle/ext_inat_20260504/inat_345057501_0823425c.jpg,1,Ojirowashi
tool_bird_class_train/Ojirowashi_White_Tailed_Eagle/ext_inat_20260504/inat_353953238_9bcbb8c9.jpg,1,Ojirowashi
tool_bird_class_train/Ojirowashi_White_Tailed_Eagle/frame_002250_bb00_t0075.08_conf0.957.jpg,1,Ojirowashi
tool_bird_class_train/Ojirowashi_White_Tailed_Eagle/AAS1_ojirowashi-7D2M6633-2405-1561-569-390.JPG,1,Ojirowashi
tool_bird_class_train/Ojirowashi_White_Tailed_Eagle/ext_inat_20260504/inat_358203611_b29aca5b.jpg,1,Ojirowashi
tool_bird_class_train/Ojirowashi_White_Tailed_Eagle/ext_inat_20260504/inat_267876812_f06a12c9.jpg,1,Ojirowashi
tool_bird_class_train/Ojirowashi_White_Tailed_Eagle/AAS1_ojirowashi-7D2M4129-1750-1193-1074-895.JPG,1,Ojirowashi
tool_bird_class_train/Ojirowashi_White_Tailed_Eagle/ext_inat_20260504/inat_489608911_7e79a1cc.jpg,1,Ojirowashi
tool_bird_class_train/Ojirowashi_White_Tailed_Eagle/ext_inat_20260504/inat_258491336_94db2c89.jpg,1,Ojirowashi
tool_bird_class_train/Ojirowashi_White_Tailed_Eagle/ext_inat_20260504/inat_480760201_b758665c.jpg,1,Ojirowashi
tool_bird_class_train/Ojirowashi_White_Tailed_Eagle/AAS1_ojirowashi-7D2M6740-2894-1572-638-487.JPG,1,Ojirowashi
tool_bird_class_train/Ojirowashi_White_Tailed_Eagle/ext_inat_20260504/inat_236343533_3b4b1cfc.jpg,1,Ojirowashi
tool_bird_class_train/Ojirowashi_White_Tailed_Eagle/AAS1_ojirowashi-7D2M4724-2339-1798-318-275.JPG,1,Ojirowashi
tool_bird_class_train/Ojirowashi_White_Tailed_Eagle/AAS1_ojirowashi-7D2M4757-2503-1731-276-342.JPG,1,Ojirowashi
tool_bird_class_train/Ojirowashi_White_Tailed_Eagle/ext_inat_20260504/inat_553232572_a66e05d7.jpg,1,Ojirowashi
tool_bird_class_train/Ojirowashi_White_Tailed_Eagle/ext_inat_20260504/inat_99337816_44a1aebe.jpg,1,Ojirowashi
tool_bird_class_train/Ojirowashi_White_Tailed_Eagle/ext_inat_20260504/inat_470516955_188a63fd.jpg,1,Ojirowashi
tool_bird_class_train/Ojirowashi_White_Tailed_Eagle/AAS1_ojirowashi-7DMA1280-3102-1624-312-437.JPG,1,Ojirowashi
tool_bird_class_train/Ojirowashi_White_Tailed_Eagle/ext_inat_20260504/inat_156932174_25d59572.jpg,1,Ojirowashi
tool_bird_class_train/Ojirowashi_White_Tailed_Eagle/frame_002280_bb00_t0076.08_conf0.957.jpg,1,Ojirowashi
tool_bird_class_train/Ojirowashi_White_Tailed_Eagle/ext_inat_20260504/inat_156234496_cec8bb11.jpg,1,Ojirowashi
tool_bird_class_train/Ojirowashi_White_Tailed_Eagle/ext_inat_20260504/inat_475751697_b6e063d1.jpg,1,Ojirowashi
tool_bird_class_train/Ojirowashi_White_Tailed_Eagle/ext_inat_20260504/inat_447682168_dad17643.jpg,1,Ojirowashi
tool_bird_class_train/Ojirowashi_White_Tailed_Eagle/ext_inat_20260504/inat_389826434_76ecf118.jpg,1,Ojirowashi
tool_bird_class_train/Ojirowashi_White_Tailed_Eagle/AAS1_ojirowashi-7D2M6742-2371-1873-430-294.JPG,1,Ojirowashi
tool_bird_class_train/Ojirowashi_White_Tailed_Eagle/ext_inat_20260504/inat_608316637_6a484297.jpg,1,Ojirowashi
tool_bird_class_train/Ojirowashi_White_Tailed_Eagle/AAS1_ojirowashi-7D2M2997-2285-1613-363-296.JPG,1,Ojirowashi
tool_bird_class_train/Ojirowashi_White_Tailed_Eagle/ext_inat_20260504/inat_156743501_c700dd9b.jpg,1,Ojirowashi
tool_bird_class_train/Ojirowashi_White_Tailed_Eagle/ext_inat_20260504/inat_385889745_e7ee41dc.jpg,1,Ojirowashi
tool_bird_class_train/Ojirowashi_White_Tailed_Eagle/ext_inat_20260504/inat_474798173_7af526a9.jpg,1,Ojirowashi
tool_bird_class_train/Ojirowashi_White_Tailed_Eagle/AAS1_ojirowashi-7D2M5729-2247-1549-218-241.JPG,1,Ojirowashi
tool_bird_class_train/Ojirowashi_White_Tailed_Eagle/ext_inat_20260504/inat_472461281_abbe1b49.jpg,1,Ojirowashi
tool_bird_class_train/Ojirowashi_White_Tailed_Eagle/inat_3160/da4a8d8d-923b-428a-8190-bcb22b97e4e7.jpg,1,Ojirowashi
tool_bird_class_train/Ojirowashi_White_Tailed_Eagle/AAS1_ojirowashi-7D2M5131-2384-1670-1272-928.JPG,1,Ojirowashi
tool_bird_class_train/Ojirowashi_White_Tailed_Eagle/ext_inat_20260504/inat_356480640_32a33eee.jpg,1,Ojirowashi
tool_bird_class_train/Ojirowashi_White_Tailed_Eagle/AAS1_ojirowashi-7D2M4950-2876-1600-251-252.JPG,1,Ojirowashi
tool_bird_class_train/Ojirowashi_White_Tailed_Eagle/ext_inat_20260504/inat_586352205_5cfff0c3.jpg,1,Ojirowashi
tool_bird_class_train/Ojirowashi_White_Tailed_Eagle/ext_inat_20260504/inat_635483096_55795f9c.jpg,1,Ojirowashi
tool_bird_class_train/Ojirowashi_White_Tailed_Eagle/ext_inat_20260504/inat_140624000_2bbcd093.jpg,1,Ojirowashi
tool_bird_class_train/Ojirowashi_White_Tailed_Eagle/ext_inat_20260504/inat_372589321_5ed2d010.jpg,1,Ojirowashi
tool_bird_class_train/Ojirowashi_White_Tailed_Eagle/ext_inat_20260504/inat_309150420_9d1c9ad4.jpg,1,Ojirowashi
tool_bird_class_train/Ojirowashi_White_Tailed_Eagle/ext_inat_20260504/inat_426009047_d719081e.jpg,1,Ojirowashi
tool_bird_class_train/Ojirowashi_White_Tailed_Eagle/AAS1_ojirowashi-7D2M6610-2613-1798-938-557.JPG,1,Ojirowashi
tool_bird_class_train/Ojirowashi_White_Tailed_Eagle/ext_inat_20260504/inat_364735636_0ff74250.jpg,1,Ojirowashi
tool_bird_class_train/Ojirowashi_White_Tailed_Eagle/ext_inat_20260504/inat_321442650_a3afd80b.jpg,1,Ojirowashi
tool_bird_class_train/Ojirowashi_White_Tailed_Eagle/ext_inat_20260504/inat_214859413_7b693622.jpg,1,Ojirowashi
tool_bird_class_train/Ojirowashi_White_Tailed_Eagle/AAS1_ojirowashi-7D2M6542-1612-1713-2093-475.JPG,1,Ojirowashi
tool_bird_class_train/Ojirowashi_White_Tailed_Eagle/ext_inat_20260504/inat_532168092_299f5f69.jpg,1,Ojirowashi
tool_bird_class_train/Ojirowashi_White_Tailed_Eagle/ext_inat_20260504/inat_307929056_1e7c9bed.jpg,1,Ojirowashi
tool_bird_class_train/Ojirowashi_White_Tailed_Eagle/ext_inat_20260504/inat_320855608_8e911d02.jpg,1,Ojirowashi
tool_bird_class_train/Ojirowashi_White_Tailed_Eagle/ext_inat_20260504/inat_600306532_1f380f32.jpg,1,Ojirowashi
tool_bird_class_train/Ojirowashi_White_Tailed_Eagle/ext_inat_20260504/inat_211126489_6a6b3825.jpg,1,Ojirowashi
tool_bird_class_train/Ojirowashi_White_Tailed_Eagle/ext_inat_20260504/inat_259831193_e0ccc71b.jpg,1,Ojirowashi
tool_bird_class_train/Ojirowashi_White_Tailed_Eagle/ext_inat_20260504/inat_635141549_6291f448.jpg,1,Ojirowashi
tool_bird_class_train/Ojirowashi_White_Tailed_Eagle/ext_inat_20260504/inat_469703829_da75d1bd.jpg,1,Ojirowashi
tool_bird_class_train/Ojirowashi_White_Tailed_Eagle/ext_inat_20260504/inat_641869528_f3e566a4.jpg,1,Ojirowashi
tool_bird_class_train/Ojirowashi_White_Tailed_Eagle/AAS1_ojirowashi-7D2M2971-2784-1674-133-235.JPG,1,Ojirowashi
tool_bird_class_train/Ojirowashi_White_Tailed_Eagle/ext_inat_20260504/inat_575554385_ed367fe0.jpg,1,Ojirowashi
tool_bird_class_train/Ojirowashi_White_Tailed_Eagle/ext_inat_20260504/inat_318476602_6443fdd7.jpg,1,Ojirowashi
tool_bird_class_train/Ojirowashi_White_Tailed_Eagle/ext_inat_20260504/inat_349894547_a7fd9cdd.jpg,1,Ojirowashi
tool_bird_class_train/Ojirowashi_White_Tailed_Eagle/AAS1_ojirowashi-7D2M4091-1746-819-1614-928.JPG,1,Ojirowashi
tool_bird_class_train/Ojirowashi_White_Tailed_Eagle/ext_inat_20260504/inat_343042268_47cd3484.jpg,1,Ojirowashi
tool_bird_class_train/Ojirowashi_White_Tailed_Eagle/AAS1_ojirowashi-7D2M6503-1799-230-1836-3038.JPG,1,Ojirowashi
tool_bird_class_train/Ojirowashi_White_Tailed_Eagle/ext_inat_20260504/inat_182073553_175c18d2.jpg,1,Ojirowashi
tool_bird_class_train/Ojirowashi_White_Tailed_Eagle/ext_inat_20260504/inat_636223682_dc0296a6.jpg,1,Ojirowashi
tool_bird_class_train/Ojirowashi_White_Tailed_Eagle/inat_3160/7c8da47e-b59c-49b5-aaa4-653ed8be9130.jpg,1,Ojirowashi
tool_bird_class_train/Ojirowashi_White_Tailed_Eagle/AAS1_ojirowashi-7D2M6316-1-168-181-649-446.JPG,1,Ojirowashi
tool_bird_class_train/Ojirowashi_White_Tailed_Eagle/AAS1_ojirowashi-7D2M6549-2239-1542-805-196.JPG,1,Ojirowashi
tool_bird_class_train/Ojirowashi_White_Tailed_Eagle/ext_inat_20260504/inat_462851609_e9c60f59.jpg,1,Ojirowashi
tool_bird_class_train/Ojirowashi_White_Tailed_Eagle/ext_inat_20260504/inat_311314858_60a677fb.jpg,1,Ojirowashi
tool_bird_class_train/Ojirowashi_White_Tailed_Eagle/ext_inat_20260504/inat_461713971_a617ac2f.jpg,1,Ojirowashi
tool_bird_class_train/Ojirowashi_White_Tailed_Eagle/ext_inat_20260504/inat_433545385_bb63ea97.jpg,1,Ojirowashi
tool_bird_class_train/Ojirowashi_White_Tailed_Eagle/ext_inat_20260504/inat_349253023_8813cf00.jpg,1,Ojirowashi
tool_bird_class_train/Ojirowashi_White_Tailed_Eagle/ext_inat_20260504/inat_354689008_0048fcc3.jpg,1,Ojirowashi
tool_bird_class_train/Ojirowashi_White_Tailed_Eagle/ext_inat_20260504/inat_331659941_27d3e2aa.jpg,1,Ojirowashi
tool_bird_class_train/Ojirowashi_White_Tailed_Eagle/ext_inat_20260504/inat_240279796_ba3152fd.jpg,1,Ojirowashi
tool_bird_class_train/Ojirowashi_White_Tailed_Eagle/ext_inat_20260504/inat_346337941_bec56411.jpg,1,Ojirowashi
tool_bird_class_train/Ojirowashi_White_Tailed_Eagle/AAS1_ojirowashi-7DMA1176-2112-1702-421-553.JPG,1,Ojirowashi
tool_bird_class_train/Ojirowashi_White_Tailed_Eagle/ext_inat_20260504/inat_130294622_cf144735.jpg,1,Ojirowashi
tool_bird_class_train/Ojirowashi_White_Tailed_Eagle/ext_inat_20260504/inat_478960942_199192a8.jpg,1,Ojirowashi
tool_bird_class_train/Ojirowashi_White_Tailed_Eagle/ext_inat_20260504/inat_167986242_b943e301.jpg,1,Ojirowashi
tool_bird_class_train/Ojirowashi_White_Tailed_Eagle/AAS1_ojirowashi-7D2M4899-2330-1512-536-412.JPG,1,Ojirowashi
tool_bird_class_train/Ojirowashi_White_Tailed_Eagle/AAS1_ojirowashi-7D2M2823-2387-1485-311-616.JPG,1,Ojirowashi
tool_bird_class_train/Ojirowashi_White_Tailed_Eagle/AAS1_ojirowashi-7D2M6546-2554-1405-577-383.JPG,1,Ojirowashi
tool_bird_class_train/Ojirowashi_White_Tailed_Eagle/ext_inat_20260504/inat_486814734_fa0d8586.jpg,1,Ojirowashi
tool_bird_class_train/Ojirowashi_White_Tailed_Eagle/ext_inat_20260504/inat_521259825_2457678c.jpg,1,Ojirowashi
tool_bird_class_train/Ojirowashi_White_Tailed_Eagle/ext_inat_20260504/inat_364735118_2973f2ef.jpg,1,Ojirowashi
tool_bird_class_train/Ojirowashi_White_Tailed_Eagle/AAS1_ojirowashi-7D2M4100-1944-1350-1482-966.JPG,1,Ojirowashi
tool_bird_class_train/Ojirowashi_White_Tailed_Eagle/ext_inat_20260504/inat_184530849_39e621e1.jpg,1,Ojirowashi
tool_bird_class_train/Ojirowashi_White_Tailed_Eagle/AAS1_ojirowashi-7D2M6946-2165-1431-497-289.JPG,1,Ojirowashi
tool_bird_class_train/Ojirowashi_White_Tailed_Eagle/ext_inat_20260504/inat_514959413_2b94c8b9.jpg,1,Ojirowashi
tool_bird_class_train/Ojirowashi_White_Tailed_Eagle/AAS1_ojirowashi-7D2M6497-1225-596-3063-1850.JPG,1,Ojirowashi
tool_bird_class_train/Ojirowashi_White_Tailed_Eagle/ext_inat_20260504/inat_525444187_e611e199.jpg,1,Ojirowashi
tool_bird_class_train/Ojirowashi_White_Tailed_Eagle/ext_inat_20260504/inat_266262573_c23d26b7.jpg,1,Ojirowashi
tool_bird_class_train/Ojirowashi_White_Tailed_Eagle/ext_inat_20260504/inat_618411439_55112df8.jpg,1,Ojirowashi
tool_bird_class_train/Ojirowashi_White_Tailed_Eagle/ext_inat_20260504/inat_643650588_1dab0e9b.jpg,1,Ojirowashi
tool_bird_class_train/Ojirowashi_White_Tailed_Eagle/ext_inat_20260504/inat_643416635_3b2095bb.jpg,1,Ojirowashi
tool_bird_class_train/Ojirowashi_White_Tailed_Eagle/ext_inat_20260504/inat_180564301_6957abd1.jpg,1,Ojirowashi
tool_bird_class_train/Ojirowashi_White_Tailed_Eagle/ext_inat_20260504/inat_341276931_7a3d6279.jpg,1,Ojirowashi
tool_bird_class_train/Ojirowashi_White_Tailed_Eagle/ext_inat_20260504/inat_172469905_2e86d2e2.jpg,1,Ojirowashi
tool_bird_class_train/Ojirowashi_White_Tailed_Eagle/AAS1_ojirowashi-7D2M6381-2612-1386-362-239.JPG,1,Ojirowashi
tool_bird_class_train/Ojirowashi_White_Tailed_Eagle/ext_inat_20260504/inat_400337315_a82afde1.jpg,1,Ojirowashi
tool_bird_class_train/Ojirowashi_White_Tailed_Eagle/AAS1_ojirowashi-7D2M6630-2438-1266-1395-983.JPG,1,Ojirowashi
tool_bird_class_train/Ojirowashi_White_Tailed_Eagle/ext_inat_20260504/inat_314358527_cab8f3d1.jpg,1,Ojirowashi
tool_bird_class_train/Ojirowashi_White_Tailed_Eagle/ext_inat_20260504/inat_318219463_537dcdfe.jpg,1,Ojirowashi
tool_bird_class_train/Ojirowashi_White_Tailed_Eagle/ext_inat_20260504/inat_227311126_efe9cf11.jpg,1,Ojirowashi
tool_bird_class_train/Ojirowashi_White_Tailed_Eagle/ext_inat_20260504/inat_350817595_7f6acaab.jpg,1,Ojirowashi
tool_bird_class_train/Ojirowashi_White_Tailed_Eagle/AAS1_ojirowashi-7D2M6449-2464-1510-792-347.JPG,1,Ojirowashi
tool_bird_class_train/Ojirowashi_White_Tailed_Eagle/ext_inat_20260504/inat_366821124_80ee7c69.jpg,1,Ojirowashi
tool_bird_class_train/Ojirowashi_White_Tailed_Eagle/ext_inat_20260504/inat_447682205_5e1e45f8.jpg,1,Ojirowashi
tool_bird_class_train/Ojirowashi_White_Tailed_Eagle/AAS1_ojirowashi-7DMA1267-2660-1559-319-390.JPG,1,Ojirowashi
tool_bird_class_train/Ojirowashi_White_Tailed_Eagle/ext_inat_20260504/inat_618682930_4cbeb8d6.jpg,1,Ojirowashi
tool_bird_class_train/Ojirowashi_White_Tailed_Eagle/ext_inat_20260504/inat_309922576_a9b9a187.jpg,1,Ojirowashi
tool_bird_class_train/Ojirowashi_White_Tailed_Eagle/AAS1_ojirowashi-7D2M4926-2554-1154-1112-992.JPG,1,Ojirowashi
tool_bird_class_train/Ojirowashi_White_Tailed_Eagle/ext_inat_20260504/inat_244218309_0e8ee3cd.jpg,1,Ojirowashi
tool_bird_class_train/Ojirowashi_White_Tailed_Eagle/AAS1_ojirowashi-7D2M4728-2134-1722-324-460.JPG,1,Ojirowashi
tool_bird_class_train/Ojirowashi_White_Tailed_Eagle/AAS1_ojirowashi-7D2M3520-2713-1867-279-111.JPG,1,Ojirowashi
tool_bird_class_train/Ojirowashi_White_Tailed_Eagle/ext_inat_20260504/inat_438588041_25f6012c.jpg,1,Ojirowashi
tool_bird_class_train/Ojirowashi_White_Tailed_Eagle/ext_inat_20260504/inat_182697316_bc1109d9.jpg,1,Ojirowashi
tool_bird_class_train/Ojirowashi_White_Tailed_Eagle/ext_inat_20260504/inat_338557590_0f5af32f.jpg,1,Ojirowashi
tool_bird_class_train/Ojirowashi_White_Tailed_Eagle/AAS1_ojirowashi-7D2M5146-2274-1045-1070-993.JPG,1,Ojirowashi
tool_bird_class_train/Ojirowashi_White_Tailed_Eagle/ext_inat_20260504/inat_617242332_05025b7b.jpg,1,Ojirowashi
tool_bird_class_train/Ojirowashi_White_Tailed_Eagle/AAS1_ojirowashi-7D2M6983-2523-1211-465-622.JPG,1,Ojirowashi
tool_bird_class_train/Ojirowashi_White_Tailed_Eagle/ext_inat_20260504/inat_509585979_84359ecc.jpg,1,Ojirowashi
tool_bird_class_train/Ojirowashi_White_Tailed_Eagle/AAS1_ojirowashi-7D2M6493-670-1257-2981-1267.JPG,1,Ojirowashi
tool_bird_class_train/Ojirowashi_White_Tailed_Eagle/ext_inat_20260504/inat_517084126_7fd2f4ca.jpg,1,Ojirowashi
tool_bird_class_train/Ojirowashi_White_Tailed_Eagle/AAS1_ojirowashi-7D2M3496-2355-1651-580-165.JPG,1,Ojirowashi
tool_bird_class_train/Ojirowashi_White_Tailed_Eagle/AAS1_ojirowashi-7D2M6510-1833-910-875-1835.JPG,1,Ojirowashi
tool_bird_class_train/Ojirowashi_White_Tailed_Eagle/AAS1_ojirowashi-7D2M3212-1-398-143-258-578.JPG,1,Ojirowashi
tool_bird_class_train/Ojirowashi_White_Tailed_Eagle/ext_inat_20260504/inat_244515077_f31235d5.jpg,1,Ojirowashi
tool_bird_class_train/Ojirowashi_White_Tailed_Eagle/AAS1_ojirowashi-7D2M6733-2266-1662-589-385.JPG,1,Ojirowashi
tool_bird_class_train/Ojirowashi_White_Tailed_Eagle/ext_inat_20260504/inat_300687560_02c9f8ca.jpg,1,Ojirowashi
tool_bird_class_train/Ojirowashi_White_Tailed_Eagle/frame_000380_bb00_t0012.68_conf0.992.jpg,1,Ojirowashi
tool_bird_class_train/Ojirowashi_White_Tailed_Eagle/AAS1_ojirowashi-7D2M4727-2317-1677-311-541.JPG,1,Ojirowashi
tool_bird_class_train/Ojirowashi_White_Tailed_Eagle/AAS1_ojirowashi-7DMA1271-2460-1877-325-362.JPG,1,Ojirowashi
tool_bird_class_train/Ojirowashi_White_Tailed_Eagle/ext_inat_20260504/inat_261433699_6669b8bc.jpg,1,Ojirowashi
tool_bird_class_train/Ojirowashi_White_Tailed_Eagle/AAS1_ojirowashi-7D2M6735-3230-1494-526-283.JPG,1,Ojirowashi
tool_bird_class_train/Ojirowashi_White_Tailed_Eagle/ext_inat_20260504/inat_413631100_929dd738.jpg,1,Ojirowashi
tool_bird_class_train/Ojirowashi_White_Tailed_Eagle/ext_inat_20260504/inat_607897161_60bc5b0b.jpg,1,Ojirowashi
tool_bird_class_train/Ojirowashi_White_Tailed_Eagle/ext_inat_20260504/inat_579644827_9a28cfc6.jpg,1,Ojirowashi
tool_bird_class_train/Ojirowashi_White_Tailed_Eagle/AAS1_ojirowashi-7D2M3448-2517-1653-486-82.JPG,1,Ojirowashi
tool_bird_class_train/Ojirowashi_White_Tailed_Eagle/ext_inat_20260504/inat_190580352_f1a794ac.jpg,1,Ojirowashi
tool_bird_class_train/Ojirowashi_White_Tailed_Eagle/ext_inat_20260504/inat_320792202_c2de821b.jpg,1,Ojirowashi
tool_bird_class_train/Ojirowashi_White_Tailed_Eagle/ext_inat_20260504/inat_635058055_6f1ac586.jpg,1,Ojirowashi
tool_bird_class_train/Ojirowashi_White_Tailed_Eagle/ext_inat_20260504/inat_290062364_ac1e4bf2.jpg,1,Ojirowashi
tool_bird_class_train/Ojirowashi_White_Tailed_Eagle/AAS1_ojirowashi-7D2M6970-2220-1738-463-593.JPG,1,Ojirowashi
tool_bird_class_train/Ojirowashi_White_Tailed_Eagle/ext_inat_20260504/inat_599214159_6b0864cc.jpg,1,Ojirowashi
tool_bird_class_train/Ojirowashi_White_Tailed_Eagle/AAS1_ojirowashi-7D2M4628-2268-1221-749-804.JPG,1,Ojirowashi
tool_bird_class_train/Ojirowashi_White_Tailed_Eagle/ext_inat_20260504/inat_448639570_cebc7fd4.jpg,1,Ojirowashi
tool_bird_class_train/Ojirowashi_White_Tailed_Eagle/ext_inat_20260504/inat_599790933_1d8a9ebc.jpg,1,Ojirowashi
tool_bird_class_train/Ojirowashi_White_Tailed_Eagle/ext_inat_20260504/inat_195002650_e805746a.jpg,1,Ojirowashi
tool_bird_class_train/Ojirowashi_White_Tailed_Eagle/AAS1_ojirowashi-7D2M9979-3007-1779-162-76.JPG,1,Ojirowashi
tool_bird_class_train/Ojirowashi_White_Tailed_Eagle/inat_3160/cd085d5b-7904-440d-a6cf-ee9052644c43.jpg,1,Ojirowashi
tool_bird_class_train/Ojirowashi_White_Tailed_Eagle/ext_inat_20260504/inat_581939512_547f8f50.jpg,1,Ojirowashi
tool_bird_class_train/Ojirowashi_White_Tailed_Eagle/ext_inat_20260504/inat_127767952_1b7609a9.jpg,1,Ojirowashi
tool_bird_class_train/Ojirowashi_White_Tailed_Eagle/ext_inat_20260504/inat_454420476_3d8ae410.jpg,1,Ojirowashi
tool_bird_class_train/Ojirowashi_White_Tailed_Eagle/ext_inat_20260504/inat_470485537_e3179812.jpg,1,Ojirowashi
tool_bird_class_train/Ojirowashi_White_Tailed_Eagle/ext_inat_20260504/inat_558828773_1a572db7.jpg,1,Ojirowashi
tool_bird_class_train/Ojirowashi_White_Tailed_Eagle/ext_inat_20260504/inat_534280084_173d73a5.jpg,1,Ojirowashi
tool_bird_class_train/Ojirowashi_White_Tailed_Eagle/AAS1_ojirowashi-7D2M6459-2416-1997-481-152.JPG,1,Ojirowashi
tool_bird_class_train/Ojirowashi_White_Tailed_Eagle/AAS1_ojirowashi-7D2M3514-2597-1606-375-353.JPG,1,Ojirowashi
tool_bird_class_train/Ojirowashi_White_Tailed_Eagle/ext_inat_20260504/inat_120025831_9d21bd4b.jpg,1,Ojirowashi
tool_bird_class_train/Ojirowashi_White_Tailed_Eagle/ext_inat_20260504/inat_219373761_9c412527.jpg,1,Ojirowashi
tool_bird_class_train/Ojirowashi_White_Tailed_Eagle/AAS1_ojirowashi-7DMA1047-1829-2144-456-422.JPG,1,Ojirowashi
tool_bird_class_train/Ojirowashi_White_Tailed_Eagle/ext_inat_20260504/inat_436174607_8113f455.jpg,1,Ojirowashi
tool_bird_class_train/Ojirowashi_White_Tailed_Eagle/ext_inat_20260504/inat_643697658_b7116909.jpg,1,Ojirowashi
tool_bird_class_train/Ojirowashi_White_Tailed_Eagle/inat_3160/404f9938-0054-43bb-a80a-197e5302837e.jpg,1,Ojirowashi
tool_bird_class_train/Ojirowashi_White_Tailed_Eagle/ext_inat_20260504/inat_331674741_9ba477ed.jpg,1,Ojirowashi
tool_bird_class_train/Ojirowashi_White_Tailed_Eagle/ext_inat_20260504/inat_376581390_1884f52c.jpg,1,Ojirowashi
tool_bird_class_train/Ojirowashi_White_Tailed_Eagle/ext_inat_20260504/inat_183896303_a04ac5f0.jpg,1,Ojirowashi
tool_bird_class_train/Ojirowashi_White_Tailed_Eagle/ext_inat_20260504/inat_574583896_002d7572.jpg,1,Ojirowashi
tool_bird_class_train/Ojirowashi_White_Tailed_Eagle/v4_gt/351066641.jpg,1,Ojirowashi
tool_bird_class_train/Ojirowashi_White_Tailed_Eagle/ext_inat_20260504/inat_561334428_fdff0f5d.jpg,1,Ojirowashi
tool_bird_class_train/Ojirowashi_White_Tailed_Eagle/ext_inat_20260504/inat_270203850_083164ec.jpg,1,Ojirowashi
tool_bird_class_train/Ojirowashi_White_Tailed_Eagle/ext_inat_20260504/inat_255686984_89dbc70a.png,1,Ojirowashi
tool_bird_class_train/Ojirowashi_White_Tailed_Eagle/AAS1_ojirowashi-7D2M4461-1-330-286-387-303.JPG,1,Ojirowashi
tool_bird_class_train/Ojirowashi_White_Tailed_Eagle/AAS1_ojirowashi-7D2M2806-2447-1849-289-335.JPG,1,Ojirowashi
tool_bird_class_train/Ojirowashi_White_Tailed_Eagle/AAS1_ojirowashi-7D2M6442-2499-1635-327-296.JPG,1,Ojirowashi
tool_bird_class_train/Ojirowashi_White_Tailed_Eagle/AAS1_ojirowashi-7D2M6538-2159-1726-1264-425.JPG,1,Ojirowashi
tool_bird_class_train/Ojirowashi_White_Tailed_Eagle/ext_inat_20260504/inat_489333848_a51ce0a2.jpg,1,Ojirowashi
tool_bird_class_train/Ojirowashi_White_Tailed_Eagle/ext_inat_20260504/inat_356774574_7ca1cdaf.jpg,1,Ojirowashi
tool_bird_class_train/Ojirowashi_White_Tailed_Eagle/ext_inat_20260504/inat_173280562_1f3facb7.jpg,1,Ojirowashi
tool_bird_class_train/Ojirowashi_White_Tailed_Eagle/AAS1_ojirowashi-7D2M4447-2429-1494-1219-938.JPG,1,Ojirowashi
tool_bird_class_train/Ojirowashi_White_Tailed_Eagle/ext_inat_20260504/inat_90337154_2362e093.jpg,1,Ojirowashi
tool_bird_class_train/Ojirowashi_White_Tailed_Eagle/AAS1_ojirowashi-7D2M4512r-2-1910-898-2213-2657.JPG,1,Ojirowashi
tool_bird_class_train/Ojirowashi_White_Tailed_Eagle/ext_inat_20260504/inat_485470909_bc0a152f.jpg,1,Ojirowashi
tool_bird_class_train/Ojirowashi_White_Tailed_Eagle/AAS1_ojirowashi-7DMA0807-2349-1788-272-132.JPG,1,Ojirowashi
tool_bird_class_train/Ojirowashi_White_Tailed_Eagle/ext_inat_20260504/inat_411854977_c3d99b41.jpg,1,Ojirowashi
tool_bird_class_train/Ojirowashi_White_Tailed_Eagle/ext_inat_20260504/inat_321745565_4c7d173a.jpg,1,Ojirowashi
tool_bird_class_train/Ojirowashi_White_Tailed_Eagle/AAS1_ojirowashi-7D2M6601-2234-1634-882-246.JPG,1,Ojirowashi
tool_bird_class_train/Ojirowashi_White_Tailed_Eagle/ext_inat_20260504/inat_311078718_08c4af76.jpg,1,Ojirowashi
tool_bird_class_train/Ojirowashi_White_Tailed_Eagle/ext_inat_20260504/inat_464767787_88c039bb.jpg,1,Ojirowashi
tool_bird_class_train/Ojirowashi_White_Tailed_Eagle/AAS1_ojirowashi-7D2M4871-2754-1449-382-450.JPG,1,Ojirowashi
tool_bird_class_train/Ojirowashi_White_Tailed_Eagle/ext_inat_20260504/inat_256776268_b3f0b360.jpg,1,Ojirowashi
tool_bird_class_train/Ojirowashi_White_Tailed_Eagle/ext_inat_20260504/inat_359805552_71fd5b12.jpg,1,Ojirowashi
tool_bird_class_train/Ojirowashi_White_Tailed_Eagle/AAS1_ojirowashi-7D2M5638-1968--9-1824-1287.JPG,1,Ojirowashi
tool_bird_class_train/Ojirowashi_White_Tailed_Eagle/ext_inat_20260504/inat_414318112_fc860997.jpg,1,Ojirowashi
tool_bird_class_train/Ojirowashi_White_Tailed_Eagle/ext_inat_20260504/inat_430811527_76a3193b.jpg,1,Ojirowashi
tool_bird_class_train/Ojirowashi_White_Tailed_Eagle/AAS1_ojirowashi-7D2M6517-1519-1526-1010-312.JPG,1,Ojirowashi
tool_bird_class_train/Ojirowashi_White_Tailed_Eagle/AAS1_ojirowashi-7D2M9890-2131-1475-1189-482.JPG,1,Ojirowashi
tool_bird_class_train/Ojirowashi_White_Tailed_Eagle/inat_3160/5470665a-0729-4dcd-b92e-6c9511ee6a2d.jpg,1,Ojirowashi
tool_bird_class_train/Ojirowashi_White_Tailed_Eagle/ext_inat_20260504/inat_473872432_ea5b4c06.jpg,1,Ojirowashi
tool_bird_class_train/Ojirowashi_White_Tailed_Eagle/AAS1_ojirowashi-7D2M6544-2288-1718-916-232.JPG,1,Ojirowashi
tool_bird_class_train/Ojirowashi_White_Tailed_Eagle/ext_inat_20260504/inat_173202036_f1582df1.jpg,1,Ojirowashi
tool_bird_class_train/Ojirowashi_White_Tailed_Eagle/ext_inat_20260504/inat_637790715_5e524523.jpg,1,Ojirowashi
tool_bird_class_train/Ojirowashi_White_Tailed_Eagle/ext_inat_20260504/inat_257573803_ce106ca8.jpg,1,Ojirowashi
tool_bird_class_train/Ojirowashi_White_Tailed_Eagle/AAS1_ojirowashi-7D2M6971-1979-1542-421-497.JPG,1,Ojirowashi
tool_bird_class_train/Ojirowashi_White_Tailed_Eagle/ext_inat_20260504/inat_502632397_38cba2c8.jpg,1,Ojirowashi
tool_bird_class_train/Ojirowashi_White_Tailed_Eagle/AAS1_ojirowashi-7D2M6500-1881-567-2241-2873.JPG,1,Ojirowashi
tool_bird_class_train/Ojirowashi_White_Tailed_Eagle/ext_inat_20260504/inat_105999107_cfcf7b76.jpg,1,Ojirowashi
tool_bird_class_train/Ojirowashi_White_Tailed_Eagle/AAS1_ojirowashi-7D2M6532-2256-951-1189-543.JPG,1,Ojirowashi
tool_bird_class_train/Ojirowashi_White_Tailed_Eagle/ext_inat_20260504/inat_570954700_9f413262.jpg,1,Ojirowashi
tool_bird_class_train/Ojirowashi_White_Tailed_Eagle/ext_inat_20260504/inat_632530980_b41ecfec.jpg,1,Ojirowashi
tool_bird_class_train/Ojirowashi_White_Tailed_Eagle/ext_inat_20260504/inat_628103858_591be49d.jpg,1,Ojirowashi
tool_bird_class_train/Ojirowashi_White_Tailed_Eagle/frame_002010_bb00_t0067.07_conf0.990.jpg,1,Ojirowashi
tool_bird_class_train/Ojirowashi_White_Tailed_Eagle/ext_inat_20260504/inat_329972967_c53b5378.jpg,1,Ojirowashi
tool_bird_class_train/Ojirowashi_White_Tailed_Eagle/AAS1_ojirowashi-7DMA0818-2563-1645-258-224.JPG,1,Ojirowashi
tool_bird_class_train/Ojirowashi_White_Tailed_Eagle/AAS1_ojirowashi-7DMA1337-2850-1972-326-217.JPG,1,Ojirowashi
tool_bird_class_train/Ojirowashi_White_Tailed_Eagle/ext_inat_20260504/inat_578553398_da07bd33.jpg,1,Ojirowashi
tool_bird_class_train/Ojirowashi_White_Tailed_Eagle/ext_inat_20260504/inat_240610515_160f3d72.jpg,1,Ojirowashi
tool_bird_class_train/Ojirowashi_White_Tailed_Eagle/AAS1_ojirowashi-7D2M4690-1730-1705-1126-880.JPG,1,Ojirowashi
tool_bird_class_train/Ojirowashi_White_Tailed_Eagle/ext_inat_20260504/inat_184654003_e5db0209.jpg,1,Ojirowashi
tool_bird_class_train/Ojirowashi_White_Tailed_Eagle/ext_inat_20260504/inat_210014245_a78562d1.jpg,1,Ojirowashi
tool_bird_class_train/Ojirowashi_White_Tailed_Eagle/ext_inat_20260504/inat_356279006_dc03e947.jpg,1,Ojirowashi
tool_bird_class_train/Ojirowashi_White_Tailed_Eagle/AAS1_ojirowashi-7DMA1169-2535-1170-431-936.JPG,1,Ojirowashi
tool_bird_class_train/Ojirowashi_White_Tailed_Eagle/ext_inat_20260504/inat_483911786_d02da8e2.jpg,1,Ojirowashi
tool_bird_class_train/Ojirowashi_White_Tailed_Eagle/ext_inat_20260504/inat_146168174_2c757c9d.jpg,1,Ojirowashi
tool_bird_class_train/Ojirowashi_White_Tailed_Eagle/inat_3160/e61f7d02-4449-4f46-8b1f-891a1f2c1621.jpg,1,Ojirowashi
tool_bird_class_train/Ojirowashi_White_Tailed_Eagle/AAS1_ojirowashi-7D2M6543-1685-1779-2090-504.JPG,1,Ojirowashi
tool_bird_class_train/Ojirowashi_White_Tailed_Eagle/ext_inat_20260504/inat_599211678_f6aefd0f.jpg,1,Ojirowashi
tool_bird_class_train/Ojirowashi_White_Tailed_Eagle/ext_inat_20260504/inat_590097760_ef880866.jpg,1,Ojirowashi
tool_bird_class_train/Ojirowashi_White_Tailed_Eagle/ext_inat_20260504/inat_474797915_0189b1f2.jpg,1,Ojirowashi
tool_bird_class_train/Ojirowashi_White_Tailed_Eagle/ext_inat_20260504/inat_159208779_a07977ad.jpg,1,Ojirowashi
tool_bird_class_train/Ojirowashi_White_Tailed_Eagle/ext_inat_20260504/inat_117682385_a7d293db.jpg,1,Ojirowashi
tool_bird_class_train/Ojirowashi_White_Tailed_Eagle/ext_inat_20260504/inat_500530293_2d24ad5a.jpg,1,Ojirowashi
tool_bird_class_train/Ojirowashi_White_Tailed_Eagle/ext_inat_20260504/inat_464771816_1df80e15.jpg,1,Ojirowashi
tool_bird_class_train/Ojirowashi_White_Tailed_Eagle/ext_inat_20260504/inat_445707347_0a001f07.jpg,1,Ojirowashi
tool_bird_class_train/Ojirowashi_White_Tailed_Eagle/ext_inat_20260504/inat_349015130_d75d7785.jpg,1,Ojirowashi
tool_bird_class_train/Ojirowashi_White_Tailed_Eagle/ext_inat_20260504/inat_293563240_6bcf1645.jpg,1,Ojirowashi
tool_bird_class_train/Ojirowashi_White_Tailed_Eagle/ext_inat_20260504/inat_599207075_e30aa139.jpg,1,Ojirowashi
tool_bird_class_train/Ojirowashi_White_Tailed_Eagle/ext_inat_20260504/inat_348977715_7f1efd3a.jpg,1,Ojirowashi
tool_bird_class_train/Ojirowashi_White_Tailed_Eagle/ext_inat_20260504/inat_416563102_f2ebf595.jpg,1,Ojirowashi
tool_bird_class_train/Ojirowashi_White_Tailed_Eagle/ext_inat_20260504/inat_450626195_a9c6ff65.jpg,1,Ojirowashi
tool_bird_class_train/Ojirowashi_White_Tailed_Eagle/ext_inat_20260504/inat_649201311_6b5a4c1d.jpg,1,Ojirowashi
tool_bird_class_train/Ojirowashi_White_Tailed_Eagle/ext_inat_20260504/inat_114733527_ccecb7d9.jpg,1,Ojirowashi
tool_bird_class_train/Ojirowashi_White_Tailed_Eagle/ext_inat_20260504/inat_614710281_e797c4e4.jpg,1,Ojirowashi
tool_bird_class_train/Ojirowashi_White_Tailed_Eagle/ext_inat_20260504/inat_483351894_fee656a5.jpg,1,Ojirowashi
tool_bird_class_train/Ojirowashi_White_Tailed_Eagle/frame_002340_bb00_t0078.08_conf0.994.jpg,1,Ojirowashi
tool_bird_class_train/Ojirowashi_White_Tailed_Eagle/ext_inat_20260504/inat_316450465_e0d2feca.jpg,1,Ojirowashi
tool_bird_class_train/Ojirowashi_White_Tailed_Eagle/ext_inat_20260504/inat_462850794_378138af.jpg,1,Ojirowashi
tool_bird_class_train/Ojirowashi_White_Tailed_Eagle/AAS1_ojirowashi-7D2M2859-1-534-652-564-560.JPG,1,Ojirowashi
tool_bird_class_train/Ojirowashi_White_Tailed_Eagle/ext_inat_20260504/inat_377748425_a80a6fc6.jpg,1,Ojirowashi
tool_bird_class_train/Ojirowashi_White_Tailed_Eagle/AAS1_ojirowashi-7D2M4169-2930-1667-332-271.JPG,1,Ojirowashi
tool_bird_class_train/Ojirowashi_White_Tailed_Eagle/ext_inat_20260504/inat_461390095_ada0318d.jpg,1,Ojirowashi
tool_bird_class_train/Ojirowashi_White_Tailed_Eagle/ext_inat_20260504/inat_441469501_693bf310.jpg,1,Ojirowashi
tool_bird_class_train/Ojirowashi_White_Tailed_Eagle/AAS1_ojirowashi-7D2M5128-1996-2177-1824-1216.JPG,1,Ojirowashi
tool_bird_class_train/Ojirowashi_White_Tailed_Eagle/AAS1_ojirowashi-7D2M3613-2067-1749-405-404.JPG,1,Ojirowashi
tool_bird_class_train/Ojirowashi_White_Tailed_Eagle/AAS1_ojirowashi-7D2M4320-2568-1522-556-452.JPG,1,Ojirowashi
tool_bird_class_train/Ojirowashi_White_Tailed_Eagle/ext_inat_20260504/inat_557049079_16698f72.jpg,1,Ojirowashi
tool_bird_class_train/Ojirowashi_White_Tailed_Eagle/ext_inat_20260504/inat_453978896_decfdacb.jpg,1,Ojirowashi
tool_bird_class_train/Ojirowashi_White_Tailed_Eagle/AAS1_ojirowashi-7D2M5466-2508-1634-331-279.JPG,1,Ojirowashi
tool_bird_class_train/Ojirowashi_White_Tailed_Eagle/ext_inat_20260504/inat_253778398_be84f446.jpg,1,Ojirowashi
tool_bird_class_train/Ojirowashi_White_Tailed_Eagle/AAS1_ojirowashi-7D2M5636-1-1962-538-1940-1307.JPG,1,Ojirowashi
tool_bird_class_train/Ojirowashi_White_Tailed_Eagle/ext_inat_20260504/inat_574757666_86ee7b53.jpg,1,Ojirowashi
tool_bird_class_train/Ojirowashi_White_Tailed_Eagle/ext_inat_20260504/inat_447682175_f9692ae6.jpg,1,Ojirowashi
tool_bird_class_train/Ojirowashi_White_Tailed_Eagle/AAS1_ojirowashi-7D2M4632-2356-1602-1061-781.JPG,1,Ojirowashi
tool_bird_class_train/Ojirowashi_White_Tailed_Eagle/ext_inat_20260504/inat_232591137_92f5af1c.jpg,1,Ojirowashi
tool_bird_class_train/Ojirowashi_White_Tailed_Eagle/AAS1_ojirowashi-7D2M4881-2582-1842-299-278.JPG,1,Ojirowashi
tool_bird_class_train/Ojirowashi_White_Tailed_Eagle/ext_inat_20260504/inat_557428332_6bc9bb50.jpg,1,Ojirowashi
tool_bird_class_train/Ojirowashi_White_Tailed_Eagle/ext_inat_20260504/inat_622621302_12537c62.jpg,1,Ojirowashi
tool_bird_class_train/Ojirowashi_White_Tailed_Eagle/ext_inat_20260504/inat_112910898_1ff270c5.jpg,1,Ojirowashi
tool_bird_class_train/Ojirowashi_White_Tailed_Eagle/ext_inat_20260504/inat_498142473_2f88229a.jpg,1,Ojirowashi
tool_bird_class_train/Ojirowashi_White_Tailed_Eagle/ext_inat_20260504/inat_613991366_ec11aabf.jpg,1,Ojirowashi
tool_bird_class_train/Ojirowashi_White_Tailed_Eagle/v5_train_v5_inat/348125950.jpg,1,Ojirowashi
tool_bird_class_train/Ojirowashi_White_Tailed_Eagle/ext_inat_20260504/inat_435498570_72681b3d.jpg,1,Ojirowashi
tool_bird_class_train/Ojirowashi_White_Tailed_Eagle/ext_inat_20260504/inat_279575151_e7cbe96f.jpg,1,Ojirowashi
tool_bird_class_train/Ojirowashi_White_Tailed_Eagle/ext_inat_20260504/inat_217062097_495db1af.jpg,1,Ojirowashi
tool_bird_class_train/Ojirowashi_White_Tailed_Eagle/ext_inat_20260504/inat_439104408_b480c4a9.jpg,1,Ojirowashi
tool_bird_class_train/Ojirowashi_White_Tailed_Eagle/ext_inat_20260504/inat_187727859_ee9ef1c3.jpg,1,Ojirowashi
tool_bird_class_train/Ojirowashi_White_Tailed_Eagle/ext_inat_20260504/inat_569916182_d206bc58.jpg,1,Ojirowashi
tool_bird_class_train/Ojirowashi_White_Tailed_Eagle/ext_inat_20260504/inat_350817667_602987cd.jpg,1,Ojirowashi
tool_bird_class_train/Ojirowashi_White_Tailed_Eagle/ext_inat_20260504/inat_415888091_709d05b5.jpg,1,Ojirowashi
tool_bird_class_train/Ojirowashi_White_Tailed_Eagle/ext_inat_20260504/inat_361238882_e9b24fdb.jpg,1,Ojirowashi
tool_bird_class_train/Ojirowashi_White_Tailed_Eagle/ext_inat_20260504/inat_316189418_bfdfffff.jpg,1,Ojirowashi
tool_bird_class_train/Ojirowashi_White_Tailed_Eagle/ext_inat_20260504/inat_529377209_1a6dcab1.jpg,1,Ojirowashi
tool_bird_class_train/Ojirowashi_White_Tailed_Eagle/ext_inat_20260504/inat_503478775_03805649.jpg,1,Ojirowashi
tool_bird_class_train/Ojirowashi_White_Tailed_Eagle/ext_inat_20260504/inat_199907436_41812ebd.jpg,1,Ojirowashi
tool_bird_class_train/Ojirowashi_White_Tailed_Eagle/AAS1_ojirowashi-7D2M5636-1946-538-1975-1299.JPG,1,Ojirowashi
tool_bird_class_train/Ojirowashi_White_Tailed_Eagle/ext_inat_20260504/inat_563601636_8f5d8bb9.jpg,1,Ojirowashi
tool_bird_class_train/Ojirowashi_White_Tailed_Eagle/ext_inat_20260504/inat_264569738_6066ae23.jpg,1,Ojirowashi
tool_bird_class_train/Ojirowashi_White_Tailed_Eagle/AAS1_ojirowashi-7D2M4919-2443-1459-613-355.JPG,1,Ojirowashi
tool_bird_class_train/Ojirowashi_White_Tailed_Eagle/AAS1_ojirowashi-7DMA1261-2800-1423-337-379.JPG,1,Ojirowashi
tool_bird_class_train/Ojirowashi_White_Tailed_Eagle/ext_inat_20260504/inat_353779988_299a8ee3.jpg,1,Ojirowashi
tool_bird_class_train/Ojirowashi_White_Tailed_Eagle/ext_inat_20260504/inat_364087004_408f12d7.jpg,1,Ojirowashi
tool_bird_class_train/Ojirowashi_White_Tailed_Eagle/ext_inat_20260504/inat_153971782_6d882037.jpg,1,Ojirowashi
tool_bird_class_train/Ojirowashi_White_Tailed_Eagle/ext_inat_20260504/inat_313502359_f35b5ac5.jpg,1,Ojirowashi
tool_bird_class_train/Ojirowashi_White_Tailed_Eagle/AAS1_ojirowashi-7D2M6383-2973-2032-270-244.JPG,1,Ojirowashi
tool_bird_class_train/Ojirowashi_White_Tailed_Eagle/ext_inat_20260504/inat_471745490_dd76750a.jpg,1,Ojirowashi
tool_bird_class_train/Ojirowashi_White_Tailed_Eagle/ext_inat_20260504/inat_459967531_74b7fab7.jpg,1,Ojirowashi
tool_bird_class_train/Ojirowashi_White_Tailed_Eagle/AAS1_ojirowashi-7D2M4720-1-92-21-202-267.JPG,1,Ojirowashi
tool_bird_class_train/Ojirowashi_White_Tailed_Eagle/AAS1_ojirowashi-7DMA1171-2678-1544-364-466.JPG,1,Ojirowashi
tool_bird_class_train/Ojirowashi_White_Tailed_Eagle/ext_inat_20260504/inat_626802975_a1eb6d13.jpg,1,Ojirowashi
tool_bird_class_train/Ojirowashi_White_Tailed_Eagle/ext_inat_20260504/inat_355270227_89b54406.jpg,1,Ojirowashi
tool_bird_class_train/Ojirowashi_White_Tailed_Eagle/AAS1_ojirowashi-7D2M5149-2540-1669-1199-1132.JPG,1,Ojirowashi
tool_bird_class_train/Ojirowashi_White_Tailed_Eagle/AAS1_ojirowashi-7D2M6324-2596-1738-397-210.JPG,1,Ojirowashi
tool_bird_class_train/Ojirowashi_White_Tailed_Eagle/ext_inat_20260504/inat_331478764_02524f9b.jpg,1,Ojirowashi
tool_bird_class_train/Ojirowashi_White_Tailed_Eagle/ext_inat_20260504/inat_425836497_23214ffa.jpg,1,Ojirowashi
tool_bird_class_train/Ojirowashi_White_Tailed_Eagle/ext_inat_20260504/inat_441700687_bf6ac313.jpg,1,Ojirowashi
tool_bird_class_train/Ojirowashi_White_Tailed_Eagle/ext_inat_20260504/inat_360326708_a020dc3b.jpg,1,Ojirowashi
tool_bird_class_train/Ojirowashi_White_Tailed_Eagle/ext_inat_20260504/inat_554567159_7c6eb71a.jpg,1,Ojirowashi
tool_bird_class_train/Ojirowashi_White_Tailed_Eagle/ext_inat_20260504/inat_411340655_09806e00.jpg,1,Ojirowashi
tool_bird_class_train/Ojirowashi_White_Tailed_Eagle/AAS1_ojirowashi-7D2M4657-1749-1133-2096-1075.JPG,1,Ojirowashi
tool_bird_class_train/Ojirowashi_White_Tailed_Eagle/ext_inat_20260504/inat_261634956_fd52c76c.jpg,1,Ojirowashi
tool_bird_class_train/Ojirowashi_White_Tailed_Eagle/ext_inat_20260504/inat_603310604_78e5b786.jpg,1,Ojirowashi
tool_bird_class_train/Ojirowashi_White_Tailed_Eagle/AAS1_ojirowashi-7D2M2924-2205-1846-821-345.JPG,1,Ojirowashi
tool_bird_class_train/Ojirowashi_White_Tailed_Eagle/ext_inat_20260504/inat_420900275_801fd190.jpg,1,Ojirowashi
tool_bird_class_train/Ojirowashi_White_Tailed_Eagle/ext_inat_20260504/inat_261631178_4a1e9e58.jpg,1,Ojirowashi
tool_bird_class_train/Ojirowashi_White_Tailed_Eagle/ext_inat_20260504/inat_610208950_5340f445.jpg,1,Ojirowashi
tool_bird_class_train/Ojirowashi_White_Tailed_Eagle/ext_inat_20260504/inat_451546098_cbe30976.jpg,1,Ojirowashi
tool_bird_class_train/Ojirowashi_White_Tailed_Eagle/AAS1_ojirowashi-7D2M4538-2757-1319-500-674.JPG,1,Ojirowashi
tool_bird_class_train/Ojirowashi_White_Tailed_Eagle/ext_inat_20260504/inat_313703400_7734c0f7.jpg,1,Ojirowashi
tool_bird_class_train/Ojirowashi_White_Tailed_Eagle/AAS1_ojirowashi-7D2M9857-1-277-475-1262-557.JPG,1,Ojirowashi
tool_bird_class_train/Ojirowashi_White_Tailed_Eagle/ext_inat_20260504/inat_342527755_186e005d.jpg,1,Ojirowashi
tool_bird_class_train/Ojirowashi_White_Tailed_Eagle/ext_inat_20260504/inat_320855604_b55d2154.jpg,1,Ojirowashi
tool_bird_class_train/Ojirowashi_White_Tailed_Eagle/AAS1_ojirowashi-7D2M6172-2746-1847-322-280.JPG,1,Ojirowashi
tool_bird_class_train/Ojirowashi_White_Tailed_Eagle/ext_inat_20260504/inat_326676204_37adef69.jpg,1,Ojirowashi
tool_bird_class_train/Ojirowashi_White_Tailed_Eagle/ext_inat_20260504/inat_158329549_aeae3534.jpg,1,Ojirowashi
tool_bird_class_train/Ojirowashi_White_Tailed_Eagle/frame_002540_bb00_t0084.75_conf0.990.jpg,1,Ojirowashi
tool_bird_class_train/Ojirowashi_White_Tailed_Eagle/ext_inat_20260504/inat_599548473_55a8a1f7.jpg,1,Ojirowashi
tool_bird_class_train/Ojirowashi_White_Tailed_Eagle/ext_inat_20260504/inat_277153040_1b4f39d1.jpg,1,Ojirowashi
tool_bird_class_train/Ojirowashi_White_Tailed_Eagle/AAS1_ojirowashi-7D2M4575-2062-1405-718-441.JPG,1,Ojirowashi
tool_bird_class_train/Ojirowashi_White_Tailed_Eagle/ext_inat_20260504/inat_478600373_3161bff4.jpg,1,Ojirowashi
tool_bird_class_train/Ojirowashi_White_Tailed_Eagle/ext_inat_20260504/inat_595849083_ab600028.jpg,1,Ojirowashi
tool_bird_class_train/Ojirowashi_White_Tailed_Eagle/ext_inat_20260504/inat_613902649_e88d1287.jpg,1,Ojirowashi
tool_bird_class_train/Ojirowashi_White_Tailed_Eagle/ext_inat_20260504/inat_616946071_520716e6.jpg,1,Ojirowashi
tool_bird_class_train/Ojirowashi_White_Tailed_Eagle/AAS1_ojirowashi-7DMA1318-3026-1710-447-285.JPG,1,Ojirowashi
tool_bird_class_train/Ojirowashi_White_Tailed_Eagle/ext_inat_20260504/inat_607454328_632293f3.jpg,1,Ojirowashi
tool_bird_class_train/Ojirowashi_White_Tailed_Eagle/AAS1_ojirowashi-7D2M4444-1795-920-1136-1350.JPG,1,Ojirowashi
tool_bird_class_train/Ojirowashi_White_Tailed_Eagle/ext_inat_20260504/inat_134306480_cbe9a9c1.jpg,1,Ojirowashi
tool_bird_class_train/Ojirowashi_White_Tailed_Eagle/AAS1_ojirowashi-7D2M3357-2603-1752-163-113.JPG,1,Ojirowashi
tool_bird_class_train/Ojirowashi_White_Tailed_Eagle/AAS1_ojirowashi-7D2M6376-2455-1507-513-315.JPG,1,Ojirowashi
tool_bird_class_train/Ojirowashi_White_Tailed_Eagle/ext_inat_20260504/inat_310642923_a7d30191.jpg,1,Ojirowashi
tool_bird_class_train/Ojirowashi_White_Tailed_Eagle/ext_inat_20260504/inat_461386629_be078a94.jpg,1,Ojirowashi
tool_bird_class_train/Ojirowashi_White_Tailed_Eagle/AAS1_ojirowashi-7DMA1313-2652-1606-453-192.JPG,1,Ojirowashi
tool_bird_class_train/Ojirowashi_White_Tailed_Eagle/AAS1_ojirowashi-7D2M5436-2652-1690-335-202.JPG,1,Ojirowashi
tool_bird_class_train/Ojirowashi_White_Tailed_Eagle/inat_3160/559893af-eb5e-45f8-8d49-a9af4cb987b7.jpg,1,Ojirowashi
tool_bird_class_train/Ojirowashi_White_Tailed_Eagle/AAS1_ojirowashi-7D2M6730-2789-1499-613-534.JPG,1,Ojirowashi
tool_bird_class_train/Ojirowashi_White_Tailed_Eagle/ext_inat_20260504/inat_129777221_08ec6aae.jpg,1,Ojirowashi
tool_bird_class_train/Ojirowashi_White_Tailed_Eagle/ext_inat_20260504/inat_441242118_ff48c595.jpg,1,Ojirowashi
tool_bird_class_train/Ojirowashi_White_Tailed_Eagle/ext_inat_20260504/inat_312615551_0c654f6a.jpg,1,Ojirowashi
tool_bird_class_train/Ojirowashi_White_Tailed_Eagle/AAS1_ojirowashi-7D2M3603-1-149-84-509-428.JPG,1,Ojirowashi
tool_bird_class_train/Ojirowashi_White_Tailed_Eagle/AAS1_ojirowashi-7D2M5420-2615-1761-420-299.JPG,1,Ojirowashi
tool_bird_class_train/Ojirowashi_White_Tailed_Eagle/ext_inat_20260504/inat_144666431_c22b556d.jpg,1,Ojirowashi
tool_bird_class_train/Ojirowashi_White_Tailed_Eagle/ext_inat_20260504/inat_427498549_5529f36c.jpg,1,Ojirowashi
tool_bird_class_train/Ojirowashi_White_Tailed_Eagle/ext_inat_20260504/inat_256128187_76391e53.jpg,1,Ojirowashi
tool_bird_class_train/Ojirowashi_White_Tailed_Eagle/AAS1_ojirowashi-7D2M6729-2386-1549-557-378.JPG,1,Ojirowashi
tool_bird_class_train/Ojirowashi_White_Tailed_Eagle/ext_inat_20260504/inat_514247489_ba4e28c9.jpg,1,Ojirowashi
tool_bird_class_train/Ojirowashi_White_Tailed_Eagle/ext_inat_20260504/inat_461855817_21a0b4f0.jpg,1,Ojirowashi
tool_bird_class_train/Ojirowashi_White_Tailed_Eagle/ext_inat_20260504/inat_188134821_78f91fdb.jpg,1,Ojirowashi
tool_bird_class_train/Ojirowashi_White_Tailed_Eagle/ext_inat_20260504/inat_187300901_1ba9e282.jpg,1,Ojirowashi
tool_bird_class_train/Ojirowashi_White_Tailed_Eagle/ext_inat_20260504/inat_273682992_6e61020b.jpg,1,Ojirowashi
tool_bird_class_train/Ojirowashi_White_Tailed_Eagle/ext_inat_20260504/inat_643674918_2d22b094.jpg,1,Ojirowashi
tool_bird_class_train/Ojirowashi_White_Tailed_Eagle/ext_inat_20260504/inat_236343475_b6707571.jpg,1,Ojirowashi
tool_bird_class_train/Ojirowashi_White_Tailed_Eagle/ext_inat_20260504/inat_485384180_123cbeb1.jpg,1,Ojirowashi
tool_bird_class_train/Ojirowashi_White_Tailed_Eagle/AAS1_ojirowashi-7D2M6511-2234-594-943-1741.JPG,1,Ojirowashi
tool_bird_class_train/Ojirowashi_White_Tailed_Eagle/frame_002460_bb00_t0082.08_conf0.963.jpg,1,Ojirowashi
tool_bird_class_train/Ojirowashi_White_Tailed_Eagle/AAS1_ojirowashi-7D2M6508-2056-1055-1386-889.JPG,1,Ojirowashi
tool_bird_class_train/Ojirowashi_White_Tailed_Eagle/ext_inat_20260504/inat_332694425_2d04dc19.jpg,1,Ojirowashi
tool_bird_class_train/Ojirowashi_White_Tailed_Eagle/inat_3160/e1297717-8e5e-4690-8139-5bb17680bd34.jpg,1,Ojirowashi
tool_bird_class_train/Ojirowashi_White_Tailed_Eagle/ext_inat_20260504/inat_612414532_8b2a172a.jpg,1,Ojirowashi
tool_bird_class_train/Ojirowashi_White_Tailed_Eagle/ext_inat_20260504/inat_475732560_37b0983f.jpg,1,Ojirowashi
tool_bird_class_train/Ojirowashi_White_Tailed_Eagle/AAS1_ojirowashi-7D2M4255-2898-1979-395-489.JPG,1,Ojirowashi
tool_bird_class_train/Ojirowashi_White_Tailed_Eagle/ext_inat_20260504/inat_203928986_a27fcf19.jpg,1,Ojirowashi
tool_bird_class_train/Ojirowashi_White_Tailed_Eagle/ext_inat_20260504/inat_649165260_b2be218c.jpg,1,Ojirowashi
tool_bird_class_train/Ojirowashi_White_Tailed_Eagle/ext_inat_20260504/inat_193722137_9ee3653c.jpg,1,Ojirowashi
tool_bird_class_train/Ojirowashi_White_Tailed_Eagle/AAS1_ojirowashi-7D2M4896-2379-1476-976-787.JPG,1,Ojirowashi
tool_bird_class_train/Ojirowashi_White_Tailed_Eagle/ext_inat_20260504/inat_593661585_cf0d17c3.jpg,1,Ojirowashi
tool_bird_class_train/Ojirowashi_White_Tailed_Eagle/AAS1_ojirowashi-7DMA1173-2381-1312-484-487.JPG,1,Ojirowashi
tool_bird_class_train/Ojirowashi_White_Tailed_Eagle/ext_inat_20260504/inat_602447121_fd710b9d.jpg,1,Ojirowashi
tool_bird_class_train/Ojirowashi_White_Tailed_Eagle/ext_inat_20260504/inat_247856841_6bc6782a.jpg,1,Ojirowashi
tool_bird_class_train/Ojirowashi_White_Tailed_Eagle/AAS1_ojirowashi-7D2M4139-2634-1843-98-100.JPG,1,Ojirowashi
tool_bird_class_train/Ojirowashi_White_Tailed_Eagle/ext_inat_20260504/inat_108780294_5ac887e5.jpg,1,Ojirowashi
tool_bird_class_train/Ojirowashi_White_Tailed_Eagle/AAS1_ojirowashi-7D2M6531-2554-1983-1170-412.JPG,1,Ojirowashi
tool_bird_class_train/Ojirowashi_White_Tailed_Eagle/ext_inat_20260504/inat_553587642_78403754.jpg,1,Ojirowashi
tool_bird_class_train/Ojirowashi_White_Tailed_Eagle/AAS1_ojirowashi-7D2M5435-2578-1672-411-264.JPG,1,Ojirowashi
tool_bird_class_train/Ojirowashi_White_Tailed_Eagle/ext_inat_20260504/inat_385874402_e39d51ab.jpg,1,Ojirowashi
tool_bird_class_train/Ojirowashi_White_Tailed_Eagle/AAS1_ojirowashi-7D2M4190-2113-2950-407-341.JPG,1,Ojirowashi
tool_bird_class_train/Ojirowashi_White_Tailed_Eagle/frame_000390_bb00_t0013.01_conf0.990.jpg,1,Ojirowashi
tool_bird_class_train/Ojirowashi_White_Tailed_Eagle/AAS1_ojirowashi-7DMA0813-2564-1571-264-279.JPG,1,Ojirowashi
tool_bird_class_train/Ojirowashi_White_Tailed_Eagle/ext_inat_20260504/inat_505583286_a8598cf8.jpg,1,Ojirowashi
tool_bird_class_train/Ojirowashi_White_Tailed_Eagle/AAS1_ojirowashi-7D2M6625-1924-1417-1420-1324.JPG,1,Ojirowashi
tool_bird_class_train/Ojirowashi_White_Tailed_Eagle/AAS1_ojirowashi-7D2M4521-2564-1760-282-198.JPG,1,Ojirowashi
tool_bird_class_train/Ojirowashi_White_Tailed_Eagle/AAS1_ojirowashi-7D2M6537-2298-1552-1244-408.JPG,1,Ojirowashi
tool_bird_class_train/Ojirowashi_White_Tailed_Eagle/AAS1_ojirowashi-7D2M6942-2407-1275-1010-741.JPG,1,Ojirowashi
tool_bird_class_train/Ojirowashi_White_Tailed_Eagle/ext_inat_20260504/inat_182840677_aaf8461e.jpg,1,Ojirowashi
tool_bird_class_train/Ojirowashi_White_Tailed_Eagle/AAS1_ojirowashi-7D2M4654-2093-626-2451-1715.JPG,1,Ojirowashi
tool_bird_class_train/Ojirowashi_White_Tailed_Eagle/AAS1_ojirowashi-7D2M6436-2184-1691-536-283.JPG,1,Ojirowashi
tool_bird_class_train/Ojirowashi_White_Tailed_Eagle/ext_inat_20260504/inat_394013389_d5ccd662.jpg,1,Ojirowashi
tool_bird_class_train/Ojirowashi_White_Tailed_Eagle/ext_inat_20260504/inat_260296289_422a8414.jpg,1,Ojirowashi
tool_bird_class_train/Ojirowashi_White_Tailed_Eagle/ext_inat_20260504/inat_246375277_7feda799.jpg,1,Ojirowashi
tool_bird_class_train/Ojirowashi_White_Tailed_Eagle/ext_inat_20260504/inat_528495310_959c0d51.jpg,1,Ojirowashi
tool_bird_class_train/Ojirowashi_White_Tailed_Eagle/AAS1_ojirowashi-7D2M4170-3012-1763-366-240.JPG,1,Ojirowashi
tool_bird_class_train/Ojirowashi_White_Tailed_Eagle/AAS1_ojirowashi-7D2M6475-1657-930-2647-2170.JPG,1,Ojirowashi
tool_bird_class_train/Ojirowashi_White_Tailed_Eagle/ext_inat_20260504/inat_234756578_ff575492.jpg,1,Ojirowashi
tool_bird_class_train/Ojirowashi_White_Tailed_Eagle/ext_inat_20260504/inat_333176636_080da109.jpg,1,Ojirowashi
tool_bird_class_train/Ojirowashi_White_Tailed_Eagle/AAS1_ojirowashi-7DMA1323-3176-1743-338-157.JPG,1,Ojirowashi
tool_bird_class_train/Ojirowashi_White_Tailed_Eagle/ext_inat_20260504/inat_499473925_92a9a594.jpg,1,Ojirowashi
tool_bird_class_train/Ojirowashi_White_Tailed_Eagle/AAS1_ojirowashi-7D2M4743-2490-1670-568-249.JPG,1,Ojirowashi
tool_bird_class_train/Ojirowashi_White_Tailed_Eagle/ext_inat_20260504/inat_641512933_4afbc7aa.jpg,1,Ojirowashi
tool_bird_class_train/Ojirowashi_White_Tailed_Eagle/ext_inat_20260504/inat_281228308_94146f15.jpg,1,Ojirowashi
tool_bird_class_train/Ojirowashi_White_Tailed_Eagle/v4_gt/349613263.jpg,1,Ojirowashi
tool_bird_class_train/Ojirowashi_White_Tailed_Eagle/ext_inat_20260504/inat_272374428_dc299239.jpg,1,Ojirowashi
tool_bird_class_train/Ojirowashi_White_Tailed_Eagle/ext_inat_20260504/inat_589311459_4c6fb03a.jpg,1,Ojirowashi
tool_bird_class_train/Ojirowashi_White_Tailed_Eagle/AAS1_ojirowashi-7D2M4129-1-301-228-1072-883.JPG,1,Ojirowashi
tool_bird_class_train/Ojirowashi_White_Tailed_Eagle/ext_inat_20260504/inat_185816914_1b3590ab.jpg,1,Ojirowashi
tool_bird_class_train/Ojirowashi_White_Tailed_Eagle/ext_inat_20260504/inat_182228041_77e1e59e.jpg,1,Ojirowashi
tool_bird_class_train/Ojirowashi_White_Tailed_Eagle/AAS1_ojirowashi-7D2M6720-1-1902-1156-435-395.JPG,1,Ojirowashi
tool_bird_class_train/Ojirowashi_White_Tailed_Eagle/ext_inat_20260504/inat_472747687_09b46833.jpg,1,Ojirowashi
tool_bird_class_train/Ojirowashi_White_Tailed_Eagle/AAS1_ojirowashi-7D2M2832-2480-1465-395-717.JPG,1,Ojirowashi
tool_bird_class_train/Ojirowashi_White_Tailed_Eagle/ext_inat_20260504/inat_578551688_ce8257f3.jpg,1,Ojirowashi
tool_bird_class_train/Ojirowashi_White_Tailed_Eagle/ext_inat_20260504/inat_255549149_9cbd0d36.jpg,1,Ojirowashi
tool_bird_class_train/Ojirowashi_White_Tailed_Eagle/AAS1_ojirowashi-7D2M6645-2242-1503-735-907.JPG,1,Ojirowashi
tool_bird_class_train/Ojirowashi_White_Tailed_Eagle/AAS1_ojirowashi-7DMA1260-2724-1408-353-357.JPG,1,Ojirowashi
tool_bird_class_train/Ojirowashi_White_Tailed_Eagle/AAS1_ojirowashi-7DMA0869-2875-1902-372-123.JPG,1,Ojirowashi
tool_bird_class_train/Ojirowashi_White_Tailed_Eagle/ext_inat_20260504/inat_336115645_8885c67e.jpg,1,Ojirowashi
tool_bird_class_train/Ojirowashi_White_Tailed_Eagle/ext_inat_20260504/inat_347472524_608f7e71.jpg,1,Ojirowashi
tool_bird_class_train/Ojirowashi_White_Tailed_Eagle/frame_002310_bb00_t0077.08_conf0.950.jpg,1,Ojirowashi
tool_bird_class_train/Ojirowashi_White_Tailed_Eagle/ext_inat_20260504/inat_318511211_fa2d8cb3.jpg,1,Ojirowashi
tool_bird_class_train/Ojirowashi_White_Tailed_Eagle/ext_inat_20260504/inat_270218723_c72279fd.jpg,1,Ojirowashi
tool_bird_class_train/Ojirowashi_White_Tailed_Eagle/ext_inat_20260504/inat_91941005_58eef801.jpg,1,Ojirowashi
tool_bird_class_train/Ojirowashi_White_Tailed_Eagle/AAS1_ojirowashi-7D2M6441-2483-1565-494-283.JPG,1,Ojirowashi
tool_bird_class_train/Ojirowashi_White_Tailed_Eagle/ext_inat_20260504/inat_504690709_8b096bc5.jpg,1,Ojirowashi
tool_bird_class_train/Ojirowashi_White_Tailed_Eagle/AAS1_ojirowashi-7D2M6935-2278-1666-666-206.JPG,1,Ojirowashi
tool_bird_class_train/Ojirowashi_White_Tailed_Eagle/ext_inat_20260504/inat_335151224_7674ac28.jpg,1,Ojirowashi
tool_bird_class_train/Ojirowashi_White_Tailed_Eagle/AAS1_ojirowashi-7D2M6782-1312-1216-1881-898.JPG,1,Ojirowashi
tool_bird_class_train/Ojirowashi_White_Tailed_Eagle/ext_inat_20260504/inat_328960655_b95c21b9.jpg,1,Ojirowashi
tool_bird_class_train/Ojirowashi_White_Tailed_Eagle/ext_inat_20260504/inat_634265707_012309a8.jpg,1,Ojirowashi
tool_bird_class_train/Ojirowashi_White_Tailed_Eagle/ext_inat_20260504/inat_470690876_fe19c920.jpg,1,Ojirowashi
tool_bird_class_train/Ojirowashi_White_Tailed_Eagle/ext_inat_20260504/inat_321551907_222f5d73.jpg,1,Ojirowashi
tool_bird_class_train/Ojirowashi_White_Tailed_Eagle/AAS1_ojirowashi-7D2M4697-1403-1876-221-171.JPG,1,Ojirowashi
tool_bird_class_train/Ojirowashi_White_Tailed_Eagle/ext_inat_20260504/inat_252468387_42fb905b.jpg,1,Ojirowashi
tool_bird_class_train/Ojirowashi_White_Tailed_Eagle/ext_inat_20260504/inat_258339996_86ce44f8.jpg,1,Ojirowashi
tool_bird_class_train/Ojirowashi_White_Tailed_Eagle/ext_inat_20260504/inat_392264219_173796ae.jpg,1,Ojirowashi
tool_bird_class_train/Ojirowashi_White_Tailed_Eagle/ext_inat_20260504/inat_86176208_7dd4a2a9.jpg,1,Ojirowashi
tool_bird_class_train/Ojirowashi_White_Tailed_Eagle/ext_inat_20260504/inat_385747091_9e5e51a5.jpg,1,Ojirowashi
tool_bird_class_train/Ojirowashi_White_Tailed_Eagle/ext_inat_20260504/inat_250247449_f94ce15b.jpg,1,Ojirowashi
tool_bird_class_train/Ojirowashi_White_Tailed_Eagle/frame_000360_bb00_t0012.01_conf0.986.jpg,1,Ojirowashi
tool_bird_class_train/Ojirowashi_White_Tailed_Eagle/ext_inat_20260504/inat_603368156_ba13712a.jpg,1,Ojirowashi
tool_bird_class_train/Ojirowashi_White_Tailed_Eagle/ext_inat_20260504/inat_512471592_bef34e53.jpg,1,Ojirowashi
tool_bird_class_train/Ojirowashi_White_Tailed_Eagle/inat_3160/d273d0c6-504e-4250-92b2-e9f28b37101f.jpg,1,Ojirowashi
tool_bird_class_train/Ojirowashi_White_Tailed_Eagle/ext_inat_20260504/inat_545430548_4c523dd7.jpg,1,Ojirowashi
tool_bird_class_train/Ojirowashi_White_Tailed_Eagle/AAS1_ojirowashi-7D2M6516-2621-1960-1075-496.JPG,1,Ojirowashi
tool_bird_class_train/Ojirowashi_White_Tailed_Eagle/AAS1_ojirowashi-7D2M4569-2380-1442-782-454.JPG,1,Ojirowashi
tool_bird_class_train/Ojirowashi_White_Tailed_Eagle/AAS1_ojirowashi-7D2M6535-2169-2146-1200-379.JPG,1,Ojirowashi
tool_bird_class_train/Ojirowashi_White_Tailed_Eagle/AAS1_ojirowashi-7DMA4087-2644-1873-318-48.JPG,1,Ojirowashi
tool_bird_class_train/Ojirowashi_White_Tailed_Eagle/ext_inat_20260504/inat_445060873_014fc9d8.jpg,1,Ojirowashi
tool_bird_class_train/Ojirowashi_White_Tailed_Eagle/ext_inat_20260504/inat_337181188_23415204.jpg,1,Ojirowashi
tool_bird_class_train/Ojirowashi_White_Tailed_Eagle/ext_inat_20260504/inat_120776052_81f6fb95.jpg,1,Ojirowashi
tool_bird_class_train/Ojirowashi_White_Tailed_Eagle/ext_inat_20260504/inat_143705758_959f554e.jpg,1,Ojirowashi
tool_bird_class_train/Ojirowashi_White_Tailed_Eagle/AAS1_ojirowashi-7D2M2883-2490-1715-218-233.JPG,1,Ojirowashi
tool_bird_class_train/Ojirowashi_White_Tailed_Eagle/AAS1_ojirowashi-7D2M3234-2708-1549-321-533.JPG,1,Ojirowashi
tool_bird_class_train/Ojirowashi_White_Tailed_Eagle/ext_inat_20260504/inat_123606380_bd5bb757.jpg,1,Ojirowashi
tool_bird_class_train/Ojirowashi_White_Tailed_Eagle/AAS1_ojirowashi-7D2M6439-3070-1668-372-398.JPG,1,Ojirowashi
tool_bird_class_train/Ojirowashi_White_Tailed_Eagle/ext_inat_20260504/inat_91511898_350afff1.jpg,1,Ojirowashi
tool_bird_class_train/Ojirowashi_White_Tailed_Eagle/AAS1_ojirowashi-7D2M4318-2566-1657-597-515.JPG,1,Ojirowashi
tool_bird_class_train/Ojirowashi_White_Tailed_Eagle/AAS1_ojirowashi-7DMA0844-2244-1829-404-293.JPG,1,Ojirowashi
tool_bird_class_train/Ojirowashi_White_Tailed_Eagle/ext_inat_20260504/inat_618535779_f1b18c0d.jpg,1,Ojirowashi
tool_bird_class_train/Ojirowashi_White_Tailed_Eagle/ext_inat_20260504/inat_573331223_1844c6ea.jpg,1,Ojirowashi
tool_bird_class_train/Ojirowashi_White_Tailed_Eagle/ext_inat_20260504/inat_472029967_a5316255.jpg,1,Ojirowashi
tool_bird_class_train/Ojirowashi_White_Tailed_Eagle/ext_inat_20260504/inat_463091257_90fe130c.jpg,1,Ojirowashi
tool_bird_class_train/Ojirowashi_White_Tailed_Eagle/ext_inat_20260504/inat_382635558_8092b0dc.jpg,1,Ojirowashi
tool_bird_class_train/Ojirowashi_White_Tailed_Eagle/AAS1_ojirowashi-7D2M4175-2526-1651-328-230.JPG,1,Ojirowashi
tool_bird_class_train/Ojirowashi_White_Tailed_Eagle/ext_inat_20260504/inat_332657668_54ac8e6c.jpg,1,Ojirowashi
tool_bird_class_train/Ojirowashi_White_Tailed_Eagle/ext_inat_20260504/inat_474826565_23fa854a.jpg,1,Ojirowashi
tool_bird_class_train/Ojirowashi_White_Tailed_Eagle/ext_inat_20260504/inat_137960694_d820af16.jpg,1,Ojirowashi
tool_bird_class_train/Ojirowashi_White_Tailed_Eagle/ext_inat_20260504/inat_130425606_19488519.jpg,1,Ojirowashi
tool_bird_class_train/Ojirowashi_White_Tailed_Eagle/ext_inat_20260504/inat_396245116_a7ebcf04.jpg,1,Ojirowashi
tool_bird_class_train/Ojirowashi_White_Tailed_Eagle/AAS1_ojirowashi-7D2M4465-1629-1410-1824-1216.JPG,1,Ojirowashi
tool_bird_class_train/Ojirowashi_White_Tailed_Eagle/ext_inat_20260504/inat_269731705_dc3a94f9.jpg,1,Ojirowashi
tool_bird_class_train/Ojirowashi_White_Tailed_Eagle/ext_inat_20260504/inat_238385442_4e45bc65.jpg,1,Ojirowashi
tool_bird_class_train/Ojirowashi_White_Tailed_Eagle/ext_inat_20260504/inat_354323753_4dd262db.jpg,1,Ojirowashi
tool_bird_class_train/Ojirowashi_White_Tailed_Eagle/ext_inat_20260504/inat_197963394_8fd375a0.jpg,1,Ojirowashi
tool_bird_class_train/Ojirowashi_White_Tailed_Eagle/ext_inat_20260504/inat_282981688_10f029b8.jpg,1,Ojirowashi
tool_bird_class_train/Ojirowashi_White_Tailed_Eagle/ext_inat_20260504/inat_115028733_2c6ede2d.jpg,1,Ojirowashi
tool_bird_class_train/Ojirowashi_White_Tailed_Eagle/AAS1_ojirowashi-7DMA0849-2824-1278-372-513.JPG,1,Ojirowashi
tool_bird_class_train/Ojirowashi_White_Tailed_Eagle/ext_inat_20260504/inat_304034769_19d54044.jpg,1,Ojirowashi
tool_bird_class_train/Ojirowashi_White_Tailed_Eagle/ext_inat_20260504/inat_177333345_02ba0505.jpg,1,Ojirowashi
tool_bird_class_train/Ojirowashi_White_Tailed_Eagle/ext_inat_20260504/inat_356774571_6b7df79a.jpg,1,Ojirowashi
tool_bird_class_train/Ojirowashi_White_Tailed_Eagle/AAS1_ojirowashi-7D2M6519-2145-1220-1069-499.JPG,1,Ojirowashi
tool_bird_class_train/Ojirowashi_White_Tailed_Eagle/frame_000370_bb00_t0012.35_conf0.987.jpg,1,Ojirowashi
tool_bird_class_train/Ojirowashi_White_Tailed_Eagle/ext_inat_20260504/inat_349021366_6c469ae1.jpg,1,Ojirowashi
tool_bird_class_train/Ojirowashi_White_Tailed_Eagle/ext_inat_20260504/inat_587336594_fab02560.jpg,1,Ojirowashi
tool_bird_class_train/Ojirowashi_White_Tailed_Eagle/AAS1_ojirowashi-7D2M4429-2270-1176-516-553.JPG,1,Ojirowashi
tool_bird_class_train/Ojirowashi_White_Tailed_Eagle/ext_inat_20260504/inat_475834087_e49c1a28.jpg,1,Ojirowashi
tool_bird_class_train/Ojirowashi_White_Tailed_Eagle/ext_inat_20260504/inat_455867362_5353aeb4.jpg,1,Ojirowashi
tool_bird_class_train/Ojirowashi_White_Tailed_Eagle/ext_inat_20260504/inat_316369986_fddf6efd.jpg,1,Ojirowashi
tool_bird_class_train/Ojirowashi_White_Tailed_Eagle/ext_inat_20260504/inat_602977715_8c4e9fe4.jpg,1,Ojirowashi
tool_bird_class_train/Ojirowashi_White_Tailed_Eagle/ext_inat_20260504/inat_636436908_94cc1ffc.jpg,1,Ojirowashi
tool_bird_class_train/Ojirowashi_White_Tailed_Eagle/ext_inat_20260504/inat_632530936_f7204502.jpg,1,Ojirowashi
tool_bird_class_train/Ojirowashi_White_Tailed_Eagle/ext_inat_20260504/inat_540697034_ea43bc78.jpg,1,Ojirowashi
tool_bird_class_train/Ojirowashi_White_Tailed_Eagle/ext_inat_20260504/inat_606387640_da779346.jpg,1,Ojirowashi
tool_bird_class_train/Ojirowashi_White_Tailed_Eagle/AAS1_ojirowashi-7D2M4495-1722-841-3257-1254.JPG,1,Ojirowashi
tool_bird_class_train/Ojirowashi_White_Tailed_Eagle/ext_inat_20260504/inat_568066665_1100565f.jpg,1,Ojirowashi
tool_bird_class_train/Ojirowashi_White_Tailed_Eagle/ext_inat_20260504/inat_526698239_1c0148de.jpg,1,Ojirowashi
tool_bird_class_train/Ojirowashi_White_Tailed_Eagle/ext_inat_20260504/inat_248323504_10266624.jpg,1,Ojirowashi
tool_bird_class_train/Ojirowashi_White_Tailed_Eagle/AAS1_ojirowashi-7D2M2803-2352-1651-375-325.JPG,1,Ojirowashi
tool_bird_class_train/Ojirowashi_White_Tailed_Eagle/ext_inat_20260504/inat_469067865_8be22688.jpg,1,Ojirowashi
tool_bird_class_train/Ojirowashi_White_Tailed_Eagle/AAS1_ojirowashi-7D2M6496-1535-413-2847-1230.JPG,1,Ojirowashi
tool_bird_class_train/Ojirowashi_White_Tailed_Eagle/ext_inat_20260504/inat_488377403_fd1874eb.jpg,1,Ojirowashi
tool_bird_class_train/Ojirowashi_White_Tailed_Eagle/ext_inat_20260504/inat_362263117_e020ce4d.jpg,1,Ojirowashi
tool_bird_class_train/Ojirowashi_White_Tailed_Eagle/AAS1_ojirowashi-7D2M6328-2541-1724-504-224.JPG,1,Ojirowashi
tool_bird_class_train/Ojirowashi_White_Tailed_Eagle/ext_inat_20260504/inat_383334966_88068395.jpg,1,Ojirowashi
tool_bird_class_train/Ojirowashi_White_Tailed_Eagle/AAS1_ojirowashi-7D2M6447-2494-1794-366-473.JPG,1,Ojirowashi
tool_bird_class_train/Ojirowashi_White_Tailed_Eagle/ext_inat_20260504/inat_597930134_80a5205c.jpg,1,Ojirowashi
tool_bird_class_train/Ojirowashi_White_Tailed_Eagle/ext_inat_20260504/inat_237385084_36956820.jpg,1,Ojirowashi
tool_bird_class_train/Ojirowashi_White_Tailed_Eagle/ext_inat_20260504/inat_418246353_f144f810.jpg,1,Ojirowashi
tool_bird_class_train/Ojirowashi_White_Tailed_Eagle/AAS1_ojirowashi-7D2M6454-2709-1517-364-536.JPG,1,Ojirowashi
tool_bird_class_train/Ojirowashi_White_Tailed_Eagle/ext_inat_20260504/inat_540666732_85bfaf11.jpg,1,Ojirowashi
tool_bird_class_train/Ojirowashi_White_Tailed_Eagle/frame_000350_bb00_t0011.68_conf0.984.jpg,1,Ojirowashi
tool_bird_class_train/Ojirowashi_White_Tailed_Eagle/ext_inat_20260504/inat_522077306_1bd0edbe.jpg,1,Ojirowashi
tool_bird_class_train/Ojirowashi_White_Tailed_Eagle/ext_inat_20260504/inat_421069505_efbdd5a8.jpg,1,Ojirowashi
tool_bird_class_train/Ojirowashi_White_Tailed_Eagle/AAS1_ojirowashi-7D2M6412-2400-1411-555-530.JPG,1,Ojirowashi
tool_bird_class_train/Ojirowashi_White_Tailed_Eagle/ext_inat_20260504/inat_445107484_2db9eca1.jpg,1,Ojirowashi
tool_bird_class_train/Ojirowashi_White_Tailed_Eagle/ext_inat_20260504/inat_544537802_2063ed11.jpg,1,Ojirowashi
tool_bird_class_train/Ojirowashi_White_Tailed_Eagle/AAS1_ojirowashi-7D2M3512-1845-657-1410-1140.JPG,1,Ojirowashi
tool_bird_class_train/Ojirowashi_White_Tailed_Eagle/ext_inat_20260504/inat_470746676_3fa9073b.jpg,1,Ojirowashi
tool_bird_class_train/Ojirowashi_White_Tailed_Eagle/AAS1_ojirowashi-7D2M5614-2601-1513-425-452.JPG,1,Ojirowashi
tool_bird_class_train/Ojirowashi_White_Tailed_Eagle/ext_inat_20260504/inat_268954948_43ae6a47.jpg,1,Ojirowashi
tool_bird_class_train/Ojirowashi_White_Tailed_Eagle/ext_inat_20260504/inat_538297336_d6fa52b6.jpg,1,Ojirowashi
tool_bird_class_train/Ojirowashi_White_Tailed_Eagle/ext_inat_20260504/inat_450767907_62547927.jpg,1,Ojirowashi
tool_bird_class_train/Ojirowashi_White_Tailed_Eagle/ext_inat_20260504/inat_615718816_3f0dbfc7.jpg,1,Ojirowashi
tool_bird_class_train/Ojirowashi_White_Tailed_Eagle/ext_inat_20260504/inat_601423077_7eb355a3.jpg,1,Ojirowashi
tool_bird_class_train/Ojirowashi_White_Tailed_Eagle/ext_inat_20260504/inat_108762781_2f497df1.jpg,1,Ojirowashi
tool_bird_class_train/Ojirowashi_White_Tailed_Eagle/AAS1_ojirowashi-7D2M6556-2277-1599-872-132.JPG,1,Ojirowashi
tool_bird_class_train/Ojirowashi_White_Tailed_Eagle/ext_inat_20260504/inat_616065763_0d5622bb.jpg,1,Ojirowashi
tool_bird_class_train/Ojirowashi_White_Tailed_Eagle/ext_inat_20260504/inat_425229984_a78a09c8.jpg,1,Ojirowashi
tool_bird_class_train/Ojirowashi_White_Tailed_Eagle/AAS1_ojirowashi-7D2M3620-1-151-63-174-298.JPG,1,Ojirowashi
tool_bird_class_train/Ojirowashi_White_Tailed_Eagle/ext_inat_20260504/inat_505384567_f9862051.jpg,1,Ojirowashi
tool_bird_class_train/Ojirowashi_White_Tailed_Eagle/ext_inat_20260504/inat_604471870_38dced4c.jpg,1,Ojirowashi
tool_bird_class_train/Ojirowashi_White_Tailed_Eagle/ext_inat_20260504/inat_256966082_dbe1e460.jpg,1,Ojirowashi
tool_bird_class_train/Ojirowashi_White_Tailed_Eagle/ext_inat_20260504/inat_399337237_9b5511ec.jpg,1,Ojirowashi
tool_bird_class_train/Ojirowashi_White_Tailed_Eagle/ext_inat_20260504/inat_482786727_71c99c66.jpg,1,Ojirowashi
tool_bird_class_train/Ojirowashi_White_Tailed_Eagle/ext_inat_20260504/inat_415933808_49de7117.jpg,1,Ojirowashi
tool_bird_class_train/Ojirowashi_White_Tailed_Eagle/ext_inat_20260504/inat_288954984_c493408d.jpg,1,Ojirowashi
tool_bird_class_train/Ojirowashi_White_Tailed_Eagle/AAS1_ojirowashi-7D2M4980-2596-1721-289-220.JPG,1,Ojirowashi
tool_bird_class_train/Ojirowashi_White_Tailed_Eagle/AAS1_ojirowashi-7D2M6969-2725-1920-211-202.JPG,1,Ojirowashi
tool_bird_class_train/Ojirowashi_White_Tailed_Eagle/AAS1_ojirowashi-7D2M6458-2666-2072-591-137.JPG,1,Ojirowashi
tool_bird_class_train/Ojirowashi_White_Tailed_Eagle/AAS1_ojirowashi-7D2M5643-2645-1208-1802-1396.JPG,1,Ojirowashi
tool_bird_class_train/Ojirowashi_White_Tailed_Eagle/ext_inat_20260504/inat_281227678_868a1aa8.jpg,1,Ojirowashi
tool_bird_class_train/Ojirowashi_White_Tailed_Eagle/ext_inat_20260504/inat_492271986_5af60225.jpg,1,Ojirowashi
tool_bird_class_train/Ojirowashi_White_Tailed_Eagle/AAS1_ojirowashi-7D2M4302-2571-1716-541-414.JPG,1,Ojirowashi
tool_bird_class_train/Ojirowashi_White_Tailed_Eagle/ext_inat_20260504/inat_599548457_5520cd34.jpg,1,Ojirowashi
tool_bird_class_train/Ojirowashi_White_Tailed_Eagle/v5_train_v5_inat/348816240.jpg,1,Ojirowashi
tool_bird_class_train/Ojirowashi_White_Tailed_Eagle/ext_inat_20260504/inat_517641134_ad40d4e7.jpg,1,Ojirowashi
tool_bird_class_train/Ojirowashi_White_Tailed_Eagle/AAS1_ojirowashi-7D2M6646-2089-1225-635-469.JPG,1,Ojirowashi
tool_bird_class_train/Ojirowashi_White_Tailed_Eagle/ext_inat_20260504/inat_167268144_4d5b0ec3.jpg,1,Ojirowashi
tool_bird_class_train/Ojirowashi_White_Tailed_Eagle/AAS1_ojirowashi-7D2M6495-1554-661-2794-1151.JPG,1,Ojirowashi
tool_bird_class_train/Ojirowashi_White_Tailed_Eagle/ext_inat_20260504/inat_617522545_0d46c5ae.jpg,1,Ojirowashi
tool_bird_class_train/Ojirowashi_White_Tailed_Eagle/ext_inat_20260504/inat_560830516_7d0fd7fa.jpg,1,Ojirowashi
tool_bird_class_train/Ojirowashi_White_Tailed_Eagle/ext_inat_20260504/inat_497367621_665e3f6d.jpg,1,Ojirowashi
tool_bird_class_train/Ojirowashi_White_Tailed_Eagle/AAS1_ojirowashi-7D2M6950-2570-1472-575-902.JPG,1,Ojirowashi
tool_bird_class_train/Ojirowashi_White_Tailed_Eagle/ext_inat_20260504/inat_605054558_843bee1c.jpg,1,Ojirowashi
tool_bird_class_train/Ojirowashi_White_Tailed_Eagle/ext_inat_20260504/inat_536969708_d702fc11.jpg,1,Ojirowashi
tool_bird_class_train/Ojirowashi_White_Tailed_Eagle/AAS1_ojirowashi-7D2M5687-2743-1496-375-373.JPG,1,Ojirowashi
tool_bird_class_train/Ojirowashi_White_Tailed_Eagle/ext_inat_20260504/inat_542261359_678c34ac.jpg,1,Ojirowashi
tool_bird_class_train/Ojirowashi_White_Tailed_Eagle/AAS1_ojirowashi-7D2M4702-2756-1131-837-1076.JPG,1,Ojirowashi
tool_bird_class_train/Ojirowashi_White_Tailed_Eagle/ext_inat_20260504/inat_497216564_57bd1555.jpg,1,Ojirowashi
tool_bird_class_train/Ojirowashi_White_Tailed_Eagle/ext_inat_20260504/inat_304731939_3b570a71.jpg,1,Ojirowashi
tool_bird_class_train/Ojirowashi_White_Tailed_Eagle/ext_inat_20260504/inat_571056978_f51a18eb.jpg,1,Ojirowashi
tool_bird_class_train/Ojirowashi_White_Tailed_Eagle/ext_inat_20260504/inat_652899314_8dcf5f14.jpg,1,Ojirowashi
tool_bird_class_train/Ojirowashi_White_Tailed_Eagle/AAS1_ojirowashi-7D2M6981-2512-1545-479-566.JPG,1,Ojirowashi
tool_bird_class_train/Ojirowashi_White_Tailed_Eagle/ext_inat_20260504/inat_173877289_56a67baf.jpg,1,Ojirowashi
tool_bird_class_train/Ojirowashi_White_Tailed_Eagle/ext_inat_20260504/inat_189522684_dbd1cff6.jpg,1,Ojirowashi
tool_bird_class_train/Ojirowashi_White_Tailed_Eagle/AAS1_ojirowashi-7D2M4448-2381-982-597-645.JPG,1,Ojirowashi
tool_bird_class_train/Ojirowashi_White_Tailed_Eagle/ext_inat_20260504/inat_328961912_2191d33c.jpg,1,Ojirowashi
tool_bird_class_train/Ojirowashi_White_Tailed_Eagle/AAS1_ojirowashi-7D2M6616-1924-1323-1225-517.JPG,1,Ojirowashi
tool_bird_class_train/Ojirowashi_White_Tailed_Eagle/ext_inat_20260504/inat_173183596_fbe459dd.jpg,1,Ojirowashi
tool_bird_class_train/Ojirowashi_White_Tailed_Eagle/AAS1_ojirowashi-7D2M9833-2570-1494-349-478.JPG,1,Ojirowashi
tool_bird_class_train/Ojirowashi_White_Tailed_Eagle/ext_inat_20260504/inat_431646686_6a1f4b44.jpg,1,Ojirowashi
tool_bird_class_train/Ojirowashi_White_Tailed_Eagle/AAS1_ojirowashi-7DMA1052-2083-1667-442-340.JPG,1,Ojirowashi
tool_bird_class_train/Ojirowashi_White_Tailed_Eagle/ext_inat_20260504/inat_520748353_9fba80dd.jpg,1,Ojirowashi
tool_bird_class_train/Ojirowashi_White_Tailed_Eagle/ext_inat_20260504/inat_478027880_d23ed4ca.jpg,1,Ojirowashi
tool_bird_class_train/Ojirowashi_White_Tailed_Eagle/ext_inat_20260504/inat_356114178_2cb9443d.jpg,1,Ojirowashi
tool_bird_class_train/Ojirowashi_White_Tailed_Eagle/AAS1_ojirowashi-7D2M6698-1923-1734-713-303.JPG,1,Ojirowashi
tool_bird_class_train/Ojirowashi_White_Tailed_Eagle/ext_inat_20260504/inat_515098637_78cc204b.jpg,1,Ojirowashi
tool_bird_class_train/Ojirowashi_White_Tailed_Eagle/AAS1_ojirowashi-7DMA1167-2573-1982-541-390.JPG,1,Ojirowashi
tool_bird_class_train/Ojirowashi_White_Tailed_Eagle/ext_inat_20260504/inat_103443568_8d641498.jpg,1,Ojirowashi
tool_bird_class_train/Ojirowashi_White_Tailed_Eagle/ext_inat_20260504/inat_507223373_22c592ae.jpg,1,Ojirowashi
tool_bird_class_train/Ojirowashi_White_Tailed_Eagle/ext_inat_20260504/inat_458667391_9b33fe02.jpg,1,Ojirowashi
tool_bird_class_train/Ojirowashi_White_Tailed_Eagle/AAS1_ojirowashi-7D2M6452-2387-1622-366-152.JPG,1,Ojirowashi
tool_bird_class_train/Ojirowashi_White_Tailed_Eagle/ext_inat_20260504/inat_460678011_cf11acc4.jpg,1,Ojirowashi
tool_bird_class_train/Ojirowashi_White_Tailed_Eagle/ext_inat_20260504/inat_204096903_332b914f.jpg,1,Ojirowashi
tool_bird_class_train/Ojirowashi_White_Tailed_Eagle/ext_inat_20260504/inat_334945446_a4795e9a.jpg,1,Ojirowashi
tool_bird_class_train/Ojirowashi_White_Tailed_Eagle/ext_inat_20260504/inat_590398843_6f9d19c6.jpg,1,Ojirowashi
tool_bird_class_train/Ojirowashi_White_Tailed_Eagle/ext_inat_20260504/inat_175248047_5fc8873a.jpg,1,Ojirowashi
tool_bird_class_train/Ojirowashi_White_Tailed_Eagle/ext_inat_20260504/inat_507883135_958127fb.jpg,1,Ojirowashi
tool_bird_class_train/Ojirowashi_White_Tailed_Eagle/AAS1_ojirowashi-7D2M6746-2477-1609-473-342.JPG,1,Ojirowashi
tool_bird_class_train/Ojirowashi_White_Tailed_Eagle/AAS1_ojirowashi-7D2M4093-2399-1663-489-448.JPG,1,Ojirowashi
tool_bird_class_train/Ojirowashi_White_Tailed_Eagle/AAS1_ojirowashi-7D2M4734-2881-1955-547-374.JPG,1,Ojirowashi
tool_bird_class_train/Ojirowashi_White_Tailed_Eagle/ext_inat_20260504/inat_453502130_4c5fd910.jpg,1,Ojirowashi
tool_bird_class_train/Ojirowashi_White_Tailed_Eagle/ext_inat_20260504/inat_251279999_99be95d0.jpg,1,Ojirowashi
tool_bird_class_train/Ojirowashi_White_Tailed_Eagle/AAS1_ojirowashi-7D2M6897-2353-1713-1023-407.JPG,1,Ojirowashi
tool_bird_class_train/Ojirowashi_White_Tailed_Eagle/AAS1_ojirowashi-7D2M4830-1288-828-1824-1216.JPG,1,Ojirowashi
tool_bird_class_train/Ojirowashi_White_Tailed_Eagle/ext_inat_20260504/inat_530778443_a1ad3528.jpg,1,Ojirowashi
tool_bird_class_train/Ojirowashi_White_Tailed_Eagle/ext_inat_20260504/inat_572200051_74ed2513.jpg,1,Ojirowashi
tool_bird_class_train/Ojirowashi_White_Tailed_Eagle/ext_inat_20260504/inat_616945905_f1e40b40.jpg,1,Ojirowashi
tool_bird_class_train/Ojirowashi_White_Tailed_Eagle/ext_inat_20260504/inat_440721586_e00002b1.jpg,1,Ojirowashi
tool_bird_class_train/Ojirowashi_White_Tailed_Eagle/ext_inat_20260504/inat_472129085_aeaf7ef3.jpg,1,Ojirowashi
tool_bird_class_train/Ojirowashi_White_Tailed_Eagle/ext_inat_20260504/inat_480263818_f9d4a4bc.jpg,1,Ojirowashi
tool_bird_class_train/Ojirowashi_White_Tailed_Eagle/ext_inat_20260504/inat_229165505_c9742f94.jpg,1,Ojirowashi
tool_bird_class_train/Ojirowashi_White_Tailed_Eagle/ext_inat_20260504/inat_130510788_896ff8ef.jpg,1,Ojirowashi
tool_bird_class_train/Ojirowashi_White_Tailed_Eagle/AAS1_ojirowashi-7D2M6626-1824-1216-1402-1291.JPG,1,Ojirowashi
tool_bird_class_train/Ojirowashi_White_Tailed_Eagle/ext_inat_20260504/inat_127784681_2a44fbdf.jpg,1,Ojirowashi
tool_bird_class_train/Ojirowashi_White_Tailed_Eagle/ext_inat_20260504/inat_502934147_550c1e72.jpg,1,Ojirowashi
tool_bird_class_train/Ojirowashi_White_Tailed_Eagle/ext_inat_20260504/inat_617710512_b96717b6.jpg,1,Ojirowashi
tool_bird_class_train/Ojirowashi_White_Tailed_Eagle/AAS1_ojirowashi-7D2M4442-2236-843-1234-1162.JPG,1,Ojirowashi
tool_bird_class_train/Ojirowashi_White_Tailed_Eagle/ext_inat_20260504/inat_472959284_ab79486c.jpg,1,Ojirowashi
tool_bird_class_train/Ojirowashi_White_Tailed_Eagle/AAS1_ojirowashi-7D2M2922-2137-1338-1128-2013.JPG,1,Ojirowashi
tool_bird_class_train/Ojirowashi_White_Tailed_Eagle/AAS1_ojirowashi-7D2M6665-2203-1167-1170-616.JPG,1,Ojirowashi
tool_bird_class_train/Ojirowashi_White_Tailed_Eagle/inat_3160/5c0bceb9-165f-42c9-991b-7ce651b86527.jpg,1,Ojirowashi
tool_bird_class_train/Ojirowashi_White_Tailed_Eagle/ext_inat_20260504/inat_167121612_20f7db87.jpg,1,Ojirowashi
tool_bird_class_train/Ojirowashi_White_Tailed_Eagle/ext_inat_20260504/inat_396038468_da5dac85.jpg,1,Ojirowashi
tool_bird_class_train/Ojirowashi_White_Tailed_Eagle/ext_inat_20260504/inat_118761442_423a279a.jpg,1,Ojirowashi
tool_bird_class_train/Ojirowashi_White_Tailed_Eagle/AAS1_ojirowashi-7D2M6973-2179-1624-825-442.JPG,1,Ojirowashi
tool_bird_class_train/Ojirowashi_White_Tailed_Eagle/ext_inat_20260504/inat_540956418_f9699919.jpg,1,Ojirowashi
tool_bird_class_train/Ojirowashi_White_Tailed_Eagle/ext_inat_20260504/inat_272570383_97140518.jpg,1,Ojirowashi
tool_bird_class_train/Ojirowashi_White_Tailed_Eagle/ext_inat_20260504/inat_640687548_079a6347.jpg,1,Ojirowashi
tool_bird_class_train/Ojirowashi_White_Tailed_Eagle/AAS1_ojirowashi-7D2M6189-2588-1628-637-779.JPG,1,Ojirowashi
tool_bird_class_train/Ojirowashi_White_Tailed_Eagle/AAS1_ojirowashi-7DMA1290-2695-1526-273-302.JPG,1,Ojirowashi
tool_bird_class_train/Ojirowashi_White_Tailed_Eagle/AAS1_ojirowashi-7DMA4089-2428-1679-222-74.JPG,1,Ojirowashi
tool_bird_class_train/Ojirowashi_White_Tailed_Eagle/ext_inat_20260504/inat_509940359_e6e2781d.jpg,1,Ojirowashi
tool_bird_class_train/Ojirowashi_White_Tailed_Eagle/ext_inat_20260504/inat_171556246_22d7545c.jpg,1,Ojirowashi
tool_bird_class_train/Ojirowashi_White_Tailed_Eagle/ext_inat_20260504/inat_326313326_256d62db.jpg,1,Ojirowashi
tool_bird_class_train/Ojirowashi_White_Tailed_Eagle/ext_inat_20260504/inat_371830623_b5b9f832.jpg,1,Ojirowashi
tool_bird_class_train/Ojirowashi_White_Tailed_Eagle/ext_inat_20260504/inat_179826883_6fc5e892.jpg,1,Ojirowashi
tool_bird_class_train/Ojirowashi_White_Tailed_Eagle/AAS1_ojirowashi-7D2M6722-2544-1869-456-194.JPG,1,Ojirowashi
tool_bird_class_train/Ojirowashi_White_Tailed_Eagle/AAS1_ojirowashi-7D2M4664-1547-985-2615-1215.JPG,1,Ojirowashi
tool_bird_class_train/Ojirowashi_White_Tailed_Eagle/ext_inat_20260504/inat_485467047_a4d8581c.jpg,1,Ojirowashi
tool_bird_class_train/Ojirowashi_White_Tailed_Eagle/AAS1_ojirowashi-7D2M3450-2639-1762-484-98.JPG,1,Ojirowashi
tool_bird_class_train/Ojirowashi_White_Tailed_Eagle/ext_inat_20260504/inat_422304077_e9bceed3.jpg,1,Ojirowashi
tool_bird_class_train/Ojirowashi_White_Tailed_Eagle/frame_002270_bb00_t0075.74_conf0.957.jpg,1,Ojirowashi
tool_bird_class_train/Ojirowashi_White_Tailed_Eagle/AAS1_ojirowashi-7D2M3638-2737-1557-174-311.JPG,1,Ojirowashi
tool_bird_class_train/Ojirowashi_White_Tailed_Eagle/ext_inat_20260504/inat_475752280_3575e817.jpg,1,Ojirowashi
tool_bird_class_train/Ojirowashi_White_Tailed_Eagle/ext_inat_20260504/inat_472128772_6124ed33.jpg,1,Ojirowashi
tool_bird_class_train/Ojirowashi_White_Tailed_Eagle/AAS1_ojirowashi-7D2M5386-1-242-291-753-432.JPG,1,Ojirowashi
tool_bird_class_train/Ojirowashi_White_Tailed_Eagle/AAS1_ojirowashi-7D2M4083-1413-1345-1824-1216.JPG,1,Ojirowashi
tool_bird_class_train/Ojirowashi_White_Tailed_Eagle/ext_inat_20260504/inat_364063588_483acd35.jpg,1,Ojirowashi
tool_bird_class_train/Ojirowashi_White_Tailed_Eagle/AAS1_ojirowashi-7D2M5720-2423-1552-196-268.JPG,1,Ojirowashi
tool_bird_class_train/Ojirowashi_White_Tailed_Eagle/ext_inat_20260504/inat_599790697_90768ae5.jpg,1,Ojirowashi
tool_bird_class_train/Ojirowashi_White_Tailed_Eagle/ext_inat_20260504/inat_636223011_c8cd5fff.jpg,1,Ojirowashi
tool_bird_class_train/Ojirowashi_White_Tailed_Eagle/ext_inat_20260504/inat_246346561_869f6947.jpg,1,Ojirowashi
tool_bird_class_train/Ojirowashi_White_Tailed_Eagle/ext_inat_20260504/inat_483169902_1bd514af.jpg,1,Ojirowashi
tool_bird_class_train/Ojirowashi_White_Tailed_Eagle/ext_inat_20260504/inat_262826753_e20bfe8f.jpg,1,Ojirowashi
tool_bird_class_train/Ojirowashi_White_Tailed_Eagle/ext_inat_20260504/inat_415049871_34dfe12d.jpg,1,Ojirowashi
tool_bird_class_train/Ojirowashi_White_Tailed_Eagle/AAS1_ojirowashi-7DMA1056-2758-1484-440-372.JPG,1,Ojirowashi
tool_bird_class_train/Ojirowashi_White_Tailed_Eagle/ext_inat_20260504/inat_265981766_96bf6e19.jpg,1,Ojirowashi
tool_bird_class_train/Ojirowashi_White_Tailed_Eagle/ext_inat_20260504/inat_506184466_20296a02.jpg,1,Ojirowashi
tool_bird_class_train/Ojirowashi_White_Tailed_Eagle/ext_inat_20260504/inat_298734534_81f54c1b.jpg,1,Ojirowashi
tool_bird_class_train/Ojirowashi_White_Tailed_Eagle/ext_inat_20260504/inat_574544097_a747bc10.jpg,1,Ojirowashi
tool_bird_class_train/Ojirowashi_White_Tailed_Eagle/ext_inat_20260504/inat_393632722_94b718b8.jpg,1,Ojirowashi
tool_bird_class_train/Ojirowashi_White_Tailed_Eagle/ext_inat_20260504/inat_253936828_73497092.jpg,1,Ojirowashi
tool_bird_class_train/Ojirowashi_White_Tailed_Eagle/AAS1_ojirowashi-7D2M3449-2698-1670-264-161.JPG,1,Ojirowashi
tool_bird_class_train/Ojirowashi_White_Tailed_Eagle/AAS1_ojirowashi-7D2M9845-2307-1897-523-342.JPG,1,Ojirowashi
tool_bird_class_train/Ojirowashi_White_Tailed_Eagle/AAS1_ojirowashi-7D2M5550-1705-610-1824-1216.JPG,1,Ojirowashi
tool_bird_class_train/Ojirowashi_White_Tailed_Eagle/AAS1_ojirowashi-7DMA1281-3062-1694-316-335.JPG,1,Ojirowashi
tool_bird_class_train/Ojirowashi_White_Tailed_Eagle/ext_inat_20260504/inat_199552682_cdbc4692.jpg,1,Ojirowashi
tool_bird_class_train/Ojirowashi_White_Tailed_Eagle/ext_inat_20260504/inat_239375587_765ca1a5.jpg,1,Ojirowashi
tool_bird_class_train/Ojirowashi_White_Tailed_Eagle/ext_inat_20260504/inat_502383476_2f6f7bdc.jpg,1,Ojirowashi
tool_bird_class_train/Ojirowashi_White_Tailed_Eagle/ext_inat_20260504/inat_443287161_4af5aa4b.jpg,1,Ojirowashi
tool_bird_class_train/Ojirowashi_White_Tailed_Eagle/ext_inat_20260504/inat_514978831_ecea445b.jpg,1,Ojirowashi
tool_bird_class_train/Ojirowashi_White_Tailed_Eagle/ext_inat_20260504/inat_461855681_8008b914.jpg,1,Ojirowashi
tool_bird_class_train/Ojirowashi_White_Tailed_Eagle/ext_inat_20260504/inat_478533280_242d09e0.jpg,1,Ojirowashi
tool_bird_class_train/Ojirowashi_White_Tailed_Eagle/ext_inat_20260504/inat_614179640_5c793026.jpg,1,Ojirowashi
tool_bird_class_train/Ojirowashi_White_Tailed_Eagle/ext_inat_20260504/inat_213035813_044bc528.jpg,1,Ojirowashi
tool_bird_class_train/Ojirowashi_White_Tailed_Eagle/ext_inat_20260504/inat_261404857_1e803ed0.jpg,1,Ojirowashi
tool_bird_class_train/Ojirowashi_White_Tailed_Eagle/inat_3160/a8a08e80-5051-492a-8463-ccb9b0554be5.jpg,1,Ojirowashi
tool_bird_class_train/Ojirowashi_White_Tailed_Eagle/ext_inat_20260504/inat_213036172_16b54f3d.jpg,1,Ojirowashi
tool_bird_class_train/Ojirowashi_White_Tailed_Eagle/ext_inat_20260504/inat_440918718_10007608.jpg,1,Ojirowashi
tool_bird_class_train/Ojirowashi_White_Tailed_Eagle/AAS1_ojirowashi-7D2M6618-1824-945-1336-1032.JPG,1,Ojirowashi
tool_bird_class_train/Ojirowashi_White_Tailed_Eagle/ext_inat_20260504/inat_121135333_8d2c833c.jpg,1,Ojirowashi
tool_bird_class_train/Ojirowashi_White_Tailed_Eagle/ext_inat_20260504/inat_624527854_bc9b8aab.jpg,1,Ojirowashi
tool_bird_class_train/Ojirowashi_White_Tailed_Eagle/AAS1_ojirowashi-7D2M4132-2535-1843-744-646.JPG,1,Ojirowashi
tool_bird_class_train/Ojirowashi_White_Tailed_Eagle/AAS1_ojirowashi-7D2M6469-1759-1126-2057-837.JPG,1,Ojirowashi
tool_bird_class_train/Ojirowashi_White_Tailed_Eagle/ext_inat_20260504/inat_645318003_aa54454c.jpg,1,Ojirowashi
tool_bird_class_train/Ojirowashi_White_Tailed_Eagle/ext_inat_20260504/inat_451545655_fcba6499.jpg,1,Ojirowashi
tool_bird_class_train/Ojirowashi_White_Tailed_Eagle/ext_inat_20260504/inat_605104206_f834dfd0.jpg,1,Ojirowashi
tool_bird_class_train/Ojirowashi_White_Tailed_Eagle/ext_inat_20260504/inat_205823324_f783f7c7.jpg,1,Ojirowashi
tool_bird_class_train/Ojirowashi_White_Tailed_Eagle/AAS1_ojirowashi-7D2M2899-1814-802-552-190.JPG,1,Ojirowashi
tool_bird_class_train/Ojirowashi_White_Tailed_Eagle/ext_inat_20260504/inat_497501281_d8e28ef4.jpg,1,Ojirowashi
tool_bird_class_train/Ojirowashi_White_Tailed_Eagle/AAS1_ojirowashi-7D2M6703-3250-1489-765-445.JPG,1,Ojirowashi
tool_bird_class_train/Ojirowashi_White_Tailed_Eagle/ext_inat_20260504/inat_164754665_339c2888.jpg,1,Ojirowashi
tool_bird_class_train/Ojirowashi_White_Tailed_Eagle/ext_inat_20260504/inat_539149019_648fd6ce.jpg,1,Ojirowashi
tool_bird_class_train/Ojirowashi_White_Tailed_Eagle/AAS1_ojirowashi-7D2M3410-2893-1744-293-94.JPG,1,Ojirowashi
tool_bird_class_train/Ojirowashi_White_Tailed_Eagle/ext_inat_20260504/inat_129908323_7262befd.jpg,1,Ojirowashi
tool_bird_class_train/Ojirowashi_White_Tailed_Eagle/ext_inat_20260504/inat_364752488_60bb7202.jpg,1,Ojirowashi
tool_bird_class_train/Ojirowashi_White_Tailed_Eagle/ext_inat_20260504/inat_556881873_ce4b9b86.jpg,1,Ojirowashi
tool_bird_class_train/Ojirowashi_White_Tailed_Eagle/AAS1_ojirowashi-7D2M4661-885-921-2695-1443.JPG,1,Ojirowashi
tool_bird_class_train/Ojirowashi_White_Tailed_Eagle/ext_inat_20260504/inat_143105784_51b66fec.jpg,1,Ojirowashi
tool_bird_class_train/Ojirowashi_White_Tailed_Eagle/AAS1_ojirowashi-7D2M6695-2496-1546-478-371.JPG,1,Ojirowashi
tool_bird_class_train/Ojirowashi_White_Tailed_Eagle/ext_inat_20260504/inat_358203604_9b5c9824.jpg,1,Ojirowashi
tool_bird_class_train/Ojirowashi_White_Tailed_Eagle/ext_inat_20260504/inat_201620306_16e98e59.jpg,1,Ojirowashi
tool_bird_class_train/Ojirowashi_White_Tailed_Eagle/ext_inat_20260504/inat_485936056_037a84eb.jpg,1,Ojirowashi
tool_bird_class_train/Ojirowashi_White_Tailed_Eagle/AAS1_ojirowashi-7D2M6550-2378-1613-811-184.JPG,1,Ojirowashi
tool_bird_class_train/Ojirowashi_White_Tailed_Eagle/ext_inat_20260504/inat_580536805_ee7dc691.jpg,1,Ojirowashi
tool_bird_class_train/Ojirowashi_White_Tailed_Eagle/ext_inat_20260504/inat_270086740_945f0422.jpg,1,Ojirowashi
tool_bird_class_train/Ojirowashi_White_Tailed_Eagle/ext_inat_20260504/inat_518232170_677ca860.jpg,1,Ojirowashi
tool_bird_class_train/Ojirowashi_White_Tailed_Eagle/ext_inat_20260504/inat_627196633_92e7c0f8.jpg,1,Ojirowashi
tool_bird_class_train/Ojirowashi_White_Tailed_Eagle/AAS1_ojirowashi-7D2M4384-2208-1499-916-577.JPG,1,Ojirowashi
tool_bird_class_train/Ojirowashi_White_Tailed_Eagle/AAS1_ojirowashi-7D2M4706-2394-1712-1031-668.JPG,1,Ojirowashi
tool_bird_class_train/Ojirowashi_White_Tailed_Eagle/ext_inat_20260504/inat_177549223_b1f77286.jpg,1,Ojirowashi
tool_bird_class_train/Ojirowashi_White_Tailed_Eagle/ext_inat_20260504/inat_225523858_306d3894.jpg,1,Ojirowashi
tool_bird_class_train/Ojirowashi_White_Tailed_Eagle/ext_inat_20260504/inat_277379287_c69ea63b.jpg,1,Ojirowashi
tool_bird_class_train/Ojirowashi_White_Tailed_Eagle/AAS1_ojirowashi-7D2M4476-1312-1064-1824-1216.JPG,1,Ojirowashi
tool_bird_class_train/Ojirowashi_White_Tailed_Eagle/ext_inat_20260504/inat_607158639_1c5e72af.jpg,1,Ojirowashi
tool_bird_class_train/Ojirowashi_White_Tailed_Eagle/ext_inat_20260504/inat_453648401_39d750ea.jpg,1,Ojirowashi
tool_bird_class_train/Ojirowashi_White_Tailed_Eagle/ext_inat_20260504/inat_581755098_db2f0b72.jpg,1,Ojirowashi
tool_bird_class_train/Ojirowashi_White_Tailed_Eagle/ext_inat_20260504/inat_158978668_5d41c163.jpg,1,Ojirowashi
tool_bird_class_train/Ojirowashi_White_Tailed_Eagle/ext_inat_20260504/inat_325612630_dd6b0b62.jpg,1,Ojirowashi
tool_bird_class_train/Ojirowashi_White_Tailed_Eagle/AAS1_ojirowashi-7D2M6514-2461-1539-1506-376.JPG,1,Ojirowashi
tool_bird_class_train/Ojirowashi_White_Tailed_Eagle/AAS1_ojirowashi-7DMA1265-2464-1435-463-388.JPG,1,Ojirowashi
tool_bird_class_train/Ojirowashi_White_Tailed_Eagle/ext_inat_20260504/inat_529216331_6f5a4512.jpg,1,Ojirowashi
tool_bird_class_train/Ojirowashi_White_Tailed_Eagle/AAS1_ojirowashi-7D2M2877-2198-1472-581-315.JPG,1,Ojirowashi
tool_bird_class_train/Ojirowashi_White_Tailed_Eagle/ext_inat_20260504/inat_422345566_b354a8cb.jpg,1,Ojirowashi
tool_bird_class_train/Ojirowashi_White_Tailed_Eagle/AAS1_ojirowashi-7DMA0875-2592-1746-388-275.JPG,1,Ojirowashi
tool_bird_class_train/Ojirowashi_White_Tailed_Eagle/AAS1_ojirowashi-7D2M4961-2616-1687-527-253.JPG,1,Ojirowashi
tool_bird_class_train/Ojirowashi_White_Tailed_Eagle/AAS1_ojirowashi-7D2M5124-1904-1173-2102-1233.JPG,1,Ojirowashi
tool_bird_class_train/Ojirowashi_White_Tailed_Eagle/ext_inat_20260504/inat_425844865_922fc758.jpg,1,Ojirowashi
tool_bird_class_train/Ojirowashi_White_Tailed_Eagle/AAS1_ojirowashi-7D2M4687-1977-1448-1337-526.JPG,1,Ojirowashi
tool_bird_class_train/Ojirowashi_White_Tailed_Eagle/AAS1_ojirowashi-7D2M4187-1866-2170-372-294.JPG,1,Ojirowashi
tool_bird_class_train/Ojirowashi_White_Tailed_Eagle/ext_inat_20260504/inat_176897752_8ecf196e.jpg,1,Ojirowashi
tool_bird_class_train/Ojirowashi_White_Tailed_Eagle/ext_inat_20260504/inat_290936506_031d93a7.jpg,1,Ojirowashi
tool_bird_class_train/Ojirowashi_White_Tailed_Eagle/ext_inat_20260504/inat_556542939_b9b83652.jpg,1,Ojirowashi
tool_bird_class_train/Ojirowashi_White_Tailed_Eagle/ext_inat_20260504/inat_369679083_0ef4bafa.jpg,1,Ojirowashi
tool_bird_class_train/Ojirowashi_White_Tailed_Eagle/ext_inat_20260504/inat_120514696_8d6d691d.jpg,1,Ojirowashi
tool_bird_class_train/Ojirowashi_White_Tailed_Eagle/ext_inat_20260504/inat_530179594_675b5a06.jpg,1,Ojirowashi
tool_bird_class_train/Ojirowashi_White_Tailed_Eagle/ext_inat_20260504/inat_387900358_c0e2ddf8.jpg,1,Ojirowashi
tool_bird_class_train/Ojirowashi_White_Tailed_Eagle/ext_inat_20260504/inat_341507041_cb8203f7.jpg,1,Ojirowashi
tool_bird_class_train/Ojirowashi_White_Tailed_Eagle/ext_inat_20260504/inat_482987243_5f338060.jpg,1,Ojirowashi
tool_bird_class_train/Ojirowashi_White_Tailed_Eagle/ext_inat_20260504/inat_359807625_5656140b.jpg,1,Ojirowashi
tool_bird_class_train/Ojirowashi_White_Tailed_Eagle/AAS1_ojirowashi-7D2M9922-2687-1670-78-87.JPG,1,Ojirowashi
tool_bird_class_train/Ojirowashi_White_Tailed_Eagle/ext_inat_20260504/inat_113474390_9d2a73c5.jpg,1,Ojirowashi
tool_bird_class_train/Ojirowashi_White_Tailed_Eagle/ext_inat_20260504/inat_640405201_0224b370.jpg,1,Ojirowashi
tool_bird_class_train/Ojirowashi_White_Tailed_Eagle/ext_inat_20260504/inat_478995320_e27f382d.jpg,1,Ojirowashi
tool_bird_class_train/Ojirowashi_White_Tailed_Eagle/ext_inat_20260504/inat_461186540_c69c365e.jpg,1,Ojirowashi
tool_bird_class_train/Ojirowashi_White_Tailed_Eagle/ext_inat_20260504/inat_89072959_a0051628.jpg,1,Ojirowashi
tool_bird_class_train/Ojirowashi_White_Tailed_Eagle/ext_inat_20260504/inat_622454075_862db7e5.jpg,1,Ojirowashi
tool_bird_class_train/Ojirowashi_White_Tailed_Eagle/AAS1_ojirowashi-7D2M4287-2537-1687-479-290.JPG,1,Ojirowashi
tool_bird_class_train/Ojirowashi_White_Tailed_Eagle/AAS1_ojirowashi-7D2M4456-2669-1706-372-404.JPG,1,Ojirowashi
tool_bird_class_train/Ojirowashi_White_Tailed_Eagle/ext_inat_20260504/inat_579700264_a451f3ee.jpg,1,Ojirowashi
tool_bird_class_train/Ojirowashi_White_Tailed_Eagle/ext_inat_20260504/inat_507381649_a4eb40c7.jpg,1,Ojirowashi
tool_bird_class_train/Ojirowashi_White_Tailed_Eagle/AAS1_ojirowashi-7D2M4656-1142-1485-2738-944.JPG,1,Ojirowashi
tool_bird_class_train/Ojirowashi_White_Tailed_Eagle/ext_inat_20260504/inat_555575991_3635674f.jpg,1,Ojirowashi
tool_bird_class_train/Ojirowashi_White_Tailed_Eagle/ext_inat_20260504/inat_95721793_4a1244aa.jpg,1,Ojirowashi
tool_bird_class_train/Ojirowashi_White_Tailed_Eagle/ext_inat_20260504/inat_318316795_04cd685a.jpg,1,Ojirowashi
tool_bird_class_train/Ojirowashi_White_Tailed_Eagle/ext_inat_20260504/inat_617710518_68a8db76.jpg,1,Ojirowashi
tool_bird_class_train/Ojirowashi_White_Tailed_Eagle/AAS1_ojirowashi-7D2M6979-2583-1720-488-260.JPG,1,Ojirowashi
tool_bird_class_train/Ojirowashi_White_Tailed_Eagle/ext_inat_20260504/inat_421649322_e30b289a.jpg,1,Ojirowashi
tool_bird_class_train/Ojirowashi_White_Tailed_Eagle/ext_inat_20260504/inat_412287304_bfa24878.jpg,1,Ojirowashi
tool_bird_class_train/Ojirowashi_White_Tailed_Eagle/ext_inat_20260504/inat_248105189_945e1c4f.jpg,1,Ojirowashi
tool_bird_class_train/Ojirowashi_White_Tailed_Eagle/ext_inat_20260504/inat_593495474_b8a3f5a6.jpg,1,Ojirowashi
tool_bird_class_train/Ojirowashi_White_Tailed_Eagle/ext_inat_20260504/inat_452676835_ca6e09f5.jpg,1,Ojirowashi
tool_bird_class_train/Ojirowashi_White_Tailed_Eagle/ext_inat_20260504/inat_558141921_f5944cf2.jpg,1,Ojirowashi
tool_bird_class_train/Ojirowashi_White_Tailed_Eagle/AAS1_ojirowashi-7D2M6296-2464-1765-482-252.JPG,1,Ojirowashi
tool_bird_class_train/Ojirowashi_White_Tailed_Eagle/AAS1_ojirowashi-7D2M6966-2622-1549-490-187.JPG,1,Ojirowashi
tool_bird_class_train/Ojirowashi_White_Tailed_Eagle/AAS1_ojirowashi-7D2M2889-2169-1363-321-735.JPG,1,Ojirowashi
tool_bird_class_train/Ojirowashi_White_Tailed_Eagle/ext_inat_20260504/inat_586336039_846627f5.jpg,1,Ojirowashi
tool_bird_class_train/Ojirowashi_White_Tailed_Eagle/ext_inat_20260504/inat_234381802_07a3a5ec.jpg,1,Ojirowashi
tool_bird_class_train/Ojirowashi_White_Tailed_Eagle/ext_inat_20260504/inat_586739664_e61e1985.jpg,1,Ojirowashi
tool_bird_class_train/Ojirowashi_White_Tailed_Eagle/ext_inat_20260504/inat_531780584_90c72e20.jpg,1,Ojirowashi
tool_bird_class_train/Ojirowashi_White_Tailed_Eagle/ext_inat_20260504/inat_483867442_fc331e3e.jpg,1,Ojirowashi
tool_bird_class_train/Ojirowashi_White_Tailed_Eagle/ext_inat_20260504/inat_118241807_97ee7592.jpg,1,Ojirowashi
tool_bird_class_train/Ojirowashi_White_Tailed_Eagle/ext_inat_20260504/inat_355250001_f0426261.jpg,1,Ojirowashi
tool_bird_class_train/Ojirowashi_White_Tailed_Eagle/ext_inat_20260504/inat_462517499_5340e2a2.jpg,1,Ojirowashi
tool_bird_class_train/Ojirowashi_White_Tailed_Eagle/ext_inat_20260504/inat_348737689_ecd3112f.jpg,1,Ojirowashi
tool_bird_class_train/Ojirowashi_White_Tailed_Eagle/ext_inat_20260504/inat_552182330_f9a6eba6.jpg,1,Ojirowashi
tool_bird_class_train/Ojirowashi_White_Tailed_Eagle/ext_inat_20260504/inat_616039184_ca236f7f.jpg,1,Ojirowashi
tool_bird_class_train/Ojirowashi_White_Tailed_Eagle/ext_inat_20260504/inat_394013602_22ad3bb8.jpg,1,Ojirowashi
tool_bird_class_train/Ojirowashi_White_Tailed_Eagle/ext_inat_20260504/inat_105968899_47910109.jpg,1,Ojirowashi
tool_bird_class_train/Ojirowashi_White_Tailed_Eagle/AAS1_ojirowashi-7DMA1270-2471-1809-329-388.JPG,1,Ojirowashi
tool_bird_class_train/Ojirowashi_White_Tailed_Eagle/inat_3160/1a2a8881-e749-4195-bde6-8fc054153aa3.jpg,1,Ojirowashi
tool_bird_class_train/Ojirowashi_White_Tailed_Eagle/ext_inat_20260504/inat_618684148_a100507b.jpg,1,Ojirowashi
tool_bird_class_train/Ojirowashi_White_Tailed_Eagle/AAS1_ojirowashi-7D2M6937-2581-1173-1301-865.JPG,1,Ojirowashi
tool_bird_class_train/Ojirowashi_White_Tailed_Eagle/ext_inat_20260504/inat_179312242_6c5aa0ef.jpg,1,Ojirowashi
tool_bird_class_train/Ojirowashi_White_Tailed_Eagle/ext_inat_20260504/inat_190274661_e38468d9.jpg,1,Ojirowashi
tool_bird_class_train/Ojirowashi_White_Tailed_Eagle/ext_inat_20260504/inat_460883289_b2e8b6dd.jpg,1,Ojirowashi
tool_bird_class_train/Ojirowashi_White_Tailed_Eagle/AAS1_ojirowashi-7D2M5483-2561-1676-290-165.JPG,1,Ojirowashi
tool_bird_class_train/Ojirowashi_White_Tailed_Eagle/ext_inat_20260504/inat_202245768_320bfa5f.jpg,1,Ojirowashi
tool_bird_class_train/Ojirowashi_White_Tailed_Eagle/inat_3160/b7580253-9afa-41bf-9d46-c47194b372a7.jpg,1,Ojirowashi
tool_bird_class_train/Ojirowashi_White_Tailed_Eagle/ext_inat_20260504/inat_483382330_3b0ffcbc.jpg,1,Ojirowashi
tool_bird_class_train/Ojirowashi_White_Tailed_Eagle/ext_inat_20260504/inat_604470783_b109bced.jpg,1,Ojirowashi
tool_bird_class_train/Ojirowashi_White_Tailed_Eagle/ext_inat_20260504/inat_190274791_52f9c680.jpg,1,Ojirowashi
tool_bird_class_train/Ojirowashi_White_Tailed_Eagle/AAS1_ojirowashi-7D2M4343-2521-1651-540-319.JPG,1,Ojirowashi
tool_bird_class_train/Ojirowashi_White_Tailed_Eagle/AAS1_ojirowashi-7DMA1346-2572-1765-425-83.JPG,1,Ojirowashi
tool_bird_class_train/Ojirowashi_White_Tailed_Eagle/AAS1_ojirowashi-7D2M4308-2596-1602-593-448.JPG,1,Ojirowashi
tool_bird_class_train/Ojirowashi_White_Tailed_Eagle/ext_inat_20260504/inat_342527835_745e0c61.jpg,1,Ojirowashi
tool_bird_class_train/Ojirowashi_White_Tailed_Eagle/ext_inat_20260504/inat_126457124_fdd217a4.jpg,1,Ojirowashi
tool_bird_class_train/Ojirowashi_White_Tailed_Eagle/AAS1_ojirowashi-7D2M6649-2458-1746-1138-412.JPG,1,Ojirowashi
tool_bird_class_train/Ojirowashi_White_Tailed_Eagle/ext_inat_20260504/inat_91109898_10241e1b.jpg,1,Ojirowashi
tool_bird_class_train/Ojirowashi_White_Tailed_Eagle/ext_inat_20260504/inat_332694422_0e172599.jpg,1,Ojirowashi
tool_bird_class_train/Ojirowashi_White_Tailed_Eagle/ext_inat_20260504/inat_574583818_495c3832.jpg,1,Ojirowashi
tool_bird_class_train/Ojirowashi_White_Tailed_Eagle/AAS1_ojirowashi-7D2M4513-2197--2-2488-2952.JPG,1,Ojirowashi
tool_bird_class_train/Ojirowashi_White_Tailed_Eagle/ext_inat_20260504/inat_542651006_1354bace.jpg,1,Ojirowashi
tool_bird_class_train/Ojirowashi_White_Tailed_Eagle/AAS1_ojirowashi-7D2M4907-2059-1326-401-549.JPG,1,Ojirowashi
tool_bird_class_train/Ojirowashi_White_Tailed_Eagle/frame_002440_bb00_t0081.41_conf0.981.jpg,1,Ojirowashi
tool_bird_class_train/Ojirowashi_White_Tailed_Eagle/AAS1_ojirowashi-7D2M3467-2353-2317-450-170.JPG,1,Ojirowashi
tool_bird_class_train/Ojirowashi_White_Tailed_Eagle/ext_inat_20260504/inat_179607756_8493d693.jpg,1,Ojirowashi
tool_bird_class_train/Ojirowashi_White_Tailed_Eagle/ext_inat_20260504/inat_470727803_e2302f27.jpg,1,Ojirowashi
tool_bird_class_train/Ojirowashi_White_Tailed_Eagle/AAS1_ojirowashi-7D2M4290-2398-1642-461-345.JPG,1,Ojirowashi
tool_bird_class_train/Ojirowashi_White_Tailed_Eagle/ext_inat_20260504/inat_486656569_268999f6.jpg,1,Ojirowashi
tool_bird_class_train/Ojirowashi_White_Tailed_Eagle/ext_inat_20260504/inat_266886833_9cbb5e0f.jpg,1,Ojirowashi
tool_bird_class_train/Ojirowashi_White_Tailed_Eagle/AAS1_ojirowashi-7D2M6554-2347-1393-416-475.JPG,1,Ojirowashi
tool_bird_class_train/Ojirowashi_White_Tailed_Eagle/ext_inat_20260504/inat_188262937_cf5425b3.jpg,1,Ojirowashi
tool_bird_class_train/Ojirowashi_White_Tailed_Eagle/inat_3160/cb318cce-3be9-4596-aa24-fa09daa99af1.jpg,1,Ojirowashi
tool_bird_class_train/Ojirowashi_White_Tailed_Eagle/ext_inat_20260504/inat_244035639_efa0f8e6.jpg,1,Ojirowashi
tool_bird_class_train/Ojirowashi_White_Tailed_Eagle/AAS1_ojirowashi-7D2M4852-382-581-1795-2318.JPG,1,Ojirowashi
tool_bird_class_train/Ojirowashi_White_Tailed_Eagle/AAS1_ojirowashi-7D2M6757-2174-1392-680-496.JPG,1,Ojirowashi
tool_bird_class_train/Ojirowashi_White_Tailed_Eagle/ext_inat_20260504/inat_154801099_f1482cc6.jpg,1,Ojirowashi
tool_bird_class_train/Ojirowashi_White_Tailed_Eagle/AAS1_ojirowashi-7D2M3546-2531-1606-401-280.JPG,1,Ojirowashi
tool_bird_class_train/Ojirowashi_White_Tailed_Eagle/ext_inat_20260504/inat_573702896_5f985fbc.jpg,1,Ojirowashi
tool_bird_class_train/Ojirowashi_White_Tailed_Eagle/AAS1_ojirowashi-7DMA1322-3916-1761-351-171.JPG,1,Ojirowashi
tool_bird_class_train/Ojirowashi_White_Tailed_Eagle/ext_inat_20260504/inat_465922366_b295fd9d.jpg,1,Ojirowashi
tool_bird_class_train/Ojirowashi_White_Tailed_Eagle/AAS1_ojirowashi-7D2M6720-2580-1350-593-253.JPG,1,Ojirowashi
tool_bird_class_train/Ojirowashi_White_Tailed_Eagle/ext_inat_20260504/inat_364084342_11cdce79.jpg,1,Ojirowashi
tool_bird_class_train/Ojirowashi_White_Tailed_Eagle/AAS1_ojirowashi-7D2M6668-1687-2152-1110-388.JPG,1,Ojirowashi
tool_bird_class_train/Ojirowashi_White_Tailed_Eagle/ext_inat_20260504/inat_273204447_0f0b5350.jpg,1,Ojirowashi
tool_bird_class_train/Ojirowashi_White_Tailed_Eagle/ext_inat_20260504/inat_534278594_98a30b4c.jpg,1,Ojirowashi
tool_bird_class_train/Ojirowashi_White_Tailed_Eagle/ext_inat_20260504/inat_488805867_1b0d0791.jpg,1,Ojirowashi
tool_bird_class_train/Ojirowashi_White_Tailed_Eagle/AAS1_ojirowashi-7D2M6235-2649-1107-377-820.JPG,1,Ojirowashi
tool_bird_class_train/Ojirowashi_White_Tailed_Eagle/AAS1_ojirowashi-7D2M9919-2634-1614-91-141.JPG,1,Ojirowashi
tool_bird_class_train/Ojirowashi_White_Tailed_Eagle/AAS1_ojirowashi-7D2M6666-1593-1071-1225-624.JPG,1,Ojirowashi
tool_bird_class_train/Ojirowashi_White_Tailed_Eagle/AAS1_ojirowashi-7D2M6171-2548-1557-441-399.JPG,1,Ojirowashi
tool_bird_class_train/Ojirowashi_White_Tailed_Eagle/AAS1_ojirowashi-7D2M4895-2434-1554-625-541.JPG,1,Ojirowashi
tool_bird_class_train/Ojirowashi_White_Tailed_Eagle/AAS1_ojirowashi-7DMA1333-2554-1357-321-297.JPG,1,Ojirowashi
tool_bird_class_train/Ojirowashi_White_Tailed_Eagle/ext_inat_20260504/inat_184821928_a64f7eaf.jpg,1,Ojirowashi
tool_bird_class_train/Ojirowashi_White_Tailed_Eagle/ext_inat_20260504/inat_538374210_8955ee61.jpg,1,Ojirowashi
tool_bird_class_train/Ojirowashi_White_Tailed_Eagle/ext_inat_20260504/inat_476497728_c65232ad.jpg,1,Ojirowashi
tool_bird_class_train/Ojirowashi_White_Tailed_Eagle/ext_inat_20260504/inat_507388037_80548afa.jpg,1,Ojirowashi
tool_bird_class_train/Ojirowashi_White_Tailed_Eagle/ext_inat_20260504/inat_359807374_1292e65e.jpg,1,Ojirowashi
tool_bird_class_train/Ojirowashi_White_Tailed_Eagle/ext_inat_20260504/inat_266862438_26a66e28.jpg,1,Ojirowashi
tool_bird_class_train/Ojirowashi_White_Tailed_Eagle/AAS1_ojirowashi-7D2M4685-1979-1302-1516-764.JPG,1,Ojirowashi
tool_bird_class_train/Ojirowashi_White_Tailed_Eagle/ext_inat_20260504/inat_232151241_f20ae2b0.jpg,1,Ojirowashi
tool_bird_class_train/Ojirowashi_White_Tailed_Eagle/ext_inat_20260504/inat_458726349_fae2dad9.jpg,1,Ojirowashi
tool_bird_class_train/Ojirowashi_White_Tailed_Eagle/ext_inat_20260504/inat_321434332_0aabba9b.jpg,1,Ojirowashi
tool_bird_class_train/Ojirowashi_White_Tailed_Eagle/ext_inat_20260504/inat_499937367_f38db229.jpg,1,Ojirowashi
tool_bird_class_train/Ojirowashi_White_Tailed_Eagle/ext_inat_20260504/inat_335154551_26df7264.jpg,1,Ojirowashi
tool_bird_class_train/Ojirowashi_White_Tailed_Eagle/ext_inat_20260504/inat_525702959_7fff9a34.jpg,1,Ojirowashi
tool_bird_class_train/Ojirowashi_White_Tailed_Eagle/AAS1_ojirowashi-7D2M6968-2597-1850-176-168.JPG,1,Ojirowashi
tool_bird_class_train/Ojirowashi_White_Tailed_Eagle/ext_inat_20260504/inat_286991970_241b7f90.jpg,1,Ojirowashi
tool_bird_class_train/Ojirowashi_White_Tailed_Eagle/ext_inat_20260504/inat_165097635_b8f7d82a.jpg,1,Ojirowashi
tool_bird_class_train/Ojirowashi_White_Tailed_Eagle/AAS1_ojirowashi-7D2M4460-1-334-256-334-256.JPG,1,Ojirowashi
tool_bird_class_train/Ojirowashi_White_Tailed_Eagle/frame_002410_bb00_t0080.41_conf0.998.jpg,1,Ojirowashi
tool_bird_class_train/Ojirowashi_White_Tailed_Eagle/AAS1_ojirowashi-7D2M6726-2810-1590-501-223.JPG,1,Ojirowashi
tool_bird_class_train/Ojirowashi_White_Tailed_Eagle/ext_inat_20260504/inat_415108054_4d38121d.jpg,1,Ojirowashi
tool_bird_class_train/Ojirowashi_White_Tailed_Eagle/ext_inat_20260504/inat_632702060_77ca8910.jpg,1,Ojirowashi
tool_bird_class_train/Ojirowashi_White_Tailed_Eagle/ext_inat_20260504/inat_640275398_1c840b56.jpg,1,Ojirowashi
tool_bird_class_train/Ojirowashi_White_Tailed_Eagle/ext_inat_20260504/inat_157140388_1716e2c1.jpg,1,Ojirowashi
tool_bird_class_train/Ojirowashi_White_Tailed_Eagle/ext_inat_20260504/inat_633335919_9c819069.jpg,1,Ojirowashi
tool_bird_class_train/Ojirowashi_White_Tailed_Eagle/ext_inat_20260504/inat_284906228_befdd917.jpg,1,Ojirowashi
tool_bird_class_train/Ojirowashi_White_Tailed_Eagle/ext_inat_20260504/inat_622209875_12fd4198.jpg,1,Ojirowashi
tool_bird_class_train/Ojirowashi_White_Tailed_Eagle/ext_inat_20260504/inat_232311418_f7cda437.jpg,1,Ojirowashi
tool_bird_class_train/Ojirowashi_White_Tailed_Eagle/inat_3160/dd1e10ef-2c84-41e8-a35d-85c150783b79.jpg,1,Ojirowashi
tool_bird_class_train/Ojirowashi_White_Tailed_Eagle/ext_inat_20260504/inat_483867201_77c4dcb6.jpg,1,Ojirowashi
tool_bird_class_train/Ojirowashi_White_Tailed_Eagle/AAS1_ojirowashi-7D2M6502-2203-562-2012-2991.JPG,1,Ojirowashi
tool_bird_class_train/Ojirowashi_White_Tailed_Eagle/inat_3160/43cecaed-0305-42b2-8b4e-d193af53844c.jpg,1,Ojirowashi
tool_bird_class_train/Ojirowashi_White_Tailed_Eagle/ext_inat_20260504/inat_278351326_93c353b7.jpg,1,Ojirowashi
tool_bird_class_train/Ojirowashi_White_Tailed_Eagle/ext_inat_20260504/inat_377681136_22cbb825.jpg,1,Ojirowashi
tool_bird_class_train/Ojirowashi_White_Tailed_Eagle/ext_inat_20260504/inat_557450389_30a69508.jpg,1,Ojirowashi
tool_bird_class_train/Ojirowashi_White_Tailed_Eagle/AAS1_ojirowashi-7DMA1312-2676-2017-500-87.JPG,1,Ojirowashi
tool_bird_class_train/Ojirowashi_White_Tailed_Eagle/ext_inat_20260504/inat_606328100_52f84ddc.jpg,1,Ojirowashi
tool_bird_class_train/Ojirowashi_White_Tailed_Eagle/ext_inat_20260504/inat_614714545_3b784b21.jpg,1,Ojirowashi
tool_bird_class_train/Ojirowashi_White_Tailed_Eagle/ext_inat_20260504/inat_270421299_b146fe1a.jpg,1,Ojirowashi
tool_bird_class_train/Ojirowashi_White_Tailed_Eagle/frame_002310_bb01_t0077.08_conf0.941.jpg,1,Ojirowashi
tool_bird_class_train/Ojirowashi_White_Tailed_Eagle/ext_inat_20260504/inat_303058489_6471ed70.jpg,1,Ojirowashi
tool_bird_class_train/Ojirowashi_White_Tailed_Eagle/AAS1_ojirowashi-7D2M6415-2487-1811-331-434.JPG,1,Ojirowashi
tool_bird_class_train/Ojirowashi_White_Tailed_Eagle/AAS1_ojirowashi-7D2M6936-2407-1709-731-268.JPG,1,Ojirowashi
tool_bird_class_train/Ojirowashi_White_Tailed_Eagle/ext_inat_20260504/inat_644688677_4d52b488.jpg,1,Ojirowashi
tool_bird_class_train/Ojirowashi_White_Tailed_Eagle/ext_inat_20260504/inat_555528156_befbdf4e.jpg,1,Ojirowashi
tool_bird_class_train/Ojirowashi_White_Tailed_Eagle/AAS1_ojirowashi-7D2M6696-2590-1419-555-404.JPG,1,Ojirowashi
tool_bird_class_train/Ojirowashi_White_Tailed_Eagle/ext_inat_20260504/inat_532236891_f8c0c500.jpg,1,Ojirowashi
tool_bird_class_train/Ojirowashi_White_Tailed_Eagle/AAS1_ojirowashi-7D2M4081-2754-1564-385-354.JPG,1,Ojirowashi
tool_bird_class_train/Ojirowashi_White_Tailed_Eagle/ext_inat_20260504/inat_277152478_3340c639.jpg,1,Ojirowashi
tool_bird_class_train/Ojirowashi_White_Tailed_Eagle/ext_inat_20260504/inat_574586288_91231afc.jpg,1,Ojirowashi
tool_bird_class_train/Ojirowashi_White_Tailed_Eagle/ext_inat_20260504/inat_240909610_32a56432.jpg,1,Ojirowashi
tool_bird_class_train/Ojirowashi_White_Tailed_Eagle/AAS1_ojirowashi-7D2M6662-2631-1965-562-892.JPG,1,Ojirowashi
tool_bird_class_train/Ojirowashi_White_Tailed_Eagle/ext_inat_20260504/inat_618686353_13469943.jpg,1,Ojirowashi
tool_bird_class_train/Ojirowashi_White_Tailed_Eagle/ext_inat_20260504/inat_628608471_ee6b2972.jpg,1,Ojirowashi
tool_bird_class_train/Ojirowashi_White_Tailed_Eagle/ext_inat_20260504/inat_332934310_011f66d8.jpg,1,Ojirowashi
tool_bird_class_train/Ojirowashi_White_Tailed_Eagle/ext_inat_20260504/inat_354569917_992fb37d.jpg,1,Ojirowashi
tool_bird_class_train/Ojirowashi_White_Tailed_Eagle/ext_inat_20260504/inat_448639733_aa99b1d9.jpg,1,Ojirowashi
tool_bird_class_train/Ojirowashi_White_Tailed_Eagle/ext_inat_20260504/inat_598997545_35b58bc2.jpg,1,Ojirowashi
tool_bird_class_train/Ojirowashi_White_Tailed_Eagle/ext_inat_20260504/inat_274334111_02baeca2.jpg,1,Ojirowashi
tool_bird_class_train/Ojirowashi_White_Tailed_Eagle/ext_inat_20260504/inat_238910800_ad83b41e.jpg,1,Ojirowashi
tool_bird_class_train/Ojirowashi_White_Tailed_Eagle/ext_inat_20260504/inat_412292231_cf130dd1.jpg,1,Ojirowashi
tool_bird_class_train/Ojirowashi_White_Tailed_Eagle/ext_inat_20260504/inat_475308299_19c03444.jpg,1,Ojirowashi
tool_bird_class_train/Ojirowashi_White_Tailed_Eagle/AAS1_ojirowashi-7D2M3666-1-220-144-170-213.JPG,1,Ojirowashi
tool_bird_class_train/Ojirowashi_White_Tailed_Eagle/AAS1_ojirowashi-7D2M6624-2284-1388-1421-654.JPG,1,Ojirowashi
tool_bird_class_train/Ojirowashi_White_Tailed_Eagle/AAS1_ojirowashi-7D2M6972-2174-1720-796-428.JPG,1,Ojirowashi
tool_bird_class_train/Ojirowashi_White_Tailed_Eagle/ext_inat_20260504/inat_574245972_43675207.jpg,1,Ojirowashi
tool_bird_class_train/Ojirowashi_White_Tailed_Eagle/AAS1_ojirowashi-7D2M4649-1795-538-1980-1872.JPG,1,Ojirowashi
tool_bird_class_train/Ojirowashi_White_Tailed_Eagle/ext_inat_20260504/inat_606643017_f20c9b5f.jpg,1,Ojirowashi
tool_bird_class_train/Ojirowashi_White_Tailed_Eagle/AAS1_ojirowashi-7DMA0877-2955-1789-427-280.JPG,1,Ojirowashi
tool_bird_class_train/Ojirowashi_White_Tailed_Eagle/ext_inat_20260504/inat_253872448_2200fe09.jpg,1,Ojirowashi
tool_bird_class_train/Ojirowashi_White_Tailed_Eagle/ext_inat_20260504/inat_306753956_6e177154.jpg,1,Ojirowashi
tool_bird_class_train/Ojirowashi_White_Tailed_Eagle/AAS1_ojirowashi-7D2M4848-1618-393-1561-1895.JPG,1,Ojirowashi
tool_bird_class_train/Ojirowashi_White_Tailed_Eagle/ext_inat_20260504/inat_484493225_1cd46733.jpg,1,Ojirowashi
tool_bird_class_train/Ojirowashi_White_Tailed_Eagle/AAS1_ojirowashi-7D2M4493-634-1843-4152-877.JPG,1,Ojirowashi
tool_bird_class_train/Ojirowashi_White_Tailed_Eagle/ext_inat_20260504/inat_572352880_ba3169ec.jpg,1,Ojirowashi
tool_bird_class_train/Ojirowashi_White_Tailed_Eagle/ext_inat_20260504/inat_614729465_6b9af1c2.jpg,1,Ojirowashi
tool_bird_class_train/Ojirowashi_White_Tailed_Eagle/AAS1_ojirowashi-7D2M6521-2426-1425-1033-494.JPG,1,Ojirowashi
tool_bird_class_train/Ojirowashi_White_Tailed_Eagle/ext_inat_20260504/inat_103717085_ca07716f.jpg,1,Ojirowashi
tool_bird_class_train/Ojirowashi_White_Tailed_Eagle/inat_3160/d04f65b1-4420-413e-974b-d8d182ef2c9f.jpg,1,Ojirowashi
tool_bird_class_train/Ojirowashi_White_Tailed_Eagle/ext_inat_20260504/inat_300687311_4d4935e2.jpg,1,Ojirowashi
tool_bird_class_train/Ojirowashi_White_Tailed_Eagle/ext_inat_20260504/inat_474990362_6e941bfd.jpg,1,Ojirowashi
tool_bird_class_train/Ojirowashi_White_Tailed_Eagle/ext_inat_20260504/inat_458056432_cda9d737.jpg,1,Ojirowashi
tool_bird_class_train/Ojirowashi_White_Tailed_Eagle/ext_inat_20260504/inat_194632094_dc2f8faa.jpg,1,Ojirowashi
tool_bird_class_train/Ojirowashi_White_Tailed_Eagle/AAS1_ojirowashi-7D2M5421-2582-1798-353-313.JPG,1,Ojirowashi
tool_bird_class_train/Ojirowashi_White_Tailed_Eagle/ext_inat_20260504/inat_464365946_faa83efe.jpg,1,Ojirowashi
tool_bird_class_train/Ojirowashi_White_Tailed_Eagle/ext_inat_20260504/inat_351077948_2ede85ae.jpg,1,Ojirowashi
tool_bird_class_train/Ojirowashi_White_Tailed_Eagle/AAS1_ojirowashi-7D2M6462-1843-1629-1106-495.JPG,1,Ojirowashi
tool_bird_class_train/Ojirowashi_White_Tailed_Eagle/AAS1_ojirowashi-7D2M9932-1-2325-1213-86-104.JPG,1,Ojirowashi
tool_bird_class_train/Ojirowashi_White_Tailed_Eagle/ext_inat_20260504/inat_185173295_dd40a6af.jpg,1,Ojirowashi
tool_bird_class_train/Ojirowashi_White_Tailed_Eagle/inat_3160/987897b5-b9a3-4c93-8b13-e593f4457059.jpg,1,Ojirowashi
tool_bird_class_train/Ojirowashi_White_Tailed_Eagle/ext_inat_20260504/inat_634213350_89d8d288.jpg,1,Ojirowashi
tool_bird_class_train/Ojirowashi_White_Tailed_Eagle/ext_inat_20260504/inat_529630885_97d5ab78.jpg,1,Ojirowashi
tool_bird_class_train/Ojirowashi_White_Tailed_Eagle/ext_inat_20260504/inat_281227687_dc364c2e.jpg,1,Ojirowashi
tool_bird_class_train/Ojirowashi_White_Tailed_Eagle/AAS1_ojirowashi-7D2M5942-1-1705-815-2007-1238.JPG,1,Ojirowashi
tool_bird_class_train/Ojirowashi_White_Tailed_Eagle/ext_inat_20260504/inat_562632489_aa6cf2d0.jpg,1,Ojirowashi
tool_bird_class_train/Ojirowashi_White_Tailed_Eagle/ext_inat_20260504/inat_402569565_a0d45616.jpg,1,Ojirowashi
tool_bird_class_train/Ojirowashi_White_Tailed_Eagle/ext_inat_20260504/inat_437328824_929eccc6.jpg,1,Ojirowashi
tool_bird_class_train/Ojirowashi_White_Tailed_Eagle/AAS1_ojirowashi-7D2M5566-2526-1593-295-287.JPG,1,Ojirowashi
tool_bird_class_train/Ojirowashi_White_Tailed_Eagle/ext_inat_20260504/inat_354323683_17e5b063.jpg,1,Ojirowashi
tool_bird_class_train/Ojirowashi_White_Tailed_Eagle/ext_inat_20260504/inat_260105851_d5154c17.jpg,1,Ojirowashi
tool_bird_class_train/Ojirowashi_White_Tailed_Eagle/ext_inat_20260504/inat_592824137_db963426.jpg,1,Ojirowashi
tool_bird_class_train/Ojirowashi_White_Tailed_Eagle/ext_inat_20260504/inat_255637352_3437549c.jpg,1,Ojirowashi
tool_bird_class_train/Ojirowashi_White_Tailed_Eagle/ext_inat_20260504/inat_369995305_0620dcfc.jpg,1,Ojirowashi
tool_bird_class_train/Ojirowashi_White_Tailed_Eagle/AAS1_ojirowashi-7D2M4399-1903-1302-1824-1216.JPG,1,Ojirowashi
tool_bird_class_train/Ojirowashi_White_Tailed_Eagle/ext_inat_20260504/inat_603612085_dea15e22.jpg,1,Ojirowashi
tool_bird_class_train/Ojirowashi_White_Tailed_Eagle/ext_inat_20260504/inat_594653437_291d3a9d.jpg,1,Ojirowashi
tool_bird_class_train/Ojirowashi_White_Tailed_Eagle/AAS1_ojirowashi-7D2M6465-2208-1651-1244-335.JPG,1,Ojirowashi
tool_bird_class_train/Ojirowashi_White_Tailed_Eagle/ext_inat_20260504/inat_102056096_693f9551.jpg,1,Ojirowashi
tool_bird_class_train/Ojirowashi_White_Tailed_Eagle/AAS1_ojirowashi-7D2M6509-2054-1052-978-1798.JPG,1,Ojirowashi
tool_bird_class_train/Ojirowashi_White_Tailed_Eagle/ext_inat_20260504/inat_620306419_dec3cfbe.jpg,1,Ojirowashi
tool_bird_class_train/Ojirowashi_White_Tailed_Eagle/ext_inat_20260504/inat_404229119_ee09d44c.jpg,1,Ojirowashi
tool_bird_class_train/Ojirowashi_White_Tailed_Eagle/v4_gt/349336276.jpg,1,Ojirowashi
tool_bird_class_train/Ojirowashi_White_Tailed_Eagle/ext_inat_20260504/inat_230901690_43f7f093.jpg,1,Ojirowashi
tool_bird_class_train/Ojirowashi_White_Tailed_Eagle/ext_inat_20260504/inat_241752194_e57e2cbd.jpg,1,Ojirowashi
tool_bird_class_train/Ojirowashi_White_Tailed_Eagle/ext_inat_20260504/inat_383406220_5852f00b.jpg,1,Ojirowashi
tool_bird_class_train/Ojirowashi_White_Tailed_Eagle/ext_inat_20260504/inat_119775105_ff7568b8.jpg,1,Ojirowashi
tool_bird_class_train/Ojirowashi_White_Tailed_Eagle/AAS1_ojirowashi-7D2M6670-2807-1810-938-438.JPG,1,Ojirowashi
tool_bird_class_train/Ojirowashi_White_Tailed_Eagle/ext_inat_20260504/inat_642929658_ea63ac2b.jpg,1,Ojirowashi
tool_bird_class_train/Ojirowashi_White_Tailed_Eagle/ext_inat_20260504/inat_563206292_ef9985dc.jpg,1,Ojirowashi
tool_bird_class_train/Ojirowashi_White_Tailed_Eagle/ext_inat_20260504/inat_604527473_b8fde4b3.jpg,1,Ojirowashi
tool_bird_class_train/Ojirowashi_White_Tailed_Eagle/ext_inat_20260504/inat_470241207_d550bef9.jpg,1,Ojirowashi
tool_bird_class_train/Ojirowashi_White_Tailed_Eagle/ext_inat_20260504/inat_181641853_68d38348.png,1,Ojirowashi
tool_bird_class_train/Ojirowashi_White_Tailed_Eagle/ext_inat_20260504/inat_323250588_c764506d.jpg,1,Ojirowashi
tool_bird_class_train/Ojirowashi_White_Tailed_Eagle/ext_inat_20260504/inat_576371907_e8d8a019.jpg,1,Ojirowashi
tool_bird_class_train/Ojirowashi_White_Tailed_Eagle/ext_inat_20260504/inat_457683607_b67d95da.jpg,1,Ojirowashi
tool_bird_class_train/Ojirowashi_White_Tailed_Eagle/AAS1_ojirowashi-7D2M4883-2770-1778-321-271.JPG,1,Ojirowashi
tool_bird_class_train/Ojirowashi_White_Tailed_Eagle/ext_inat_20260504/inat_133753070_e3ee5f08.jpg,1,Ojirowashi
tool_bird_class_train/Ojirowashi_White_Tailed_Eagle/ext_inat_20260504/inat_228948274_20569e0f.jpg,1,Ojirowashi
tool_bird_class_train/Ojirowashi_White_Tailed_Eagle/AAS1_ojirowashi-7D2M4452-2667-1691-401-395.JPG,1,Ojirowashi
tool_bird_class_train/Ojirowashi_White_Tailed_Eagle/ext_inat_20260504/inat_315796751_0d8b8739.jpg,1,Ojirowashi
tool_bird_class_train/Ojirowashi_White_Tailed_Eagle/AAS1_ojirowashi-7D2M4459-1-289-238-295-302.JPG,1,Ojirowashi
tool_bird_class_train/Ojirowashi_White_Tailed_Eagle/ext_inat_20260504/inat_202510247_c5a8c0ab.jpg,1,Ojirowashi
tool_bird_class_train/Ojirowashi_White_Tailed_Eagle/AAS1_ojirowashi-7D2M3193-3044-1843-245-499.JPG,1,Ojirowashi
tool_bird_class_train/Ojirowashi_White_Tailed_Eagle/v5_train_v5_inat/348816203.jpg,1,Ojirowashi
tool_bird_class_train/Ojirowashi_White_Tailed_Eagle/AAS1_ojirowashi-7D2M2850-2449-1476-593-269.JPG,1,Ojirowashi
tool_bird_class_train/Ojirowashi_White_Tailed_Eagle/ext_inat_20260504/inat_345518501_a803b26a.jpg,1,Ojirowashi
tool_bird_class_train/Ojirowashi_White_Tailed_Eagle/AAS1_ojirowashi-7D2M3381-2051-1693-183-226.JPG,1,Ojirowashi
tool_bird_class_train/Ojirowashi_White_Tailed_Eagle/AAS1_ojirowashi-7D2M3585-1958-1110-1223-764.JPG,1,Ojirowashi
tool_bird_class_train/Ojirowashi_White_Tailed_Eagle/AAS1_ojirowashi-7DMA1276-2841-1568-307-341.JPG,1,Ojirowashi
tool_bird_class_train/Ojirowashi_White_Tailed_Eagle/ext_inat_20260504/inat_441242180_f96a1088.jpg,1,Ojirowashi
tool_bird_class_train/Ojirowashi_White_Tailed_Eagle/ext_inat_20260504/inat_440877002_231bd24b.jpg,1,Ojirowashi
tool_bird_class_train/Ojirowashi_White_Tailed_Eagle/ext_inat_20260504/inat_338565396_21f7d6a0.jpg,1,Ojirowashi
tool_bird_class_train/Ojirowashi_White_Tailed_Eagle/ext_inat_20260504/inat_253872236_197891ef.jpg,1,Ojirowashi
tool_bird_class_train/Ojirowashi_White_Tailed_Eagle/AAS1_ojirowashi-7D2M6978-2508-1518-534-575.JPG,1,Ojirowashi
tool_bird_class_train/Ojirowashi_White_Tailed_Eagle/AAS1_ojirowashi-7D2M6612-1759-1460-1132-474.JPG,1,Ojirowashi
tool_bird_class_train/Ojirowashi_White_Tailed_Eagle/ext_inat_20260504/inat_220192810_7e96ceba.jpg,1,Ojirowashi
tool_bird_class_train/Ojirowashi_White_Tailed_Eagle/ext_inat_20260504/inat_467312191_521aa9a1.jpg,1,Ojirowashi
tool_bird_class_train/Ojirowashi_White_Tailed_Eagle/ext_inat_20260504/inat_598498931_c77f88cc.jpg,1,Ojirowashi
tool_bird_class_train/Ojirowashi_White_Tailed_Eagle/ext_inat_20260504/inat_353168514_c1d344bb.jpg,1,Ojirowashi
tool_bird_class_train/Ojirowashi_White_Tailed_Eagle/ext_inat_20260504/inat_608948519_2843b4d5.jpg,1,Ojirowashi
tool_bird_class_train/Ojirowashi_White_Tailed_Eagle/ext_inat_20260504/inat_501570402_dd096a2b.jpg,1,Ojirowashi
tool_bird_class_train/Ojirowashi_White_Tailed_Eagle/AAS1_ojirowashi-7DMA1127-2439-1754-176-207.JPG,1,Ojirowashi
tool_bird_class_train/Ojirowashi_White_Tailed_Eagle/ext_inat_20260504/inat_461667409_8141d0cf.jpg,1,Ojirowashi
tool_bird_class_train/Ojirowashi_White_Tailed_Eagle/AAS1_ojirowashi-7DMA1330-1616-1527-385-119.JPG,1,Ojirowashi
tool_bird_class_train/Ojirowashi_White_Tailed_Eagle/ext_inat_20260504/inat_172470000_10cfa1da.jpg,1,Ojirowashi
tool_bird_class_train/Ojirowashi_White_Tailed_Eagle/AAS1_ojirowashi-7D2M4323-2602-1465-492-419.JPG,1,Ojirowashi
tool_bird_class_train/Ojirowashi_White_Tailed_Eagle/AAS1_ojirowashi-7D2M3492-2778-1545-437-242.JPG,1,Ojirowashi
tool_bird_class_train/Ojirowashi_White_Tailed_Eagle/AAS1_ojirowashi-7D2M6443-2551-1635-331-286.JPG,1,Ojirowashi
tool_bird_class_train/Ojirowashi_White_Tailed_Eagle/ext_inat_20260504/inat_650841856_845ebde4.jpg,1,Ojirowashi
tool_bird_class_train/Ojirowashi_White_Tailed_Eagle/ext_inat_20260504/inat_457895017_f07fb262.jpg,1,Ojirowashi
tool_bird_class_train/Ojirowashi_White_Tailed_Eagle/ext_inat_20260504/inat_489605059_e67d4f77.jpg,1,Ojirowashi
tool_bird_class_train/Ojirowashi_White_Tailed_Eagle/ext_inat_20260504/inat_186189896_939c99ab.jpg,1,Ojirowashi
tool_bird_class_train/Ojirowashi_White_Tailed_Eagle/ext_inat_20260504/inat_97905694_5cc69953.jpg,1,Ojirowashi
tool_bird_class_train/Ojirowashi_White_Tailed_Eagle/AAS1_ojirowashi-7D2M2903-1359-1568-283-678.JPG,1,Ojirowashi
tool_bird_class_train/Ojirowashi_White_Tailed_Eagle/ext_inat_20260504/inat_107733486_7ca5fe02.jpg,1,Ojirowashi
tool_bird_class_train/Ojirowashi_White_Tailed_Eagle/ext_inat_20260504/inat_106570393_81234089.jpg,1,Ojirowashi
tool_bird_class_train/Ojirowashi_White_Tailed_Eagle/ext_inat_20260504/inat_336115635_8b59bcc6.jpg,1,Ojirowashi
tool_bird_class_train/Ojirowashi_White_Tailed_Eagle/AAS1_ojirowashi-7D2M4424-2681-1158-795-1245.JPG,1,Ojirowashi
tool_bird_class_train/Ojirowashi_White_Tailed_Eagle/ext_inat_20260504/inat_499859363_7332168a.jpg,1,Ojirowashi
tool_bird_class_train/Ojirowashi_White_Tailed_Eagle/ext_inat_20260504/inat_352463985_eccb88bc.jpg,1,Ojirowashi
tool_bird_class_train/Ojirowashi_White_Tailed_Eagle/ext_inat_20260504/inat_366483933_d30589af.jpg,1,Ojirowashi
tool_bird_class_train/Ojirowashi_White_Tailed_Eagle/ext_inat_20260504/inat_476285513_362ced90.jpg,1,Ojirowashi
tool_bird_class_train/Ojirowashi_White_Tailed_Eagle/ext_inat_20260504/inat_168997034_3ac68cbc.jpg,1,Ojirowashi
tool_bird_class_train/Ojirowashi_White_Tailed_Eagle/ext_inat_20260504/inat_416563016_bbe2607b.jpg,1,Ojirowashi
tool_bird_class_train/Ojirowashi_White_Tailed_Eagle/ext_inat_20260504/inat_180768831_8b4cd47b.jpg,1,Ojirowashi
tool_bird_class_train/Ojirowashi_White_Tailed_Eagle/ext_inat_20260504/inat_552185045_94151130.jpg,1,Ojirowashi
tool_bird_class_train/Ojirowashi_White_Tailed_Eagle/ext_inat_20260504/inat_489608938_cba0442d.jpg,1,Ojirowashi
tool_bird_class_train/Ojirowashi_White_Tailed_Eagle/AAS1_ojirowashi-7D2M2796-2213-1187-1402-1674.JPG,1,Ojirowashi
tool_bird_class_train/Ojirowashi_White_Tailed_Eagle/ext_inat_20260504/inat_260140469_b92ea8c9.jpg,1,Ojirowashi
tool_bird_class_train/Ojirowashi_White_Tailed_Eagle/ext_inat_20260504/inat_442360048_7111a806.jpg,1,Ojirowashi
tool_bird_class_train/Ojirowashi_White_Tailed_Eagle/ext_inat_20260504/inat_517019297_d5b74053.jpg,1,Ojirowashi
tool_bird_class_train/Ojirowashi_White_Tailed_Eagle/ext_inat_20260504/inat_164563213_c7d7ca29.jpg,1,Ojirowashi
tool_bird_class_train/Ojirowashi_White_Tailed_Eagle/AAS1_ojirowashi-7D2M6643-3148-1242-593-491.JPG,1,Ojirowashi
tool_bird_class_train/Ojirowashi_White_Tailed_Eagle/AAS1_ojirowashi-7D2M6786-1953-1216-1986-771.JPG,1,Ojirowashi
tool_bird_class_train/Ojirowashi_White_Tailed_Eagle/ext_inat_20260504/inat_465122288_fe9f644c.jpg,1,Ojirowashi
tool_bird_class_train/Ojirowashi_White_Tailed_Eagle/ext_inat_20260504/inat_439381112_e3919885.jpg,1,Ojirowashi
tool_bird_class_train/Ojirowashi_White_Tailed_Eagle/ext_inat_20260504/inat_264560045_1a3848b8.jpg,1,Ojirowashi
tool_bird_class_train/Ojirowashi_White_Tailed_Eagle/ext_inat_20260504/inat_347835683_c0ec5092.jpg,1,Ojirowashi
tool_bird_class_train/Ojirowashi_White_Tailed_Eagle/ext_inat_20260504/inat_269740217_efa21f5e.jpg,1,Ojirowashi
tool_bird_class_train/Ojirowashi_White_Tailed_Eagle/ext_inat_20260504/inat_418330067_0a991d7a.jpg,1,Ojirowashi
tool_bird_class_train/Ojirowashi_White_Tailed_Eagle/ext_inat_20260504/inat_505236306_d50ef31f.jpg,1,Ojirowashi
tool_bird_class_train/Ojirowashi_White_Tailed_Eagle/ext_inat_20260504/inat_532274840_9d5b9ce8.jpg,1,Ojirowashi
tool_bird_class_train/Ojirowashi_White_Tailed_Eagle/ext_inat_20260504/inat_618133823_809854a6.jpg,1,Ojirowashi
tool_bird_class_train/Ojirowashi_White_Tailed_Eagle/ext_inat_20260504/inat_311542500_70692d6f.jpg,1,Ojirowashi
tool_bird_class_train/Ojirowashi_White_Tailed_Eagle/AAS1_ojirowashi-7D2M6603-1958-1777-790-236.JPG,1,Ojirowashi
tool_bird_class_train/Ojirowashi_White_Tailed_Eagle/ext_inat_20260504/inat_524614355_018c7221.jpg,1,Ojirowashi
tool_bird_class_train/Ojirowashi_White_Tailed_Eagle/ext_inat_20260504/inat_587562605_4211cb1b.jpg,1,Ojirowashi
tool_bird_class_train/Ojirowashi_White_Tailed_Eagle/AAS1_ojirowashi-7D2M4460-2509-1631-447-355.JPG,1,Ojirowashi
tool_bird_class_train/Ojirowashi_White_Tailed_Eagle/ext_inat_20260504/inat_341609552_c21b169b.jpg,1,Ojirowashi
tool_bird_class_train/Ojirowashi_White_Tailed_Eagle/AAS1_ojirowashi-7DMA1262-2740-1369-331-374.JPG,1,Ojirowashi
tool_bird_class_train/Ojirowashi_White_Tailed_Eagle/ext_inat_20260504/inat_117967777_20ce85bf.jpg,1,Ojirowashi
tool_bird_class_train/Ojirowashi_White_Tailed_Eagle/AAS1_ojirowashi-7D2M6600-2083-1676-959-323.JPG,1,Ojirowashi
tool_bird_class_train/Ojirowashi_White_Tailed_Eagle/ext_inat_20260504/inat_398582469_fce96a53.jpg,1,Ojirowashi
tool_bird_class_train/Ojirowashi_White_Tailed_Eagle/ext_inat_20260504/inat_463092985_941276c0.jpg,1,Ojirowashi
tool_bird_class_train/Ojirowashi_White_Tailed_Eagle/ext_inat_20260504/inat_481229154_50def1fa.jpg,1,Ojirowashi
tool_bird_class_train/Ojirowashi_White_Tailed_Eagle/ext_inat_20260504/inat_394019524_200fbf6b.jpg,1,Ojirowashi
tool_bird_class_train/Ojirowashi_White_Tailed_Eagle/ext_inat_20260504/inat_200461989_82ed809b.jpg,1,Ojirowashi
tool_bird_class_train/Ojirowashi_White_Tailed_Eagle/ext_inat_20260504/inat_108773460_5e49378b.jpg,1,Ojirowashi
tool_bird_class_train/Ojirowashi_White_Tailed_Eagle/ext_inat_20260504/inat_264286069_b60ea64a.jpg,1,Ojirowashi
tool_bird_class_train/Ojirowashi_White_Tailed_Eagle/ext_inat_20260504/inat_375052589_6f446d13.jpg,1,Ojirowashi
tool_bird_class_train/Ojirowashi_White_Tailed_Eagle/AAS1_ojirowashi-7DMA1314-2808-1601-454-212.JPG,1,Ojirowashi
tool_bird_class_train/Ojirowashi_White_Tailed_Eagle/AAS1_ojirowashi-7D2M4262-2270-1633-406-161.JPG,1,Ojirowashi
tool_bird_class_train/Ojirowashi_White_Tailed_Eagle/ext_inat_20260504/inat_308824927_fc9d7cf2.jpg,1,Ojirowashi
tool_bird_class_train/Ojirowashi_White_Tailed_Eagle/ext_inat_20260504/inat_496739574_1005d0fa.jpg,1,Ojirowashi
tool_bird_class_train/Ojirowashi_White_Tailed_Eagle/ext_inat_20260504/inat_348852212_27b6e5dd.jpg,1,Ojirowashi
tool_bird_class_train/Ojirowashi_White_Tailed_Eagle/ext_inat_20260504/inat_258526078_2b0e6195.jpg,1,Ojirowashi
tool_bird_class_train/Ojirowashi_White_Tailed_Eagle/ext_inat_20260504/inat_332688517_6b5ac19a.jpg,1,Ojirowashi
tool_bird_class_train/Ojirowashi_White_Tailed_Eagle/ext_inat_20260504/inat_203928823_32685bff.jpg,1,Ojirowashi
tool_bird_class_train/Ojirowashi_White_Tailed_Eagle/ext_inat_20260504/inat_248948462_6662728e.jpg,1,Ojirowashi
tool_bird_class_train/Ojirowashi_White_Tailed_Eagle/AAS1_ojirowashi-7D2M9844-2352-1816-702-355.JPG,1,Ojirowashi
tool_bird_class_train/Ojirowashi_White_Tailed_Eagle/ext_inat_20260504/inat_183223027_4c97a7aa.jpg,1,Ojirowashi
tool_bird_class_train/Ojirowashi_White_Tailed_Eagle/AAS1_ojirowashi-7D2M2904-1-583-338-243-567.JPG,1,Ojirowashi
tool_bird_class_train/Ojirowashi_White_Tailed_Eagle/ext_inat_20260504/inat_148358642_ed64bcf6.jpg,1,Ojirowashi
tool_bird_class_train/Ojirowashi_White_Tailed_Eagle/ext_inat_20260504/inat_293007340_00029f1c.jpg,1,Ojirowashi
tool_bird_class_train/Ojirowashi_White_Tailed_Eagle/ext_inat_20260504/inat_586335249_974a0162.jpg,1,Ojirowashi
tool_bird_class_train/Ojirowashi_White_Tailed_Eagle/AAS1_ojirowashi-7D2M5655-2390-2387-343-255.JPG,1,Ojirowashi
tool_bird_class_train/Ojirowashi_White_Tailed_Eagle/ext_inat_20260504/inat_456291821_56cb93a0.jpg,1,Ojirowashi
tool_bird_class_train/Ojirowashi_White_Tailed_Eagle/ext_inat_20260504/inat_225098132_5ea92242.jpg,1,Ojirowashi
tool_bird_class_train/Ojirowashi_White_Tailed_Eagle/ext_inat_20260504/inat_580543726_7108693b.jpg,1,Ojirowashi
tool_bird_class_train/Ojirowashi_White_Tailed_Eagle/ext_inat_20260504/inat_461114575_04ab2108.jpg,1,Ojirowashi
tool_bird_class_train/Ojirowashi_White_Tailed_Eagle/ext_inat_20260504/inat_297581480_c6611a91.jpg,1,Ojirowashi
tool_bird_class_train/Ojirowashi_White_Tailed_Eagle/ext_inat_20260504/inat_433487513_e8fa0d6a.jpg,1,Ojirowashi
tool_bird_class_train/Ojirowashi_White_Tailed_Eagle/ext_inat_20260504/inat_425836819_78217b46.jpg,1,Ojirowashi
tool_bird_class_train/Ojirowashi_White_Tailed_Eagle/AAS1_ojirowashi-7D2M5639-1-2332-610-1824-1216.JPG,1,Ojirowashi
tool_bird_class_train/Ojirowashi_White_Tailed_Eagle/ext_inat_20260504/inat_87578899_48c13b0f.jpg,1,Ojirowashi
tool_bird_class_train/Ojirowashi_White_Tailed_Eagle/AAS1_ojirowashi-7D2M6621-2054-1367-1197-1367.JPG,1,Ojirowashi
tool_bird_class_train/Ojirowashi_White_Tailed_Eagle/ext_inat_20260504/inat_393991466_875f6285.jpg,1,Ojirowashi
tool_bird_class_train/Ojirowashi_White_Tailed_Eagle/AAS1_ojirowashi-7D2M6557-2650-1616-329-414.JPG,1,Ojirowashi
tool_bird_class_train/Ojirowashi_White_Tailed_Eagle/ext_inat_20260504/inat_613686780_e857bfc9.jpg,1,Ojirowashi
tool_bird_class_train/Ojirowashi_White_Tailed_Eagle/AAS1_ojirowashi-7D2M5569-2538-1737-243-188.JPG,1,Ojirowashi
tool_bird_class_train/Ojirowashi_White_Tailed_Eagle/AAS1_ojirowashi-7DMA1121-2663-1601-215-492.JPG,1,Ojirowashi
tool_bird_class_train/Ojirowashi_White_Tailed_Eagle/AAS1_ojirowashi-7D2M4401-1742-1187-1771-1763.JPG,1,Ojirowashi
tool_bird_class_train/Ojirowashi_White_Tailed_Eagle/ext_inat_20260504/inat_270557705_ed9f3d45.jpg,1,Ojirowashi
tool_bird_class_train/Ojirowashi_White_Tailed_Eagle/inat_3160/3672580a-fd54-4095-b141-b5f189a0ed83.jpg,1,Ojirowashi
tool_bird_class_train/Ojirowashi_White_Tailed_Eagle/AAS1_ojirowashi-7D2M4498-1188-1177-3954-1715.JPG,1,Ojirowashi
tool_bird_class_train/Ojirowashi_White_Tailed_Eagle/ext_inat_20260504/inat_300687418_851c4a27.jpg,1,Ojirowashi
tool_bird_class_train/Ojirowashi_White_Tailed_Eagle/AAS1_ojirowashi-7DMA1126-2467-1714-177-223.JPG,1,Ojirowashi
tool_bird_class_train/Ojirowashi_White_Tailed_Eagle/ext_inat_20260504/inat_579174655_5a9ae512.jpg,1,Ojirowashi
tool_bird_class_train/Ojirowashi_White_Tailed_Eagle/ext_inat_20260504/inat_320790220_3c59020f.jpg,1,Ojirowashi
tool_bird_class_train/Ojirowashi_White_Tailed_Eagle/AAS1_ojirowashi-7D2M6380-2502-1517-535-222.JPG,1,Ojirowashi
tool_bird_class_train/Ojirowashi_White_Tailed_Eagle/ext_inat_20260504/inat_625675879_807210bb.jpg,1,Ojirowashi
tool_bird_class_train/Ojirowashi_White_Tailed_Eagle/ext_inat_20260504/inat_178192831_f62793bc.jpg,1,Ojirowashi
tool_bird_class_train/Ojirowashi_White_Tailed_Eagle/AAS1_ojirowashi-7D2M6699-1900-1795-670-428.JPG,1,Ojirowashi
tool_bird_class_train/Ojirowashi_White_Tailed_Eagle/AAS1_ojirowashi-7D2M6526-2708-1388-1084-543.JPG,1,Ojirowashi
tool_bird_class_train/Ojirowashi_White_Tailed_Eagle/frame_000480_bb00_t0016.02_conf0.995.jpg,1,Ojirowashi
tool_bird_class_train/Ojirowashi_White_Tailed_Eagle/ext_inat_20260504/inat_419057853_ec24ad9a.jpg,1,Ojirowashi
tool_bird_class_train/Ojirowashi_White_Tailed_Eagle/ext_inat_20260504/inat_489608900_e134f050.jpg,1,Ojirowashi
tool_bird_class_train/Ojirowashi_White_Tailed_Eagle/ext_inat_20260504/inat_248105047_c51c262f.jpg,1,Ojirowashi
tool_bird_class_train/Ojirowashi_White_Tailed_Eagle/ext_inat_20260504/inat_238491294_3890633a.jpg,1,Ojirowashi
tool_bird_class_train/Ojirowashi_White_Tailed_Eagle/AAS1_ojirowashi-7D2M4188-3320-674-452-501.JPG,1,Ojirowashi
tool_bird_class_train/Ojirowashi_White_Tailed_Eagle/ext_inat_20260504/inat_601231852_566edade.jpg,1,Ojirowashi
tool_bird_class_train/Ojirowashi_White_Tailed_Eagle/ext_inat_20260504/inat_365294153_a91e9fb4.jpg,1,Ojirowashi
tool_bird_class_train/Ojirowashi_White_Tailed_Eagle/AAS1_ojirowashi-7DMA4086-2659-1920-312-93.JPG,1,Ojirowashi
tool_bird_class_train/Ojirowashi_White_Tailed_Eagle/ext_inat_20260504/inat_519282165_6fa448df.jpg,1,Ojirowashi
tool_bird_class_train/Ojirowashi_White_Tailed_Eagle/AAS1_ojirowashi-7D2M4082-1315-1723-1824-1216.JPG,1,Ojirowashi
tool_bird_class_train/Ojirowashi_White_Tailed_Eagle/ext_inat_20260504/inat_75509399_52ee97cd.jpg,1,Ojirowashi
tool_bird_class_train/Ojirowashi_White_Tailed_Eagle/AAS1_ojirowashi-7D2M4390-2114-1369-1032-560.JPG,1,Ojirowashi
tool_bird_class_train/Ojirowashi_White_Tailed_Eagle/ext_inat_20260504/inat_467585607_3724eabe.jpg,1,Ojirowashi
tool_bird_class_train/Ojirowashi_White_Tailed_Eagle/ext_inat_20260504/inat_94134222_3db344d1.jpg,1,Ojirowashi
tool_bird_class_train/Ojirowashi_White_Tailed_Eagle/ext_inat_20260504/inat_90635048_2a381b39.jpg,1,Ojirowashi
tool_bird_class_train/Ojirowashi_White_Tailed_Eagle/ext_inat_20260504/inat_108996289_184380d9.jpg,1,Ojirowashi
tool_bird_class_train/Ojirowashi_White_Tailed_Eagle/ext_inat_20260504/inat_620330296_9f939db8.jpg,1,Ojirowashi
tool_bird_class_train/Ojirowashi_White_Tailed_Eagle/ext_inat_20260504/inat_615686550_72b3ac1b.jpg,1,Ojirowashi
tool_bird_class_train/Ojirowashi_White_Tailed_Eagle/AAS1_ojirowashi-7D2M5730-2356-1663-129-134.JPG,1,Ojirowashi
tool_bird_class_train/Ojirowashi_White_Tailed_Eagle/ext_inat_20260504/inat_450796039_3e2e0edc.jpg,1,Ojirowashi
tool_bird_class_train/Ojirowashi_White_Tailed_Eagle/AAS1_ojirowashi-7D2M4133-2227-1691-680-663.JPG,1,Ojirowashi
tool_bird_class_train/Ojirowashi_White_Tailed_Eagle/ext_inat_20260504/inat_599210212_60450a49.jpg,1,Ojirowashi
tool_bird_class_train/Ojirowashi_White_Tailed_Eagle/AAS1_ojirowashi-7D2M4515-1391-942-2097-2686.JPG,1,Ojirowashi
tool_bird_class_train/Ojirowashi_White_Tailed_Eagle/ext_inat_20260504/inat_152454075_11d4d6df.jpg,1,Ojirowashi
tool_bird_class_train/Ojirowashi_White_Tailed_Eagle/inat_3160/65fa854b-7501-441b-81df-f6ad38b51d4b.jpg,1,Ojirowashi
tool_bird_class_train/Ojirowashi_White_Tailed_Eagle/ext_inat_20260504/inat_486239111_0c825e18.jpg,1,Ojirowashi
tool_bird_class_train/Ojirowashi_White_Tailed_Eagle/AAS1_ojirowashi-7D2M6960-2304-1681-622-241.JPG,1,Ojirowashi
tool_bird_class_train/Ojirowashi_White_Tailed_Eagle/ext_inat_20260504/inat_472128848_1651b628.jpg,1,Ojirowashi
tool_bird_class_train/Ojirowashi_White_Tailed_Eagle/AAS1_ojirowashi-7D2M5551-1-1189-623-2324-1398.JPG,1,Ojirowashi
tool_bird_class_train/Ojirowashi_White_Tailed_Eagle/frame_001640_bb00_t0054.72_conf0.990.jpg,1,Ojirowashi
tool_bird_class_train/Ojirowashi_White_Tailed_Eagle/ext_inat_20260504/inat_516090851_12b973a4.jpg,1,Ojirowashi
tool_bird_class_train/Ojirowashi_White_Tailed_Eagle/AAS1_ojirowashi-7D2M4263-2309-1647-387-169.JPG,1,Ojirowashi
tool_bird_class_train/Ojirowashi_White_Tailed_Eagle/AAS1_ojirowashi-7D2M6738-2890-1523-589-438.JPG,1,Ojirowashi
tool_bird_class_train/Ojirowashi_White_Tailed_Eagle/ext_inat_20260504/inat_187312131_fc509ccb.jpg,1,Ojirowashi
tool_bird_class_train/Ojirowashi_White_Tailed_Eagle/AAS1_ojirowashi-7D2M9857-2566-1638-1261-566.JPG,1,Ojirowashi
tool_bird_class_train/Ojirowashi_White_Tailed_Eagle/ext_inat_20260504/inat_486344785_4d85066d.jpg,1,Ojirowashi
tool_bird_class_train/Ojirowashi_White_Tailed_Eagle/v4_gt/349203038.jpg,1,Ojirowashi
tool_bird_class_train/Ojirowashi_White_Tailed_Eagle/ext_inat_20260504/inat_328521553_8d519517.jpg,1,Ojirowashi
tool_bird_class_train/Ojirowashi_White_Tailed_Eagle/v5_train_v5_inat/348270126.jpg,1,Ojirowashi
tool_bird_class_train/Ojirowashi_White_Tailed_Eagle/ext_inat_20260504/inat_117987984_9fad0180.jpg,1,Ojirowashi
tool_bird_class_train/Ojirowashi_White_Tailed_Eagle/ext_inat_20260504/inat_296998423_39eae166.jpg,1,Ojirowashi
tool_bird_class_train/Ojirowashi_White_Tailed_Eagle/ext_inat_20260504/inat_94151223_17302a25.jpg,1,Ojirowashi
tool_bird_class_train/Ojirowashi_White_Tailed_Eagle/ext_inat_20260504/inat_303108370_d1083567.jpg,1,Ojirowashi
tool_bird_class_train/Ojirowashi_White_Tailed_Eagle/ext_inat_20260504/inat_644904957_2467599c.jpg,1,Ojirowashi
tool_bird_class_train/Ojirowashi_White_Tailed_Eagle/AAS1_ojirowashi-7D2M4111-2537-1894-822-354.JPG,1,Ojirowashi
tool_bird_class_train/Ojirowashi_White_Tailed_Eagle/ext_inat_20260504/inat_162439687_d7fb903f.jpg,1,Ojirowashi
tool_bird_class_train/Ojirowashi_White_Tailed_Eagle/AAS1_ojirowashi-7D2M4730-1031-2127-273-608.JPG,1,Ojirowashi
tool_bird_class_train/Ojirowashi_White_Tailed_Eagle/ext_inat_20260504/inat_364803824_02a2df03.jpg,1,Ojirowashi
tool_bird_class_train/Ojirowashi_White_Tailed_Eagle/ext_inat_20260504/inat_521244233_ec6cefac.jpg,1,Ojirowashi
tool_bird_class_train/Ojirowashi_White_Tailed_Eagle/AAS1_ojirowashi-7D2M3513-2245-1696-1353-1047.JPG,1,Ojirowashi
tool_bird_class_train/Ojirowashi_White_Tailed_Eagle/ext_inat_20260504/inat_614714637_59a461ab.jpg,1,Ojirowashi
tool_bird_class_train/Ojirowashi_White_Tailed_Eagle/v4_gt/350894995.jpg,1,Ojirowashi
tool_bird_class_train/Ojirowashi_White_Tailed_Eagle/ext_inat_20260504/inat_179056312_181d18b7.jpg,1,Ojirowashi
tool_bird_class_train/Ojirowashi_White_Tailed_Eagle/ext_inat_20260504/inat_626475813_d9a0ad68.jpg,1,Ojirowashi
tool_bird_class_train/Oowashi_Stellers_Sea_Eagle/v5_ds_beta_bird/72342256.jpg,2,Oowashi
tool_bird_class_train/Oowashi_Stellers_Sea_Eagle/v5_ds_beta_bird/108109675.jpg,2,Oowashi
tool_bird_class_train/Oowashi_Stellers_Sea_Eagle/v5_ds_beta_bird/oowasi025.jpg,2,Oowashi
tool_bird_class_train/Oowashi_Stellers_Sea_Eagle/ext_inat_20260504/inat_364754533_ba026abf.jpg,2,Oowashi
tool_bird_class_train/Oowashi_Stellers_Sea_Eagle/bird_frames_pure_oowashi_20260504/d5c9304b__frame_023890_bb00_t0996.41_conf0.998.jpg,2,Oowashi
tool_bird_class_train/Oowashi_Stellers_Sea_Eagle/bird_frames_pure_oowashi_20260504/d72a3a60__frame_009500_bb00_t0396.23_conf0.997.jpg,2,Oowashi
tool_bird_class_train/Oowashi_Stellers_Sea_Eagle/bird_frames_pure_oowashi_20260504/523aa2cf__frame_017650_bb00_t0736.15_conf0.998.jpg,2,Oowashi
tool_bird_class_train/Oowashi_Stellers_Sea_Eagle/bird_frames_pure_oowashi_20260504/b2eec3f4__frame_031380_bb00_t1308.81_conf0.997.jpg,2,Oowashi
tool_bird_class_train/Oowashi_Stellers_Sea_Eagle/v5_train_v5_inat/333680459.jpg,2,Oowashi
tool_bird_class_train/Oowashi_Stellers_Sea_Eagle/bird_frames_pure_oowashi_20260504/751cf927__frame_014810_bb00_t0617.70_conf1.000.jpg,2,Oowashi
tool_bird_class_train/Oowashi_Stellers_Sea_Eagle/ext_wikimedia_20260504/wm_7b25098bcf2d.jpg,2,Oowashi
tool_bird_class_train/Oowashi_Stellers_Sea_Eagle/frame_041360_bb00_t1725.06_conf0.989.jpg,2,Oowashi
tool_bird_class_train/Oowashi_Stellers_Sea_Eagle/bird_frames_pure_oowashi_20260504/e6c95a53__frame_012940_bb00_t0539.71_conf0.997.jpg,2,Oowashi
tool_bird_class_train/Oowashi_Stellers_Sea_Eagle/frame_015720_bb00_t0655.65_conf0.962.jpg,2,Oowashi
tool_bird_class_train/Oowashi_Stellers_Sea_Eagle/bird_frames_pure_oowashi_20260504/8f06c527__frame_016750_bb00_t0698.61_conf0.998.jpg,2,Oowashi
tool_bird_class_train/Oowashi_Stellers_Sea_Eagle/ext_wikimedia_20260504/wm_eea6025b7a0d.jpg,2,Oowashi
tool_bird_class_train/Oowashi_Stellers_Sea_Eagle/ext_inat_20260504/inat_616942819_ba2e50fd.jpg,2,Oowashi
tool_bird_class_train/Oowashi_Stellers_Sea_Eagle/ext_wikimedia_20260504/wm_293fdd14528d.jpg,2,Oowashi
tool_bird_class_train/Oowashi_Stellers_Sea_Eagle/bird_frames_pure_oowashi_20260504/f26b689b__frame_010490_bb00_t0437.52_conf0.994.jpg,2,Oowashi
tool_bird_class_train/Oowashi_Stellers_Sea_Eagle/frame_038750_bb00_t1616.20_conf0.997.jpg,2,Oowashi
tool_bird_class_train/Oowashi_Stellers_Sea_Eagle/bird_frames_pure_oowashi_20260504/a45d9fc9__frame_043410_bb00_t1810.56_conf0.998.jpg,2,Oowashi
tool_bird_class_train/Oowashi_Stellers_Sea_Eagle/bird_frames_pure_oowashi_20260504/0b68a0b5__frame_013810_bb00_t0575.99_conf0.998.jpg,2,Oowashi
tool_bird_class_train/Oowashi_Stellers_Sea_Eagle/bird_frames_pure_oowashi_20260504/d1115f70__frame_041040_bb00_t1711.71_conf0.998.jpg,2,Oowashi
tool_bird_class_train/Oowashi_Stellers_Sea_Eagle/v5_ds_beta_bird/104279897.jpg,2,Oowashi
tool_bird_class_train/Oowashi_Stellers_Sea_Eagle/frame_025000_bb00_t1042.71_conf0.973.jpg,2,Oowashi
tool_bird_class_train/Oowashi_Stellers_Sea_Eagle/bird_frames_pure_oowashi_20260504/4c78b51a__frame_030430_bb00_t1269.18_conf0.997.jpg,2,Oowashi
tool_bird_class_train/Oowashi_Stellers_Sea_Eagle/v5_ds_beta_bird/191928018.jpg,2,Oowashi
tool_bird_class_train/Oowashi_Stellers_Sea_Eagle/bird_frames_pure_oowashi_20260504/a45d9fc9__frame_017240_bb00_t0719.05_conf0.998.jpg,2,Oowashi
tool_bird_class_train/Oowashi_Stellers_Sea_Eagle/ext_wikimedia_20260504/wm_724f1bb6df13.jpg,2,Oowashi
tool_bird_class_train/Oowashi_Stellers_Sea_Eagle/bird_frames_pure_oowashi_20260504/d1115f70__frame_043140_bb00_t1799.30_conf0.998.jpg,2,Oowashi
tool_bird_class_train/Oowashi_Stellers_Sea_Eagle/ext_inat_20260504/inat_120856254_1e4b3d42.jpg,2,Oowashi
tool_bird_class_train/Oowashi_Stellers_Sea_Eagle/bird_frames_pure_oowashi_20260504/d0805753__frame_002520_bb00_t0105.10_conf0.998.jpg,2,Oowashi
tool_bird_class_train/Oowashi_Stellers_Sea_Eagle/ext_inat_20260504/inat_2714895_919dd82d.jpg,2,Oowashi
tool_bird_class_train/Oowashi_Stellers_Sea_Eagle/bird_frames_pure_oowashi_20260504/4d1f9966__frame_016240_bb00_t0677.34_conf0.974.jpg,2,Oowashi
tool_bird_class_train/Oowashi_Stellers_Sea_Eagle/ext_inat_20260504/inat_395006594_227ff108.jpg,2,Oowashi
tool_bird_class_train/Oowashi_Stellers_Sea_Eagle/v5_ds_beta_bird/63814299.jpg,2,Oowashi
tool_bird_class_train/Oowashi_Stellers_Sea_Eagle/bird_frames_pure_oowashi_20260504/354441cb__frame_029090_bb00_t1213.30_conf0.998.jpg,2,Oowashi
tool_bird_class_train/Oowashi_Stellers_Sea_Eagle/ext_inat_20260504/inat_102482642_7a203325.jpg,2,Oowashi
tool_bird_class_train/Oowashi_Stellers_Sea_Eagle/frame_016510_bb02_t0688.60_conf0.978.jpg,2,Oowashi
tool_bird_class_train/Oowashi_Stellers_Sea_Eagle/ext_wikimedia_20260504/wm_3935704fa2fd.jpg,2,Oowashi
tool_bird_class_train/Oowashi_Stellers_Sea_Eagle/frame_024470_bb00_t1020.60_conf0.982.jpg,2,Oowashi
tool_bird_class_train/Oowashi_Stellers_Sea_Eagle/bird_frames_pure_oowashi_20260504/ed31ce54__frame_009850_bb00_t0410.83_conf0.992.jpg,2,Oowashi
tool_bird_class_train/Oowashi_Stellers_Sea_Eagle/bird_frames_pure_oowashi_20260504/d72a3a60__frame_017870_bb00_t0745.33_conf0.997.jpg,2,Oowashi
tool_bird_class_train/Oowashi_Stellers_Sea_Eagle/bird_frames_pure_oowashi_20260504/d0805753__frame_015290_bb00_t0637.72_conf0.998.jpg,2,Oowashi
tool_bird_class_train/Oowashi_Stellers_Sea_Eagle/bird_frames_pure_oowashi_20260504/dc3bcf2b__frame_010550_bb00_t0440.02_conf0.995.jpg,2,Oowashi
tool_bird_class_train/Oowashi_Stellers_Sea_Eagle/bird_frames_pure_oowashi_20260504/b36610f1__frame_002240_bb00_t0093.43_conf0.990.jpg,2,Oowashi
tool_bird_class_train/Oowashi_Stellers_Sea_Eagle/v5_ds_beta_bird/108110001.jpg,2,Oowashi
tool_bird_class_train/Oowashi_Stellers_Sea_Eagle/ext_wikimedia_20260504/wm_a09f25007a39.jpg,2,Oowashi
tool_bird_class_train/Oowashi_Stellers_Sea_Eagle/ext_wikimedia_20260504/wm_fad207cdc225.jpg,2,Oowashi
tool_bird_class_train/Oowashi_Stellers_Sea_Eagle/bird_frames_pure_oowashi_20260504/751cf927__frame_023200_bb00_t0967.63_conf0.997.jpg,2,Oowashi
tool_bird_class_train/Oowashi_Stellers_Sea_Eagle/bird_frames_pure_oowashi_20260504/c83cffa8__frame_016900_bb00_t0704.87_conf1.000.jpg,2,Oowashi
tool_bird_class_train/Oowashi_Stellers_Sea_Eagle/bird_frames_pure_oowashi_20260504/b36610f1__frame_011770_bb00_t0490.91_conf0.995.jpg,2,Oowashi
tool_bird_class_train/Oowashi_Stellers_Sea_Eagle/bird_frames_pure_oowashi_20260504/4d49e9f6__frame_007820_bb00_t0326.16_conf0.995.jpg,2,Oowashi
tool_bird_class_train/Oowashi_Stellers_Sea_Eagle/bird_frames_pure_oowashi_20260504/4c78b51a__frame_030870_bb00_t1287.54_conf0.995.jpg,2,Oowashi
tool_bird_class_train/Oowashi_Stellers_Sea_Eagle/bird_frames_pure_oowashi_20260504/33ae26f1__frame_018110_bb00_t0755.34_conf0.995.jpg,2,Oowashi
tool_bird_class_train/Oowashi_Stellers_Sea_Eagle/bird_frames_pure_oowashi_20260504/b2eec3f4__frame_005350_bb00_t0223.14_conf0.997.jpg,2,Oowashi
tool_bird_class_train/Oowashi_Stellers_Sea_Eagle/ext_wikimedia_20260504/wm_291796431ae5.jpg,2,Oowashi
tool_bird_class_train/Oowashi_Stellers_Sea_Eagle/bird_frames_pure_oowashi_20260504/b36610f1__frame_012990_bb01_t0541.79_conf0.994.jpg,2,Oowashi
tool_bird_class_train/Oowashi_Stellers_Sea_Eagle/v5_ds_beta_bird/oowasi040.jpg,2,Oowashi
tool_bird_class_train/Oowashi_Stellers_Sea_Eagle/ext_wikimedia_20260504/wm_950e00a2ed85.jpg,2,Oowashi
tool_bird_class_train/Oowashi_Stellers_Sea_Eagle/bird_frames_pure_oowashi_20260504/4c78b51a__frame_006960_bb00_t0290.29_conf0.998.jpg,2,Oowashi
tool_bird_class_train/Oowashi_Stellers_Sea_Eagle/ext_wikimedia_20260504/wm_1d2d9d26097b.jpg,2,Oowashi
tool_bird_class_train/Oowashi_Stellers_Sea_Eagle/bird_frames_pure_oowashi_20260504/0b68a0b5__frame_013740_bb00_t0573.07_conf0.998.jpg,2,Oowashi
tool_bird_class_train/Oowashi_Stellers_Sea_Eagle/ext_wikimedia_20260504/wm_ffc9846e5db0.png,2,Oowashi
tool_bird_class_train/Oowashi_Stellers_Sea_Eagle/bird_frames_pure_oowashi_20260504/a45d9fc9__frame_020410_bb00_t0851.27_conf0.997.jpg,2,Oowashi
tool_bird_class_train/Oowashi_Stellers_Sea_Eagle/bird_frames_pure_oowashi_20260504/2d7d6696__frame_001280_bb00_t0053.39_conf0.994.jpg,2,Oowashi
tool_bird_class_train/Oowashi_Stellers_Sea_Eagle/bird_frames_pure_oowashi_20260504/b2eec3f4__frame_026510_bb00_t1105.69_conf0.997.jpg,2,Oowashi
tool_bird_class_train/Oowashi_Stellers_Sea_Eagle/ext_wikimedia_20260504/wm_72eece0554f1.jpg,2,Oowashi
tool_bird_class_train/Oowashi_Stellers_Sea_Eagle/bird_frames_pure_oowashi_20260504/354441cb__frame_017130_bb00_t0714.46_conf1.000.jpg,2,Oowashi
tool_bird_class_train/Oowashi_Stellers_Sea_Eagle/bird_frames_pure_oowashi_20260504/bdb9e3fa__frame_004620_bb00_t0192.69_conf0.962.jpg,2,Oowashi
tool_bird_class_train/Oowashi_Stellers_Sea_Eagle/ext_inat_20260504/inat_102482332_da883709.jpg,2,Oowashi
tool_bird_class_train/Oowashi_Stellers_Sea_Eagle/ext_wikimedia_20260504/wm_285ee075ee91.jpg,2,Oowashi
tool_bird_class_train/Oowashi_Stellers_Sea_Eagle/ext_wikimedia_20260504/wm_79b5f5e04d3c.jpg,2,Oowashi
tool_bird_class_train/Oowashi_Stellers_Sea_Eagle/ext_wikimedia_20260504/wm_9e5840d24267.jpg,2,Oowashi
tool_bird_class_train/Oowashi_Stellers_Sea_Eagle/bird_frames_pure_oowashi_20260504/cb471018__frame_017580_bb00_t0733.23_conf0.998.jpg,2,Oowashi
tool_bird_class_train/Oowashi_Stellers_Sea_Eagle/bird_frames_pure_oowashi_20260504/751cf927__frame_031230_bb00_t1302.55_conf0.997.jpg,2,Oowashi
tool_bird_class_train/Oowashi_Stellers_Sea_Eagle/bird_frames_pure_oowashi_20260504/cb471018__frame_020160_bb00_t0840.84_conf0.997.jpg,2,Oowashi
tool_bird_class_train/Oowashi_Stellers_Sea_Eagle/bird_frames_pure_oowashi_20260504/f26b689b__frame_023070_bb00_t0962.21_conf0.998.jpg,2,Oowashi
tool_bird_class_train/Oowashi_Stellers_Sea_Eagle/frame_038620_bb00_t1610.78_conf0.995.jpg,2,Oowashi
tool_bird_class_train/Oowashi_Stellers_Sea_Eagle/bird_frames_pure_oowashi_20260504/954ff94e__frame_021360_bb01_t0890.89_conf0.998.jpg,2,Oowashi
tool_bird_class_train/Oowashi_Stellers_Sea_Eagle/bird_frames_pure_oowashi_20260504/e6c95a53__frame_012630_bb00_t0526.78_conf0.994.jpg,2,Oowashi
tool_bird_class_train/Oowashi_Stellers_Sea_Eagle/ext_inat_20260504/inat_2686388_67756151.jpg,2,Oowashi
tool_bird_class_train/Oowashi_Stellers_Sea_Eagle/frame_019460_bb00_t0811.64_conf0.990.jpg,2,Oowashi
tool_bird_class_train/Oowashi_Stellers_Sea_Eagle/ext_inat_20260504/inat_557573379_d88758dc.jpg,2,Oowashi
tool_bird_class_train/Oowashi_Stellers_Sea_Eagle/bird_frames_pure_oowashi_20260504/8c3a2f11__frame_028320_bb00_t1181.18_conf1.000.jpg,2,Oowashi
tool_bird_class_train/Oowashi_Stellers_Sea_Eagle/frame_015550_bb01_t0648.56_conf0.965.jpg,2,Oowashi
tool_bird_class_train/Oowashi_Stellers_Sea_Eagle/frame_017430_bb00_t0726.98_conf0.965.jpg,2,Oowashi
tool_bird_class_train/Oowashi_Stellers_Sea_Eagle/v5_ds_beta_bird/oowasiC.jpg,2,Oowashi
tool_bird_class_train/Oowashi_Stellers_Sea_Eagle/ext_wikimedia_20260504/wm_6f8b65f0fbf5.jpg,2,Oowashi
tool_bird_class_train/Oowashi_Stellers_Sea_Eagle/ext_wikimedia_20260504/wm_63c97f5664ef.jpg,2,Oowashi
tool_bird_class_train/Oowashi_Stellers_Sea_Eagle/bird_frames_pure_oowashi_20260504/b36610f1__frame_011090_bb00_t0462.55_conf0.987.jpg,2,Oowashi
tool_bird_class_train/Oowashi_Stellers_Sea_Eagle/bird_frames_pure_oowashi_20260504/c83cffa8__frame_010700_bb00_t0446.28_conf0.997.jpg,2,Oowashi
tool_bird_class_train/Oowashi_Stellers_Sea_Eagle/bird_frames_pure_oowashi_20260504/354441cb__frame_016420_bb00_t0684.85_conf0.997.jpg,2,Oowashi
tool_bird_class_train/Oowashi_Stellers_Sea_Eagle/bird_frames_pure_oowashi_20260504/3ee82129__frame_029120_bb00_t1214.55_conf1.000.jpg,2,Oowashi
tool_bird_class_train/Oowashi_Stellers_Sea_Eagle/bird_frames_pure_oowashi_20260504/354441cb__frame_020410_bb00_t0851.27_conf0.997.jpg,2,Oowashi
tool_bird_class_train/Oowashi_Stellers_Sea_Eagle/v5_ds_beta_bird/104924105.jpg,2,Oowashi
tool_bird_class_train/Oowashi_Stellers_Sea_Eagle/bird_frames_pure_oowashi_20260504/d1115f70__frame_013970_bb00_t0582.67_conf0.998.jpg,2,Oowashi
tool_bird_class_train/Oowashi_Stellers_Sea_Eagle/bird_frames_pure_oowashi_20260504/2d7d6696__frame_007930_bb00_t0330.75_conf0.990.jpg,2,Oowashi
tool_bird_class_train/Oowashi_Stellers_Sea_Eagle/bird_frames_pure_oowashi_20260504/0b68a0b5__frame_043840_bb00_t1828.49_conf1.000.jpg,2,Oowashi
tool_bird_class_train/Oowashi_Stellers_Sea_Eagle/bird_frames_pure_oowashi_20260504/354441cb__frame_030610_bb00_t1276.69_conf0.998.jpg,2,Oowashi
tool_bird_class_train/Oowashi_Stellers_Sea_Eagle/bird_frames_pure_oowashi_20260504/8c3a2f11__frame_027410_bb00_t1143.23_conf0.998.jpg,2,Oowashi
tool_bird_class_train/Oowashi_Stellers_Sea_Eagle/bird_frames_pure_oowashi_20260504/3ee82129__frame_019630_bb00_t0818.73_conf0.998.jpg,2,Oowashi
tool_bird_class_train/Oowashi_Stellers_Sea_Eagle/bird_frames_pure_oowashi_20260504/8f06c527__frame_017010_bb00_t0709.46_conf0.995.jpg,2,Oowashi
tool_bird_class_train/Oowashi_Stellers_Sea_Eagle/bird_frames_pure_oowashi_20260504/3ee82129__frame_028300_bb00_t1180.35_conf0.997.jpg,2,Oowashi
tool_bird_class_train/Oowashi_Stellers_Sea_Eagle/v5_train_v5_inat/325278923.jpg,2,Oowashi
tool_bird_class_train/Oowashi_Stellers_Sea_Eagle/ext_inat_20260504/inat_486347313_72f1eccb.jpg,2,Oowashi
tool_bird_class_train/Oowashi_Stellers_Sea_Eagle/bird_frames_pure_oowashi_20260504/c83cffa8__frame_003470_bb00_t0144.73_conf1.000.jpg,2,Oowashi
tool_bird_class_train/Oowashi_Stellers_Sea_Eagle/bird_frames_pure_oowashi_20260504/12c29cd5__frame_010550_bb00_t0440.02_conf0.998.jpg,2,Oowashi
tool_bird_class_train/Oowashi_Stellers_Sea_Eagle/bird_frames_pure_oowashi_20260504/954ff94e__frame_025400_bb00_t1059.39_conf0.998.jpg,2,Oowashi
tool_bird_class_train/Oowashi_Stellers_Sea_Eagle/bird_frames_pure_oowashi_20260504/dc3bcf2b__frame_006630_bb00_t0276.53_conf0.994.jpg,2,Oowashi
tool_bird_class_train/Oowashi_Stellers_Sea_Eagle/bird_frames_pure_oowashi_20260504/354441cb__frame_017090_bb00_t0712.80_conf0.997.jpg,2,Oowashi
tool_bird_class_train/Oowashi_Stellers_Sea_Eagle/bird_frames_pure_oowashi_20260504/cd92b757__frame_018710_bb00_t0780.36_conf0.998.jpg,2,Oowashi
tool_bird_class_train/Oowashi_Stellers_Sea_Eagle/v5_ds_beta_bird/63820542.jpg,2,Oowashi
tool_bird_class_train/Oowashi_Stellers_Sea_Eagle/ext_wikimedia_20260504/wm_6a5a548f3d6a.jpg,2,Oowashi
tool_bird_class_train/Oowashi_Stellers_Sea_Eagle/bird_frames_pure_oowashi_20260504/a45d9fc9__frame_043380_bb00_t1809.31_conf0.998.jpg,2,Oowashi
tool_bird_class_train/Oowashi_Stellers_Sea_Eagle/bird_frames_pure_oowashi_20260504/523aa2cf__frame_017640_bb00_t0735.73_conf0.995.jpg,2,Oowashi
tool_bird_class_train/Oowashi_Stellers_Sea_Eagle/bird_frames_pure_oowashi_20260504/845670df__frame_014690_bb00_t0612.70_conf0.992.jpg,2,Oowashi
tool_bird_class_train/Oowashi_Stellers_Sea_Eagle/v5_ds_beta_bird/67446468.jpg,2,Oowashi
tool_bird_class_train/Oowashi_Stellers_Sea_Eagle/ext_wikimedia_20260504/wm_fc9496b6ec2a.jpg,2,Oowashi
tool_bird_class_train/Oowashi_Stellers_Sea_Eagle/bird_frames_pure_oowashi_20260504/d0805753__frame_034710_bb03_t1447.70_conf0.998.jpg,2,Oowashi
tool_bird_class_train/Oowashi_Stellers_Sea_Eagle/bird_frames_pure_oowashi_20260504/d72a3a60__frame_009650_bb00_t0402.49_conf1.000.jpg,2,Oowashi
tool_bird_class_train/Oowashi_Stellers_Sea_Eagle/bird_frames_pure_oowashi_20260504/8f06c527__frame_020340_bb00_t0848.35_conf0.997.jpg,2,Oowashi
tool_bird_class_train/Oowashi_Stellers_Sea_Eagle/bird_frames_pure_oowashi_20260504/cd92b757__frame_010910_bb00_t0455.04_conf0.998.jpg,2,Oowashi
tool_bird_class_train/Oowashi_Stellers_Sea_Eagle/frame_019860_bb00_t0828.33_conf0.992.jpg,2,Oowashi
tool_bird_class_train/Oowashi_Stellers_Sea_Eagle/ext_wikimedia_20260504/wm_9a5a49721cf2.jpg,2,Oowashi
tool_bird_class_train/Oowashi_Stellers_Sea_Eagle/bird_frames_pure_oowashi_20260504/2d7d6696__frame_007920_bb00_t0330.33_conf0.990.jpg,2,Oowashi
tool_bird_class_train/Oowashi_Stellers_Sea_Eagle/bird_frames_pure_oowashi_20260504/cd92b757__frame_008630_bb00_t0359.94_conf0.997.jpg,2,Oowashi
tool_bird_class_train/Oowashi_Stellers_Sea_Eagle/bird_frames_pure_oowashi_20260504/bdb9e3fa__frame_006880_bb00_t0286.95_conf0.987.jpg,2,Oowashi
tool_bird_class_train/Oowashi_Stellers_Sea_Eagle/frame_042410_bb00_t1768.85_conf1.000.jpg,2,Oowashi
tool_bird_class_train/Oowashi_Stellers_Sea_Eagle/v5_ds_beta_bird/oowasi046.jpg,2,Oowashi
tool_bird_class_train/Oowashi_Stellers_Sea_Eagle/bird_frames_pure_oowashi_20260504/354441cb__frame_029510_bb00_t1230.81_conf0.998.jpg,2,Oowashi
tool_bird_class_train/Oowashi_Stellers_Sea_Eagle/bird_frames_pure_oowashi_20260504/d5c9304b__frame_021670_bb00_t0903.82_conf0.997.jpg,2,Oowashi
tool_bird_class_train/Oowashi_Stellers_Sea_Eagle/bird_frames_pure_oowashi_20260504/4d49e9f6__frame_007230_bb00_t0301.55_conf0.998.jpg,2,Oowashi
tool_bird_class_train/Oowashi_Stellers_Sea_Eagle/ext_wikimedia_20260504/wm_10fe64bedb90.jpg,2,Oowashi
tool_bird_class_train/Oowashi_Stellers_Sea_Eagle/v5_ds_beta_bird/oowasi031.jpg,2,Oowashi
tool_bird_class_train/Oowashi_Stellers_Sea_Eagle/bird_frames_pure_oowashi_20260504/a45d9fc9__frame_021470_bb00_t0895.48_conf0.998.jpg,2,Oowashi
tool_bird_class_train/Oowashi_Stellers_Sea_Eagle/frame_015870_bb02_t0661.91_conf0.995.jpg,2,Oowashi
tool_bird_class_train/Oowashi_Stellers_Sea_Eagle/ext_wikimedia_20260504/wm_7db51ac40177.jpg,2,Oowashi
tool_bird_class_train/Oowashi_Stellers_Sea_Eagle/bird_frames_pure_oowashi_20260504/a45d9fc9__frame_017530_bb00_t0731.15_conf0.998.jpg,2,Oowashi
tool_bird_class_train/Oowashi_Stellers_Sea_Eagle/v5_ds_beta_bird/339174525.jpg,2,Oowashi
tool_bird_class_train/Oowashi_Stellers_Sea_Eagle/bird_frames_pure_oowashi_20260504/4d49e9f6__frame_007160_bb00_t0298.63_conf0.998.jpg,2,Oowashi
tool_bird_class_train/Oowashi_Stellers_Sea_Eagle/bird_frames_pure_oowashi_20260504/8f06c527__frame_016390_bb00_t0683.60_conf0.995.jpg,2,Oowashi
tool_bird_class_train/Oowashi_Stellers_Sea_Eagle/ext_wikimedia_20260504/wm_aa1faea41b2f.jpg,2,Oowashi
tool_bird_class_train/Oowashi_Stellers_Sea_Eagle/ext_inat_20260504/inat_102482690_b8937979.jpg,2,Oowashi
tool_bird_class_train/Oowashi_Stellers_Sea_Eagle/bird_frames_pure_oowashi_20260504/ed31ce54__frame_009790_bb00_t0408.32_conf0.987.jpg,2,Oowashi
tool_bird_class_train/Oowashi_Stellers_Sea_Eagle/bird_frames_pure_oowashi_20260504/8c3a2f11__frame_017430_bb00_t0726.98_conf1.000.jpg,2,Oowashi
tool_bird_class_train/Oowashi_Stellers_Sea_Eagle/ext_wikimedia_20260504/wm_ccea0658da1a.jpg,2,Oowashi
tool_bird_class_train/Oowashi_Stellers_Sea_Eagle/frame_024350_bb00_t1015.60_conf0.994.jpg,2,Oowashi
tool_bird_class_train/Oowashi_Stellers_Sea_Eagle/frame_043450_bb00_t1812.23_conf0.982.jpg,2,Oowashi
tool_bird_class_train/Oowashi_Stellers_Sea_Eagle/ext_inat_20260504/inat_32072071_d4144802.jpg,2,Oowashi
tool_bird_class_train/Oowashi_Stellers_Sea_Eagle/v5_ds_beta_bird/339174518.jpg,2,Oowashi
tool_bird_class_train/Oowashi_Stellers_Sea_Eagle/frame_039730_bb00_t1657.07_conf0.962.jpg,2,Oowashi
tool_bird_class_train/Oowashi_Stellers_Sea_Eagle/ext_wikimedia_20260504/wm_6f1754a45dc2.jpg,2,Oowashi
tool_bird_class_train/Oowashi_Stellers_Sea_Eagle/bird_frames_pure_oowashi_20260504/0b68a0b5__frame_026900_bb00_t1121.95_conf0.998.jpg,2,Oowashi
tool_bird_class_train/Oowashi_Stellers_Sea_Eagle/ext_wikimedia_20260504/wm_33d32c3b83da.jpg,2,Oowashi
tool_bird_class_train/Oowashi_Stellers_Sea_Eagle/ext_wikimedia_20260504/wm_9839cf9bf4db.jpg,2,Oowashi
tool_bird_class_train/Oowashi_Stellers_Sea_Eagle/bird_frames_pure_oowashi_20260504/cb471018__frame_020890_bb00_t0871.29_conf0.997.jpg,2,Oowashi
tool_bird_class_train/Oowashi_Stellers_Sea_Eagle/bird_frames_pure_oowashi_20260504/12c29cd5__frame_010240_bb00_t0427.09_conf1.000.jpg,2,Oowashi
tool_bird_class_train/Oowashi_Stellers_Sea_Eagle/v5_ds_beta_bird/258010368.jpg,2,Oowashi
tool_bird_class_train/Oowashi_Stellers_Sea_Eagle/v5_ds_beta_bird/63814300.jpg,2,Oowashi
tool_bird_class_train/Oowashi_Stellers_Sea_Eagle/bird_frames_pure_oowashi_20260504/cd92b757__frame_018460_bb00_t0769.94_conf0.998.jpg,2,Oowashi
tool_bird_class_train/Oowashi_Stellers_Sea_Eagle/bird_frames_pure_oowashi_20260504/dc3bcf2b__frame_010640_bb00_t0443.78_conf0.995.jpg,2,Oowashi
tool_bird_class_train/Oowashi_Stellers_Sea_Eagle/bird_frames_pure_oowashi_20260504/bdb9e3fa__frame_004130_bb00_t0172.26_conf0.970.jpg,2,Oowashi
tool_bird_class_train/Oowashi_Stellers_Sea_Eagle/v5_ds_beta_bird/63814316.jpg,2,Oowashi
tool_bird_class_train/Oowashi_Stellers_Sea_Eagle/bird_frames_pure_oowashi_20260504/f26b689b__frame_010520_bb00_t0438.77_conf0.997.jpg,2,Oowashi
tool_bird_class_train/Oowashi_Stellers_Sea_Eagle/ext_wikimedia_20260504/wm_f6913c0a83a7.jpg,2,Oowashi
tool_bird_class_train/Oowashi_Stellers_Sea_Eagle/ext_wikimedia_20260504/wm_cd537099d988.jpg,2,Oowashi
tool_bird_class_train/Oowashi_Stellers_Sea_Eagle/ext_wikimedia_20260504/wm_b55650a5ae76.jpg,2,Oowashi
tool_bird_class_train/Oowashi_Stellers_Sea_Eagle/frame_024370_bb00_t1016.43_conf1.000.jpg,2,Oowashi
tool_bird_class_train/Oowashi_Stellers_Sea_Eagle/bird_frames_pure_oowashi_20260504/d1115f70__frame_041780_bb00_t1742.57_conf0.998.jpg,2,Oowashi
tool_bird_class_train/Oowashi_Stellers_Sea_Eagle/bird_frames_pure_oowashi_20260504/845670df__frame_002250_bb00_t0093.84_conf0.997.jpg,2,Oowashi
tool_bird_class_train/Oowashi_Stellers_Sea_Eagle/ext_inat_20260504/inat_102482339_51a6b71b.jpg,2,Oowashi
tool_bird_class_train/Oowashi_Stellers_Sea_Eagle/bird_frames_pure_oowashi_20260504/12c29cd5__frame_010220_bb00_t0426.26_conf0.998.jpg,2,Oowashi
tool_bird_class_train/Oowashi_Stellers_Sea_Eagle/bird_frames_pure_oowashi_20260504/b36610f1__frame_002130_bb00_t0088.84_conf0.990.jpg,2,Oowashi
tool_bird_class_train/Oowashi_Stellers_Sea_Eagle/bird_frames_pure_oowashi_20260504/954ff94e__frame_026230_bb00_t1094.01_conf0.998.jpg,2,Oowashi
tool_bird_class_train/Oowashi_Stellers_Sea_Eagle/bird_frames_pure_oowashi_20260504/d33c0305__frame_013820_bb00_t0576.41_conf0.995.jpg,2,Oowashi
tool_bird_class_train/Oowashi_Stellers_Sea_Eagle/frame_016800_bb00_t0700.70_conf0.960.jpg,2,Oowashi
tool_bird_class_train/Oowashi_Stellers_Sea_Eagle/bird_frames_pure_oowashi_20260504/b2eec3f4__frame_018480_bb00_t0770.77_conf1.000.jpg,2,Oowashi
tool_bird_class_train/Oowashi_Stellers_Sea_Eagle/v5_ds_beta_bird/116665210.jpg,2,Oowashi
tool_bird_class_train/Oowashi_Stellers_Sea_Eagle/ext_wikimedia_20260504/wm_e9627f599462.jpg,2,Oowashi
tool_bird_class_train/Oowashi_Stellers_Sea_Eagle/bird_frames_pure_oowashi_20260504/845670df__frame_022550_bb00_t0940.52_conf0.982.jpg,2,Oowashi
tool_bird_class_train/Oowashi_Stellers_Sea_Eagle/ext_inat_20260504/inat_605780000_47fc36c2.jpg,2,Oowashi
tool_bird_class_train/Oowashi_Stellers_Sea_Eagle/ext_wikimedia_20260504/wm_ab9371fb0df5.jpg,2,Oowashi
tool_bird_class_train/Oowashi_Stellers_Sea_Eagle/ext_wikimedia_20260504/wm_02ce7815db39.jpg,2,Oowashi
tool_bird_class_train/Oowashi_Stellers_Sea_Eagle/ext_wikimedia_20260504/wm_4014e3062ab7.jpg,2,Oowashi
tool_bird_class_train/Oowashi_Stellers_Sea_Eagle/bird_frames_pure_oowashi_20260504/4d49e9f6__frame_017550_bb00_t0731.98_conf0.998.jpg,2,Oowashi
tool_bird_class_train/Oowashi_Stellers_Sea_Eagle/bird_frames_pure_oowashi_20260504/3cf2e325__frame_005350_bb02_t0223.14_conf0.998.jpg,2,Oowashi
tool_bird_class_train/Oowashi_Stellers_Sea_Eagle/v5_ds_beta_bird/oowasi037.jpg,2,Oowashi
tool_bird_class_train/Oowashi_Stellers_Sea_Eagle/bird_frames_pure_oowashi_20260504/751cf927__frame_020980_bb00_t0875.04_conf0.997.jpg,2,Oowashi
tool_bird_class_train/Oowashi_Stellers_Sea_Eagle/bird_frames_pure_oowashi_20260504/8c3a2f11__frame_020650_bb00_t0861.28_conf0.997.jpg,2,Oowashi
tool_bird_class_train/Oowashi_Stellers_Sea_Eagle/bird_frames_pure_oowashi_20260504/d72a3a60__frame_017860_bb00_t0744.91_conf0.998.jpg,2,Oowashi
tool_bird_class_train/Oowashi_Stellers_Sea_Eagle/bird_frames_pure_oowashi_20260504/ed31ce54__frame_009590_bb00_t0399.98_conf0.987.jpg,2,Oowashi
tool_bird_class_train/Oowashi_Stellers_Sea_Eagle/ext_wikimedia_20260504/wm_529b811d607e.jpg,2,Oowashi
tool_bird_class_train/Oowashi_Stellers_Sea_Eagle/frame_042040_bb00_t1753.42_conf0.994.jpg,2,Oowashi
tool_bird_class_train/Oowashi_Stellers_Sea_Eagle/v5_ds_beta_bird/206240646.jpg,2,Oowashi
tool_bird_class_train/Oowashi_Stellers_Sea_Eagle/bird_frames_pure_oowashi_20260504/4c78b51a__frame_006680_bb00_t0278.61_conf0.998.jpg,2,Oowashi
tool_bird_class_train/Oowashi_Stellers_Sea_Eagle/ext_wikimedia_20260504/wm_88913875f792.jpg,2,Oowashi
tool_bird_class_train/Oowashi_Stellers_Sea_Eagle/bird_frames_pure_oowashi_20260504/954ff94e__frame_025230_bb00_t1052.30_conf1.000.jpg,2,Oowashi
tool_bird_class_train/Oowashi_Stellers_Sea_Eagle/ext_wikimedia_20260504/wm_fee0672b0bff.jpg,2,Oowashi
tool_bird_class_train/Oowashi_Stellers_Sea_Eagle/frame_018740_bb00_t0781.61_conf0.995.jpg,2,Oowashi
tool_bird_class_train/Oowashi_Stellers_Sea_Eagle/frame_016390_bb02_t0683.60_conf0.994.jpg,2,Oowashi
tool_bird_class_train/Oowashi_Stellers_Sea_Eagle/ext_wikimedia_20260504/wm_f8b074d3d2c7.jpg,2,Oowashi
tool_bird_class_train/Oowashi_Stellers_Sea_Eagle/ext_inat_20260504/inat_176964731_5fa53704.jpg,2,Oowashi
tool_bird_class_train/Oowashi_Stellers_Sea_Eagle/bird_frames_pure_oowashi_20260504/4c78b51a__frame_009620_bb01_t0401.23_conf0.995.jpg,2,Oowashi
tool_bird_class_train/Oowashi_Stellers_Sea_Eagle/bird_frames_pure_oowashi_20260504/8c3a2f11__frame_016530_bb00_t0689.44_conf1.000.jpg,2,Oowashi
tool_bird_class_train/Oowashi_Stellers_Sea_Eagle/bird_frames_pure_oowashi_20260504/d72a3a60__frame_014840_bb00_t0618.95_conf1.000.jpg,2,Oowashi
tool_bird_class_train/Oowashi_Stellers_Sea_Eagle/bird_frames_pure_oowashi_20260504/b2eec3f4__frame_026460_bb01_t1103.60_conf0.998.jpg,2,Oowashi
tool_bird_class_train/Oowashi_Stellers_Sea_Eagle/bird_frames_pure_oowashi_20260504/2d7d6696__frame_006950_bb00_t0289.87_conf0.986.jpg,2,Oowashi
tool_bird_class_train/Oowashi_Stellers_Sea_Eagle/ext_wikimedia_20260504/wm_5f11044835c4.jpg,2,Oowashi
tool_bird_class_train/Oowashi_Stellers_Sea_Eagle/frame_024490_bb00_t1021.44_conf0.990.jpg,2,Oowashi
tool_bird_class_train/Oowashi_Stellers_Sea_Eagle/ext_wikimedia_20260504/wm_1eb0c719ce5c.jpg,2,Oowashi
tool_bird_class_train/Oowashi_Stellers_Sea_Eagle/ext_wikimedia_20260504/wm_c6d4d043e08b.jpg,2,Oowashi
tool_bird_class_train/Oowashi_Stellers_Sea_Eagle/bird_frames_pure_oowashi_20260504/cd92b757__frame_019990_bb00_t0833.75_conf0.998.jpg,2,Oowashi
tool_bird_class_train/Oowashi_Stellers_Sea_Eagle/ext_inat_20260504/inat_486344480_224423f5.jpg,2,Oowashi
tool_bird_class_train/Oowashi_Stellers_Sea_Eagle/bird_frames_pure_oowashi_20260504/8f06c527__frame_019100_bb00_t0796.63_conf0.995.jpg,2,Oowashi
tool_bird_class_train/Oowashi_Stellers_Sea_Eagle/bird_frames_pure_oowashi_20260504/c83cffa8__frame_008700_bb00_t0362.86_conf0.998.jpg,2,Oowashi
tool_bird_class_train/Oowashi_Stellers_Sea_Eagle/bird_frames_pure_oowashi_20260504/d0805753__frame_031680_bb03_t1321.32_conf0.997.jpg,2,Oowashi
tool_bird_class_train/Oowashi_Stellers_Sea_Eagle/frame_015440_bb00_t0643.98_conf0.995.jpg,2,Oowashi
tool_bird_class_train/Oowashi_Stellers_Sea_Eagle/bird_frames_pure_oowashi_20260504/2d7d6696__frame_009010_bb00_t0375.79_conf0.990.jpg,2,Oowashi
tool_bird_class_train/Oowashi_Stellers_Sea_Eagle/bird_frames_pure_oowashi_20260504/d72a3a60__frame_009770_bb00_t0407.49_conf0.997.jpg,2,Oowashi
tool_bird_class_train/Oowashi_Stellers_Sea_Eagle/v5_ds_beta_bird/2395200.jpg,2,Oowashi
tool_bird_class_train/Oowashi_Stellers_Sea_Eagle/bird_frames_pure_oowashi_20260504/354441cb__frame_015980_bb00_t0666.50_conf0.997.jpg,2,Oowashi
tool_bird_class_train/Oowashi_Stellers_Sea_Eagle/ext_wikimedia_20260504/wm_db3e44a2455e.jpg,2,Oowashi
tool_bird_class_train/Oowashi_Stellers_Sea_Eagle/frame_025040_bb00_t1044.38_conf0.978.jpg,2,Oowashi
tool_bird_class_train/Oowashi_Stellers_Sea_Eagle/bird_frames_pure_oowashi_20260504/33ae26f1__frame_018320_bb00_t0764.10_conf0.998.jpg,2,Oowashi
tool_bird_class_train/Oowashi_Stellers_Sea_Eagle/bird_frames_pure_oowashi_20260504/ed31ce54__frame_013850_bb00_t0577.66_conf0.995.jpg,2,Oowashi
tool_bird_class_train/Oowashi_Stellers_Sea_Eagle/bird_frames_pure_oowashi_20260504/d5c9304b__frame_015910_bb00_t0663.58_conf0.997.jpg,2,Oowashi
tool_bird_class_train/Oowashi_Stellers_Sea_Eagle/bird_frames_pure_oowashi_20260504/ed31ce54__frame_013890_bb00_t0579.33_conf0.992.jpg,2,Oowashi
tool_bird_class_train/Oowashi_Stellers_Sea_Eagle/ext_wikimedia_20260504/wm_59d88442df9d.jpg,2,Oowashi
tool_bird_class_train/Oowashi_Stellers_Sea_Eagle/ext_wikimedia_20260504/wm_74bb323c54c0.jpg,2,Oowashi
tool_bird_class_train/Oowashi_Stellers_Sea_Eagle/frame_000060_bb00_t0002.00_conf0.982.jpg,2,Oowashi
tool_bird_class_train/Oowashi_Stellers_Sea_Eagle/bird_frames_pure_oowashi_20260504/3cf2e325__frame_044190_bb01_t1843.09_conf1.000.jpg,2,Oowashi
tool_bird_class_train/Oowashi_Stellers_Sea_Eagle/v5_train_v5_inat/291089311.jpg,2,Oowashi
tool_bird_class_train/Oowashi_Stellers_Sea_Eagle/ext_wikimedia_20260504/wm_c682b351741a.jpg,2,Oowashi
tool_bird_class_train/Oowashi_Stellers_Sea_Eagle/v5_ds_beta_bird/73984582.jpg,2,Oowashi
tool_bird_class_train/Oowashi_Stellers_Sea_Eagle/bird_frames_pure_oowashi_20260504/33ae26f1__frame_017910_bb00_t0747.00_conf0.995.jpg,2,Oowashi
tool_bird_class_train/Oowashi_Stellers_Sea_Eagle/bird_frames_pure_oowashi_20260504/4d49e9f6__frame_017560_bb00_t0732.40_conf0.997.jpg,2,Oowashi
tool_bird_class_train/Oowashi_Stellers_Sea_Eagle/bird_frames_pure_oowashi_20260504/0b68a0b5__frame_013550_bb00_t0565.15_conf1.000.jpg,2,Oowashi
tool_bird_class_train/Oowashi_Stellers_Sea_Eagle/frame_043480_bb00_t1813.48_conf0.997.jpg,2,Oowashi
tool_bird_class_train/Oowashi_Stellers_Sea_Eagle/frame_025310_bb00_t1055.64_conf0.998.jpg,2,Oowashi
tool_bird_class_train/Oowashi_Stellers_Sea_Eagle/ext_wikimedia_20260504/wm_707f34948874.jpg,2,Oowashi
tool_bird_class_train/Oowashi_Stellers_Sea_Eagle/ext_wikimedia_20260504/wm_d6dd0541cfb6.jpg,2,Oowashi
tool_bird_class_train/Oowashi_Stellers_Sea_Eagle/bird_frames_pure_oowashi_20260504/8f06c527__frame_012240_bb01_t0510.51_conf0.995.jpg,2,Oowashi
tool_bird_class_train/Oowashi_Stellers_Sea_Eagle/bird_frames_pure_oowashi_20260504/8f06c527__frame_019080_bb00_t0795.79_conf0.997.jpg,2,Oowashi
tool_bird_class_train/Oowashi_Stellers_Sea_Eagle/v5_ds_beta_bird/oowasi045.jpg,2,Oowashi
tool_bird_class_train/Oowashi_Stellers_Sea_Eagle/v5_ds_beta_bird/258015020.jpg,2,Oowashi
tool_bird_class_train/Oowashi_Stellers_Sea_Eagle/ext_inat_20260504/inat_102482712_958e9865.jpg,2,Oowashi
tool_bird_class_train/Oowashi_Stellers_Sea_Eagle/bird_frames_pure_oowashi_20260504/954ff94e__frame_020570_bb00_t0857.94_conf0.997.jpg,2,Oowashi
tool_bird_class_train/Oowashi_Stellers_Sea_Eagle/bird_frames_pure_oowashi_20260504/8f06c527__frame_011090_bb00_t0462.55_conf1.000.jpg,2,Oowashi
tool_bird_class_train/Oowashi_Stellers_Sea_Eagle/bird_frames_pure_oowashi_20260504/d0805753__frame_018190_bb01_t0758.67_conf0.998.jpg,2,Oowashi
tool_bird_class_train/Oowashi_Stellers_Sea_Eagle/bird_frames_pure_oowashi_20260504/a45d9fc9__frame_037910_bb00_t1581.16_conf0.998.jpg,2,Oowashi
tool_bird_class_train/Oowashi_Stellers_Sea_Eagle/bird_frames_pure_oowashi_20260504/8c3a2f11__frame_014530_bb00_t0606.02_conf0.997.jpg,2,Oowashi
tool_bird_class_train/Oowashi_Stellers_Sea_Eagle/bird_frames_pure_oowashi_20260504/12c29cd5__frame_011100_bb00_t0462.96_conf0.998.jpg,2,Oowashi
tool_bird_class_train/Oowashi_Stellers_Sea_Eagle/bird_frames_pure_oowashi_20260504/523aa2cf__frame_009720_bb00_t0405.40_conf0.998.jpg,2,Oowashi
tool_bird_class_train/Oowashi_Stellers_Sea_Eagle/ext_wikimedia_20260504/wm_70e9d6ee6b31.jpg,2,Oowashi
tool_bird_class_train/Oowashi_Stellers_Sea_Eagle/bird_frames_pure_oowashi_20260504/354441cb__frame_020370_bb00_t0849.60_conf0.997.jpg,2,Oowashi
tool_bird_class_train/Oowashi_Stellers_Sea_Eagle/frame_016470_bb01_t0686.94_conf0.997.jpg,2,Oowashi
tool_bird_class_train/Oowashi_Stellers_Sea_Eagle/bird_frames_pure_oowashi_20260504/4d1f9966__frame_016380_bb00_t0683.18_conf0.979.jpg,2,Oowashi
tool_bird_class_train/Oowashi_Stellers_Sea_Eagle/ext_wikimedia_20260504/wm_ba6c2ade3774.jpg,2,Oowashi
tool_bird_class_train/Oowashi_Stellers_Sea_Eagle/bird_frames_pure_oowashi_20260504/523aa2cf__frame_009540_bb01_t0397.90_conf0.998.jpg,2,Oowashi
tool_bird_class_train/Oowashi_Stellers_Sea_Eagle/bird_frames_pure_oowashi_20260504/8f06c527__frame_017890_bb00_t0746.16_conf0.998.jpg,2,Oowashi
tool_bird_class_train/Oowashi_Stellers_Sea_Eagle/bird_frames_pure_oowashi_20260504/c300095d__frame_003610_bb00_t0150.57_conf0.995.jpg,2,Oowashi
tool_bird_class_train/Oowashi_Stellers_Sea_Eagle/bird_frames_pure_oowashi_20260504/cd92b757__frame_013380_bb00_t0558.06_conf0.998.jpg,2,Oowashi
tool_bird_class_train/Oowashi_Stellers_Sea_Eagle/v5_train_v5_inat/308950618.jpg,2,Oowashi
tool_bird_class_train/Oowashi_Stellers_Sea_Eagle/bird_frames_pure_oowashi_20260504/a45d9fc9__frame_043600_bb00_t1818.48_conf0.997.jpg,2,Oowashi
tool_bird_class_train/Oowashi_Stellers_Sea_Eagle/bird_frames_pure_oowashi_20260504/33ae26f1__frame_018360_bb00_t0765.76_conf0.995.jpg,2,Oowashi
tool_bird_class_train/Oowashi_Stellers_Sea_Eagle/ext_wikimedia_20260504/wm_728d78b873d2.jpg,2,Oowashi
tool_bird_class_train/Oowashi_Stellers_Sea_Eagle/ext_wikimedia_20260504/wm_06dfaf2482d7.jpg,2,Oowashi
tool_bird_class_train/Oowashi_Stellers_Sea_Eagle/v5_train_v5_inat/314555095.jpg,2,Oowashi
tool_bird_class_train/Oowashi_Stellers_Sea_Eagle/bird_frames_pure_oowashi_20260504/e6c95a53__frame_013030_bb00_t0543.46_conf0.982.jpg,2,Oowashi
tool_bird_class_train/Oowashi_Stellers_Sea_Eagle/bird_frames_pure_oowashi_20260504/954ff94e__frame_025250_bb00_t1053.14_conf0.997.jpg,2,Oowashi
tool_bird_class_train/Oowashi_Stellers_Sea_Eagle/frame_000250_bb00_t0008.34_conf0.989.jpg,2,Oowashi
tool_bird_class_train/Oowashi_Stellers_Sea_Eagle/bird_frames_pure_oowashi_20260504/3ee82129__frame_018030_bb00_t0752.00_conf0.998.jpg,2,Oowashi
tool_bird_class_train/Oowashi_Stellers_Sea_Eagle/ext_wikimedia_20260504/wm_58a8515def7a.jpg,2,Oowashi
tool_bird_class_train/Oowashi_Stellers_Sea_Eagle/bird_frames_pure_oowashi_20260504/f26b689b__frame_017300_bb00_t0721.55_conf0.994.jpg,2,Oowashi
tool_bird_class_train/Oowashi_Stellers_Sea_Eagle/bird_frames_pure_oowashi_20260504/d5c9304b__frame_021540_bb00_t0898.40_conf0.997.jpg,2,Oowashi
tool_bird_class_train/Oowashi_Stellers_Sea_Eagle/bird_frames_pure_oowashi_20260504/c83cffa8__frame_034730_bb00_t1448.53_conf0.997.jpg,2,Oowashi
tool_bird_class_train/Oowashi_Stellers_Sea_Eagle/bird_frames_pure_oowashi_20260504/3cf2e325__frame_032720_bb00_t1364.70_conf1.000.jpg,2,Oowashi
tool_bird_class_train/Oowashi_Stellers_Sea_Eagle/bird_frames_pure_oowashi_20260504/4d49e9f6__frame_007520_bb00_t0313.65_conf0.998.jpg,2,Oowashi
tool_bird_class_train/Oowashi_Stellers_Sea_Eagle/bird_frames_pure_oowashi_20260504/954ff94e__frame_016570_bb00_t0691.11_conf1.000.jpg,2,Oowashi
tool_bird_class_train/Oowashi_Stellers_Sea_Eagle/bird_frames_pure_oowashi_20260504/c300095d__frame_015940_bb00_t0664.83_conf0.995.jpg,2,Oowashi
tool_bird_class_train/Oowashi_Stellers_Sea_Eagle/ext_wikimedia_20260504/wm_96e580d62420.jpg,2,Oowashi
tool_bird_class_train/Oowashi_Stellers_Sea_Eagle/ext_wikimedia_20260504/wm_b1cd25892d82.jpg,2,Oowashi
tool_bird_class_train/Oowashi_Stellers_Sea_Eagle/v5_ds_beta_bird/20795275.jpg,2,Oowashi
tool_bird_class_train/Oowashi_Stellers_Sea_Eagle/ext_wikimedia_20260504/wm_12fd87d8af90.jpg,2,Oowashi
tool_bird_class_train/Oowashi_Stellers_Sea_Eagle/ext_wikimedia_20260504/wm_6310807d964c.jpg,2,Oowashi
tool_bird_class_train/Oowashi_Stellers_Sea_Eagle/ext_inat_20260504/inat_174697348_a8dbad03.jpg,2,Oowashi
tool_bird_class_train/Oowashi_Stellers_Sea_Eagle/ext_inat_20260504/inat_102482594_0d2201d2.jpg,2,Oowashi
tool_bird_class_train/Oowashi_Stellers_Sea_Eagle/ext_inat_20260504/inat_2684031_cad5bba7.jpg,2,Oowashi
tool_bird_class_train/Oowashi_Stellers_Sea_Eagle/ext_inat_20260504/inat_208638278_0a31b484.jpg,2,Oowashi
tool_bird_class_train/Oowashi_Stellers_Sea_Eagle/ext_inat_20260504/inat_102482600_133e1139.jpg,2,Oowashi
tool_bird_class_train/Oowashi_Stellers_Sea_Eagle/frame_024360_bb00_t1016.01_conf0.997.jpg,2,Oowashi
tool_bird_class_train/Oowashi_Stellers_Sea_Eagle/v5_ds_beta_bird/265980120.jpg,2,Oowashi
tool_bird_class_train/Oowashi_Stellers_Sea_Eagle/ext_inat_20260504/inat_102492656_01245bb1.jpg,2,Oowashi
tool_bird_class_train/Oowashi_Stellers_Sea_Eagle/bird_frames_pure_oowashi_20260504/b2eec3f4__frame_026480_bb00_t1104.44_conf0.997.jpg,2,Oowashi
tool_bird_class_train/Oowashi_Stellers_Sea_Eagle/v5_ds_beta_bird/108228696.jpg,2,Oowashi
tool_bird_class_train/Oowashi_Stellers_Sea_Eagle/ext_inat_20260504/inat_452007378_f4a1b6b4.jpg,2,Oowashi
tool_bird_class_train/Oowashi_Stellers_Sea_Eagle/bird_frames_pure_oowashi_20260504/751cf927__frame_007860_bb00_t0327.83_conf0.995.jpg,2,Oowashi
tool_bird_class_train/Oowashi_Stellers_Sea_Eagle/ext_wikimedia_20260504/wm_dd43ad3050ee.jpg,2,Oowashi
tool_bird_class_train/Oowashi_Stellers_Sea_Eagle/v5_ds_beta_bird/266106165.jpg,2,Oowashi
tool_bird_class_train/Oowashi_Stellers_Sea_Eagle/bird_frames_pure_oowashi_20260504/dc3bcf2b__frame_010410_bb00_t0434.18_conf0.998.jpg,2,Oowashi
tool_bird_class_train/Oowashi_Stellers_Sea_Eagle/v5_ds_beta_bird/74172189.jpg,2,Oowashi
tool_bird_class_train/Oowashi_Stellers_Sea_Eagle/ext_wikimedia_20260504/wm_864e290f9e03.jpg,2,Oowashi
tool_bird_class_train/Oowashi_Stellers_Sea_Eagle/bird_frames_pure_oowashi_20260504/d0805753__frame_032160_bb01_t1341.34_conf0.998.jpg,2,Oowashi
tool_bird_class_train/Oowashi_Stellers_Sea_Eagle/ext_wikimedia_20260504/wm_7f22fdd8848d.jpg,2,Oowashi
tool_bird_class_train/Oowashi_Stellers_Sea_Eagle/frame_019830_bb00_t0827.08_conf1.000.jpg,2,Oowashi
tool_bird_class_train/Oowashi_Stellers_Sea_Eagle/v5_ds_beta_bird/oowasi053.jpg,2,Oowashi
tool_bird_class_train/Oowashi_Stellers_Sea_Eagle/v5_ds_beta_bird/219589043.jpg,2,Oowashi
tool_bird_class_train/Oowashi_Stellers_Sea_Eagle/frame_032740_bb00_t1365.53_conf0.990.jpg,2,Oowashi
tool_bird_class_train/Oowashi_Stellers_Sea_Eagle/frame_025270_bb00_t1053.97_conf0.997.jpg,2,Oowashi
tool_bird_class_train/Oowashi_Stellers_Sea_Eagle/v5_ds_beta_bird/228209968.jpg,2,Oowashi
tool_bird_class_train/Oowashi_Stellers_Sea_Eagle/bird_frames_pure_oowashi_20260504/a45d9fc9__frame_038270_bb00_t1596.18_conf0.998.jpg,2,Oowashi
tool_bird_class_train/Oowashi_Stellers_Sea_Eagle/bird_frames_pure_oowashi_20260504/ed31ce54__frame_013900_bb00_t0579.75_conf0.994.jpg,2,Oowashi
tool_bird_class_train/Oowashi_Stellers_Sea_Eagle/bird_frames_pure_oowashi_20260504/523aa2cf__frame_016610_bb00_t0692.78_conf0.994.jpg,2,Oowashi
tool_bird_class_train/Oowashi_Stellers_Sea_Eagle/frame_038500_bb00_t1605.77_conf0.979.jpg,2,Oowashi
tool_bird_class_train/Oowashi_Stellers_Sea_Eagle/v5_ds_beta_bird/63814321.jpg,2,Oowashi
tool_bird_class_train/Oowashi_Stellers_Sea_Eagle/v5_ds_beta_bird/34973289.jpg,2,Oowashi
tool_bird_class_train/Oowashi_Stellers_Sea_Eagle/ext_wikimedia_20260504/wm_7906bfce96e2.jpg,2,Oowashi
tool_bird_class_train/Oowashi_Stellers_Sea_Eagle/bird_frames_pure_oowashi_20260504/12c29cd5__frame_010420_bb00_t0434.60_conf1.000.jpg,2,Oowashi
tool_bird_class_train/Oowashi_Stellers_Sea_Eagle/v5_ds_beta_bird/212886236.jpg,2,Oowashi
tool_bird_class_train/Oowashi_Stellers_Sea_Eagle/v5_ds_beta_bird/oowasi021.jpg,2,Oowashi
tool_bird_class_train/Oowashi_Stellers_Sea_Eagle/ext_wikimedia_20260504/wm_20bd5e14f9b2.jpg,2,Oowashi
tool_bird_class_train/Oowashi_Stellers_Sea_Eagle/v5_ds_beta_bird/206230051.jpg,2,Oowashi
tool_bird_class_train/Oowashi_Stellers_Sea_Eagle/bird_frames_pure_oowashi_20260504/354441cb__frame_016480_bb00_t0687.35_conf1.000.jpg,2,Oowashi
tool_bird_class_train/Oowashi_Stellers_Sea_Eagle/bird_frames_pure_oowashi_20260504/3cf2e325__frame_005630_bb01_t0234.82_conf0.998.jpg,2,Oowashi
tool_bird_class_train/Oowashi_Stellers_Sea_Eagle/bird_frames_pure_oowashi_20260504/c83cffa8__frame_007760_bb00_t0323.66_conf0.998.jpg,2,Oowashi
tool_bird_class_train/Oowashi_Stellers_Sea_Eagle/ext_inat_20260504/inat_182180400_54acc7b8.jpg,2,Oowashi
tool_bird_class_train/Oowashi_Stellers_Sea_Eagle/bird_frames_pure_oowashi_20260504/4c78b51a__frame_025160_bb00_t1049.38_conf0.995.jpg,2,Oowashi
tool_bird_class_train/Oowashi_Stellers_Sea_Eagle/bird_frames_pure_oowashi_20260504/354441cb__frame_028900_bb00_t1205.37_conf0.997.jpg,2,Oowashi
tool_bird_class_train/Oowashi_Stellers_Sea_Eagle/v5_ds_beta_bird/oowasi033.jpg,2,Oowashi
tool_bird_class_train/Oowashi_Stellers_Sea_Eagle/bird_frames_pure_oowashi_20260504/4d49e9f6__frame_007510_bb00_t0313.23_conf0.997.jpg,2,Oowashi
tool_bird_class_train/Oowashi_Stellers_Sea_Eagle/bird_frames_pure_oowashi_20260504/d1115f70__frame_041730_bb00_t1740.49_conf0.998.jpg,2,Oowashi
tool_bird_class_train/Oowashi_Stellers_Sea_Eagle/bird_frames_pure_oowashi_20260504/12c29cd5__frame_012460_bb00_t0519.69_conf0.998.jpg,2,Oowashi
tool_bird_class_train/Oowashi_Stellers_Sea_Eagle/ext_wikimedia_20260504/wm_b871aed25036.jpg,2,Oowashi
tool_bird_class_train/Oowashi_Stellers_Sea_Eagle/bird_frames_pure_oowashi_20260504/8f06c527__frame_010400_bb02_t0433.77_conf0.994.jpg,2,Oowashi
tool_bird_class_train/Oowashi_Stellers_Sea_Eagle/ext_wikimedia_20260504/wm_8f37b1e9e508.jpg,2,Oowashi
tool_bird_class_train/Oowashi_Stellers_Sea_Eagle/bird_frames_pure_oowashi_20260504/0b68a0b5__frame_026490_bb00_t1104.85_conf0.998.jpg,2,Oowashi
tool_bird_class_train/Oowashi_Stellers_Sea_Eagle/frame_028280_bb00_t1179.51_conf1.000.jpg,2,Oowashi
tool_bird_class_train/Oowashi_Stellers_Sea_Eagle/v5_train_v5_inat/270432204.jpg,2,Oowashi
tool_bird_class_train/Oowashi_Stellers_Sea_Eagle/ext_wikimedia_20260504/wm_1e3583bbce3b.jpg,2,Oowashi
tool_bird_class_train/Oowashi_Stellers_Sea_Eagle/ext_wikimedia_20260504/wm_b215b8e7edd2.jpg,2,Oowashi
tool_bird_class_train/Oowashi_Stellers_Sea_Eagle/bird_frames_pure_oowashi_20260504/d33c0305__frame_013180_bb00_t0549.72_conf0.995.jpg,2,Oowashi
tool_bird_class_train/Oowashi_Stellers_Sea_Eagle/frame_024560_bb00_t1024.36_conf0.979.jpg,2,Oowashi
tool_bird_class_train/Oowashi_Stellers_Sea_Eagle/bird_frames_pure_oowashi_20260504/d33c0305__frame_013650_bb00_t0569.32_conf0.995.jpg,2,Oowashi
tool_bird_class_train/Oowashi_Stellers_Sea_Eagle/bird_frames_pure_oowashi_20260504/a45d9fc9__frame_017200_bb00_t0717.38_conf0.998.jpg,2,Oowashi
tool_bird_class_train/Oowashi_Stellers_Sea_Eagle/ext_wikimedia_20260504/wm_8c2622be00fa.jpg,2,Oowashi
tool_bird_class_train/Oowashi_Stellers_Sea_Eagle/bird_frames_pure_oowashi_20260504/2d7d6696__frame_001290_bb00_t0053.80_conf0.995.jpg,2,Oowashi
tool_bird_class_train/Oowashi_Stellers_Sea_Eagle/bird_frames_pure_oowashi_20260504/b2eec3f4__frame_008720_bb01_t0363.70_conf0.997.jpg,2,Oowashi
tool_bird_class_train/Oowashi_Stellers_Sea_Eagle/bird_frames_pure_oowashi_20260504/d1115f70__frame_041020_bb00_t1710.88_conf0.998.jpg,2,Oowashi
tool_bird_class_train/Oowashi_Stellers_Sea_Eagle/bird_frames_pure_oowashi_20260504/3cf2e325__frame_044190_bb02_t1843.09_conf1.000.jpg,2,Oowashi
tool_bird_class_train/Oowashi_Stellers_Sea_Eagle/bird_frames_pure_oowashi_20260504/3ee82129__frame_028730_bb00_t1198.28_conf0.998.jpg,2,Oowashi
tool_bird_class_train/Oowashi_Stellers_Sea_Eagle/ext_inat_20260504/inat_605780054_f85200bf.jpg,2,Oowashi
tool_bird_class_train/Oowashi_Stellers_Sea_Eagle/v5_train_v5_inat/333680461.jpg,2,Oowashi
tool_bird_class_train/Oowashi_Stellers_Sea_Eagle/bird_frames_pure_oowashi_20260504/d5c9304b__frame_019760_bb00_t0824.16_conf0.998.jpg,2,Oowashi
tool_bird_class_train/Oowashi_Stellers_Sea_Eagle/ext_wikimedia_20260504/wm_cfe6cbfa1f5a.jpg,2,Oowashi
tool_bird_class_train/Oowashi_Stellers_Sea_Eagle/bird_frames_pure_oowashi_20260504/3cf2e325__frame_032830_bb00_t1369.28_conf1.000.jpg,2,Oowashi
tool_bird_class_train/Oowashi_Stellers_Sea_Eagle/v5_ds_beta_bird/63814323.jpg,2,Oowashi
tool_bird_class_train/Oowashi_Stellers_Sea_Eagle/ext_wikimedia_20260504/wm_477119259f20.jpg,2,Oowashi
tool_bird_class_train/Oowashi_Stellers_Sea_Eagle/bird_frames_pure_oowashi_20260504/0b68a0b5__frame_014000_bb00_t0583.92_conf0.998.jpg,2,Oowashi
tool_bird_class_train/Oowashi_Stellers_Sea_Eagle/bird_frames_pure_oowashi_20260504/8c3a2f11__frame_026920_bb04_t1122.79_conf0.998.jpg,2,Oowashi
tool_bird_class_train/Oowashi_Stellers_Sea_Eagle/ext_wikimedia_20260504/wm_4c9606688bdc.jpg,2,Oowashi
tool_bird_class_train/Oowashi_Stellers_Sea_Eagle/bird_frames_pure_oowashi_20260504/cb471018__frame_017320_bb00_t0722.39_conf0.997.jpg,2,Oowashi
tool_bird_class_train/Oowashi_Stellers_Sea_Eagle/frame_016670_bb03_t0695.28_conf0.994.jpg,2,Oowashi
tool_bird_class_train/Oowashi_Stellers_Sea_Eagle/bird_frames_pure_oowashi_20260504/954ff94e__frame_021490_bb00_t0896.31_conf0.997.jpg,2,Oowashi
tool_bird_class_train/Oowashi_Stellers_Sea_Eagle/ext_wikimedia_20260504/wm_e94a2756e4e1.jpg,2,Oowashi
tool_bird_class_train/Oowashi_Stellers_Sea_Eagle/frame_043440_bb00_t1811.81_conf0.989.jpg,2,Oowashi
tool_bird_class_train/Oowashi_Stellers_Sea_Eagle/frame_019750_bb00_t0823.74_conf0.979.jpg,2,Oowashi
tool_bird_class_train/Oowashi_Stellers_Sea_Eagle/bird_frames_pure_oowashi_20260504/2d7d6696__frame_007310_bb00_t0304.89_conf0.986.jpg,2,Oowashi
tool_bird_class_train/Oowashi_Stellers_Sea_Eagle/frame_021870_bb01_t0912.16_conf0.963.jpg,2,Oowashi
tool_bird_class_train/Oowashi_Stellers_Sea_Eagle/frame_038630_bb00_t1611.19_conf0.990.jpg,2,Oowashi
tool_bird_class_train/Oowashi_Stellers_Sea_Eagle/bird_frames_pure_oowashi_20260504/354441cb__frame_017160_bb00_t0715.71_conf0.997.jpg,2,Oowashi
tool_bird_class_train/Oowashi_Stellers_Sea_Eagle/v5_ds_beta_bird/232850583.jpg,2,Oowashi
tool_bird_class_train/Oowashi_Stellers_Sea_Eagle/ext_wikimedia_20260504/wm_75db87669616.jpg,2,Oowashi
tool_bird_class_train/Oowashi_Stellers_Sea_Eagle/ext_wikimedia_20260504/wm_69ede74ceb11.jpg,2,Oowashi
tool_bird_class_train/Oowashi_Stellers_Sea_Eagle/bird_frames_pure_oowashi_20260504/33ae26f1__frame_018180_bb00_t0758.26_conf0.997.jpg,2,Oowashi
tool_bird_class_train/Oowashi_Stellers_Sea_Eagle/bird_frames_pure_oowashi_20260504/0b68a0b5__frame_026560_bb00_t1107.77_conf0.998.jpg,2,Oowashi
tool_bird_class_train/Oowashi_Stellers_Sea_Eagle/bird_frames_pure_oowashi_20260504/dc3bcf2b__frame_007730_bb00_t0322.41_conf0.992.jpg,2,Oowashi
tool_bird_class_train/Oowashi_Stellers_Sea_Eagle/bird_frames_pure_oowashi_20260504/d33c0305__frame_013530_bb00_t0564.31_conf1.000.jpg,2,Oowashi
tool_bird_class_train/Oowashi_Stellers_Sea_Eagle/v5_train_v5_inat/292288229.jpg,2,Oowashi
tool_bird_class_train/Oowashi_Stellers_Sea_Eagle/bird_frames_pure_oowashi_20260504/d1115f70__frame_042980_bb00_t1792.62_conf1.000.jpg,2,Oowashi
tool_bird_class_train/Oowashi_Stellers_Sea_Eagle/bird_frames_pure_oowashi_20260504/8c3a2f11__frame_013200_bb00_t0550.55_conf0.998.jpg,2,Oowashi
tool_bird_class_train/Oowashi_Stellers_Sea_Eagle/bird_frames_pure_oowashi_20260504/d5c9304b__frame_017260_bb00_t0719.89_conf0.997.jpg,2,Oowashi
tool_bird_class_train/Oowashi_Stellers_Sea_Eagle/ext_wikimedia_20260504/wm_596e6895cbdb.jpg,2,Oowashi
tool_bird_class_train/Oowashi_Stellers_Sea_Eagle/ext_wikimedia_20260504/wm_9ccae1af0681.jpg,2,Oowashi
tool_bird_class_train/Oowashi_Stellers_Sea_Eagle/ext_wikimedia_20260504/wm_041bd66429cd.jpg,2,Oowashi
tool_bird_class_train/Oowashi_Stellers_Sea_Eagle/ext_wikimedia_20260504/wm_04714f51a100.jpg,2,Oowashi
tool_bird_class_train/Oowashi_Stellers_Sea_Eagle/bird_frames_pure_oowashi_20260504/cb471018__frame_022700_bb00_t0946.78_conf0.997.jpg,2,Oowashi
tool_bird_class_train/Oowashi_Stellers_Sea_Eagle/ext_wikimedia_20260504/wm_5aea2c707268.jpg,2,Oowashi
tool_bird_class_train/Oowashi_Stellers_Sea_Eagle/v5_ds_beta_bird/oowasiP.jpg,2,Oowashi
tool_bird_class_train/Oowashi_Stellers_Sea_Eagle/bird_frames_pure_oowashi_20260504/dc3bcf2b__frame_014790_bb00_t0616.87_conf0.998.jpg,2,Oowashi
tool_bird_class_train/Oowashi_Stellers_Sea_Eagle/bird_frames_pure_oowashi_20260504/954ff94e__frame_021480_bb00_t0895.89_conf0.997.jpg,2,Oowashi
tool_bird_class_train/Oowashi_Stellers_Sea_Eagle/ext_wikimedia_20260504/wm_cb2f0921bbe1.jpg,2,Oowashi
tool_bird_class_train/Oowashi_Stellers_Sea_Eagle/v5_ds_beta_bird/73984585.jpg,2,Oowashi
tool_bird_class_train/Oowashi_Stellers_Sea_Eagle/bird_frames_pure_oowashi_20260504/c83cffa8__frame_038680_bb00_t1613.28_conf0.998.jpg,2,Oowashi
tool_bird_class_train/Oowashi_Stellers_Sea_Eagle/bird_frames_pure_oowashi_20260504/8f06c527__frame_017900_bb02_t0746.58_conf0.995.jpg,2,Oowashi
tool_bird_class_train/Oowashi_Stellers_Sea_Eagle/bird_frames_pure_oowashi_20260504/e6c95a53__frame_012560_bb00_t0523.86_conf0.989.jpg,2,Oowashi
tool_bird_class_train/Oowashi_Stellers_Sea_Eagle/bird_frames_pure_oowashi_20260504/4d49e9f6__frame_007120_bb00_t0296.96_conf1.000.jpg,2,Oowashi
tool_bird_class_train/Oowashi_Stellers_Sea_Eagle/bird_frames_pure_oowashi_20260504/a45d9fc9__frame_017440_bb00_t0727.39_conf0.997.jpg,2,Oowashi
tool_bird_class_train/Oowashi_Stellers_Sea_Eagle/v5_ds_beta_bird/123175453.jpg,2,Oowashi
tool_bird_class_train/Oowashi_Stellers_Sea_Eagle/bird_frames_pure_oowashi_20260504/cb471018__frame_026550_bb00_t1107.36_conf0.997.jpg,2,Oowashi
tool_bird_class_train/Oowashi_Stellers_Sea_Eagle/frame_016620_bb02_t0693.19_conf0.992.jpg,2,Oowashi
tool_bird_class_train/Oowashi_Stellers_Sea_Eagle/bird_frames_pure_oowashi_20260504/8f06c527__frame_020270_bb00_t0845.43_conf0.995.jpg,2,Oowashi
tool_bird_class_train/Oowashi_Stellers_Sea_Eagle/ext_inat_20260504/inat_364088311_e6656137.jpg,2,Oowashi
tool_bird_class_train/Oowashi_Stellers_Sea_Eagle/bird_frames_pure_oowashi_20260504/4d1f9966__frame_016170_bb00_t0674.42_conf0.978.jpg,2,Oowashi
tool_bird_class_train/Oowashi_Stellers_Sea_Eagle/frame_021140_bb00_t0881.71_conf0.994.jpg,2,Oowashi
tool_bird_class_train/Oowashi_Stellers_Sea_Eagle/bird_frames_pure_oowashi_20260504/2d7d6696__frame_006930_bb00_t0289.04_conf0.990.jpg,2,Oowashi
tool_bird_class_train/Oowashi_Stellers_Sea_Eagle/bird_frames_pure_oowashi_20260504/d1115f70__frame_042920_bb00_t1790.12_conf0.998.jpg,2,Oowashi
tool_bird_class_train/Oowashi_Stellers_Sea_Eagle/bird_frames_pure_oowashi_20260504/b2eec3f4__frame_013030_bb01_t0543.46_conf0.998.jpg,2,Oowashi
tool_bird_class_train/Oowashi_Stellers_Sea_Eagle/ext_wikimedia_20260504/wm_c8e77eef44ae.jpg,2,Oowashi
tool_bird_class_train/Oowashi_Stellers_Sea_Eagle/ext_wikimedia_20260504/wm_d1539b1185f3.jpg,2,Oowashi
tool_bird_class_train/Oowashi_Stellers_Sea_Eagle/ext_inat_20260504/inat_181959747_198ef7d8.jpg,2,Oowashi
tool_bird_class_train/Oowashi_Stellers_Sea_Eagle/bird_frames_pure_oowashi_20260504/c300095d__frame_016180_bb00_t0674.84_conf0.992.jpg,2,Oowashi
tool_bird_class_train/Oowashi_Stellers_Sea_Eagle/ext_wikimedia_20260504/wm_bea513bc8fb5.jpg,2,Oowashi
tool_bird_class_train/Oowashi_Stellers_Sea_Eagle/ext_wikimedia_20260504/wm_fff54a1c724f.jpg,2,Oowashi
tool_bird_class_train/Oowashi_Stellers_Sea_Eagle/frame_015660_bb00_t0653.15_conf0.992.jpg,2,Oowashi
tool_bird_class_train/Oowashi_Stellers_Sea_Eagle/frame_019820_bb02_t0826.66_conf0.998.jpg,2,Oowashi
tool_bird_class_train/Oowashi_Stellers_Sea_Eagle/ext_wikimedia_20260504/wm_4fa103daf004.jpg,2,Oowashi
tool_bird_class_train/Oowashi_Stellers_Sea_Eagle/bird_frames_pure_oowashi_20260504/ed31ce54__frame_019820_bb00_t0826.66_conf0.987.jpg,2,Oowashi
tool_bird_class_train/Oowashi_Stellers_Sea_Eagle/bird_frames_pure_oowashi_20260504/cd92b757__frame_018590_bb00_t0775.36_conf0.998.jpg,2,Oowashi
tool_bird_class_train/Oowashi_Stellers_Sea_Eagle/v5_ds_beta_bird/oowasi068.jpg,2,Oowashi
tool_bird_class_train/Oowashi_Stellers_Sea_Eagle/bird_frames_pure_oowashi_20260504/33ae26f1__frame_018140_bb00_t0756.59_conf0.997.jpg,2,Oowashi
tool_bird_class_train/Oowashi_Stellers_Sea_Eagle/v5_ds_beta_bird/63814295.jpg,2,Oowashi
tool_bird_class_train/Oowashi_Stellers_Sea_Eagle/bird_frames_pure_oowashi_20260504/a45d9fc9__frame_020170_bb00_t0841.26_conf1.000.jpg,2,Oowashi
tool_bird_class_train/Oowashi_Stellers_Sea_Eagle/bird_frames_pure_oowashi_20260504/cb471018__frame_028600_bb00_t1192.86_conf0.997.jpg,2,Oowashi
tool_bird_class_train/Oowashi_Stellers_Sea_Eagle/frame_016810_bb00_t0701.12_conf0.976.jpg,2,Oowashi
tool_bird_class_train/Oowashi_Stellers_Sea_Eagle/bird_frames_pure_oowashi_20260504/d1115f70__frame_041850_bb00_t1745.49_conf0.998.jpg,2,Oowashi
tool_bird_class_train/Oowashi_Stellers_Sea_Eagle/bird_frames_pure_oowashi_20260504/d5c9304b__frame_015520_bb00_t0647.31_conf0.997.jpg,2,Oowashi
tool_bird_class_train/Oowashi_Stellers_Sea_Eagle/bird_frames_pure_oowashi_20260504/b36610f1__frame_013010_bb00_t0542.63_conf0.994.jpg,2,Oowashi
tool_bird_class_train/Oowashi_Stellers_Sea_Eagle/bird_frames_pure_oowashi_20260504/bdb9e3fa__frame_007010_bb00_t0292.38_conf0.963.jpg,2,Oowashi
tool_bird_class_train/Oowashi_Stellers_Sea_Eagle/ext_inat_20260504/inat_477844918_35d787ee.jpg,2,Oowashi
tool_bird_class_train/Oowashi_Stellers_Sea_Eagle/bird_frames_pure_oowashi_20260504/3cf2e325__frame_037960_bb01_t1583.25_conf1.000.jpg,2,Oowashi
tool_bird_class_train/Oowashi_Stellers_Sea_Eagle/v5_ds_beta_bird/106651742.jpg,2,Oowashi
tool_bird_class_train/Oowashi_Stellers_Sea_Eagle/ext_wikimedia_20260504/wm_cf69078802da.jpg,2,Oowashi
tool_bird_class_train/Oowashi_Stellers_Sea_Eagle/ext_wikimedia_20260504/wm_110aa271de06.jpg,2,Oowashi
tool_bird_class_train/Oowashi_Stellers_Sea_Eagle/bird_frames_pure_oowashi_20260504/d1115f70__frame_013880_bb00_t0578.91_conf1.000.jpg,2,Oowashi
tool_bird_class_train/Oowashi_Stellers_Sea_Eagle/bird_frames_pure_oowashi_20260504/d1115f70__frame_042660_bb00_t1779.28_conf0.998.jpg,2,Oowashi
tool_bird_class_train/Oowashi_Stellers_Sea_Eagle/bird_frames_pure_oowashi_20260504/33ae26f1__frame_018070_bb00_t0753.67_conf0.997.jpg,2,Oowashi
tool_bird_class_train/Oowashi_Stellers_Sea_Eagle/ext_wikimedia_20260504/wm_6c97898d1f78.jpg,2,Oowashi
tool_bird_class_train/Oowashi_Stellers_Sea_Eagle/frame_024310_bb00_t1013.93_conf0.997.jpg,2,Oowashi
tool_bird_class_train/Oowashi_Stellers_Sea_Eagle/v5_ds_beta_bird/192251818.jpg,2,Oowashi
tool_bird_class_train/Oowashi_Stellers_Sea_Eagle/bird_frames_pure_oowashi_20260504/d33c0305__frame_013440_bb00_t0560.56_conf0.998.jpg,2,Oowashi
tool_bird_class_train/Oowashi_Stellers_Sea_Eagle/bird_frames_pure_oowashi_20260504/354441cb__frame_021450_bb00_t0894.64_conf0.997.jpg,2,Oowashi
tool_bird_class_train/Oowashi_Stellers_Sea_Eagle/ext_wikimedia_20260504/wm_301e4eaff3eb.jpg,2,Oowashi
tool_bird_class_train/Oowashi_Stellers_Sea_Eagle/bird_frames_pure_oowashi_20260504/e6c95a53__frame_012420_bb00_t0518.02_conf0.994.jpg,2,Oowashi
tool_bird_class_train/Oowashi_Stellers_Sea_Eagle/frame_016580_bb01_t0691.52_conf0.971.jpg,2,Oowashi
tool_bird_class_train/Oowashi_Stellers_Sea_Eagle/bird_frames_pure_oowashi_20260504/b2eec3f4__frame_021380_bb00_t0891.72_conf1.000.jpg,2,Oowashi
tool_bird_class_train/Oowashi_Stellers_Sea_Eagle/v5_ds_beta_bird/108551003.jpg,2,Oowashi
tool_bird_class_train/Oowashi_Stellers_Sea_Eagle/ext_wikimedia_20260504/wm_1f4f33afb63d.jpg,2,Oowashi
tool_bird_class_train/Oowashi_Stellers_Sea_Eagle/bird_frames_pure_oowashi_20260504/4d49e9f6__frame_007160_bb01_t0298.63_conf1.000.jpg,2,Oowashi
tool_bird_class_train/Oowashi_Stellers_Sea_Eagle/ext_wikimedia_20260504/wm_a1ee4c369851.jpg,2,Oowashi
tool_bird_class_train/Oowashi_Stellers_Sea_Eagle/frame_025090_bb00_t1046.46_conf0.946.jpg,2,Oowashi
tool_bird_class_train/Oowashi_Stellers_Sea_Eagle/ext_wikimedia_20260504/wm_c18331c35866.jpg,2,Oowashi
tool_bird_class_train/Oowashi_Stellers_Sea_Eagle/bird_frames_pure_oowashi_20260504/c83cffa8__frame_007710_bb00_t0321.57_conf0.997.jpg,2,Oowashi
tool_bird_class_train/Oowashi_Stellers_Sea_Eagle/ext_wikimedia_20260504/wm_0f2b846e7c8f.jpg,2,Oowashi
tool_bird_class_train/Oowashi_Stellers_Sea_Eagle/bird_frames_pure_oowashi_20260504/523aa2cf__frame_019910_bb00_t0830.41_conf0.997.jpg,2,Oowashi
tool_bird_class_train/Oowashi_Stellers_Sea_Eagle/bird_frames_pure_oowashi_20260504/8c3a2f11__frame_027970_bb00_t1166.58_conf1.000.jpg,2,Oowashi
tool_bird_class_train/Oowashi_Stellers_Sea_Eagle/ext_wikimedia_20260504/wm_1ae1666fc00b.jpg,2,Oowashi
tool_bird_class_train/Oowashi_Stellers_Sea_Eagle/bird_frames_pure_oowashi_20260504/a45d9fc9__frame_019450_bb00_t0811.23_conf1.000.jpg,2,Oowashi
tool_bird_class_train/Oowashi_Stellers_Sea_Eagle/bird_frames_pure_oowashi_20260504/354441cb__frame_015380_bb00_t0641.47_conf0.998.jpg,2,Oowashi
tool_bird_class_train/Oowashi_Stellers_Sea_Eagle/bird_frames_pure_oowashi_20260504/c300095d__frame_027520_bb00_t1147.81_conf1.000.jpg,2,Oowashi
tool_bird_class_train/Oowashi_Stellers_Sea_Eagle/ext_wikimedia_20260504/wm_16816b4515fc.jpg,2,Oowashi
tool_bird_class_train/Oowashi_Stellers_Sea_Eagle/ext_inat_20260504/inat_477842223_909de545.jpg,2,Oowashi
tool_bird_class_train/Oowashi_Stellers_Sea_Eagle/bird_frames_pure_oowashi_20260504/33ae26f1__frame_013740_bb00_t0573.07_conf0.997.jpg,2,Oowashi
tool_bird_class_train/Oowashi_Stellers_Sea_Eagle/v5_ds_beta_bird/63814310.jpg,2,Oowashi
tool_bird_class_train/Oowashi_Stellers_Sea_Eagle/frame_023490_bb01_t0979.73_conf1.000.jpg,2,Oowashi
tool_bird_class_train/Oowashi_Stellers_Sea_Eagle/ext_wikimedia_20260504/wm_5b4d27ff74b8.jpg,2,Oowashi
tool_bird_class_train/Oowashi_Stellers_Sea_Eagle/bird_frames_pure_oowashi_20260504/cd92b757__frame_011100_bb00_t0462.96_conf0.998.jpg,2,Oowashi
tool_bird_class_train/Oowashi_Stellers_Sea_Eagle/frame_023530_bb00_t0981.40_conf0.963.jpg,2,Oowashi
tool_bird_class_train/Oowashi_Stellers_Sea_Eagle/ext_inat_20260504/inat_102482302_7fb2d804.jpg,2,Oowashi
tool_bird_class_train/Oowashi_Stellers_Sea_Eagle/bird_frames_pure_oowashi_20260504/954ff94e__frame_025690_bb00_t1071.49_conf0.997.jpg,2,Oowashi
tool_bird_class_train/Oowashi_Stellers_Sea_Eagle/ext_wikimedia_20260504/wm_6db844880899.jpg,2,Oowashi
tool_bird_class_train/Oowashi_Stellers_Sea_Eagle/bird_frames_pure_oowashi_20260504/c300095d__frame_005820_bb00_t0242.74_conf0.992.jpg,2,Oowashi
tool_bird_class_train/Oowashi_Stellers_Sea_Eagle/v5_ds_beta_bird/oowasiH.jpg,2,Oowashi
tool_bird_class_train/Oowashi_Stellers_Sea_Eagle/v5_ds_beta_bird/73984584.jpg,2,Oowashi
tool_bird_class_train/Oowashi_Stellers_Sea_Eagle/ext_wikimedia_20260504/wm_27a7e4de679b.jpg,2,Oowashi
tool_bird_class_train/Oowashi_Stellers_Sea_Eagle/bird_frames_pure_oowashi_20260504/c83cffa8__frame_022590_bb00_t0942.19_conf1.000.jpg,2,Oowashi
tool_bird_class_train/Oowashi_Stellers_Sea_Eagle/bird_frames_pure_oowashi_20260504/523aa2cf__frame_017680_bb00_t0737.40_conf0.995.jpg,2,Oowashi
tool_bird_class_train/Oowashi_Stellers_Sea_Eagle/bird_frames_pure_oowashi_20260504/2d7d6696__frame_007590_bb00_t0316.57_conf0.987.jpg,2,Oowashi
tool_bird_class_train/Oowashi_Stellers_Sea_Eagle/bird_frames_pure_oowashi_20260504/8f06c527__frame_016780_bb00_t0699.87_conf0.997.jpg,2,Oowashi
tool_bird_class_train/Oowashi_Stellers_Sea_Eagle/ext_wikimedia_20260504/wm_0b4796e6e6ff.jpg,2,Oowashi
tool_bird_class_train/Oowashi_Stellers_Sea_Eagle/ext_wikimedia_20260504/wm_a8e809b09074.jpg,2,Oowashi
tool_bird_class_train/Oowashi_Stellers_Sea_Eagle/bird_frames_pure_oowashi_20260504/8c3a2f11__frame_026900_bb00_t1121.95_conf0.998.jpg,2,Oowashi
tool_bird_class_train/Oowashi_Stellers_Sea_Eagle/v5_ds_beta_bird/269990400.jpg,2,Oowashi
tool_bird_class_train/Oowashi_Stellers_Sea_Eagle/bird_frames_pure_oowashi_20260504/954ff94e__frame_021730_bb00_t0906.32_conf0.998.jpg,2,Oowashi
tool_bird_class_train/Oowashi_Stellers_Sea_Eagle/v5_ds_beta_bird/339174520.jpg,2,Oowashi
tool_bird_class_train/Oowashi_Stellers_Sea_Eagle/bird_frames_pure_oowashi_20260504/c83cffa8__frame_030480_bb02_t1271.27_conf0.998.jpg,2,Oowashi
tool_bird_class_train/Oowashi_Stellers_Sea_Eagle/bird_frames_pure_oowashi_20260504/4d1f9966__frame_016330_bb00_t0681.10_conf0.990.jpg,2,Oowashi
tool_bird_class_train/Oowashi_Stellers_Sea_Eagle/bird_frames_pure_oowashi_20260504/f26b689b__frame_017310_bb00_t0721.97_conf0.992.jpg,2,Oowashi
tool_bird_class_train/Oowashi_Stellers_Sea_Eagle/frame_015590_bb00_t0650.23_conf0.992.jpg,2,Oowashi
tool_bird_class_train/Oowashi_Stellers_Sea_Eagle/bird_frames_pure_oowashi_20260504/751cf927__frame_023500_bb00_t0980.15_conf0.997.jpg,2,Oowashi
tool_bird_class_train/Oowashi_Stellers_Sea_Eagle/bird_frames_pure_oowashi_20260504/d0805753__frame_031500_bb00_t1313.81_conf0.998.jpg,2,Oowashi
tool_bird_class_train/Oowashi_Stellers_Sea_Eagle/v5_ds_beta_bird/oowasi030.jpg,2,Oowashi
tool_bird_class_train/Oowashi_Stellers_Sea_Eagle/ext_wikimedia_20260504/wm_baecd4a32849.jpg,2,Oowashi
tool_bird_class_train/Oowashi_Stellers_Sea_Eagle/frame_041190_bb00_t1717.97_conf0.997.jpg,2,Oowashi
tool_bird_class_train/Oowashi_Stellers_Sea_Eagle/bird_frames_pure_oowashi_20260504/751cf927__frame_023140_bb00_t0965.13_conf0.998.jpg,2,Oowashi
tool_bird_class_train/Oowashi_Stellers_Sea_Eagle/ext_wikimedia_20260504/wm_ed09a36fc020.jpg,2,Oowashi
tool_bird_class_train/Oowashi_Stellers_Sea_Eagle/ext_wikimedia_20260504/wm_89af5440d8b5.jpg,2,Oowashi
tool_bird_class_train/Oowashi_Stellers_Sea_Eagle/ext_wikimedia_20260504/wm_de48bd55becc.jpg,2,Oowashi
tool_bird_class_train/Oowashi_Stellers_Sea_Eagle/v5_ds_beta_bird/104140276.jpg,2,Oowashi
tool_bird_class_train/Oowashi_Stellers_Sea_Eagle/ext_wikimedia_20260504/wm_318be91ec5b1.jpg,2,Oowashi
tool_bird_class_train/Oowashi_Stellers_Sea_Eagle/ext_wikimedia_20260504/wm_4066d304ebfa.jpg,2,Oowashi
tool_bird_class_train/Oowashi_Stellers_Sea_Eagle/bird_frames_pure_oowashi_20260504/8f06c527__frame_012260_bb00_t0511.34_conf0.994.jpg,2,Oowashi
tool_bird_class_train/Oowashi_Stellers_Sea_Eagle/bird_frames_pure_oowashi_20260504/8c3a2f11__frame_013190_bb00_t0550.13_conf0.997.jpg,2,Oowashi
tool_bird_class_train/Oowashi_Stellers_Sea_Eagle/bird_frames_pure_oowashi_20260504/3ee82129__frame_029010_bb00_t1209.96_conf0.997.jpg,2,Oowashi
tool_bird_class_train/Oowashi_Stellers_Sea_Eagle/bird_frames_pure_oowashi_20260504/cd92b757__frame_011240_bb00_t0468.80_conf0.998.jpg,2,Oowashi
tool_bird_class_train/Oowashi_Stellers_Sea_Eagle/ext_wikimedia_20260504/wm_3e266bdc3874.jpg,2,Oowashi
tool_bird_class_train/Oowashi_Stellers_Sea_Eagle/ext_wikimedia_20260504/wm_c0a5bf3f98dc.jpg,2,Oowashi
tool_bird_class_train/Oowashi_Stellers_Sea_Eagle/bird_frames_pure_oowashi_20260504/845670df__frame_009620_bb00_t0401.23_conf0.976.jpg,2,Oowashi
tool_bird_class_train/Oowashi_Stellers_Sea_Eagle/bird_frames_pure_oowashi_20260504/2d7d6696__frame_010920_bb00_t0455.45_conf0.987.jpg,2,Oowashi
tool_bird_class_train/Oowashi_Stellers_Sea_Eagle/ext_inat_20260504/inat_486338550_284fe6b3.jpg,2,Oowashi
tool_bird_class_train/Oowashi_Stellers_Sea_Eagle/bird_frames_pure_oowashi_20260504/954ff94e__frame_033090_bb00_t1380.13_conf1.000.jpg,2,Oowashi
tool_bird_class_train/Oowashi_Stellers_Sea_Eagle/frame_016550_bb01_t0690.27_conf0.986.jpg,2,Oowashi
tool_bird_class_train/Oowashi_Stellers_Sea_Eagle/ext_inat_20260504/inat_252459612_9ebebbec.jpg,2,Oowashi
tool_bird_class_train/Oowashi_Stellers_Sea_Eagle/frame_016790_bb00_t0700.28_conf0.995.jpg,2,Oowashi
tool_bird_class_train/Oowashi_Stellers_Sea_Eagle/bird_frames_pure_oowashi_20260504/751cf927__frame_023020_bb00_t0960.13_conf0.997.jpg,2,Oowashi
tool_bird_class_train/Oowashi_Stellers_Sea_Eagle/frame_011130_bb00_t0371.37_conf0.965.jpg,2,Oowashi
tool_bird_class_train/Oowashi_Stellers_Sea_Eagle/bird_frames_pure_oowashi_20260504/bdb9e3fa__frame_005150_bb00_t0214.80_conf0.984.jpg,2,Oowashi
tool_bird_class_train/Oowashi_Stellers_Sea_Eagle/ext_wikimedia_20260504/wm_1f8bb2c267ef.jpg,2,Oowashi
tool_bird_class_train/Oowashi_Stellers_Sea_Eagle/bird_frames_pure_oowashi_20260504/cb471018__frame_020190_bb00_t0842.09_conf0.997.jpg,2,Oowashi
tool_bird_class_train/Oowashi_Stellers_Sea_Eagle/bird_frames_pure_oowashi_20260504/4c78b51a__frame_009490_bb00_t0395.81_conf0.994.jpg,2,Oowashi
tool_bird_class_train/Oowashi_Stellers_Sea_Eagle/v5_ds_beta_bird/206240636.jpg,2,Oowashi
tool_bird_class_train/Oowashi_Stellers_Sea_Eagle/bird_frames_pure_oowashi_20260504/4c78b51a__frame_020160_bb00_t0840.84_conf0.995.jpg,2,Oowashi
tool_bird_class_train/Oowashi_Stellers_Sea_Eagle/v5_ds_beta_bird/oowasi050.jpg,2,Oowashi
tool_bird_class_train/Oowashi_Stellers_Sea_Eagle/bird_frames_pure_oowashi_20260504/d0805753__frame_017670_bb00_t0736.99_conf0.995.jpg,2,Oowashi
tool_bird_class_train/Oowashi_Stellers_Sea_Eagle/bird_frames_pure_oowashi_20260504/4d1f9966__frame_016280_bb00_t0679.01_conf0.997.jpg,2,Oowashi
tool_bird_class_train/Oowashi_Stellers_Sea_Eagle/bird_frames_pure_oowashi_20260504/33ae26f1__frame_010440_bb01_t0435.43_conf0.995.jpg,2,Oowashi
tool_bird_class_train/Oowashi_Stellers_Sea_Eagle/ext_wikimedia_20260504/wm_fe1dcefd311c.jpg,2,Oowashi
tool_bird_class_train/Oowashi_Stellers_Sea_Eagle/v5_ds_beta_bird/oowasiO.jpg,2,Oowashi
tool_bird_class_train/Oowashi_Stellers_Sea_Eagle/ext_wikimedia_20260504/wm_945e3a433c88.jpg,2,Oowashi
tool_bird_class_train/Oowashi_Stellers_Sea_Eagle/frame_042840_bb00_t1786.78_conf0.997.jpg,2,Oowashi
tool_bird_class_train/Oowashi_Stellers_Sea_Eagle/frame_024530_bb00_t1023.11_conf0.979.jpg,2,Oowashi
tool_bird_class_train/Oowashi_Stellers_Sea_Eagle/bird_frames_pure_oowashi_20260504/4c78b51a__frame_007200_bb00_t0300.30_conf0.998.jpg,2,Oowashi
tool_bird_class_train/Oowashi_Stellers_Sea_Eagle/v5_gt_critical/351405568.jpg,2,Oowashi
tool_bird_class_train/Oowashi_Stellers_Sea_Eagle/bird_frames_pure_oowashi_20260504/ed31ce54__frame_015210_bb00_t0634.38_conf0.998.jpg,2,Oowashi
tool_bird_class_train/Oowashi_Stellers_Sea_Eagle/bird_frames_pure_oowashi_20260504/751cf927__frame_042640_bb00_t1778.44_conf0.997.jpg,2,Oowashi
tool_bird_class_train/Oowashi_Stellers_Sea_Eagle/frame_016740_bb00_t0698.20_conf0.995.jpg,2,Oowashi
tool_bird_class_train/Oowashi_Stellers_Sea_Eagle/bird_frames_pure_oowashi_20260504/d33c0305__frame_013700_bb00_t0571.40_conf0.995.jpg,2,Oowashi
tool_bird_class_train/Oowashi_Stellers_Sea_Eagle/ext_inat_20260504/inat_485463728_e8d0b9a3.jpg,2,Oowashi
tool_bird_class_train/Oowashi_Stellers_Sea_Eagle/ext_inat_20260504/inat_175257294_cfe3daaa.jpg,2,Oowashi
tool_bird_class_train/Oowashi_Stellers_Sea_Eagle/bird_frames_pure_oowashi_20260504/b36610f1__frame_011620_bb00_t0484.65_conf0.989.jpg,2,Oowashi
tool_bird_class_train/Oowashi_Stellers_Sea_Eagle/frame_015460_bb00_t0644.81_conf0.995.jpg,2,Oowashi
tool_bird_class_train/Oowashi_Stellers_Sea_Eagle/bird_frames_pure_oowashi_20260504/751cf927__frame_032940_bb00_t1373.87_conf0.997.jpg,2,Oowashi
tool_bird_class_train/Oowashi_Stellers_Sea_Eagle/v5_ds_beta_bird/63813845.jpg,2,Oowashi
tool_bird_class_train/Oowashi_Stellers_Sea_Eagle/bird_frames_pure_oowashi_20260504/845670df__frame_014940_bb00_t0623.12_conf0.976.jpg,2,Oowashi
tool_bird_class_train/Oowashi_Stellers_Sea_Eagle/bird_frames_pure_oowashi_20260504/12c29cd5__frame_013160_bb00_t0548.88_conf0.998.jpg,2,Oowashi
tool_bird_class_train/Oowashi_Stellers_Sea_Eagle/frame_042340_bb00_t1765.93_conf0.989.jpg,2,Oowashi
tool_bird_class_train/Oowashi_Stellers_Sea_Eagle/bird_frames_pure_oowashi_20260504/cd92b757__frame_013530_bb00_t0564.31_conf0.998.jpg,2,Oowashi
tool_bird_class_train/Oowashi_Stellers_Sea_Eagle/bird_frames_pure_oowashi_20260504/cd92b757__frame_005890_bb00_t0245.66_conf0.997.jpg,2,Oowashi
tool_bird_class_train/Oowashi_Stellers_Sea_Eagle/v5_ds_beta_bird/265971402.jpg,2,Oowashi
tool_bird_class_train/Oowashi_Stellers_Sea_Eagle/frame_025200_bb00_t1051.05_conf0.992.jpg,2,Oowashi
tool_bird_class_train/Oowashi_Stellers_Sea_Eagle/bird_frames_pure_oowashi_20260504/d72a3a60__frame_017910_bb00_t0747.00_conf0.997.jpg,2,Oowashi
tool_bird_class_train/Oowashi_Stellers_Sea_Eagle/ext_wikimedia_20260504/wm_15e2f1fa2117.jpg,2,Oowashi
tool_bird_class_train/Oowashi_Stellers_Sea_Eagle/v5_ds_beta_bird/206240647.jpg,2,Oowashi
tool_bird_class_train/Oowashi_Stellers_Sea_Eagle/ext_wikimedia_20260504/wm_92994692ae9b.jpg,2,Oowashi
tool_bird_class_train/Oowashi_Stellers_Sea_Eagle/bird_frames_pure_oowashi_20260504/d33c0305__frame_016810_bb00_t0701.12_conf0.997.jpg,2,Oowashi
tool_bird_class_train/Oowashi_Stellers_Sea_Eagle/bird_frames_pure_oowashi_20260504/bdb9e3fa__frame_003750_bb00_t0156.41_conf0.978.jpg,2,Oowashi
tool_bird_class_train/Oowashi_Stellers_Sea_Eagle/ext_wikimedia_20260504/wm_550ca8b43400.jpg,2,Oowashi
tool_bird_class_train/Oowashi_Stellers_Sea_Eagle/bird_frames_pure_oowashi_20260504/d72a3a60__frame_009740_bb00_t0406.24_conf0.997.jpg,2,Oowashi
tool_bird_class_train/Oowashi_Stellers_Sea_Eagle/bird_frames_pure_oowashi_20260504/4c78b51a__frame_020090_bb00_t0837.92_conf0.995.jpg,2,Oowashi
tool_bird_class_train/Oowashi_Stellers_Sea_Eagle/bird_frames_pure_oowashi_20260504/c300095d__frame_021670_bb01_t0903.82_conf0.994.jpg,2,Oowashi
tool_bird_class_train/Oowashi_Stellers_Sea_Eagle/ext_inat_20260504/inat_2635422_b93fea0f.jpg,2,Oowashi
tool_bird_class_train/Oowashi_Stellers_Sea_Eagle/bird_frames_pure_oowashi_20260504/4d1f9966__frame_016090_bb00_t0671.09_conf0.994.jpg,2,Oowashi
tool_bird_class_train/Oowashi_Stellers_Sea_Eagle/ext_inat_20260504/inat_364082224_18414f20.jpg,2,Oowashi
tool_bird_class_train/Oowashi_Stellers_Sea_Eagle/bird_frames_pure_oowashi_20260504/d0805753__frame_018210_bb04_t0759.51_conf0.998.jpg,2,Oowashi
tool_bird_class_train/Oowashi_Stellers_Sea_Eagle/v5_ds_beta_bird/108227557.jpg,2,Oowashi
tool_bird_class_train/Oowashi_Stellers_Sea_Eagle/bird_frames_pure_oowashi_20260504/f26b689b__frame_017090_bb00_t0712.80_conf0.992.jpg,2,Oowashi
tool_bird_class_train/Oowashi_Stellers_Sea_Eagle/ext_wikimedia_20260504/wm_f73824f6da5b.jpg,2,Oowashi
tool_bird_class_train/Oowashi_Stellers_Sea_Eagle/ext_wikimedia_20260504/wm_4ea8f8e34053.jpg,2,Oowashi
tool_bird_class_train/Oowashi_Stellers_Sea_Eagle/bird_frames_pure_oowashi_20260504/cd92b757__frame_008470_bb00_t0353.27_conf0.998.jpg,2,Oowashi
tool_bird_class_train/Oowashi_Stellers_Sea_Eagle/bird_frames_pure_oowashi_20260504/bdb9e3fa__frame_004670_bb00_t0194.78_conf0.970.jpg,2,Oowashi
tool_bird_class_train/Oowashi_Stellers_Sea_Eagle/frame_028020_bb00_t1168.67_conf0.994.jpg,2,Oowashi
tool_bird_class_train/Oowashi_Stellers_Sea_Eagle/bird_frames_pure_oowashi_20260504/d0805753__frame_034750_bb02_t1449.36_conf1.000.jpg,2,Oowashi
tool_bird_class_train/Oowashi_Stellers_Sea_Eagle/bird_frames_pure_oowashi_20260504/845670df__frame_021360_bb00_t0890.89_conf0.992.jpg,2,Oowashi
tool_bird_class_train/Oowashi_Stellers_Sea_Eagle/ext_inat_20260504/inat_102482390_c1314cae.jpg,2,Oowashi
tool_bird_class_train/Oowashi_Stellers_Sea_Eagle/bird_frames_pure_oowashi_20260504/2d7d6696__frame_001350_bb00_t0056.31_conf0.986.jpg,2,Oowashi
tool_bird_class_train/Oowashi_Stellers_Sea_Eagle/bird_frames_pure_oowashi_20260504/751cf927__frame_032660_bb00_t1362.19_conf0.998.jpg,2,Oowashi
tool_bird_class_train/Oowashi_Stellers_Sea_Eagle/v5_ds_beta_bird/63814326.jpg,2,Oowashi
tool_bird_class_train/Oowashi_Stellers_Sea_Eagle/frame_015380_bb00_t0641.47_conf0.973.jpg,2,Oowashi
tool_bird_class_train/Oowashi_Stellers_Sea_Eagle/bird_frames_pure_oowashi_20260504/c300095d__frame_021620_bb01_t0901.73_conf0.989.jpg,2,Oowashi
tool_bird_class_train/Oowashi_Stellers_Sea_Eagle/bird_frames_pure_oowashi_20260504/dc3bcf2b__frame_010680_bb00_t0445.44_conf0.994.jpg,2,Oowashi
tool_bird_class_train/Oowashi_Stellers_Sea_Eagle/v5_ds_beta_bird/67391962.jpg,2,Oowashi
tool_bird_class_train/Oowashi_Stellers_Sea_Eagle/bird_frames_pure_oowashi_20260504/f26b689b__frame_010880_bb00_t0453.79_conf0.994.jpg,2,Oowashi
tool_bird_class_train/Oowashi_Stellers_Sea_Eagle/frame_042850_bb00_t1787.20_conf0.989.jpg,2,Oowashi
tool_bird_class_train/Oowashi_Stellers_Sea_Eagle/ext_wikimedia_20260504/wm_68e2c1991842.jpg,2,Oowashi
tool_bird_class_train/Oowashi_Stellers_Sea_Eagle/ext_wikimedia_20260504/wm_71f599fe93db.jpg,2,Oowashi
tool_bird_class_train/Oowashi_Stellers_Sea_Eagle/ext_inat_20260504/inat_114807374_481306e2.jpg,2,Oowashi
tool_bird_class_train/Oowashi_Stellers_Sea_Eagle/ext_wikimedia_20260504/wm_fd13c75cefb3.jpg,2,Oowashi
tool_bird_class_train/Oowashi_Stellers_Sea_Eagle/ext_wikimedia_20260504/wm_b1b56b478821.jpg,2,Oowashi
tool_bird_class_train/Oowashi_Stellers_Sea_Eagle/ext_wikimedia_20260504/wm_6b8196ccc707.jpg,2,Oowashi
tool_bird_class_train/Oowashi_Stellers_Sea_Eagle/bird_frames_pure_oowashi_20260504/4d49e9f6__frame_007150_bb00_t0298.21_conf0.997.jpg,2,Oowashi
tool_bird_class_train/Oowashi_Stellers_Sea_Eagle/ext_wikimedia_20260504/wm_03ad05d033a0.jpg,2,Oowashi
tool_bird_class_train/Oowashi_Stellers_Sea_Eagle/ext_wikimedia_20260504/wm_ccaf9b3beef4.jpg,2,Oowashi
tool_bird_class_train/Oowashi_Stellers_Sea_Eagle/v5_ds_beta_bird/63819926.jpg,2,Oowashi
tool_bird_class_train/Oowashi_Stellers_Sea_Eagle/ext_wikimedia_20260504/wm_07e5fbf6d5ec.jpg,2,Oowashi
tool_bird_class_train/Oowashi_Stellers_Sea_Eagle/bird_frames_pure_oowashi_20260504/b36610f1__frame_021350_bb00_t0890.47_conf0.995.jpg,2,Oowashi
tool_bird_class_train/Oowashi_Stellers_Sea_Eagle/frame_024510_bb00_t1022.27_conf0.986.jpg,2,Oowashi
tool_bird_class_train/Oowashi_Stellers_Sea_Eagle/ext_wikimedia_20260504/wm_1c16818c400f.jpg,2,Oowashi
tool_bird_class_train/Oowashi_Stellers_Sea_Eagle/bird_frames_pure_oowashi_20260504/d72a3a60__frame_013450_bb00_t0560.98_conf0.995.jpg,2,Oowashi
tool_bird_class_train/Oowashi_Stellers_Sea_Eagle/bird_frames_pure_oowashi_20260504/33ae26f1__frame_014840_bb01_t0618.95_conf0.995.jpg,2,Oowashi
tool_bird_class_train/Oowashi_Stellers_Sea_Eagle/frame_000100_bb00_t0003.34_conf0.982.jpg,2,Oowashi
tool_bird_class_train/Oowashi_Stellers_Sea_Eagle/ext_wikimedia_20260504/wm_83049db160cf.jpg,2,Oowashi
tool_bird_class_train/Oowashi_Stellers_Sea_Eagle/bird_frames_pure_oowashi_20260504/33ae26f1__frame_018190_bb00_t0758.67_conf0.997.jpg,2,Oowashi
tool_bird_class_train/Oowashi_Stellers_Sea_Eagle/bird_frames_pure_oowashi_20260504/ed31ce54__frame_015070_bb00_t0628.54_conf1.000.jpg,2,Oowashi
tool_bird_class_train/Oowashi_Stellers_Sea_Eagle/ext_wikimedia_20260504/wm_7e07f262b6f8.jpg,2,Oowashi
tool_bird_class_train/Oowashi_Stellers_Sea_Eagle/bird_frames_pure_oowashi_20260504/8c3a2f11__frame_008440_bb00_t0352.02_conf0.997.jpg,2,Oowashi
tool_bird_class_train/Oowashi_Stellers_Sea_Eagle/bird_frames_pure_oowashi_20260504/523aa2cf__frame_009140_bb00_t0381.21_conf0.994.jpg,2,Oowashi
tool_bird_class_train/Oowashi_Stellers_Sea_Eagle/v5_ds_beta_bird/oowasi038.jpg,2,Oowashi
tool_bird_class_train/Oowashi_Stellers_Sea_Eagle/bird_frames_pure_oowashi_20260504/4d49e9f6__frame_007260_bb00_t0302.80_conf1.000.jpg,2,Oowashi
tool_bird_class_train/Oowashi_Stellers_Sea_Eagle/ext_wikimedia_20260504/wm_a50927a61fbf.jpg,2,Oowashi
tool_bird_class_train/Oowashi_Stellers_Sea_Eagle/frame_028650_bb00_t1194.94_conf0.976.jpg,2,Oowashi
tool_bird_class_train/Oowashi_Stellers_Sea_Eagle/ext_wikimedia_20260504/wm_508a3c4f8308.jpg,2,Oowashi
tool_bird_class_train/Oowashi_Stellers_Sea_Eagle/bird_frames_pure_oowashi_20260504/2d7d6696__frame_007570_bb00_t0315.73_conf0.987.jpg,2,Oowashi
tool_bird_class_train/Oowashi_Stellers_Sea_Eagle/bird_frames_pure_oowashi_20260504/4d49e9f6__frame_026370_bb00_t1099.85_conf0.995.jpg,2,Oowashi
tool_bird_class_train/Oowashi_Stellers_Sea_Eagle/ext_wikimedia_20260504/wm_e23a14131ad0.jpg,2,Oowashi
tool_bird_class_train/Oowashi_Stellers_Sea_Eagle/ext_wikimedia_20260504/wm_787e3b83cc3e.jpg,2,Oowashi
tool_bird_class_train/Oowashi_Stellers_Sea_Eagle/v5_ds_beta_bird/oowasi062.jpg,2,Oowashi
tool_bird_class_train/Oowashi_Stellers_Sea_Eagle/ext_wikimedia_20260504/wm_70d56e68daa0.jpg,2,Oowashi
tool_bird_class_train/Oowashi_Stellers_Sea_Eagle/bird_frames_pure_oowashi_20260504/845670df__frame_023250_bb00_t0969.72_conf0.994.jpg,2,Oowashi
tool_bird_class_train/Oowashi_Stellers_Sea_Eagle/bird_frames_pure_oowashi_20260504/354441cb__frame_024040_bb00_t1002.67_conf0.997.jpg,2,Oowashi
tool_bird_class_train/Oowashi_Stellers_Sea_Eagle/ext_inat_20260504/inat_364735736_57ae35b2.jpg,2,Oowashi
tool_bird_class_train/Oowashi_Stellers_Sea_Eagle/frame_038370_bb00_t1600.35_conf0.992.jpg,2,Oowashi
tool_bird_class_train/Oowashi_Stellers_Sea_Eagle/v5_ds_beta_bird/266106162.jpg,2,Oowashi
tool_bird_class_train/Oowashi_Stellers_Sea_Eagle/v5_ds_beta_bird/oowasi042.jpg,2,Oowashi
tool_bird_class_train/Oowashi_Stellers_Sea_Eagle/v5_train_v5_inat/339172837.jpg,2,Oowashi
tool_bird_class_train/Oowashi_Stellers_Sea_Eagle/bird_frames_pure_oowashi_20260504/d72a3a60__frame_009490_bb01_t0395.81_conf0.998.jpg,2,Oowashi
tool_bird_class_train/Oowashi_Stellers_Sea_Eagle/bird_frames_pure_oowashi_20260504/c83cffa8__frame_017740_bb00_t0739.91_conf0.997.jpg,2,Oowashi
tool_bird_class_train/Oowashi_Stellers_Sea_Eagle/frame_025010_bb00_t1043.13_conf0.994.jpg,2,Oowashi
tool_bird_class_train/Oowashi_Stellers_Sea_Eagle/frame_016660_bb00_t0694.86_conf0.986.jpg,2,Oowashi
tool_bird_class_train/Oowashi_Stellers_Sea_Eagle/v5_ds_beta_bird/oowasiA.jpg,2,Oowashi
tool_bird_class_train/Oowashi_Stellers_Sea_Eagle/ext_inat_20260504/inat_629320018_30ae0b0a.jpg,2,Oowashi
tool_bird_class_train/Oowashi_Stellers_Sea_Eagle/bird_frames_pure_oowashi_20260504/2d7d6696__frame_001400_bb00_t0058.39_conf0.989.jpg,2,Oowashi
tool_bird_class_train/Oowashi_Stellers_Sea_Eagle/bird_frames_pure_oowashi_20260504/bdb9e3fa__frame_004710_bb00_t0196.45_conf0.990.jpg,2,Oowashi
tool_bird_class_train/Oowashi_Stellers_Sea_Eagle/frame_025570_bb00_t1066.48_conf0.982.jpg,2,Oowashi
tool_bird_class_train/Oowashi_Stellers_Sea_Eagle/ext_wikimedia_20260504/wm_5e2129e0ee8d.jpg,2,Oowashi
tool_bird_class_train/Oowashi_Stellers_Sea_Eagle/bird_frames_pure_oowashi_20260504/751cf927__frame_009150_bb00_t0381.63_conf0.997.jpg,2,Oowashi
tool_bird_class_train/Oowashi_Stellers_Sea_Eagle/frame_032730_bb00_t1365.11_conf0.992.jpg,2,Oowashi
tool_bird_class_train/Oowashi_Stellers_Sea_Eagle/ext_inat_20260504/inat_336820599_e9bd6afd.jpg,2,Oowashi
tool_bird_class_train/Oowashi_Stellers_Sea_Eagle/v5_ds_beta_bird/66157248.jpg,2,Oowashi
tool_bird_class_train/Oowashi_Stellers_Sea_Eagle/bird_frames_pure_oowashi_20260504/e6c95a53__frame_012400_bb00_t0517.18_conf0.987.jpg,2,Oowashi
tool_bird_class_train/Oowashi_Stellers_Sea_Eagle/bird_frames_pure_oowashi_20260504/b36610f1__frame_021500_bb00_t0896.73_conf0.998.jpg,2,Oowashi
tool_bird_class_train/Oowashi_Stellers_Sea_Eagle/bird_frames_pure_oowashi_20260504/f26b689b__frame_016940_bb00_t0706.54_conf0.995.jpg,2,Oowashi
tool_bird_class_train/Oowashi_Stellers_Sea_Eagle/bird_frames_pure_oowashi_20260504/c83cffa8__frame_016840_bb00_t0702.37_conf0.998.jpg,2,Oowashi
tool_bird_class_train/Oowashi_Stellers_Sea_Eagle/bird_frames_pure_oowashi_20260504/0b68a0b5__frame_024200_bb00_t1009.34_conf0.998.jpg,2,Oowashi
tool_bird_class_train/Oowashi_Stellers_Sea_Eagle/frame_024440_bb00_t1019.35_conf1.000.jpg,2,Oowashi
tool_bird_class_train/Oowashi_Stellers_Sea_Eagle/ext_inat_20260504/inat_102481704_730dc52c.jpg,2,Oowashi
tool_bird_class_train/Oowashi_Stellers_Sea_Eagle/bird_frames_pure_oowashi_20260504/b2eec3f4__frame_026010_bb00_t1084.83_conf1.000.jpg,2,Oowashi
tool_bird_class_train/Oowashi_Stellers_Sea_Eagle/bird_frames_pure_oowashi_20260504/b2eec3f4__frame_020700_bb04_t0863.36_conf0.998.jpg,2,Oowashi
tool_bird_class_train/Oowashi_Stellers_Sea_Eagle/bird_frames_pure_oowashi_20260504/d33c0305__frame_013640_bb00_t0568.90_conf0.995.jpg,2,Oowashi
tool_bird_class_train/Oowashi_Stellers_Sea_Eagle/frame_000410_bb00_t0013.68_conf0.994.jpg,2,Oowashi
tool_bird_class_train/Oowashi_Stellers_Sea_Eagle/bird_frames_pure_oowashi_20260504/dc3bcf2b__frame_016960_bb00_t0707.37_conf0.997.jpg,2,Oowashi
tool_bird_class_train/Oowashi_Stellers_Sea_Eagle/frame_015670_bb00_t0653.57_conf0.981.jpg,2,Oowashi
tool_bird_class_train/Oowashi_Stellers_Sea_Eagle/ext_wikimedia_20260504/wm_3dea847ec755.jpg,2,Oowashi
tool_bird_class_train/Oowashi_Stellers_Sea_Eagle/bird_frames_pure_oowashi_20260504/d0805753__frame_034560_bb00_t1441.44_conf0.998.jpg,2,Oowashi
tool_bird_class_train/Oowashi_Stellers_Sea_Eagle/v5_ds_beta_bird/339174526.jpg,2,Oowashi
tool_bird_class_train/Oowashi_Stellers_Sea_Eagle/bird_frames_pure_oowashi_20260504/cb471018__frame_017810_bb00_t0742.83_conf0.997.jpg,2,Oowashi
tool_bird_class_train/Oowashi_Stellers_Sea_Eagle/bird_frames_pure_oowashi_20260504/0b68a0b5__frame_043820_bb00_t1827.66_conf1.000.jpg,2,Oowashi
tool_bird_class_train/Oowashi_Stellers_Sea_Eagle/ext_wikimedia_20260504/wm_970f27aace1b.jpg,2,Oowashi
tool_bird_class_train/Oowashi_Stellers_Sea_Eagle/ext_wikimedia_20260504/wm_96633c383825.jpg,2,Oowashi
tool_bird_class_train/Oowashi_Stellers_Sea_Eagle/bird_frames_pure_oowashi_20260504/33ae26f1__frame_017950_bb00_t0748.66_conf0.998.jpg,2,Oowashi
tool_bird_class_train/Oowashi_Stellers_Sea_Eagle/bird_frames_pure_oowashi_20260504/f26b689b__frame_010910_bb00_t0455.04_conf0.995.jpg,2,Oowashi
tool_bird_class_train/Oowashi_Stellers_Sea_Eagle/bird_frames_pure_oowashi_20260504/0b68a0b5__frame_013300_bb00_t0554.72_conf0.998.jpg,2,Oowashi
tool_bird_class_train/Oowashi_Stellers_Sea_Eagle/bird_frames_pure_oowashi_20260504/d1115f70__frame_014890_bb00_t0621.04_conf0.997.jpg,2,Oowashi
tool_bird_class_train/Oowashi_Stellers_Sea_Eagle/bird_frames_pure_oowashi_20260504/c300095d__frame_016280_bb00_t0679.01_conf0.994.jpg,2,Oowashi
tool_bird_class_train/Oowashi_Stellers_Sea_Eagle/ext_wikimedia_20260504/wm_db7b1b2b3932.jpg,2,Oowashi
tool_bird_class_train/Oowashi_Stellers_Sea_Eagle/bird_frames_pure_oowashi_20260504/523aa2cf__frame_011170_bb00_t0465.88_conf0.998.jpg,2,Oowashi
tool_bird_class_train/Oowashi_Stellers_Sea_Eagle/ext_inat_20260504/inat_102482575_dd797e0c.jpg,2,Oowashi
tool_bird_class_train/Oowashi_Stellers_Sea_Eagle/bird_frames_pure_oowashi_20260504/751cf927__frame_009180_bb00_t0382.88_conf0.995.jpg,2,Oowashi
tool_bird_class_train/Oowashi_Stellers_Sea_Eagle/bird_frames_pure_oowashi_20260504/845670df__frame_023130_bb00_t0964.71_conf0.989.jpg,2,Oowashi
tool_bird_class_train/Oowashi_Stellers_Sea_Eagle/bird_frames_pure_oowashi_20260504/d72a3a60__frame_013190_bb01_t0550.13_conf0.994.jpg,2,Oowashi
tool_bird_class_train/Oowashi_Stellers_Sea_Eagle/bird_frames_pure_oowashi_20260504/e6c95a53__frame_012600_bb00_t0525.52_conf0.992.jpg,2,Oowashi
tool_bird_class_train/Oowashi_Stellers_Sea_Eagle/bird_frames_pure_oowashi_20260504/c300095d__frame_003560_bb00_t0148.48_conf1.000.jpg,2,Oowashi
tool_bird_class_train/Oowashi_Stellers_Sea_Eagle/v5_ds_beta_bird/oowasiD.jpg,2,Oowashi
tool_bird_class_train/Oowashi_Stellers_Sea_Eagle/bird_frames_pure_oowashi_20260504/0b68a0b5__frame_043560_bb00_t1816.81_conf1.000.jpg,2,Oowashi
tool_bird_class_train/Oowashi_Stellers_Sea_Eagle/bird_frames_pure_oowashi_20260504/b36610f1__frame_007130_bb00_t0297.38_conf0.994.jpg,2,Oowashi
tool_bird_class_train/Oowashi_Stellers_Sea_Eagle/bird_frames_pure_oowashi_20260504/d5c9304b__frame_015570_bb00_t0649.40_conf1.000.jpg,2,Oowashi
tool_bird_class_train/Oowashi_Stellers_Sea_Eagle/frame_042390_bb00_t1768.02_conf0.998.jpg,2,Oowashi
tool_bird_class_train/Oowashi_Stellers_Sea_Eagle/v5_ds_beta_bird/131278171.jpg,2,Oowashi
tool_bird_class_train/Oowashi_Stellers_Sea_Eagle/ext_wikimedia_20260504/wm_ebe8b57afa14.jpg,2,Oowashi
tool_bird_class_train/Oowashi_Stellers_Sea_Eagle/bird_frames_pure_oowashi_20260504/354441cb__frame_013040_bb00_t0543.88_conf0.997.jpg,2,Oowashi
tool_bird_class_train/Oowashi_Stellers_Sea_Eagle/bird_frames_pure_oowashi_20260504/4c78b51a__frame_006470_bb00_t0269.85_conf0.998.jpg,2,Oowashi
tool_bird_class_train/Oowashi_Stellers_Sea_Eagle/bird_frames_pure_oowashi_20260504/845670df__frame_014750_bb00_t0615.20_conf0.995.jpg,2,Oowashi
tool_bird_class_train/Oowashi_Stellers_Sea_Eagle/bird_frames_pure_oowashi_20260504/cd92b757__frame_008620_bb00_t0359.53_conf0.997.jpg,2,Oowashi
tool_bird_class_train/Oowashi_Stellers_Sea_Eagle/bird_frames_pure_oowashi_20260504/c83cffa8__frame_022410_bb00_t0934.68_conf0.998.jpg,2,Oowashi
tool_bird_class_train/Oowashi_Stellers_Sea_Eagle/bird_frames_pure_oowashi_20260504/8c3a2f11__frame_020610_bb00_t0859.61_conf0.997.jpg,2,Oowashi
tool_bird_class_train/Oowashi_Stellers_Sea_Eagle/bird_frames_pure_oowashi_20260504/523aa2cf__frame_018670_bb00_t0778.69_conf0.994.jpg,2,Oowashi
tool_bird_class_train/Oowashi_Stellers_Sea_Eagle/bird_frames_pure_oowashi_20260504/b36610f1__frame_011000_bb00_t0458.79_conf0.994.jpg,2,Oowashi
tool_bird_class_train/Oowashi_Stellers_Sea_Eagle/bird_frames_pure_oowashi_20260504/2d7d6696__frame_009050_bb00_t0377.46_conf0.998.jpg,2,Oowashi
tool_bird_class_train/Oowashi_Stellers_Sea_Eagle/bird_frames_pure_oowashi_20260504/3cf2e325__frame_045400_bb00_t1893.56_conf0.998.jpg,2,Oowashi
tool_bird_class_train/Oowashi_Stellers_Sea_Eagle/v5_ds_beta_bird/117501343.jpg,2,Oowashi
tool_bird_class_train/Oowashi_Stellers_Sea_Eagle/bird_frames_pure_oowashi_20260504/c300095d__frame_027490_bb00_t1146.56_conf0.989.jpg,2,Oowashi
tool_bird_class_train/Oowashi_Stellers_Sea_Eagle/ext_inat_20260504/inat_477840893_3d6db7e9.jpg,2,Oowashi
tool_bird_class_train/Oowashi_Stellers_Sea_Eagle/ext_wikimedia_20260504/wm_97cd8f3c7c51.jpg,2,Oowashi
tool_bird_class_train/Oowashi_Stellers_Sea_Eagle/bird_frames_pure_oowashi_20260504/a45d9fc9__frame_017410_bb00_t0726.14_conf0.997.jpg,2,Oowashi
tool_bird_class_train/Oowashi_Stellers_Sea_Eagle/ext_inat_20260504/inat_343050257_308bb9c3.jpg,2,Oowashi
tool_bird_class_train/Oowashi_Stellers_Sea_Eagle/ext_wikimedia_20260504/wm_eac7c046b144.jpg,2,Oowashi
tool_bird_class_train/Oowashi_Stellers_Sea_Eagle/ext_wikimedia_20260504/wm_da97bc18886a.jpg,2,Oowashi
tool_bird_class_train/Oowashi_Stellers_Sea_Eagle/ext_inat_20260504/inat_388687120_6c091fa8.jpg,2,Oowashi
tool_bird_class_train/Oowashi_Stellers_Sea_Eagle/ext_wikimedia_20260504/wm_b53bbe6d2e2c.jpg,2,Oowashi
tool_bird_class_train/Oowashi_Stellers_Sea_Eagle/frame_000170_bb00_t0005.67_conf0.990.jpg,2,Oowashi
tool_bird_class_train/Oowashi_Stellers_Sea_Eagle/ext_inat_20260504/inat_486338312_da1add47.jpg,2,Oowashi
tool_bird_class_train/Oowashi_Stellers_Sea_Eagle/v5_ds_beta_bird/265980121.jpg,2,Oowashi
tool_bird_class_train/Oowashi_Stellers_Sea_Eagle/frame_025330_bb00_t1056.47_conf0.992.jpg,2,Oowashi
tool_bird_class_train/Oowashi_Stellers_Sea_Eagle/bird_frames_pure_oowashi_20260504/751cf927__frame_035050_bb00_t1461.88_conf0.998.jpg,2,Oowashi
tool_bird_class_train/Oowashi_Stellers_Sea_Eagle/ext_wikimedia_20260504/wm_16811a91c218.jpg,2,Oowashi
tool_bird_class_train/Oowashi_Stellers_Sea_Eagle/bird_frames_pure_oowashi_20260504/e6c95a53__frame_012930_bb00_t0539.29_conf0.990.jpg,2,Oowashi
tool_bird_class_train/Oowashi_Stellers_Sea_Eagle/ext_wikimedia_20260504/wm_63e85ef22f02.jpg,2,Oowashi
tool_bird_class_train/Oowashi_Stellers_Sea_Eagle/v5_ds_beta_bird/339174527.jpg,2,Oowashi
tool_bird_class_train/Oowashi_Stellers_Sea_Eagle/bird_frames_pure_oowashi_20260504/c300095d__frame_012450_bb00_t0519.27_conf0.995.jpg,2,Oowashi
tool_bird_class_train/Oowashi_Stellers_Sea_Eagle/ext_wikimedia_20260504/wm_4d8e9ff3ad74.jpg,2,Oowashi
tool_bird_class_train/Oowashi_Stellers_Sea_Eagle/bird_frames_pure_oowashi_20260504/a45d9fc9__frame_003570_bb00_t0148.90_conf0.997.jpg,2,Oowashi
tool_bird_class_train/Oowashi_Stellers_Sea_Eagle/v5_ds_beta_bird/oowasi024.jpg,2,Oowashi
tool_bird_class_train/Oowashi_Stellers_Sea_Eagle/bird_frames_pure_oowashi_20260504/d1115f70__frame_047200_bb00_t1968.63_conf0.998.jpg,2,Oowashi
tool_bird_class_train/Oowashi_Stellers_Sea_Eagle/bird_frames_pure_oowashi_20260504/d72a3a60__frame_009240_bb01_t0385.38_conf0.994.jpg,2,Oowashi
tool_bird_class_train/Oowashi_Stellers_Sea_Eagle/bird_frames_pure_oowashi_20260504/d5c9304b__frame_019820_bb00_t0826.66_conf0.997.jpg,2,Oowashi
tool_bird_class_train/Oowashi_Stellers_Sea_Eagle/bird_frames_pure_oowashi_20260504/8c3a2f11__frame_013080_bb00_t0545.54_conf0.997.jpg,2,Oowashi
tool_bird_class_train/Oowashi_Stellers_Sea_Eagle/frame_040310_bb00_t1681.26_conf0.986.jpg,2,Oowashi
tool_bird_class_train/Oowashi_Stellers_Sea_Eagle/ext_wikimedia_20260504/wm_0a8eb8b96dad.jpg,2,Oowashi
tool_bird_class_train/Oowashi_Stellers_Sea_Eagle/bird_frames_pure_oowashi_20260504/b36610f1__frame_007040_bb00_t0293.63_conf0.990.jpg,2,Oowashi
tool_bird_class_train/Oowashi_Stellers_Sea_Eagle/v5_ds_beta_bird/oowasi058.jpg,2,Oowashi
tool_bird_class_train/Oowashi_Stellers_Sea_Eagle/bird_frames_pure_oowashi_20260504/e6c95a53__frame_012900_bb00_t0538.04_conf0.992.jpg,2,Oowashi
tool_bird_class_train/Oowashi_Stellers_Sea_Eagle/ext_wikimedia_20260504/wm_cabc43758b01.jpg,2,Oowashi
tool_bird_class_train/Oowashi_Stellers_Sea_Eagle/bird_frames_pure_oowashi_20260504/4d1f9966__frame_016350_bb00_t0681.93_conf0.997.jpg,2,Oowashi
tool_bird_class_train/Oowashi_Stellers_Sea_Eagle/ext_wikimedia_20260504/wm_31529496ff29.jpg,2,Oowashi
tool_bird_class_train/Oowashi_Stellers_Sea_Eagle/bird_frames_pure_oowashi_20260504/d33c0305__frame_009230_bb00_t0384.97_conf0.995.jpg,2,Oowashi
tool_bird_class_train/Oowashi_Stellers_Sea_Eagle/ext_inat_20260504/inat_616946246_bb87835a.jpg,2,Oowashi
tool_bird_class_train/Oowashi_Stellers_Sea_Eagle/ext_wikimedia_20260504/wm_d6588c0c1644.jpg,2,Oowashi
tool_bird_class_train/Oowashi_Stellers_Sea_Eagle/bird_frames_pure_oowashi_20260504/d5c9304b__frame_021590_bb00_t0900.48_conf0.997.jpg,2,Oowashi
tool_bird_class_train/Oowashi_Stellers_Sea_Eagle/ext_wikimedia_20260504/wm_024fd4eec49b.jpg,2,Oowashi
tool_bird_class_train/Oowashi_Stellers_Sea_Eagle/ext_wikimedia_20260504/wm_cd2766d89d06.jpg,2,Oowashi
tool_bird_class_train/Oowashi_Stellers_Sea_Eagle/frame_038520_bb00_t1606.60_conf0.998.jpg,2,Oowashi
tool_bird_class_train/Oowashi_Stellers_Sea_Eagle/ext_wikimedia_20260504/wm_57b7fee5e85b.jpg,2,Oowashi
tool_bird_class_train/Oowashi_Stellers_Sea_Eagle/ext_wikimedia_20260504/wm_da3b76795dee.jpg,2,Oowashi
tool_bird_class_train/Oowashi_Stellers_Sea_Eagle/ext_wikimedia_20260504/wm_afee7987a460.jpg,2,Oowashi
tool_bird_class_train/Oowashi_Stellers_Sea_Eagle/ext_inat_20260504/inat_612189309_8bee2da8.jpg,2,Oowashi
tool_bird_class_train/Oowashi_Stellers_Sea_Eagle/frame_042060_bb00_t1754.25_conf0.994.jpg,2,Oowashi
tool_bird_class_train/Oowashi_Stellers_Sea_Eagle/bird_frames_pure_oowashi_20260504/d0805753__frame_034270_bb01_t1429.34_conf0.998.jpg,2,Oowashi
tool_bird_class_train/Oowashi_Stellers_Sea_Eagle/v5_ds_beta_bird/63814317.jpg,2,Oowashi
tool_bird_class_train/Oowashi_Stellers_Sea_Eagle/bird_frames_pure_oowashi_20260504/954ff94e__frame_025280_bb00_t1054.39_conf0.998.jpg,2,Oowashi
tool_bird_class_train/Oowashi_Stellers_Sea_Eagle/bird_frames_pure_oowashi_20260504/d72a3a60__frame_016240_bb00_t0677.34_conf0.994.jpg,2,Oowashi
tool_bird_class_train/Oowashi_Stellers_Sea_Eagle/v5_ds_beta_bird/265980119.jpg,2,Oowashi
tool_bird_class_train/Oowashi_Stellers_Sea_Eagle/bird_frames_pure_oowashi_20260504/c300095d__frame_021740_bb00_t0906.74_conf0.990.jpg,2,Oowashi
tool_bird_class_train/Oowashi_Stellers_Sea_Eagle/bird_frames_pure_oowashi_20260504/d33c0305__frame_008460_bb00_t0352.85_conf0.995.jpg,2,Oowashi
tool_bird_class_train/Oowashi_Stellers_Sea_Eagle/ext_wikimedia_20260504/wm_9da8354a7a59.jpg,2,Oowashi
tool_bird_class_train/Oowashi_Stellers_Sea_Eagle/bird_frames_pure_oowashi_20260504/b36610f1__frame_009770_bb00_t0407.49_conf0.989.jpg,2,Oowashi
tool_bird_class_train/Oowashi_Stellers_Sea_Eagle/v5_ds_beta_bird/339547506.jpg,2,Oowashi
tool_bird_class_train/Oowashi_Stellers_Sea_Eagle/ext_inat_20260504/inat_176367030_8ee25e71.jpg,2,Oowashi
tool_bird_class_train/Oowashi_Stellers_Sea_Eagle/ext_inat_20260504/inat_305668745_ecdc876b.jpg,2,Oowashi
tool_bird_class_train/Oowashi_Stellers_Sea_Eagle/bird_frames_pure_oowashi_20260504/d5c9304b__frame_020290_bb00_t0846.26_conf0.997.jpg,2,Oowashi
tool_bird_class_train/Oowashi_Stellers_Sea_Eagle/frame_017150_bb00_t0715.30_conf0.990.jpg,2,Oowashi
tool_bird_class_train/Oowashi_Stellers_Sea_Eagle/v5_ds_beta_bird/oowasi064.jpg,2,Oowashi
tool_bird_class_train/Oowashi_Stellers_Sea_Eagle/ext_wikimedia_20260504/wm_f98f64e2bc5b.jpg,2,Oowashi
tool_bird_class_train/Oowashi_Stellers_Sea_Eagle/bird_frames_pure_oowashi_20260504/cb471018__frame_017960_bb00_t0749.08_conf0.997.jpg,2,Oowashi
tool_bird_class_train/Oowashi_Stellers_Sea_Eagle/frame_000660_bb00_t0022.02_conf1.000.jpg,2,Oowashi
tool_bird_class_train/Oowashi_Stellers_Sea_Eagle/bird_frames_pure_oowashi_20260504/8c3a2f11__frame_018650_bb00_t0777.86_conf0.997.jpg,2,Oowashi
tool_bird_class_train/Oowashi_Stellers_Sea_Eagle/frame_025210_bb00_t1051.47_conf0.989.jpg,2,Oowashi
tool_bird_class_train/Oowashi_Stellers_Sea_Eagle/bird_frames_pure_oowashi_20260504/d5c9304b__frame_019720_bb00_t0822.49_conf0.997.jpg,2,Oowashi
tool_bird_class_train/Oowashi_Stellers_Sea_Eagle/bird_frames_pure_oowashi_20260504/d5c9304b__frame_012820_bb00_t0534.70_conf0.998.jpg,2,Oowashi
tool_bird_class_train/Oowashi_Stellers_Sea_Eagle/ext_wikimedia_20260504/wm_ffe3126f5668.jpg,2,Oowashi
tool_bird_class_train/Oowashi_Stellers_Sea_Eagle/bird_frames_pure_oowashi_20260504/b36610f1__frame_007070_bb00_t0294.88_conf0.994.jpg,2,Oowashi
tool_bird_class_train/Oowashi_Stellers_Sea_Eagle/ext_inat_20260504/inat_102482506_491dc263.jpg,2,Oowashi
tool_bird_class_train/Oowashi_Stellers_Sea_Eagle/bird_frames_pure_oowashi_20260504/b36610f1__frame_009920_bb00_t0413.75_conf0.990.jpg,2,Oowashi
tool_bird_class_train/Oowashi_Stellers_Sea_Eagle/bird_frames_pure_oowashi_20260504/d0805753__frame_034650_bb00_t1445.19_conf0.998.jpg,2,Oowashi
tool_bird_class_train/Oowashi_Stellers_Sea_Eagle/ext_wikimedia_20260504/wm_6ac26b484784.jpg,2,Oowashi
tool_bird_class_train/Oowashi_Stellers_Sea_Eagle/ext_wikimedia_20260504/wm_56c6cddc3bac.jpg,2,Oowashi
tool_bird_class_train/Oowashi_Stellers_Sea_Eagle/bird_frames_pure_oowashi_20260504/4c78b51a__frame_006690_bb00_t0279.03_conf0.998.jpg,2,Oowashi
tool_bird_class_train/Oowashi_Stellers_Sea_Eagle/frame_000050_bb00_t0001.67_conf0.978.jpg,2,Oowashi
tool_bird_class_train/Oowashi_Stellers_Sea_Eagle/frame_046540_bb00_t1941.11_conf0.986.jpg,2,Oowashi
tool_bird_class_train/Oowashi_Stellers_Sea_Eagle/ext_wikimedia_20260504/wm_9b54bed784e9.jpg,2,Oowashi
tool_bird_class_train/Oowashi_Stellers_Sea_Eagle/bird_frames_pure_oowashi_20260504/354441cb__frame_030860_bb01_t1287.12_conf0.998.jpg,2,Oowashi
tool_bird_class_train/Oowashi_Stellers_Sea_Eagle/bird_frames_pure_oowashi_20260504/4c78b51a__frame_009500_bb00_t0396.23_conf0.997.jpg,2,Oowashi
tool_bird_class_train/Oowashi_Stellers_Sea_Eagle/bird_frames_pure_oowashi_20260504/d0805753__frame_017650_bb01_t0736.15_conf0.997.jpg,2,Oowashi
tool_bird_class_train/Oowashi_Stellers_Sea_Eagle/bird_frames_pure_oowashi_20260504/cb471018__frame_021740_bb00_t0906.74_conf0.998.jpg,2,Oowashi
tool_bird_class_train/Oowashi_Stellers_Sea_Eagle/v5_ds_beta_bird/oowasi063.jpg,2,Oowashi
tool_bird_class_train/Oowashi_Stellers_Sea_Eagle/bird_frames_pure_oowashi_20260504/d0805753__frame_034760_bb01_t1449.78_conf0.998.jpg,2,Oowashi
tool_bird_class_train/Oowashi_Stellers_Sea_Eagle/bird_frames_pure_oowashi_20260504/cb471018__frame_041280_bb00_t1721.72_conf0.998.jpg,2,Oowashi
tool_bird_class_train/Oowashi_Stellers_Sea_Eagle/ext_inat_20260504/inat_364085026_a7568ffc.jpg,2,Oowashi
tool_bird_class_train/Oowashi_Stellers_Sea_Eagle/ext_inat_20260504/inat_364754855_f3142df5.jpg,2,Oowashi
tool_bird_class_train/Oowashi_Stellers_Sea_Eagle/bird_frames_pure_oowashi_20260504/4d49e9f6__frame_007480_bb00_t0311.98_conf0.997.jpg,2,Oowashi
tool_bird_class_train/Oowashi_Stellers_Sea_Eagle/bird_frames_pure_oowashi_20260504/bdb9e3fa__frame_004850_bb00_t0202.29_conf0.990.jpg,2,Oowashi
tool_bird_class_train/Oowashi_Stellers_Sea_Eagle/bird_frames_pure_oowashi_20260504/d0805753__frame_033960_bb00_t1416.41_conf0.997.jpg,2,Oowashi
tool_bird_class_train/Oowashi_Stellers_Sea_Eagle/bird_frames_pure_oowashi_20260504/d0805753__frame_031790_bb00_t1325.91_conf0.997.jpg,2,Oowashi
tool_bird_class_train/Oowashi_Stellers_Sea_Eagle/ext_wikimedia_20260504/wm_1be77fc53120.jpg,2,Oowashi
tool_bird_class_train/Oowashi_Stellers_Sea_Eagle/bird_frames_pure_oowashi_20260504/4d49e9f6__frame_007250_bb00_t0302.39_conf0.997.jpg,2,Oowashi
tool_bird_class_train/Oowashi_Stellers_Sea_Eagle/ext_wikimedia_20260504/wm_83a5dd0b853f.jpg,2,Oowashi
tool_bird_class_train/Oowashi_Stellers_Sea_Eagle/ext_inat_20260504/inat_102493602_ef8bb4b4.jpg,2,Oowashi
tool_bird_class_train/Oowashi_Stellers_Sea_Eagle/ext_wikimedia_20260504/wm_c25d0f8a81d2.jpg,2,Oowashi
tool_bird_class_train/Oowashi_Stellers_Sea_Eagle/v5_train_v5_inat/336837319.jpg,2,Oowashi
tool_bird_class_train/Oowashi_Stellers_Sea_Eagle/bird_frames_pure_oowashi_20260504/cd92b757__frame_011000_bb00_t0458.79_conf0.998.jpg,2,Oowashi
tool_bird_class_train/Oowashi_Stellers_Sea_Eagle/bird_frames_pure_oowashi_20260504/bdb9e3fa__frame_005040_bb00_t0210.21_conf0.989.jpg,2,Oowashi
tool_bird_class_train/Oowashi_Stellers_Sea_Eagle/ext_inat_20260504/inat_120859631_3b13edf9.jpg,2,Oowashi
tool_bird_class_train/Oowashi_Stellers_Sea_Eagle/ext_wikimedia_20260504/wm_2e8dfd64c993.jpg,2,Oowashi
tool_bird_class_train/Oowashi_Stellers_Sea_Eagle/bird_frames_pure_oowashi_20260504/c83cffa8__frame_018650_bb00_t0777.86_conf1.000.jpg,2,Oowashi
tool_bird_class_train/Oowashi_Stellers_Sea_Eagle/v5_ds_beta_bird/63814308.jpg,2,Oowashi
tool_bird_class_train/Oowashi_Stellers_Sea_Eagle/ext_wikimedia_20260504/wm_2cd8255a2da5.jpg,2,Oowashi
tool_bird_class_train/Oowashi_Stellers_Sea_Eagle/bird_frames_pure_oowashi_20260504/c300095d__frame_022830_bb00_t0952.20_conf0.990.jpg,2,Oowashi
tool_bird_class_train/Oowashi_Stellers_Sea_Eagle/bird_frames_pure_oowashi_20260504/c300095d__frame_015910_bb00_t0663.58_conf0.990.jpg,2,Oowashi
tool_bird_class_train/Oowashi_Stellers_Sea_Eagle/ext_wikimedia_20260504/wm_f2c624c2a518.jpg,2,Oowashi
tool_bird_class_train/Oowashi_Stellers_Sea_Eagle/bird_frames_pure_oowashi_20260504/354441cb__frame_028020_bb00_t1168.67_conf0.998.jpg,2,Oowashi
tool_bird_class_train/Oowashi_Stellers_Sea_Eagle/ext_inat_20260504/inat_477835772_6bf308b1.jpg,2,Oowashi
tool_bird_class_train/Oowashi_Stellers_Sea_Eagle/v5_ds_beta_bird/63814303.jpg,2,Oowashi
tool_bird_class_train/Oowashi_Stellers_Sea_Eagle/v5_ds_beta_bird/105102698.jpg,2,Oowashi
tool_bird_class_train/Oowashi_Stellers_Sea_Eagle/bird_frames_pure_oowashi_20260504/b36610f1__frame_010590_bb00_t0441.69_conf0.989.jpg,2,Oowashi
tool_bird_class_train/Oowashi_Stellers_Sea_Eagle/ext_wikimedia_20260504/wm_90288c92fdda.jpg,2,Oowashi
tool_bird_class_train/Oowashi_Stellers_Sea_Eagle/bird_frames_pure_oowashi_20260504/e6c95a53__frame_010780_bb00_t0449.62_conf0.990.jpg,2,Oowashi
tool_bird_class_train/Oowashi_Stellers_Sea_Eagle/v5_ds_beta_bird/205884934.jpg,2,Oowashi
tool_bird_class_train/Oowashi_Stellers_Sea_Eagle/bird_frames_pure_oowashi_20260504/954ff94e__frame_025260_bb00_t1053.55_conf0.997.jpg,2,Oowashi
tool_bird_class_train/Oowashi_Stellers_Sea_Eagle/bird_frames_pure_oowashi_20260504/3cf2e325__frame_044220_bb00_t1844.34_conf0.998.jpg,2,Oowashi
tool_bird_class_train/Oowashi_Stellers_Sea_Eagle/ext_wikimedia_20260504/wm_ed34e8aec81e.jpg,2,Oowashi
tool_bird_class_train/Oowashi_Stellers_Sea_Eagle/ext_wikimedia_20260504/wm_a34332ccbb83.jpg,2,Oowashi
tool_bird_class_train/Oowashi_Stellers_Sea_Eagle/bird_frames_pure_oowashi_20260504/a45d9fc9__frame_021080_bb00_t0879.21_conf0.997.jpg,2,Oowashi
tool_bird_class_train/Oowashi_Stellers_Sea_Eagle/bird_frames_pure_oowashi_20260504/3ee82129__frame_020120_bb00_t0839.17_conf1.000.jpg,2,Oowashi
tool_bird_class_train/Oowashi_Stellers_Sea_Eagle/bird_frames_pure_oowashi_20260504/751cf927__frame_015090_bb00_t0629.38_conf1.000.jpg,2,Oowashi
tool_bird_class_train/Oowashi_Stellers_Sea_Eagle/frame_015640_bb04_t0652.32_conf0.981.jpg,2,Oowashi
tool_bird_class_train/Oowashi_Stellers_Sea_Eagle/ext_wikimedia_20260504/wm_4d3820619648.jpg,2,Oowashi
tool_bird_class_train/Oowashi_Stellers_Sea_Eagle/v5_ds_beta_bird/oowasiI.jpg,2,Oowashi
tool_bird_class_train/Oowashi_Stellers_Sea_Eagle/bird_frames_pure_oowashi_20260504/c300095d__frame_005890_bb00_t0245.66_conf0.994.jpg,2,Oowashi
tool_bird_class_train/Oowashi_Stellers_Sea_Eagle/ext_wikimedia_20260504/wm_4c8ab35e9e6b.jpg,2,Oowashi
tool_bird_class_train/Oowashi_Stellers_Sea_Eagle/ext_wikimedia_20260504/wm_c507377e28f7.jpg,2,Oowashi
tool_bird_class_train/Oowashi_Stellers_Sea_Eagle/frame_029750_bb00_t1240.82_conf0.997.jpg,2,Oowashi
tool_bird_class_train/Oowashi_Stellers_Sea_Eagle/ext_wikimedia_20260504/wm_d4b382565a45.jpg,2,Oowashi
tool_bird_class_train/Oowashi_Stellers_Sea_Eagle/bird_frames_pure_oowashi_20260504/d33c0305__frame_003450_bb00_t0143.89_conf0.997.jpg,2,Oowashi
tool_bird_class_train/Oowashi_Stellers_Sea_Eagle/bird_frames_pure_oowashi_20260504/751cf927__frame_040980_bb00_t1709.21_conf0.997.jpg,2,Oowashi
tool_bird_class_train/Oowashi_Stellers_Sea_Eagle/ext_inat_20260504/inat_2668072_47c19560.jpg,2,Oowashi
tool_bird_class_train/Oowashi_Stellers_Sea_Eagle/ext_wikimedia_20260504/wm_cf07151d9d1f.jpg,2,Oowashi
tool_bird_class_train/Oowashi_Stellers_Sea_Eagle/bird_frames_pure_oowashi_20260504/b36610f1__frame_009730_bb00_t0405.82_conf0.987.jpg,2,Oowashi
tool_bird_class_train/Oowashi_Stellers_Sea_Eagle/bird_frames_pure_oowashi_20260504/ed31ce54__frame_009500_bb00_t0396.23_conf0.990.jpg,2,Oowashi
tool_bird_class_train/Oowashi_Stellers_Sea_Eagle/ext_wikimedia_20260504/wm_1d39b9278522.jpg,2,Oowashi
tool_bird_class_train/Oowashi_Stellers_Sea_Eagle/v5_ds_beta_bird/239647088.jpg,2,Oowashi
tool_bird_class_train/Oowashi_Stellers_Sea_Eagle/bird_frames_pure_oowashi_20260504/354441cb__frame_030990_bb00_t1292.54_conf0.997.jpg,2,Oowashi
tool_bird_class_train/Oowashi_Stellers_Sea_Eagle/ext_wikimedia_20260504/wm_a04d8566db03.jpg,2,Oowashi
tool_bird_class_train/Oowashi_Stellers_Sea_Eagle/ext_wikimedia_20260504/wm_60c8e20c34d8.jpg,2,Oowashi
tool_bird_class_train/Oowashi_Stellers_Sea_Eagle/v5_train_v5_inat/270432212.jpg,2,Oowashi
tool_bird_class_train/Oowashi_Stellers_Sea_Eagle/bird_frames_pure_oowashi_20260504/cd92b757__frame_010920_bb00_t0455.45_conf0.998.jpg,2,Oowashi
tool_bird_class_train/Oowashi_Stellers_Sea_Eagle/bird_frames_pure_oowashi_20260504/d0805753__frame_034670_bb02_t1446.03_conf0.998.jpg,2,Oowashi
tool_bird_class_train/Oowashi_Stellers_Sea_Eagle/v5_ds_beta_bird/oowasi029.jpg,2,Oowashi
tool_bird_class_train/Oowashi_Stellers_Sea_Eagle/ext_wikimedia_20260504/wm_cc13e030b8e9.jpg,2,Oowashi
tool_bird_class_train/Oowashi_Stellers_Sea_Eagle/bird_frames_pure_oowashi_20260504/b36610f1__frame_005360_bb00_t0223.56_conf0.989.jpg,2,Oowashi
tool_bird_class_train/Oowashi_Stellers_Sea_Eagle/bird_frames_pure_oowashi_20260504/33ae26f1__frame_018430_bb00_t0768.68_conf0.998.jpg,2,Oowashi
tool_bird_class_train/Oowashi_Stellers_Sea_Eagle/v5_ds_beta_bird/348816246.jpg,2,Oowashi
tool_bird_class_train/Oowashi_Stellers_Sea_Eagle/bird_frames_pure_oowashi_20260504/12c29cd5__frame_010470_bb00_t0436.69_conf0.998.jpg,2,Oowashi
tool_bird_class_train/Oowashi_Stellers_Sea_Eagle/bird_frames_pure_oowashi_20260504/d72a3a60__frame_009520_bb00_t0397.06_conf0.995.jpg,2,Oowashi
tool_bird_class_train/Oowashi_Stellers_Sea_Eagle/ext_wikimedia_20260504/wm_040512c067a1.jpg,2,Oowashi
tool_bird_class_train/Oowashi_Stellers_Sea_Eagle/ext_wikimedia_20260504/wm_fb85f5ad13cb.jpg,2,Oowashi
tool_bird_class_train/Oowashi_Stellers_Sea_Eagle/bird_frames_pure_oowashi_20260504/dc3bcf2b__frame_010420_bb00_t0434.60_conf0.995.jpg,2,Oowashi
tool_bird_class_train/Oowashi_Stellers_Sea_Eagle/bird_frames_pure_oowashi_20260504/bdb9e3fa__frame_006990_bb00_t0291.54_conf0.960.jpg,2,Oowashi
tool_bird_class_train/Oowashi_Stellers_Sea_Eagle/v5_ds_beta_bird/104575594.jpg,2,Oowashi
tool_bird_class_train/Oowashi_Stellers_Sea_Eagle/ext_inat_20260504/inat_364084341_24040cdb.jpg,2,Oowashi
tool_bird_class_train/Oowashi_Stellers_Sea_Eagle/ext_wikimedia_20260504/wm_1a7a4fea319c.jpg,2,Oowashi
tool_bird_class_train/Oowashi_Stellers_Sea_Eagle/bird_frames_pure_oowashi_20260504/f26b689b__frame_010750_bb00_t0448.36_conf0.994.jpg,2,Oowashi
tool_bird_class_train/Oowashi_Stellers_Sea_Eagle/ext_wikimedia_20260504/wm_9a62990bea1c.jpg,2,Oowashi
tool_bird_class_train/Oowashi_Stellers_Sea_Eagle/bird_frames_pure_oowashi_20260504/0b68a0b5__frame_043250_bb00_t1803.89_conf1.000.jpg,2,Oowashi
tool_bird_class_train/Oowashi_Stellers_Sea_Eagle/v5_ds_beta_bird/oowasi055.jpg,2,Oowashi
tool_bird_class_train/Oowashi_Stellers_Sea_Eagle/frame_043160_bb00_t1800.13_conf0.998.jpg,2,Oowashi
tool_bird_class_train/Oowashi_Stellers_Sea_Eagle/ext_wikimedia_20260504/wm_c0cfa3199c38.jpg,2,Oowashi
tool_bird_class_train/Oowashi_Stellers_Sea_Eagle/frame_023500_bb00_t0980.15_conf0.989.jpg,2,Oowashi
tool_bird_class_train/Oowashi_Stellers_Sea_Eagle/bird_frames_pure_oowashi_20260504/8f06c527__frame_016300_bb00_t0679.85_conf0.997.jpg,2,Oowashi
tool_bird_class_train/Oowashi_Stellers_Sea_Eagle/bird_frames_pure_oowashi_20260504/12c29cd5__frame_010920_bb00_t0455.45_conf0.998.jpg,2,Oowashi
tool_bird_class_train/Oowashi_Stellers_Sea_Eagle/bird_frames_pure_oowashi_20260504/e6c95a53__frame_012450_bb00_t0519.27_conf0.995.jpg,2,Oowashi
tool_bird_class_train/Oowashi_Stellers_Sea_Eagle/bird_frames_pure_oowashi_20260504/b36610f1__frame_011320_bb00_t0472.14_conf0.989.jpg,2,Oowashi
tool_bird_class_train/Oowashi_Stellers_Sea_Eagle/frame_025280_bb00_t1054.39_conf0.990.jpg,2,Oowashi
tool_bird_class_train/Oowashi_Stellers_Sea_Eagle/frame_024970_bb00_t1041.46_conf0.987.jpg,2,Oowashi
tool_bird_class_train/Oowashi_Stellers_Sea_Eagle/bird_frames_pure_oowashi_20260504/3ee82129__frame_027620_bb00_t1151.98_conf0.998.jpg,2,Oowashi
tool_bird_class_train/Oowashi_Stellers_Sea_Eagle/v5_train_v5_inat/289404840.jpg,2,Oowashi
tool_bird_class_train/Oowashi_Stellers_Sea_Eagle/ext_wikimedia_20260504/wm_2578b55df1e3.jpg,2,Oowashi
tool_bird_class_train/Oowashi_Stellers_Sea_Eagle/frame_019380_bb00_t0808.31_conf1.000.jpg,2,Oowashi
tool_bird_class_train/Oowashi_Stellers_Sea_Eagle/frame_043910_bb00_t1831.41_conf0.976.jpg,2,Oowashi
tool_bird_class_train/Oowashi_Stellers_Sea_Eagle/ext_wikimedia_20260504/wm_c4f9a7898829.jpg,2,Oowashi
tool_bird_class_train/Oowashi_Stellers_Sea_Eagle/bird_frames_pure_oowashi_20260504/d1115f70__frame_043340_bb00_t1807.64_conf1.000.jpg,2,Oowashi
tool_bird_class_train/Oowashi_Stellers_Sea_Eagle/frame_040130_bb00_t1673.76_conf0.987.jpg,2,Oowashi
tool_bird_class_train/Oowashi_Stellers_Sea_Eagle/v5_ds_beta_bird/265980132.jpg,2,Oowashi
tool_bird_class_train/Oowashi_Stellers_Sea_Eagle/bird_frames_pure_oowashi_20260504/3cf2e325__frame_042000_bb01_t1751.75_conf0.998.jpg,2,Oowashi
tool_bird_class_train/Oowashi_Stellers_Sea_Eagle/v5_ds_beta_bird/2407311.jpg,2,Oowashi
tool_bird_class_train/Oowashi_Stellers_Sea_Eagle/bird_frames_pure_oowashi_20260504/4d1f9966__frame_016080_bb00_t0670.67_conf0.990.jpg,2,Oowashi
tool_bird_class_train/Oowashi_Stellers_Sea_Eagle/bird_frames_pure_oowashi_20260504/954ff94e__frame_018460_bb00_t0769.94_conf0.997.jpg,2,Oowashi
tool_bird_class_train/Oowashi_Stellers_Sea_Eagle/bird_frames_pure_oowashi_20260504/c300095d__frame_005900_bb00_t0246.08_conf0.989.jpg,2,Oowashi
tool_bird_class_train/Oowashi_Stellers_Sea_Eagle/frame_016750_bb00_t0698.61_conf0.963.jpg,2,Oowashi
tool_bird_class_train/Oowashi_Stellers_Sea_Eagle/ext_wikimedia_20260504/wm_f690f7863dc8.jpg,2,Oowashi
tool_bird_class_train/Oowashi_Stellers_Sea_Eagle/ext_wikimedia_20260504/wm_94472d95dd90.jpg,2,Oowashi
tool_bird_class_train/Oowashi_Stellers_Sea_Eagle/v5_train_v5_inat/304325668.jpg,2,Oowashi
tool_bird_class_train/Oowashi_Stellers_Sea_Eagle/bird_frames_pure_oowashi_20260504/d1115f70__frame_046100_bb00_t1922.75_conf1.000.jpg,2,Oowashi
tool_bird_class_train/Oowashi_Stellers_Sea_Eagle/bird_frames_pure_oowashi_20260504/b2eec3f4__frame_026500_bb00_t1105.27_conf0.997.jpg,2,Oowashi
tool_bird_class_train/Oowashi_Stellers_Sea_Eagle/bird_frames_pure_oowashi_20260504/d33c0305__frame_009360_bb00_t0390.39_conf0.995.jpg,2,Oowashi
tool_bird_class_train/Oowashi_Stellers_Sea_Eagle/ext_wikimedia_20260504/wm_2445f42b20b7.jpg,2,Oowashi
tool_bird_class_train/Oowashi_Stellers_Sea_Eagle/ext_inat_20260504/inat_120863110_6c30aba1.jpg,2,Oowashi
tool_bird_class_train/Oowashi_Stellers_Sea_Eagle/bird_frames_pure_oowashi_20260504/d72a3a60__frame_018520_bb00_t0772.44_conf1.000.jpg,2,Oowashi
tool_bird_class_train/Oowashi_Stellers_Sea_Eagle/bird_frames_pure_oowashi_20260504/3cf2e325__frame_021080_bb00_t0879.21_conf0.998.jpg,2,Oowashi
tool_bird_class_train/Oowashi_Stellers_Sea_Eagle/bird_frames_pure_oowashi_20260504/2d7d6696__frame_009030_bb00_t0376.63_conf0.989.jpg,2,Oowashi
tool_bird_class_train/Oowashi_Stellers_Sea_Eagle/bird_frames_pure_oowashi_20260504/954ff94e__frame_018040_bb00_t0752.42_conf0.997.jpg,2,Oowashi
tool_bird_class_train/Oowashi_Stellers_Sea_Eagle/ext_wikimedia_20260504/wm_3cd8d12535fd.jpg,2,Oowashi
tool_bird_class_train/Oowashi_Stellers_Sea_Eagle/bird_frames_pure_oowashi_20260504/8c3a2f11__frame_027300_bb00_t1138.64_conf1.000.jpg,2,Oowashi
tool_bird_class_train/Oowashi_Stellers_Sea_Eagle/bird_frames_pure_oowashi_20260504/2d7d6696__frame_007300_bb00_t0304.47_conf0.987.jpg,2,Oowashi
tool_bird_class_train/Oowashi_Stellers_Sea_Eagle/bird_frames_pure_oowashi_20260504/3ee82129__frame_019830_bb00_t0827.08_conf0.998.jpg,2,Oowashi
tool_bird_class_train/Oowashi_Stellers_Sea_Eagle/bird_frames_pure_oowashi_20260504/845670df__frame_002250_bb01_t0093.84_conf0.994.jpg,2,Oowashi
tool_bird_class_train/Oowashi_Stellers_Sea_Eagle/bird_frames_pure_oowashi_20260504/d0805753__frame_018040_bb00_t0752.42_conf0.998.jpg,2,Oowashi
tool_bird_class_train/Oowashi_Stellers_Sea_Eagle/bird_frames_pure_oowashi_20260504/a45d9fc9__frame_017070_bb00_t0711.96_conf0.997.jpg,2,Oowashi
tool_bird_class_train/Oowashi_Stellers_Sea_Eagle/bird_frames_pure_oowashi_20260504/e6c95a53__frame_012620_bb00_t0526.36_conf0.989.jpg,2,Oowashi
tool_bird_class_train/Oowashi_Stellers_Sea_Eagle/bird_frames_pure_oowashi_20260504/d72a3a60__frame_010910_bb00_t0455.04_conf0.994.jpg,2,Oowashi
tool_bird_class_train/Oowashi_Stellers_Sea_Eagle/v5_ds_beta_bird/227434562.jpg,2,Oowashi
tool_bird_class_train/Oowashi_Stellers_Sea_Eagle/ext_inat_20260504/inat_364756514_c49afb09.jpg,2,Oowashi
tool_bird_class_train/Oowashi_Stellers_Sea_Eagle/bird_frames_pure_oowashi_20260504/8c3a2f11__frame_004460_bb00_t0186.02_conf1.000.jpg,2,Oowashi
tool_bird_class_train/Oowashi_Stellers_Sea_Eagle/bird_frames_pure_oowashi_20260504/3ee82129__frame_022580_bb00_t0941.77_conf0.998.jpg,2,Oowashi
tool_bird_class_train/Oowashi_Stellers_Sea_Eagle/ext_wikimedia_20260504/wm_4d6716696cb8.jpg,2,Oowashi
tool_bird_class_train/Oowashi_Stellers_Sea_Eagle/ext_wikimedia_20260504/wm_d228c882e39f.jpg,2,Oowashi
tool_bird_class_train/Oowashi_Stellers_Sea_Eagle/v5_ds_beta_bird/108492036.jpg,2,Oowashi
tool_bird_class_train/Oowashi_Stellers_Sea_Eagle/frame_032780_bb00_t1367.20_conf0.992.jpg,2,Oowashi
tool_bird_class_train/Oowashi_Stellers_Sea_Eagle/ext_wikimedia_20260504/wm_7d848635c800.jpg,2,Oowashi
tool_bird_class_train/Oowashi_Stellers_Sea_Eagle/v5_ds_beta_bird/202786488.jpg,2,Oowashi
tool_bird_class_train/Oowashi_Stellers_Sea_Eagle/bird_frames_pure_oowashi_20260504/3cf2e325__frame_015230_bb00_t0635.22_conf0.998.jpg,2,Oowashi
tool_bird_class_train/Oowashi_Stellers_Sea_Eagle/bird_frames_pure_oowashi_20260504/523aa2cf__frame_008700_bb00_t0362.86_conf0.995.jpg,2,Oowashi
tool_bird_class_train/Oowashi_Stellers_Sea_Eagle/bird_frames_pure_oowashi_20260504/f26b689b__frame_030500_bb00_t1272.10_conf1.000.jpg,2,Oowashi
tool_bird_class_train/Oowashi_Stellers_Sea_Eagle/frame_015600_bb01_t0650.65_conf0.987.jpg,2,Oowashi
tool_bird_class_train/Oowashi_Stellers_Sea_Eagle/ext_inat_20260504/inat_616946130_690dfd71.jpg,2,Oowashi
tool_bird_class_train/Oowashi_Stellers_Sea_Eagle/bird_frames_pure_oowashi_20260504/845670df__frame_014980_bb00_t0624.79_conf0.987.jpg,2,Oowashi
tool_bird_class_train/Oowashi_Stellers_Sea_Eagle/bird_frames_pure_oowashi_20260504/d72a3a60__frame_011640_bb01_t0485.48_conf0.997.jpg,2,Oowashi
tool_bird_class_train/Oowashi_Stellers_Sea_Eagle/bird_frames_pure_oowashi_20260504/b2eec3f4__frame_039170_bb00_t1633.72_conf0.997.jpg,2,Oowashi
tool_bird_class_train/Oowashi_Stellers_Sea_Eagle/bird_frames_pure_oowashi_20260504/b2eec3f4__frame_039160_bb00_t1633.30_conf0.998.jpg,2,Oowashi
tool_bird_class_train/Oowashi_Stellers_Sea_Eagle/ext_wikimedia_20260504/wm_466451b4830d.jpg,2,Oowashi
tool_bird_class_train/Oowashi_Stellers_Sea_Eagle/ext_wikimedia_20260504/wm_ff2834dacc31.jpg,2,Oowashi
tool_bird_class_train/Oowashi_Stellers_Sea_Eagle/bird_frames_pure_oowashi_20260504/bdb9e3fa__frame_007060_bb01_t0294.46_conf0.971.jpg,2,Oowashi
tool_bird_class_train/Oowashi_Stellers_Sea_Eagle/ext_wikimedia_20260504/wm_8381c1bb504f.jpg,2,Oowashi
tool_bird_class_train/Oowashi_Stellers_Sea_Eagle/bird_frames_pure_oowashi_20260504/954ff94e__frame_023510_bb01_t0980.56_conf0.997.jpg,2,Oowashi
tool_bird_class_train/Oowashi_Stellers_Sea_Eagle/ext_wikimedia_20260504/wm_75173021bddf.jpg,2,Oowashi
tool_bird_class_train/Oowashi_Stellers_Sea_Eagle/bird_frames_pure_oowashi_20260504/c83cffa8__frame_010440_bb00_t0435.43_conf1.000.jpg,2,Oowashi
tool_bird_class_train/Oowashi_Stellers_Sea_Eagle/v5_ds_beta_bird/108109967.jpg,2,Oowashi
tool_bird_class_train/Oowashi_Stellers_Sea_Eagle/bird_frames_pure_oowashi_20260504/4d49e9f6__frame_007170_bb00_t0299.05_conf0.998.jpg,2,Oowashi
tool_bird_class_train/Oowashi_Stellers_Sea_Eagle/ext_inat_20260504/inat_337453771_a96a2d25.jpg,2,Oowashi
tool_bird_class_train/Oowashi_Stellers_Sea_Eagle/bird_frames_pure_oowashi_20260504/3cf2e325__frame_033540_bb00_t1398.90_conf0.998.jpg,2,Oowashi
tool_bird_class_train/Oowashi_Stellers_Sea_Eagle/bird_frames_pure_oowashi_20260504/c83cffa8__frame_007390_bb00_t0308.22_conf0.998.jpg,2,Oowashi
tool_bird_class_train/Oowashi_Stellers_Sea_Eagle/bird_frames_pure_oowashi_20260504/ed31ce54__frame_013780_bb00_t0574.74_conf0.989.jpg,2,Oowashi
tool_bird_class_train/Oowashi_Stellers_Sea_Eagle/v5_ds_beta_bird/63814293.jpg,2,Oowashi
tool_bird_class_train/Oowashi_Stellers_Sea_Eagle/frame_015390_bb00_t0641.89_conf0.989.jpg,2,Oowashi
tool_bird_class_train/Oowashi_Stellers_Sea_Eagle/bird_frames_pure_oowashi_20260504/3cf2e325__frame_046070_bb00_t1921.50_conf0.998.jpg,2,Oowashi
tool_bird_class_train/Oowashi_Stellers_Sea_Eagle/ext_wikimedia_20260504/wm_877387884aeb.jpg,2,Oowashi
tool_bird_class_train/Oowashi_Stellers_Sea_Eagle/v5_train_v5_inat/333680454.jpg,2,Oowashi
tool_bird_class_train/Oowashi_Stellers_Sea_Eagle/bird_frames_pure_oowashi_20260504/3ee82129__frame_019750_bb00_t0823.74_conf0.998.jpg,2,Oowashi
tool_bird_class_train/Oowashi_Stellers_Sea_Eagle/ext_wikimedia_20260504/wm_34f6865b9832.jpg,2,Oowashi
tool_bird_class_train/Oowashi_Stellers_Sea_Eagle/v5_ds_beta_bird/269990409.jpg,2,Oowashi
tool_bird_class_train/Oowashi_Stellers_Sea_Eagle/ext_wikimedia_20260504/wm_ecfdbf8089a9.jpg,2,Oowashi
tool_bird_class_train/Oowashi_Stellers_Sea_Eagle/frame_016780_bb00_t0699.87_conf0.994.jpg,2,Oowashi
tool_bird_class_train/Oowashi_Stellers_Sea_Eagle/bird_frames_pure_oowashi_20260504/ed31ce54__frame_013410_bb00_t0559.31_conf0.987.jpg,2,Oowashi
tool_bird_class_train/Oowashi_Stellers_Sea_Eagle/frame_016350_bb00_t0681.93_conf0.992.jpg,2,Oowashi
tool_bird_class_train/Oowashi_Stellers_Sea_Eagle/v5_ds_beta_bird/oowasi041.jpg,2,Oowashi
tool_bird_class_train/Oowashi_Stellers_Sea_Eagle/v5_ds_beta_bird/oowasi066.jpg,2,Oowashi
tool_bird_class_train/Oowashi_Stellers_Sea_Eagle/ext_wikimedia_20260504/wm_aeb877431576.jpg,2,Oowashi
tool_bird_class_train/Oowashi_Stellers_Sea_Eagle/bird_frames_pure_oowashi_20260504/e6c95a53__frame_012950_bb00_t0540.12_conf0.984.jpg,2,Oowashi
tool_bird_class_train/Oowashi_Stellers_Sea_Eagle/bird_frames_pure_oowashi_20260504/0b68a0b5__frame_044610_bb00_t1860.61_conf1.000.jpg,2,Oowashi
tool_bird_class_train/Oowashi_Stellers_Sea_Eagle/ext_inat_20260504/inat_477836366_a31f2039.jpg,2,Oowashi
tool_bird_class_train/Oowashi_Stellers_Sea_Eagle/ext_wikimedia_20260504/wm_85565ead1393.jpg,2,Oowashi
tool_bird_class_train/Oowashi_Stellers_Sea_Eagle/bird_frames_pure_oowashi_20260504/d72a3a60__frame_009010_bb00_t0375.79_conf0.994.jpg,2,Oowashi
tool_bird_class_train/Oowashi_Stellers_Sea_Eagle/frame_016710_bb01_t0696.95_conf0.995.jpg,2,Oowashi
tool_bird_class_train/Oowashi_Stellers_Sea_Eagle/ext_wikimedia_20260504/wm_50e27ba7afe0.jpg,2,Oowashi
tool_bird_class_train/Oowashi_Stellers_Sea_Eagle/bird_frames_pure_oowashi_20260504/845670df__frame_014720_bb00_t0613.95_conf0.990.jpg,2,Oowashi
tool_bird_class_train/Oowashi_Stellers_Sea_Eagle/frame_000650_bb00_t0021.69_conf1.000.jpg,2,Oowashi
tool_bird_class_train/Oowashi_Stellers_Sea_Eagle/frame_016820_bb00_t0701.53_conf0.998.jpg,2,Oowashi
tool_bird_class_train/Oowashi_Stellers_Sea_Eagle/bird_frames_pure_oowashi_20260504/12c29cd5__frame_021020_bb00_t0876.71_conf1.000.jpg,2,Oowashi
tool_bird_class_train/Oowashi_Stellers_Sea_Eagle/v5_ds_beta_bird/265980118.jpg,2,Oowashi
tool_bird_class_train/Oowashi_Stellers_Sea_Eagle/v5_ds_beta_bird/258010366.jpg,2,Oowashi
tool_bird_class_train/Oowashi_Stellers_Sea_Eagle/ext_wikimedia_20260504/wm_0ed23b1af64d.png,2,Oowashi
tool_bird_class_train/Oowashi_Stellers_Sea_Eagle/v5_ds_beta_bird/108698596.jpg,2,Oowashi
tool_bird_class_train/Oowashi_Stellers_Sea_Eagle/ext_wikimedia_20260504/wm_1ba0d2c9d26f.jpg,2,Oowashi
tool_bird_class_train/Oowashi_Stellers_Sea_Eagle/v5_ds_beta_bird/269990404.jpg,2,Oowashi
tool_bird_class_train/Oowashi_Stellers_Sea_Eagle/ext_wikimedia_20260504/wm_0be603c132cb.jpg,2,Oowashi
tool_bird_class_train/Oowashi_Stellers_Sea_Eagle/bird_frames_pure_oowashi_20260504/3ee82129__frame_028770_bb01_t1199.95_conf0.997.jpg,2,Oowashi
tool_bird_class_train/Oowashi_Stellers_Sea_Eagle/bird_frames_pure_oowashi_20260504/12c29cd5__frame_003760_bb00_t0156.82_conf0.998.jpg,2,Oowashi
tool_bird_class_train/Oowashi_Stellers_Sea_Eagle/v5_ds_beta_bird/73984605.jpg,2,Oowashi
tool_bird_class_train/Oowashi_Stellers_Sea_Eagle/ext_wikimedia_20260504/wm_27fc78cd070d.jpg,2,Oowashi
tool_bird_class_train/Oowashi_Stellers_Sea_Eagle/frame_016630_bb01_t0693.61_conf0.992.jpg,2,Oowashi
tool_bird_class_train/Oowashi_Stellers_Sea_Eagle/ext_wikimedia_20260504/wm_c77fc6b827b7.jpg,2,Oowashi
tool_bird_class_train/Oowashi_Stellers_Sea_Eagle/v5_ds_beta_bird/155976715.jpg,2,Oowashi
tool_bird_class_train/Oowashi_Stellers_Sea_Eagle/ext_inat_20260504/inat_182180719_a27245df.jpg,2,Oowashi
tool_bird_class_train/Oowashi_Stellers_Sea_Eagle/ext_wikimedia_20260504/wm_480d8db6ffe6.jpg,2,Oowashi
tool_bird_class_train/Oowashi_Stellers_Sea_Eagle/bird_frames_pure_oowashi_20260504/354441cb__frame_020910_bb00_t0872.12_conf0.998.jpg,2,Oowashi
tool_bird_class_train/Oowashi_Stellers_Sea_Eagle/frame_024570_bb00_t1024.77_conf0.995.jpg,2,Oowashi
tool_bird_class_train/Oowashi_Stellers_Sea_Eagle/bird_frames_pure_oowashi_20260504/e6c95a53__frame_012570_bb00_t0524.27_conf0.989.jpg,2,Oowashi
tool_bird_class_train/Oowashi_Stellers_Sea_Eagle/bird_frames_pure_oowashi_20260504/3ee82129__frame_020150_bb00_t0840.42_conf0.998.jpg,2,Oowashi
tool_bird_class_train/Oowashi_Stellers_Sea_Eagle/ext_wikimedia_20260504/wm_594734cac810.jpg,2,Oowashi
tool_bird_class_train/Oowashi_Stellers_Sea_Eagle/bird_frames_pure_oowashi_20260504/e6c95a53__frame_012720_bb00_t0530.53_conf0.982.jpg,2,Oowashi
tool_bird_class_train/Oowashi_Stellers_Sea_Eagle/bird_frames_pure_oowashi_20260504/523aa2cf__frame_008910_bb00_t0371.62_conf0.994.jpg,2,Oowashi
tool_bird_class_train/Oowashi_Stellers_Sea_Eagle/frame_019410_bb00_t0809.56_conf0.989.jpg,2,Oowashi
tool_bird_class_train/Oowashi_Stellers_Sea_Eagle/bird_frames_pure_oowashi_20260504/4d49e9f6__frame_033220_bb00_t1385.55_conf0.998.jpg,2,Oowashi
tool_bird_class_train/Oowashi_Stellers_Sea_Eagle/bird_frames_pure_oowashi_20260504/4c78b51a__frame_025370_bb00_t1058.14_conf0.994.jpg,2,Oowashi
tool_bird_class_train/Oowashi_Stellers_Sea_Eagle/bird_frames_pure_oowashi_20260504/b2eec3f4__frame_018470_bb03_t0770.35_conf0.997.jpg,2,Oowashi
tool_bird_class_train/Oowashi_Stellers_Sea_Eagle/bird_frames_pure_oowashi_20260504/12c29cd5__frame_010250_bb00_t0427.51_conf0.998.jpg,2,Oowashi
tool_bird_class_train/Oowashi_Stellers_Sea_Eagle/bird_frames_pure_oowashi_20260504/f26b689b__frame_010660_bb00_t0444.61_conf0.992.jpg,2,Oowashi
tool_bird_class_train/Oowashi_Stellers_Sea_Eagle/bird_frames_pure_oowashi_20260504/b2eec3f4__frame_019010_bb00_t0792.88_conf1.000.jpg,2,Oowashi
tool_bird_class_train/Oowashi_Stellers_Sea_Eagle/frame_046300_bb00_t1931.10_conf0.989.jpg,2,Oowashi
tool_bird_class_train/Oowashi_Stellers_Sea_Eagle/bird_frames_pure_oowashi_20260504/d72a3a60__frame_019510_bb00_t0813.73_conf0.994.jpg,2,Oowashi
tool_bird_class_train/Oowashi_Stellers_Sea_Eagle/ext_wikimedia_20260504/wm_f02a206539e9.jpg,2,Oowashi
tool_bird_class_train/Oowashi_Stellers_Sea_Eagle/v5_ds_beta_bird/oowasi028.jpg,2,Oowashi
tool_bird_class_train/Oowashi_Stellers_Sea_Eagle/ext_wikimedia_20260504/wm_5c0129024ca6.jpg,2,Oowashi
tool_bird_class_train/Oowashi_Stellers_Sea_Eagle/ext_inat_20260504/inat_486338093_71c5c7a8.jpg,2,Oowashi
tool_bird_class_train/Oowashi_Stellers_Sea_Eagle/bird_frames_pure_oowashi_20260504/bdb9e3fa__frame_004160_bb00_t0173.51_conf0.982.jpg,2,Oowashi
tool_bird_class_train/Oowashi_Stellers_Sea_Eagle/ext_wikimedia_20260504/wm_643ea9820e47.jpg,2,Oowashi
tool_bird_class_train/Oowashi_Stellers_Sea_Eagle/bird_frames_pure_oowashi_20260504/751cf927__frame_034950_bb00_t1457.71_conf0.998.jpg,2,Oowashi
tool_bird_class_train/Oowashi_Stellers_Sea_Eagle/bird_frames_pure_oowashi_20260504/d5c9304b__frame_015430_bb00_t0643.56_conf0.997.jpg,2,Oowashi
tool_bird_class_train/Oowashi_Stellers_Sea_Eagle/ext_inat_20260504/inat_616945948_3c4a2858.jpg,2,Oowashi
tool_bird_class_train/Oowashi_Stellers_Sea_Eagle/bird_frames_pure_oowashi_20260504/751cf927__frame_009360_bb00_t0390.39_conf0.997.jpg,2,Oowashi
tool_bird_class_train/Oowashi_Stellers_Sea_Eagle/bird_frames_pure_oowashi_20260504/0b68a0b5__frame_032500_bb00_t1355.52_conf1.000.jpg,2,Oowashi
tool_bird_class_train/Oowashi_Stellers_Sea_Eagle/v5_ds_beta_bird/108227784.jpg,2,Oowashi
tool_bird_class_train/Oowashi_Stellers_Sea_Eagle/ext_inat_20260504/inat_102482293_9c541aa8.jpg,2,Oowashi
tool_bird_class_train/Oowashi_Stellers_Sea_Eagle/bird_frames_pure_oowashi_20260504/4c78b51a__frame_007000_bb00_t0291.96_conf0.997.jpg,2,Oowashi
tool_bird_class_train/Oowashi_Stellers_Sea_Eagle/v5_ds_beta_bird/63814331.jpg,2,Oowashi
tool_bird_class_train/Oowashi_Stellers_Sea_Eagle/ext_inat_20260504/inat_477836041_34e401e3.jpg,2,Oowashi
tool_bird_class_train/Oowashi_Stellers_Sea_Eagle/frame_021860_bb00_t0911.74_conf0.987.jpg,2,Oowashi
tool_bird_class_train/Oowashi_Stellers_Sea_Eagle/bird_frames_pure_oowashi_20260504/523aa2cf__frame_018660_bb00_t0778.28_conf0.995.jpg,2,Oowashi
tool_bird_class_train/Oowashi_Stellers_Sea_Eagle/bird_frames_pure_oowashi_20260504/3cf2e325__frame_039050_bb00_t1628.71_conf0.998.jpg,2,Oowashi
tool_bird_class_train/Oowashi_Stellers_Sea_Eagle/bird_frames_pure_oowashi_20260504/f26b689b__frame_030330_bb00_t1265.01_conf0.997.jpg,2,Oowashi
tool_bird_class_train/Oowashi_Stellers_Sea_Eagle/v5_ds_beta_bird/205884950.jpg,2,Oowashi
tool_bird_class_train/Oowashi_Stellers_Sea_Eagle/bird_frames_pure_oowashi_20260504/d0805753__frame_017630_bb00_t0735.32_conf0.998.jpg,2,Oowashi
tool_bird_class_train/Oowashi_Stellers_Sea_Eagle/ext_wikimedia_20260504/wm_13a5b7e151ba.jpg,2,Oowashi
tool_bird_class_train/Oowashi_Stellers_Sea_Eagle/bird_frames_pure_oowashi_20260504/cd92b757__frame_018450_bb00_t0769.52_conf0.998.jpg,2,Oowashi
tool_bird_class_train/Oowashi_Stellers_Sea_Eagle/bird_frames_pure_oowashi_20260504/e6c95a53__frame_013940_bb00_t0581.41_conf0.981.jpg,2,Oowashi
tool_bird_class_train/Oowashi_Stellers_Sea_Eagle/bird_frames_pure_oowashi_20260504/4d1f9966__frame_016140_bb00_t0673.17_conf0.984.jpg,2,Oowashi
tool_bird_class_train/Oowashi_Stellers_Sea_Eagle/bird_frames_pure_oowashi_20260504/33ae26f1__frame_010340_bb00_t0431.26_conf0.995.jpg,2,Oowashi
tool_bird_class_train/Oowashi_Stellers_Sea_Eagle/bird_frames_pure_oowashi_20260504/d72a3a60__frame_012330_bb00_t0514.26_conf0.995.jpg,2,Oowashi
tool_bird_class_train/Oowashi_Stellers_Sea_Eagle/ext_wikimedia_20260504/wm_5ba786476b39.jpg,2,Oowashi
tool_bird_class_train/Oowashi_Stellers_Sea_Eagle/ext_inat_20260504/inat_486337917_0e82b6be.jpg,2,Oowashi
tool_bird_class_train/Oowashi_Stellers_Sea_Eagle/bird_frames_pure_oowashi_20260504/d72a3a60__frame_008040_bb00_t0335.33_conf0.998.jpg,2,Oowashi
tool_bird_class_train/Oowashi_Stellers_Sea_Eagle/ext_wikimedia_20260504/wm_d0814eec2878.jpg,2,Oowashi
tool_bird_class_train/Oowashi_Stellers_Sea_Eagle/ext_wikimedia_20260504/wm_cc29ab3ca94e.jpg,2,Oowashi
tool_bird_class_train/Oowashi_Stellers_Sea_Eagle/bird_frames_pure_oowashi_20260504/354441cb__frame_027870_bb00_t1162.41_conf1.000.jpg,2,Oowashi
tool_bird_class_train/Oowashi_Stellers_Sea_Eagle/ext_wikimedia_20260504/wm_2cd728b98296.jpg,2,Oowashi
tool_bird_class_train/Oowashi_Stellers_Sea_Eagle/bird_frames_pure_oowashi_20260504/523aa2cf__frame_008770_bb00_t0365.78_conf0.994.jpg,2,Oowashi
tool_bird_class_train/Oowashi_Stellers_Sea_Eagle/v5_ds_beta_bird/oowasiF.jpg,2,Oowashi
tool_bird_class_train/Oowashi_Stellers_Sea_Eagle/bird_frames_pure_oowashi_20260504/751cf927__frame_007990_bb00_t0333.25_conf1.000.jpg,2,Oowashi
tool_bird_class_train/Oowashi_Stellers_Sea_Eagle/frame_000480_bb00_t0016.02_conf0.994.jpg,2,Oowashi
tool_bird_class_train/Oowashi_Stellers_Sea_Eagle/bird_frames_pure_oowashi_20260504/d5c9304b__frame_014900_bb00_t0621.45_conf0.998.jpg,2,Oowashi
tool_bird_class_train/Oowashi_Stellers_Sea_Eagle/ext_inat_20260504/inat_102482363_35725623.jpg,2,Oowashi
tool_bird_class_train/Oowashi_Stellers_Sea_Eagle/bird_frames_pure_oowashi_20260504/d0805753__frame_031710_bb01_t1322.57_conf0.997.jpg,2,Oowashi
tool_bird_class_train/Oowashi_Stellers_Sea_Eagle/ext_wikimedia_20260504/wm_2272a38e5ea6.jpg,2,Oowashi
tool_bird_class_train/Oowashi_Stellers_Sea_Eagle/ext_wikimedia_20260504/wm_3309c2a60e55.jpg,2,Oowashi
tool_bird_class_train/Oowashi_Stellers_Sea_Eagle/bird_frames_pure_oowashi_20260504/c300095d__frame_016210_bb00_t0676.09_conf0.989.jpg,2,Oowashi
tool_bird_class_train/Oowashi_Stellers_Sea_Eagle/bird_frames_pure_oowashi_20260504/954ff94e__frame_025220_bb00_t1051.88_conf0.998.jpg,2,Oowashi
tool_bird_class_train/Oowashi_Stellers_Sea_Eagle/ext_wikimedia_20260504/wm_174be3f6c544.jpg,2,Oowashi
tool_bird_class_train/Oowashi_Stellers_Sea_Eagle/bird_frames_pure_oowashi_20260504/dc3bcf2b__frame_017440_bb00_t0727.39_conf0.997.jpg,2,Oowashi
tool_bird_class_train/Oowashi_Stellers_Sea_Eagle/frame_019490_bb00_t0812.90_conf0.995.jpg,2,Oowashi
tool_bird_class_train/Oowashi_Stellers_Sea_Eagle/frame_039720_bb00_t1656.65_conf0.997.jpg,2,Oowashi
tool_bird_class_train/Oowashi_Stellers_Sea_Eagle/bird_frames_pure_oowashi_20260504/d33c0305__frame_003460_bb01_t0144.31_conf0.998.jpg,2,Oowashi
tool_bird_class_train/Oowashi_Stellers_Sea_Eagle/bird_frames_pure_oowashi_20260504/b36610f1__frame_006100_bb00_t0254.42_conf0.987.jpg,2,Oowashi
tool_bird_class_train/Oowashi_Stellers_Sea_Eagle/ext_wikimedia_20260504/wm_dc09aa8e6cc3.jpg,2,Oowashi
tool_bird_class_train/Oowashi_Stellers_Sea_Eagle/ext_wikimedia_20260504/wm_10bee6682542.jpg,2,Oowashi
tool_bird_class_train/Oowashi_Stellers_Sea_Eagle/bird_frames_pure_oowashi_20260504/3cf2e325__frame_045820_bb00_t1911.08_conf0.998.jpg,2,Oowashi
tool_bird_class_train/Oowashi_Stellers_Sea_Eagle/ext_wikimedia_20260504/wm_496b158ac865.jpg,2,Oowashi
tool_bird_class_train/Oowashi_Stellers_Sea_Eagle/bird_frames_pure_oowashi_20260504/2d7d6696__frame_007890_bb00_t0329.08_conf0.994.jpg,2,Oowashi
tool_bird_class_train/Oowashi_Stellers_Sea_Eagle/bird_frames_pure_oowashi_20260504/12c29cd5__frame_010830_bb00_t0451.70_conf0.998.jpg,2,Oowashi
tool_bird_class_train/Oowashi_Stellers_Sea_Eagle/bird_frames_pure_oowashi_20260504/cb471018__frame_027760_bb00_t1157.82_conf0.997.jpg,2,Oowashi
tool_bird_class_train/Oowashi_Stellers_Sea_Eagle/bird_frames_pure_oowashi_20260504/0b68a0b5__frame_043400_bb00_t1810.14_conf1.000.jpg,2,Oowashi
tool_bird_class_train/Oowashi_Stellers_Sea_Eagle/bird_frames_pure_oowashi_20260504/954ff94e__frame_020790_bb00_t0867.12_conf0.997.jpg,2,Oowashi
tool_bird_class_train/Oowashi_Stellers_Sea_Eagle/bird_frames_pure_oowashi_20260504/3ee82129__frame_019680_bb00_t0820.82_conf0.997.jpg,2,Oowashi
tool_bird_class_train/Oowashi_Stellers_Sea_Eagle/bird_frames_pure_oowashi_20260504/12c29cd5__frame_013140_bb00_t0548.05_conf0.998.jpg,2,Oowashi
tool_bird_class_train/Oowashi_Stellers_Sea_Eagle/bird_frames_pure_oowashi_20260504/954ff94e__frame_009960_bb00_t0415.41_conf0.997.jpg,2,Oowashi
tool_bird_class_train/Oowashi_Stellers_Sea_Eagle/bird_frames_pure_oowashi_20260504/8c3a2f11__frame_027380_bb00_t1141.97_conf1.000.jpg,2,Oowashi
tool_bird_class_train/Oowashi_Stellers_Sea_Eagle/frame_053010_bb00_t2210.96_conf0.989.jpg,2,Oowashi
tool_bird_class_train/Oowashi_Stellers_Sea_Eagle/v5_train_v5_inat/286239592.jpg,2,Oowashi
tool_bird_class_train/Oowashi_Stellers_Sea_Eagle/ext_wikimedia_20260504/wm_0285f2c2181a.jpg,2,Oowashi
tool_bird_class_train/Oowashi_Stellers_Sea_Eagle/v5_ds_beta_bird/146793786.jpg,2,Oowashi
tool_bird_class_train/Oowashi_Stellers_Sea_Eagle/bird_frames_pure_oowashi_20260504/c300095d__frame_022780_bb00_t0950.12_conf0.989.jpg,2,Oowashi
tool_bird_class_train/Oowashi_Stellers_Sea_Eagle/ext_inat_20260504/inat_177055601_a82e9774.jpg,2,Oowashi
tool_bird_class_train/Oowashi_Stellers_Sea_Eagle/ext_inat_20260504/inat_477823920_f2e878d7.jpg,2,Oowashi
tool_bird_class_train/Oowashi_Stellers_Sea_Eagle/bird_frames_pure_oowashi_20260504/3ee82129__frame_017150_bb00_t0715.30_conf0.997.jpg,2,Oowashi
tool_bird_class_train/Oowashi_Stellers_Sea_Eagle/ext_inat_20260504/inat_358194239_3d29bf1b.jpg,2,Oowashi
tool_bird_class_train/Oowashi_Stellers_Sea_Eagle/v5_ds_beta_bird/63819936.jpg,2,Oowashi
tool_bird_class_train/Oowashi_Stellers_Sea_Eagle/ext_wikimedia_20260504/wm_ba4390b08c50.jpg,2,Oowashi
tool_bird_class_train/Oowashi_Stellers_Sea_Eagle/ext_wikimedia_20260504/wm_9457b814db87.jpg,2,Oowashi
tool_bird_class_train/Oowashi_Stellers_Sea_Eagle/bird_frames_pure_oowashi_20260504/33ae26f1__frame_010510_bb02_t0438.35_conf0.997.jpg,2,Oowashi
tool_bird_class_train/Oowashi_Stellers_Sea_Eagle/ext_wikimedia_20260504/wm_0c086e5acae1.jpg,2,Oowashi
tool_bird_class_train/Oowashi_Stellers_Sea_Eagle/frame_017440_bb00_t0727.39_conf0.997.jpg,2,Oowashi
tool_bird_class_train/Oowashi_Stellers_Sea_Eagle/ext_inat_20260504/inat_462844744_72321f49.jpg,2,Oowashi
tool_bird_class_train/Oowashi_Stellers_Sea_Eagle/bird_frames_pure_oowashi_20260504/dc3bcf2b__frame_027730_bb00_t1156.57_conf0.994.jpg,2,Oowashi
tool_bird_class_train/Oowashi_Stellers_Sea_Eagle/v5_ds_beta_bird/63814324.jpg,2,Oowashi
tool_bird_class_train/Oowashi_Stellers_Sea_Eagle/ext_wikimedia_20260504/wm_22c652d1b40a.jpg,2,Oowashi
tool_bird_class_train/Oowashi_Stellers_Sea_Eagle/ext_wikimedia_20260504/wm_542edde3d166.jpg,2,Oowashi
tool_bird_class_train/Oowashi_Stellers_Sea_Eagle/bird_frames_pure_oowashi_20260504/dc3bcf2b__frame_022820_bb00_t0951.78_conf0.994.jpg,2,Oowashi
tool_bird_class_train/Oowashi_Stellers_Sea_Eagle/bird_frames_pure_oowashi_20260504/845670df__frame_023270_bb00_t0970.55_conf0.973.jpg,2,Oowashi
tool_bird_class_train/Oowashi_Stellers_Sea_Eagle/ext_inat_20260504/inat_636223687_19a2f801.jpg,2,Oowashi
tool_bird_class_train/Oowashi_Stellers_Sea_Eagle/bird_frames_pure_oowashi_20260504/8f06c527__frame_010520_bb00_t0438.77_conf0.994.jpg,2,Oowashi
tool_bird_class_train/Oowashi_Stellers_Sea_Eagle/bird_frames_pure_oowashi_20260504/e6c95a53__frame_014000_bb00_t0583.92_conf0.992.jpg,2,Oowashi
tool_bird_class_train/Oowashi_Stellers_Sea_Eagle/bird_frames_pure_oowashi_20260504/845670df__frame_011340_bb00_t0472.97_conf0.982.jpg,2,Oowashi
tool_bird_class_train/Oowashi_Stellers_Sea_Eagle/v5_ds_beta_bird/oowasi027.jpg,2,Oowashi
tool_bird_class_train/Oowashi_Stellers_Sea_Eagle/bird_frames_pure_oowashi_20260504/ed31ce54__frame_003580_bb00_t0149.32_conf0.994.jpg,2,Oowashi
tool_bird_class_train/Oowashi_Stellers_Sea_Eagle/ext_wikimedia_20260504/wm_12b9dfd0eaac.jpg,2,Oowashi
tool_bird_class_train/Oowashi_Stellers_Sea_Eagle/bird_frames_pure_oowashi_20260504/a45d9fc9__frame_020430_bb00_t0852.10_conf0.997.jpg,2,Oowashi
tool_bird_class_train/Oowashi_Stellers_Sea_Eagle/ext_wikimedia_20260504/wm_042330524d7f.jpg,2,Oowashi
tool_bird_class_train/Oowashi_Stellers_Sea_Eagle/ext_wikimedia_20260504/wm_fdad977cfb10.jpg,2,Oowashi
tool_bird_class_train/Oowashi_Stellers_Sea_Eagle/ext_wikimedia_20260504/wm_a33d910d25a0.jpg,2,Oowashi
tool_bird_class_train/Oowashi_Stellers_Sea_Eagle/bird_frames_pure_oowashi_20260504/3cf2e325__frame_032850_bb00_t1370.12_conf1.000.jpg,2,Oowashi
tool_bird_class_train/Oowashi_Stellers_Sea_Eagle/ext_wikimedia_20260504/wm_ef0ed39b9642.jpg,2,Oowashi
tool_bird_class_train/Oowashi_Stellers_Sea_Eagle/frame_017410_bb00_t0726.14_conf0.995.jpg,2,Oowashi
tool_bird_class_train/Oowashi_Stellers_Sea_Eagle/bird_frames_pure_oowashi_20260504/cd92b757__frame_009140_bb00_t0381.21_conf0.998.jpg,2,Oowashi
tool_bird_class_train/Oowashi_Stellers_Sea_Eagle/frame_021680_bb00_t0904.24_conf0.950.jpg,2,Oowashi
tool_bird_class_train/Oowashi_Stellers_Sea_Eagle/bird_frames_pure_oowashi_20260504/a45d9fc9__frame_021720_bb00_t0905.90_conf0.997.jpg,2,Oowashi
tool_bird_class_train/Oowashi_Stellers_Sea_Eagle/ext_wikimedia_20260504/wm_dfec47946f46.jpg,2,Oowashi
tool_bird_class_train/Oowashi_Stellers_Sea_Eagle/bird_frames_pure_oowashi_20260504/f26b689b__frame_010630_bb00_t0443.36_conf0.994.jpg,2,Oowashi
tool_bird_class_train/Oowashi_Stellers_Sea_Eagle/ext_inat_20260504/inat_102482260_21bbe3a9.jpg,2,Oowashi
tool_bird_class_train/Oowashi_Stellers_Sea_Eagle/bird_frames_pure_oowashi_20260504/dc3bcf2b__frame_010400_bb00_t0433.77_conf0.995.jpg,2,Oowashi
tool_bird_class_train/Oowashi_Stellers_Sea_Eagle/v5_ds_beta_bird/71572871.jpg,2,Oowashi
tool_bird_class_train/Oowashi_Stellers_Sea_Eagle/bird_frames_pure_oowashi_20260504/0b68a0b5__frame_012780_bb00_t0533.03_conf0.998.jpg,2,Oowashi
tool_bird_class_train/Oowashi_Stellers_Sea_Eagle/ext_inat_20260504/inat_182179863_fa0f55f1.jpg,2,Oowashi
tool_bird_class_train/Oowashi_Stellers_Sea_Eagle/bird_frames_pure_oowashi_20260504/dc3bcf2b__frame_021350_bb00_t0890.47_conf0.994.jpg,2,Oowashi
tool_bird_class_train/Oowashi_Stellers_Sea_Eagle/bird_frames_pure_oowashi_20260504/ed31ce54__frame_016920_bb00_t0705.70_conf0.995.jpg,2,Oowashi
tool_bird_class_train/Oowashi_Stellers_Sea_Eagle/bird_frames_pure_oowashi_20260504/a45d9fc9__frame_019530_bb00_t0814.56_conf0.998.jpg,2,Oowashi
tool_bird_class_train/Oowashi_Stellers_Sea_Eagle/bird_frames_pure_oowashi_20260504/cd92b757__frame_022200_bb00_t0925.92_conf0.998.jpg,2,Oowashi
tool_bird_class_train/Oowashi_Stellers_Sea_Eagle/bird_frames_pure_oowashi_20260504/d0805753__frame_011980_bb00_t0499.67_conf0.995.jpg,2,Oowashi
tool_bird_class_train/Oowashi_Stellers_Sea_Eagle/bird_frames_pure_oowashi_20260504/845670df__frame_014170_bb00_t0591.01_conf0.986.jpg,2,Oowashi
tool_bird_class_train/Oowashi_Stellers_Sea_Eagle/ext_wikimedia_20260504/wm_20041a07a6e2.jpg,2,Oowashi
tool_bird_class_train/Oowashi_Stellers_Sea_Eagle/bird_frames_pure_oowashi_20260504/c300095d__frame_021800_bb03_t0909.24_conf0.995.jpg,2,Oowashi
tool_bird_class_train/Oowashi_Stellers_Sea_Eagle/ext_wikimedia_20260504/wm_3919e258afde.jpg,2,Oowashi
tool_bird_class_train/Oowashi_Stellers_Sea_Eagle/ext_wikimedia_20260504/wm_cbc894768a54.jpg,2,Oowashi
tool_bird_class_train/Oowashi_Stellers_Sea_Eagle/ext_wikimedia_20260504/wm_c9388a2c10a3.jpg,2,Oowashi
tool_bird_class_train/Oowashi_Stellers_Sea_Eagle/frame_043010_bb00_t1793.88_conf0.997.jpg,2,Oowashi
tool_bird_class_train/Oowashi_Stellers_Sea_Eagle/frame_000090_bb00_t0003.00_conf0.990.jpg,2,Oowashi
tool_bird_class_train/Oowashi_Stellers_Sea_Eagle/bird_frames_pure_oowashi_20260504/cd92b757__frame_008700_bb00_t0362.86_conf1.000.jpg,2,Oowashi
tool_bird_class_train/Oowashi_Stellers_Sea_Eagle/bird_frames_pure_oowashi_20260504/4d49e9f6__frame_007110_bb01_t0296.55_conf0.995.jpg,2,Oowashi
tool_bird_class_train/Oowashi_Stellers_Sea_Eagle/frame_024410_bb00_t1018.10_conf0.981.jpg,2,Oowashi
tool_bird_class_train/Oowashi_Stellers_Sea_Eagle/frame_025050_bb00_t1044.79_conf0.995.jpg,2,Oowashi
tool_bird_class_train/Oowashi_Stellers_Sea_Eagle/bird_frames_pure_oowashi_20260504/8f06c527__frame_010480_bb01_t0437.10_conf1.000.jpg,2,Oowashi
tool_bird_class_train/Oowashi_Stellers_Sea_Eagle/frame_045910_bb00_t1914.83_conf0.957.jpg,2,Oowashi
tool_bird_class_train/Oowashi_Stellers_Sea_Eagle/bird_frames_pure_oowashi_20260504/4c78b51a__frame_009600_bb00_t0400.40_conf0.994.jpg,2,Oowashi
tool_bird_class_train/Oowashi_Stellers_Sea_Eagle/bird_frames_pure_oowashi_20260504/bdb9e3fa__frame_005250_bb00_t0218.97_conf0.974.jpg,2,Oowashi
tool_bird_class_train/Oowashi_Stellers_Sea_Eagle/ext_wikimedia_20260504/wm_e811bdf19c70.jpg,2,Oowashi
tool_bird_class_train/Oowashi_Stellers_Sea_Eagle/bird_frames_pure_oowashi_20260504/cd92b757__frame_008600_bb00_t0358.69_conf0.998.jpg,2,Oowashi
tool_bird_class_train/Oowashi_Stellers_Sea_Eagle/frame_016400_bb00_t0684.02_conf0.995.jpg,2,Oowashi
tool_bird_class_train/Oowashi_Stellers_Sea_Eagle/bird_frames_pure_oowashi_20260504/751cf927__frame_018140_bb01_t0756.59_conf0.998.jpg,2,Oowashi
tool_bird_class_train/Oowashi_Stellers_Sea_Eagle/bird_frames_pure_oowashi_20260504/954ff94e__frame_026010_bb00_t1084.83_conf0.998.jpg,2,Oowashi
tool_bird_class_train/Oowashi_Stellers_Sea_Eagle/v5_ds_beta_bird/347692443.jpg,2,Oowashi
tool_bird_class_train/Oowashi_Stellers_Sea_Eagle/frame_016770_bb00_t0699.45_conf0.978.jpg,2,Oowashi
tool_bird_class_train/Oowashi_Stellers_Sea_Eagle/bird_frames_pure_oowashi_20260504/cb471018__frame_019710_bb00_t0822.07_conf0.997.jpg,2,Oowashi
tool_bird_class_train/Oowashi_Stellers_Sea_Eagle/bird_frames_pure_oowashi_20260504/d33c0305__frame_014070_bb00_t0586.84_conf0.998.jpg,2,Oowashi
tool_bird_class_train/Oowashi_Stellers_Sea_Eagle/bird_frames_pure_oowashi_20260504/ed31ce54__frame_009060_bb00_t0377.88_conf0.986.jpg,2,Oowashi
tool_bird_class_train/Oowashi_Stellers_Sea_Eagle/ext_wikimedia_20260504/wm_e7308b6e4c06.jpg,2,Oowashi
tool_bird_class_train/Oowashi_Stellers_Sea_Eagle/ext_wikimedia_20260504/wm_0ecd2de73568.jpg,2,Oowashi
tool_bird_class_train/Oowashi_Stellers_Sea_Eagle/bird_frames_pure_oowashi_20260504/33ae26f1__frame_013630_bb00_t0568.48_conf0.998.jpg,2,Oowashi
tool_bird_class_train/Oowashi_Stellers_Sea_Eagle/bird_frames_pure_oowashi_20260504/d5c9304b__frame_012870_bb00_t0536.79_conf0.997.jpg,2,Oowashi
tool_bird_class_train/Oowashi_Stellers_Sea_Eagle/v5_ds_beta_bird/179249263.jpg,2,Oowashi
tool_bird_class_train/Oowashi_Stellers_Sea_Eagle/bird_frames_pure_oowashi_20260504/8f06c527__frame_010450_bb01_t0435.85_conf0.998.jpg,2,Oowashi
tool_bird_class_train/Oowashi_Stellers_Sea_Eagle/ext_inat_20260504/inat_462844749_64a95e3d.jpg,2,Oowashi
tool_bird_class_train/Oowashi_Stellers_Sea_Eagle/ext_wikimedia_20260504/wm_72d5e2f956bb.jpg,2,Oowashi
tool_bird_class_train/Oowashi_Stellers_Sea_Eagle/v5_ds_beta_bird/79755714.jpg,2,Oowashi
tool_bird_class_train/Oowashi_Stellers_Sea_Eagle/bird_frames_pure_oowashi_20260504/b36610f1__frame_021570_bb00_t0899.65_conf0.997.jpg,2,Oowashi
tool_bird_class_train/Oowashi_Stellers_Sea_Eagle/frame_025120_bb00_t1047.71_conf0.982.jpg,2,Oowashi
tool_bird_class_train/Oowashi_Stellers_Sea_Eagle/ext_wikimedia_20260504/wm_f047caf13850.jpg,2,Oowashi
tool_bird_class_train/Oowashi_Stellers_Sea_Eagle/ext_inat_20260504/inat_364751800_f4cd93c0.jpg,2,Oowashi
tool_bird_class_train/Oowashi_Stellers_Sea_Eagle/bird_frames_pure_oowashi_20260504/0b68a0b5__frame_021930_bb00_t0914.66_conf0.998.jpg,2,Oowashi
tool_bird_class_train/Oowashi_Stellers_Sea_Eagle/bird_frames_pure_oowashi_20260504/3cf2e325__frame_037850_bb00_t1578.66_conf1.000.jpg,2,Oowashi
tool_bird_class_train/Oowashi_Stellers_Sea_Eagle/bird_frames_pure_oowashi_20260504/b2eec3f4__frame_033300_bb00_t1388.89_conf0.997.jpg,2,Oowashi
tool_bird_class_train/Oowashi_Stellers_Sea_Eagle/ext_wikimedia_20260504/wm_cd0e41e6957a.jpg,2,Oowashi
tool_bird_class_train/Oowashi_Stellers_Sea_Eagle/ext_wikimedia_20260504/wm_cf94154be063.jpg,2,Oowashi
tool_bird_class_train/Oowashi_Stellers_Sea_Eagle/v5_ds_beta_bird/oowasi035.jpg,2,Oowashi
tool_bird_class_train/Oowashi_Stellers_Sea_Eagle/ext_wikimedia_20260504/wm_27d19040533c.jpg,2,Oowashi
tool_bird_class_train/Oowashi_Stellers_Sea_Eagle/ext_wikimedia_20260504/wm_2d20039027dd.jpg,2,Oowashi
tool_bird_class_train/Oowashi_Stellers_Sea_Eagle/v5_ds_beta_bird/oowasiK.jpg,2,Oowashi
tool_bird_class_train/Oowashi_Stellers_Sea_Eagle/bird_frames_pure_oowashi_20260504/0b68a0b5__frame_013790_bb00_t0575.16_conf0.998.jpg,2,Oowashi
tool_bird_class_train/Oowashi_Stellers_Sea_Eagle/bird_frames_pure_oowashi_20260504/12c29cd5__frame_010930_bb00_t0455.87_conf1.000.jpg,2,Oowashi
tool_bird_class_train/Oowashi_Stellers_Sea_Eagle/frame_027990_bb00_t1167.42_conf0.990.jpg,2,Oowashi
tool_bird_class_train/Oowashi_Stellers_Sea_Eagle/bird_frames_pure_oowashi_20260504/d0805753__frame_034190_bb00_t1426.01_conf0.997.jpg,2,Oowashi
tool_bird_class_train/Oowashi_Stellers_Sea_Eagle/bird_frames_pure_oowashi_20260504/8f06c527__frame_018060_bb00_t0753.25_conf0.998.jpg,2,Oowashi
tool_bird_class_train/Oowashi_Stellers_Sea_Eagle/v5_ds_beta_bird/oowasiQ.jpg,2,Oowashi
tool_bird_class_train/Oowashi_Stellers_Sea_Eagle/v5_ds_beta_bird/oowasi061.jpg,2,Oowashi
tool_bird_class_train/Oowashi_Stellers_Sea_Eagle/bird_frames_pure_oowashi_20260504/4d1f9966__frame_016420_bb00_t0684.85_conf0.962.jpg,2,Oowashi
tool_bird_class_train/Oowashi_Stellers_Sea_Eagle/bird_frames_pure_oowashi_20260504/d5c9304b__frame_019450_bb00_t0811.23_conf0.998.jpg,2,Oowashi
tool_bird_class_train/Oowashi_Stellers_Sea_Eagle/bird_frames_pure_oowashi_20260504/8c3a2f11__frame_027360_bb01_t1141.14_conf0.998.jpg,2,Oowashi
tool_bird_class_train/Oowashi_Stellers_Sea_Eagle/bird_frames_pure_oowashi_20260504/d5c9304b__frame_014440_bb00_t0602.27_conf0.997.jpg,2,Oowashi
tool_bird_class_train/Oowashi_Stellers_Sea_Eagle/bird_frames_pure_oowashi_20260504/0b68a0b5__frame_044210_bb00_t1843.93_conf1.000.jpg,2,Oowashi
tool_bird_class_train/Oowashi_Stellers_Sea_Eagle/bird_frames_pure_oowashi_20260504/b36610f1__frame_011560_bb00_t0482.15_conf0.994.jpg,2,Oowashi
tool_bird_class_train/Oowashi_Stellers_Sea_Eagle/v5_ds_beta_bird/265980115.jpg,2,Oowashi
tool_bird_class_train/Oowashi_Stellers_Sea_Eagle/bird_frames_pure_oowashi_20260504/b36610f1__frame_014220_bb00_t0593.09_conf0.989.jpg,2,Oowashi
tool_bird_class_train/Oowashi_Stellers_Sea_Eagle/frame_016590_bb01_t0691.94_conf0.997.jpg,2,Oowashi
tool_bird_class_train/Oowashi_Stellers_Sea_Eagle/bird_frames_pure_oowashi_20260504/f26b689b__frame_009950_bb00_t0415.00_conf0.995.jpg,2,Oowashi
tool_bird_class_train/Oowashi_Stellers_Sea_Eagle/bird_frames_pure_oowashi_20260504/c83cffa8__frame_016750_bb00_t0698.61_conf0.997.jpg,2,Oowashi
tool_bird_class_train/Oowashi_Stellers_Sea_Eagle/ext_wikimedia_20260504/wm_d1d12709d907.jpg,2,Oowashi
tool_bird_class_train/Oowashi_Stellers_Sea_Eagle/ext_wikimedia_20260504/wm_c97e2ec86e79.jpg,2,Oowashi
tool_bird_class_train/Oowashi_Stellers_Sea_Eagle/ext_wikimedia_20260504/wm_cc3d163c480e.jpg,2,Oowashi
tool_bird_class_train/Oowashi_Stellers_Sea_Eagle/bird_frames_pure_oowashi_20260504/8c3a2f11__frame_020660_bb00_t0861.69_conf0.998.jpg,2,Oowashi
tool_bird_class_train/Oowashi_Stellers_Sea_Eagle/v5_ds_beta_bird/206240629.jpg,2,Oowashi
tool_bird_class_train/Oowashi_Stellers_Sea_Eagle/bird_frames_pure_oowashi_20260504/751cf927__frame_009220_bb00_t0384.55_conf0.997.jpg,2,Oowashi
tool_bird_class_train/Oowashi_Stellers_Sea_Eagle/bird_frames_pure_oowashi_20260504/751cf927__frame_035030_bb00_t1461.04_conf0.998.jpg,2,Oowashi
tool_bird_class_train/Oowashi_Stellers_Sea_Eagle/ext_wikimedia_20260504/wm_0bedf5be8097.jpg,2,Oowashi
tool_bird_class_train/Oowashi_Stellers_Sea_Eagle/bird_frames_pure_oowashi_20260504/d0805753__frame_006520_bb00_t0271.94_conf1.000.jpg,2,Oowashi
tool_bird_class_train/Oowashi_Stellers_Sea_Eagle/bird_frames_pure_oowashi_20260504/33ae26f1__frame_018380_bb00_t0766.60_conf0.997.jpg,2,Oowashi
tool_bird_class_train/Oowashi_Stellers_Sea_Eagle/bird_frames_pure_oowashi_20260504/a45d9fc9__frame_021300_bb01_t0888.39_conf0.997.jpg,2,Oowashi
tool_bird_class_train/Oowashi_Stellers_Sea_Eagle/ext_inat_20260504/inat_174436853_8cb2f426.jpg,2,Oowashi
tool_bird_class_train/Oowashi_Stellers_Sea_Eagle/v5_ds_beta_bird/oowasi026.jpg,2,Oowashi
tool_bird_class_train/Oowashi_Stellers_Sea_Eagle/bird_frames_pure_oowashi_20260504/4d49e9f6__frame_007350_bb00_t0306.56_conf0.997.jpg,2,Oowashi
tool_bird_class_train/Oowashi_Stellers_Sea_Eagle/ext_inat_20260504/inat_391444214_969fabd9.jpg,2,Oowashi
tool_bird_class_train/Oowashi_Stellers_Sea_Eagle/bird_frames_pure_oowashi_20260504/dc3bcf2b__frame_016640_bb00_t0694.03_conf0.994.jpg,2,Oowashi
tool_bird_class_train/Oowashi_Stellers_Sea_Eagle/bird_frames_pure_oowashi_20260504/3ee82129__frame_028560_bb00_t1191.19_conf1.000.jpg,2,Oowashi
tool_bird_class_train/Oowashi_Stellers_Sea_Eagle/bird_frames_pure_oowashi_20260504/d72a3a60__frame_019980_bb00_t0833.33_conf0.994.jpg,2,Oowashi
tool_bird_class_train/Oowashi_Stellers_Sea_Eagle/bird_frames_pure_oowashi_20260504/3ee82129__frame_026780_bb00_t1116.95_conf0.998.jpg,2,Oowashi
tool_bird_class_train/Oowashi_Stellers_Sea_Eagle/bird_frames_pure_oowashi_20260504/2d7d6696__frame_007330_bb00_t0305.72_conf0.984.jpg,2,Oowashi
tool_bird_class_train/Oowashi_Stellers_Sea_Eagle/frame_052990_bb00_t2210.12_conf0.990.jpg,2,Oowashi
tool_bird_class_train/Oowashi_Stellers_Sea_Eagle/bird_frames_pure_oowashi_20260504/c83cffa8__frame_010020_bb00_t0417.92_conf0.997.jpg,2,Oowashi
tool_bird_class_train/Oowashi_Stellers_Sea_Eagle/bird_frames_pure_oowashi_20260504/ed31ce54__frame_013860_bb00_t0578.08_conf1.000.jpg,2,Oowashi
tool_bird_class_train/Oowashi_Stellers_Sea_Eagle/bird_frames_pure_oowashi_20260504/4c78b51a__frame_006970_bb00_t0290.71_conf0.995.jpg,2,Oowashi
tool_bird_class_train/Oowashi_Stellers_Sea_Eagle/bird_frames_pure_oowashi_20260504/354441cb__frame_019570_bb00_t0816.23_conf0.998.jpg,2,Oowashi
tool_bird_class_train/Oowashi_Stellers_Sea_Eagle/bird_frames_pure_oowashi_20260504/12c29cd5__frame_010410_bb00_t0434.18_conf1.000.jpg,2,Oowashi
tool_bird_class_train/Oowashi_Stellers_Sea_Eagle/bird_frames_pure_oowashi_20260504/d72a3a60__frame_017690_bb00_t0737.82_conf0.994.jpg,2,Oowashi
tool_bird_class_train/Oowashi_Stellers_Sea_Eagle/frame_029790_bb00_t1242.49_conf0.998.jpg,2,Oowashi
tool_bird_class_train/Oowashi_Stellers_Sea_Eagle/ext_inat_20260504/inat_182182253_e79d9d01.jpg,2,Oowashi
tool_bird_class_train/Oowashi_Stellers_Sea_Eagle/bird_frames_pure_oowashi_20260504/8c3a2f11__frame_029020_bb01_t1210.38_conf1.000.jpg,2,Oowashi
tool_bird_class_train/Oowashi_Stellers_Sea_Eagle/ext_wikimedia_20260504/wm_865da6df3d19.jpg,2,Oowashi
tool_bird_class_train/Oowashi_Stellers_Sea_Eagle/bird_frames_pure_oowashi_20260504/e6c95a53__frame_014020_bb00_t0584.75_conf0.995.jpg,2,Oowashi
tool_bird_class_train/Oowashi_Stellers_Sea_Eagle/ext_wikimedia_20260504/wm_ea73f86a236f.jpg,2,Oowashi
tool_bird_class_train/Oowashi_Stellers_Sea_Eagle/frame_024430_bb00_t1018.93_conf0.987.jpg,2,Oowashi
tool_bird_class_train/Oowashi_Stellers_Sea_Eagle/ext_wikimedia_20260504/wm_94771b434ff3.jpg,2,Oowashi
tool_bird_class_train/Oowashi_Stellers_Sea_Eagle/v5_ds_beta_bird/63814320.jpg,2,Oowashi
tool_bird_class_train/Oowashi_Stellers_Sea_Eagle/bird_frames_pure_oowashi_20260504/33ae26f1__frame_013600_bb00_t0567.23_conf0.998.jpg,2,Oowashi
tool_bird_class_train/Oowashi_Stellers_Sea_Eagle/bird_frames_pure_oowashi_20260504/4d49e9f6__frame_007090_bb01_t0295.71_conf0.995.jpg,2,Oowashi
tool_bird_class_train/Oowashi_Stellers_Sea_Eagle/ext_inat_20260504/inat_102482676_4db80e9f.jpg,2,Oowashi
tool_bird_class_train/Oowashi_Stellers_Sea_Eagle/ext_wikimedia_20260504/wm_61f93fa1dfc2.jpg,2,Oowashi
tool_bird_class_train/Oowashi_Stellers_Sea_Eagle/bird_frames_pure_oowashi_20260504/d5c9304b__frame_019850_bb00_t0827.91_conf0.997.jpg,2,Oowashi
tool_bird_class_train/Oowashi_Stellers_Sea_Eagle/bird_frames_pure_oowashi_20260504/4c78b51a__frame_019890_bb00_t0829.58_conf0.998.jpg,2,Oowashi
tool_bird_class_train/Oowashi_Stellers_Sea_Eagle/bird_frames_pure_oowashi_20260504/d5c9304b__frame_015590_bb00_t0650.23_conf0.997.jpg,2,Oowashi
tool_bird_class_train/Oowashi_Stellers_Sea_Eagle/ext_inat_20260504/inat_181959665_73bf4d30.jpg,2,Oowashi
tool_bird_class_train/Oowashi_Stellers_Sea_Eagle/bird_frames_pure_oowashi_20260504/d72a3a60__frame_016220_bb00_t0676.51_conf0.995.jpg,2,Oowashi
tool_bird_class_train/Oowashi_Stellers_Sea_Eagle/bird_frames_pure_oowashi_20260504/c83cffa8__frame_009480_bb00_t0395.39_conf0.997.jpg,2,Oowashi
tool_bird_class_train/Oowashi_Stellers_Sea_Eagle/ext_inat_20260504/inat_364754430_da000575.jpg,2,Oowashi
tool_bird_class_train/Oowashi_Stellers_Sea_Eagle/ext_wikimedia_20260504/wm_243aba4291a4.jpg,2,Oowashi
tool_bird_class_train/Oowashi_Stellers_Sea_Eagle/frame_040100_bb00_t1672.50_conf0.978.jpg,2,Oowashi
tool_bird_class_train/Oowashi_Stellers_Sea_Eagle/ext_wikimedia_20260504/wm_f41f23fa9074.jpg,2,Oowashi
tool_bird_class_train/Oowashi_Stellers_Sea_Eagle/bird_frames_pure_oowashi_20260504/3cf2e325__frame_005520_bb01_t0230.23_conf0.998.jpg,2,Oowashi
tool_bird_class_train/Oowashi_Stellers_Sea_Eagle/bird_frames_pure_oowashi_20260504/523aa2cf__frame_018650_bb00_t0777.86_conf0.994.jpg,2,Oowashi
tool_bird_class_train/Oowashi_Stellers_Sea_Eagle/bird_frames_pure_oowashi_20260504/845670df__frame_014900_bb00_t0621.45_conf0.990.jpg,2,Oowashi
tool_bird_class_train/Oowashi_Stellers_Sea_Eagle/ext_wikimedia_20260504/wm_363b334ee8a2.jpg,2,Oowashi
tool_bird_class_train/Oowashi_Stellers_Sea_Eagle/ext_inat_20260504/inat_176456968_bd0e8c8a.jpg,2,Oowashi
tool_bird_class_train/Oowashi_Stellers_Sea_Eagle/ext_wikimedia_20260504/wm_da2afe95fbab.jpg,2,Oowashi
tool_bird_class_train/Oowashi_Stellers_Sea_Eagle/frame_040170_bb00_t1675.42_conf0.989.jpg,2,Oowashi
tool_bird_class_train/Oowashi_Stellers_Sea_Eagle/bird_frames_pure_oowashi_20260504/cd92b757__frame_008660_bb00_t0361.19_conf0.998.jpg,2,Oowashi
tool_bird_class_train/Oowashi_Stellers_Sea_Eagle/bird_frames_pure_oowashi_20260504/cb471018__frame_001630_bb00_t0067.98_conf0.997.jpg,2,Oowashi
tool_bird_class_train/Oowashi_Stellers_Sea_Eagle/bird_frames_pure_oowashi_20260504/4d49e9f6__frame_033050_bb00_t1378.46_conf0.998.jpg,2,Oowashi
tool_bird_class_train/Oowashi_Stellers_Sea_Eagle/ext_inat_20260504/inat_478059458_e9974272.jpg,2,Oowashi
tool_bird_class_train/Oowashi_Stellers_Sea_Eagle/bird_frames_pure_oowashi_20260504/ed31ce54__frame_009580_bb00_t0399.57_conf0.987.jpg,2,Oowashi
tool_bird_class_train/Oowashi_Stellers_Sea_Eagle/ext_wikimedia_20260504/wm_614e3c31a6a6.jpg,2,Oowashi
tool_bird_class_train/Oowashi_Stellers_Sea_Eagle/bird_frames_pure_oowashi_20260504/523aa2cf__frame_017490_bb00_t0729.48_conf0.997.jpg,2,Oowashi
tool_bird_class_train/Oowashi_Stellers_Sea_Eagle/bird_frames_pure_oowashi_20260504/d33c0305__frame_013660_bb00_t0569.74_conf0.995.jpg,2,Oowashi
tool_bird_class_train/Oowashi_Stellers_Sea_Eagle/bird_frames_pure_oowashi_20260504/cb471018__frame_016910_bb00_t0705.29_conf0.997.jpg,2,Oowashi
tool_bird_class_train/Oowashi_Stellers_Sea_Eagle/v5_ds_beta_bird/70687311.jpg,2,Oowashi
tool_bird_class_train/Oowashi_Stellers_Sea_Eagle/bird_frames_pure_oowashi_20260504/12c29cd5__frame_022550_bb00_t0940.52_conf1.000.jpg,2,Oowashi
tool_bird_class_train/Oowashi_Stellers_Sea_Eagle/bird_frames_pure_oowashi_20260504/523aa2cf__frame_009190_bb00_t0383.30_conf0.992.jpg,2,Oowashi
tool_bird_class_train/Oowashi_Stellers_Sea_Eagle/v5_ds_beta_bird/oowasi032.jpg,2,Oowashi
tool_bird_class_train/Oowashi_Stellers_Sea_Eagle/bird_frames_pure_oowashi_20260504/2d7d6696__frame_007880_bb00_t0328.66_conf0.987.jpg,2,Oowashi
tool_bird_class_train/Oowashi_Stellers_Sea_Eagle/bird_frames_pure_oowashi_20260504/8c3a2f11__frame_026550_bb00_t1107.36_conf0.998.jpg,2,Oowashi
tool_bird_class_train/Oowashi_Stellers_Sea_Eagle/v5_ds_beta_bird/oowasiL.jpg,2,Oowashi
tool_bird_class_train/Oowashi_Stellers_Sea_Eagle/bird_frames_pure_oowashi_20260504/f26b689b__frame_017400_bb00_t0725.72_conf0.995.jpg,2,Oowashi
tool_bird_class_train/Oowashi_Stellers_Sea_Eagle/ext_wikimedia_20260504/wm_7f2a5ad21dd3.jpg,2,Oowashi
tool_bird_class_train/Oowashi_Stellers_Sea_Eagle/bird_frames_pure_oowashi_20260504/c83cffa8__frame_016320_bb00_t0680.68_conf1.000.jpg,2,Oowashi
tool_bird_class_train/Oowashi_Stellers_Sea_Eagle/ext_wikimedia_20260504/wm_dd01cf2a4cf6.jpg,2,Oowashi
tool_bird_class_train/Oowashi_Stellers_Sea_Eagle/v5_ds_beta_bird/oowasi022.jpg,2,Oowashi
tool_bird_class_train/Oowashi_Stellers_Sea_Eagle/ext_inat_20260504/inat_364752481_26ed796b.jpg,2,Oowashi
tool_bird_class_train/Oowashi_Stellers_Sea_Eagle/ext_wikimedia_20260504/wm_74a5f2052e6e.jpg,2,Oowashi
tool_bird_class_train/Oowashi_Stellers_Sea_Eagle/v5_ds_beta_bird/105152932.jpg,2,Oowashi
tool_bird_class_train/Oowashi_Stellers_Sea_Eagle/ext_wikimedia_20260504/wm_9c675715802b.jpg,2,Oowashi
tool_bird_class_train/Oowashi_Stellers_Sea_Eagle/bird_frames_pure_oowashi_20260504/354441cb__frame_029630_bb00_t1235.82_conf0.997.jpg,2,Oowashi
tool_bird_class_train/Oowashi_Stellers_Sea_Eagle/bird_frames_pure_oowashi_20260504/c83cffa8__frame_026530_bb00_t1106.52_conf0.997.jpg,2,Oowashi
tool_bird_class_train/Oowashi_Stellers_Sea_Eagle/ext_wikimedia_20260504/wm_36aaf83c1e40.jpg,2,Oowashi
tool_bird_class_train/Oowashi_Stellers_Sea_Eagle/bird_frames_pure_oowashi_20260504/8c3a2f11__frame_012600_bb01_t0525.52_conf1.000.jpg,2,Oowashi
tool_bird_class_train/Oowashi_Stellers_Sea_Eagle/v5_ds_beta_bird/269990393.jpg,2,Oowashi
tool_bird_class_train/Oowashi_Stellers_Sea_Eagle/bird_frames_pure_oowashi_20260504/845670df__frame_014190_bb00_t0591.84_conf0.970.jpg,2,Oowashi
tool_bird_class_train/Oowashi_Stellers_Sea_Eagle/bird_frames_pure_oowashi_20260504/d72a3a60__frame_018230_bb00_t0760.34_conf0.998.jpg,2,Oowashi
tool_bird_class_train/Oowashi_Stellers_Sea_Eagle/bird_frames_pure_oowashi_20260504/0b68a0b5__frame_022050_bb00_t0919.67_conf0.998.jpg,2,Oowashi
tool_bird_class_train/Oowashi_Stellers_Sea_Eagle/ext_wikimedia_20260504/wm_816798035053.jpg,2,Oowashi
tool_bird_class_train/Oowashi_Stellers_Sea_Eagle/ext_inat_20260504/inat_2714968_a8f56de4.jpg,2,Oowashi
tool_bird_class_train/Oowashi_Stellers_Sea_Eagle/frame_015420_bb00_t0643.14_conf0.990.jpg,2,Oowashi
tool_bird_class_train/Oowashi_Stellers_Sea_Eagle/v5_ds_beta_bird/108228548.jpg,2,Oowashi
tool_bird_class_train/Oowashi_Stellers_Sea_Eagle/ext_wikimedia_20260504/wm_c7cf290c371e.jpg,2,Oowashi
tool_bird_class_train/Oowashi_Stellers_Sea_Eagle/v5_train_v5_inat/270432224.jpg,2,Oowashi
tool_bird_class_train/Oowashi_Stellers_Sea_Eagle/v5_ds_beta_bird/oowasi044.jpg,2,Oowashi
tool_bird_class_train/Oowashi_Stellers_Sea_Eagle/bird_frames_pure_oowashi_20260504/4d49e9f6__frame_007110_bb00_t0296.55_conf0.995.jpg,2,Oowashi
tool_bird_class_train/Oowashi_Stellers_Sea_Eagle/bird_frames_pure_oowashi_20260504/cb471018__frame_015150_bb00_t0631.88_conf0.998.jpg,2,Oowashi
tool_bird_class_train/Oowashi_Stellers_Sea_Eagle/bird_frames_pure_oowashi_20260504/523aa2cf__frame_017620_bb00_t0734.90_conf0.997.jpg,2,Oowashi
tool_bird_class_train/Oowashi_Stellers_Sea_Eagle/frame_015570_bb01_t0649.40_conf0.992.jpg,2,Oowashi
tool_bird_class_train/Oowashi_Stellers_Sea_Eagle/frame_019420_bb00_t0809.98_conf0.981.jpg,2,Oowashi
tool_bird_class_train/Oowashi_Stellers_Sea_Eagle/ext_wikimedia_20260504/wm_7c08748a057f.jpg,2,Oowashi
tool_bird_class_train/Oowashi_Stellers_Sea_Eagle/bird_frames_pure_oowashi_20260504/e6c95a53__frame_013850_bb00_t0577.66_conf0.987.jpg,2,Oowashi
tool_bird_class_train/Oowashi_Stellers_Sea_Eagle/bird_frames_pure_oowashi_20260504/ed31ce54__frame_009690_bb00_t0404.15_conf0.994.jpg,2,Oowashi
tool_bird_class_train/Oowashi_Stellers_Sea_Eagle/bird_frames_pure_oowashi_20260504/12c29cd5__frame_028120_bb00_t1172.84_conf1.000.jpg,2,Oowashi
tool_bird_class_train/Oowashi_Stellers_Sea_Eagle/bird_frames_pure_oowashi_20260504/751cf927__frame_023130_bb00_t0964.71_conf0.998.jpg,2,Oowashi
tool_bird_class_train/Oowashi_Stellers_Sea_Eagle/bird_frames_pure_oowashi_20260504/ed31ce54__frame_013430_bb00_t0560.14_conf0.989.jpg,2,Oowashi
tool_bird_class_train/Oowashi_Stellers_Sea_Eagle/ext_inat_20260504/inat_616946147_2f5d6208.jpg,2,Oowashi
tool_bird_class_train/Oowashi_Stellers_Sea_Eagle/ext_wikimedia_20260504/wm_6dbc5836b642.jpg,2,Oowashi
tool_bird_class_train/Oowashi_Stellers_Sea_Eagle/v5_ds_beta_bird/206240625.jpg,2,Oowashi
tool_bird_class_train/Oowashi_Stellers_Sea_Eagle/bird_frames_pure_oowashi_20260504/c300095d__frame_020200_bb00_t0842.51_conf0.990.jpg,2,Oowashi
tool_bird_class_train/Oowashi_Stellers_Sea_Eagle/v5_ds_beta_bird/179317754.jpg,2,Oowashi
tool_bird_class_train/Oowashi_Stellers_Sea_Eagle/ext_inat_20260504/inat_2686255_a4d3dd88.jpg,2,Oowashi
tool_bird_class_train/Oowashi_Stellers_Sea_Eagle/ext_wikimedia_20260504/wm_9afdf6461a3b.jpg,2,Oowashi
tool_bird_class_train/Oowashi_Stellers_Sea_Eagle/ext_wikimedia_20260504/wm_b5035a92d887.jpg,2,Oowashi
tool_bird_class_train/Oowashi_Stellers_Sea_Eagle/ext_wikimedia_20260504/wm_54d57841f755.jpg,2,Oowashi
tool_bird_class_train/Oowashi_Stellers_Sea_Eagle/bird_frames_pure_oowashi_20260504/b2eec3f4__frame_013100_bb00_t0546.38_conf0.997.jpg,2,Oowashi
tool_bird_class_train/Oowashi_Stellers_Sea_Eagle/bird_frames_pure_oowashi_20260504/33ae26f1__frame_010400_bb01_t0433.77_conf0.998.jpg,2,Oowashi
tool_bird_class_train/Oowashi_Stellers_Sea_Eagle/ext_wikimedia_20260504/wm_c0f42ebc2501.jpg,2,Oowashi
tool_bird_class_train/Oowashi_Stellers_Sea_Eagle/bird_frames_pure_oowashi_20260504/8f06c527__frame_016370_bb00_t0682.77_conf0.995.jpg,2,Oowashi
tool_bird_class_train/Oowashi_Stellers_Sea_Eagle/ext_wikimedia_20260504/wm_63b305962a26.jpg,2,Oowashi
tool_bird_class_train/Oowashi_Stellers_Sea_Eagle/ext_wikimedia_20260504/wm_853d07fdf930.jpg,2,Oowashi
tool_bird_class_train/Oowashi_Stellers_Sea_Eagle/frame_043460_bb00_t1812.64_conf0.984.jpg,2,Oowashi
tool_bird_class_train/Oowashi_Stellers_Sea_Eagle/bird_frames_pure_oowashi_20260504/354441cb__frame_028390_bb00_t1184.10_conf0.997.jpg,2,Oowashi
tool_bird_class_train/Oowashi_Stellers_Sea_Eagle/frame_038610_bb00_t1610.36_conf0.989.jpg,2,Oowashi
tool_bird_class_train/Oowashi_Stellers_Sea_Eagle/ext_inat_20260504/inat_2668782_b77ba1e4.jpg,2,Oowashi
tool_bird_class_train/Oowashi_Stellers_Sea_Eagle/ext_wikimedia_20260504/wm_9b9e0b89574b.jpg,2,Oowashi
tool_bird_class_train/Oowashi_Stellers_Sea_Eagle/ext_wikimedia_20260504/wm_6194e81b4a1d.jpg,2,Oowashi
tool_bird_class_train/Oowashi_Stellers_Sea_Eagle/bird_frames_pure_oowashi_20260504/12c29cd5__frame_011130_bb00_t0464.21_conf1.000.jpg,2,Oowashi
tool_bird_class_train/Oowashi_Stellers_Sea_Eagle/ext_inat_20260504/inat_485467804_072d0923.jpg,2,Oowashi
tool_bird_class_train/Oowashi_Stellers_Sea_Eagle/ext_wikimedia_20260504/wm_e29da81cde58.jpg,2,Oowashi
tool_bird_class_train/Oowashi_Stellers_Sea_Eagle/v5_ds_beta_bird/oowasi054.jpg,2,Oowashi
tool_bird_class_train/Oowashi_Stellers_Sea_Eagle/bird_frames_pure_oowashi_20260504/d72a3a60__frame_009550_bb01_t0398.31_conf0.995.jpg,2,Oowashi
tool_bird_class_train/Oowashi_Stellers_Sea_Eagle/bird_frames_pure_oowashi_20260504/2d7d6696__frame_001320_bb00_t0055.05_conf0.990.jpg,2,Oowashi
tool_bird_class_train/Oowashi_Stellers_Sea_Eagle/bird_frames_pure_oowashi_20260504/cb471018__frame_027750_bb00_t1157.41_conf0.997.jpg,2,Oowashi
tool_bird_class_train/Oowashi_Stellers_Sea_Eagle/v5_ds_beta_bird/oowasi065.jpg,2,Oowashi
tool_bird_class_train/Oowashi_Stellers_Sea_Eagle/ext_wikimedia_20260504/wm_0a8dd1a0ad9b.jpg,2,Oowashi
tool_bird_class_train/Oowashi_Stellers_Sea_Eagle/ext_wikimedia_20260504/wm_5778c3efaf28.jpg,2,Oowashi
tool_bird_class_train/Oowashi_Stellers_Sea_Eagle/ext_wikimedia_20260504/wm_5e5ccca32e35.jpg,2,Oowashi
tool_bird_class_train/Oowashi_Stellers_Sea_Eagle/bird_frames_pure_oowashi_20260504/d1115f70__frame_041740_bb00_t1740.91_conf1.000.jpg,2,Oowashi
tool_bird_class_train/Oowashi_Stellers_Sea_Eagle/v5_ds_beta_bird/2382493.jpg,2,Oowashi
tool_bird_class_train/Oowashi_Stellers_Sea_Eagle/ext_wikimedia_20260504/wm_7212da18e9e2.jpg,2,Oowashi
tool_bird_class_train/Oowashi_Stellers_Sea_Eagle/ext_inat_20260504/inat_477837633_1d9ba041.jpg,2,Oowashi
tool_bird_class_train/Oowashi_Stellers_Sea_Eagle/bird_frames_pure_oowashi_20260504/4d1f9966__frame_016060_bb00_t0669.84_conf0.974.jpg,2,Oowashi
tool_bird_class_train/Oowashi_Stellers_Sea_Eagle/bird_frames_pure_oowashi_20260504/dc3bcf2b__frame_030470_bb00_t1270.85_conf0.995.jpg,2,Oowashi
tool_bird_class_train/Oowashi_Stellers_Sea_Eagle/bird_frames_pure_oowashi_20260504/b2eec3f4__frame_031100_bb00_t1297.13_conf0.998.jpg,2,Oowashi
tool_bird_class_train/Oowashi_Stellers_Sea_Eagle/bird_frames_pure_oowashi_20260504/dc3bcf2b__frame_010060_bb00_t0419.59_conf1.000.jpg,2,Oowashi
tool_bird_class_train/Oowashi_Stellers_Sea_Eagle/ext_wikimedia_20260504/wm_47a516234a38.jpg,2,Oowashi
tool_bird_class_train/Oowashi_Stellers_Sea_Eagle/frame_025320_bb00_t1056.05_conf0.982.jpg,2,Oowashi
tool_bird_class_train/Oowashi_Stellers_Sea_Eagle/v5_train_v5_inat/270432226.jpg,2,Oowashi
tool_bird_class_train/Oowashi_Stellers_Sea_Eagle/bird_frames_pure_oowashi_20260504/4c78b51a__frame_006980_bb00_t0291.12_conf0.995.jpg,2,Oowashi
tool_bird_class_train/Oowashi_Stellers_Sea_Eagle/bird_frames_pure_oowashi_20260504/33ae26f1__frame_013560_bb00_t0565.56_conf0.995.jpg,2,Oowashi
tool_bird_class_train/Oowashi_Stellers_Sea_Eagle/v5_ds_beta_bird/270432202.jpg,2,Oowashi
tool_bird_class_train/Oowashi_Stellers_Sea_Eagle/frame_019400_bb00_t0809.14_conf0.981.jpg,2,Oowashi
tool_bird_class_train/Oowashi_Stellers_Sea_Eagle/bird_frames_pure_oowashi_20260504/ed31ce54__frame_015120_bb00_t0630.63_conf0.994.jpg,2,Oowashi
tool_bird_class_train/Oowashi_Stellers_Sea_Eagle/ext_inat_20260504/inat_485469129_0806bf29.jpg,2,Oowashi
tool_bird_class_train/Oowashi_Stellers_Sea_Eagle/frame_038650_bb00_t1612.03_conf0.987.jpg,2,Oowashi
tool_bird_class_train/Oowashi_Stellers_Sea_Eagle/ext_inat_20260504/inat_616942493_dbc8c7b9.jpg,2,Oowashi
tool_bird_class_train/Oowashi_Stellers_Sea_Eagle/ext_wikimedia_20260504/wm_8e01132b1187.jpg,2,Oowashi
tool_bird_class_train/Oowashi_Stellers_Sea_Eagle/bird_frames_pure_oowashi_20260504/f26b689b__frame_010500_bb00_t0437.94_conf0.994.jpg,2,Oowashi
tool_bird_class_train/Oowashi_Stellers_Sea_Eagle/bird_frames_pure_oowashi_20260504/c300095d__frame_037220_bb00_t1552.38_conf0.995.jpg,2,Oowashi
tool_bird_class_train/Oowashi_Stellers_Sea_Eagle/ext_wikimedia_20260504/wm_ce142b0cd8dc.jpg,2,Oowashi
tool_bird_class_train/Oowashi_Stellers_Sea_Eagle/bird_frames_pure_oowashi_20260504/12c29cd5__frame_010970_bb00_t0457.54_conf0.998.jpg,2,Oowashi
tool_bird_class_train/Oowashi_Stellers_Sea_Eagle/bird_frames_pure_oowashi_20260504/3ee82129__frame_019690_bb00_t0821.24_conf0.997.jpg,2,Oowashi
tool_bird_class_train/Oowashi_Stellers_Sea_Eagle/bird_frames_pure_oowashi_20260504/33ae26f1__frame_014870_bb00_t0620.20_conf0.997.jpg,2,Oowashi
tool_bird_class_train/Oowashi_Stellers_Sea_Eagle/bird_frames_pure_oowashi_20260504/b2eec3f4__frame_021320_bb00_t0889.22_conf0.997.jpg,2,Oowashi
tool_bird_class_train/Oowashi_Stellers_Sea_Eagle/bird_frames_pure_oowashi_20260504/c300095d__frame_005920_bb00_t0246.91_conf0.997.jpg,2,Oowashi
tool_bird_class_train/Oowashi_Stellers_Sea_Eagle/frame_000270_bb00_t0009.01_conf0.987.jpg,2,Oowashi
tool_bird_class_train/Oowashi_Stellers_Sea_Eagle/ext_wikimedia_20260504/wm_911c6a503fdd.jpg,2,Oowashi
tool_bird_class_train/Oowashi_Stellers_Sea_Eagle/bird_frames_pure_oowashi_20260504/cd92b757__frame_013470_bb00_t0561.81_conf0.998.jpg,2,Oowashi
tool_bird_class_train/Oowashi_Stellers_Sea_Eagle/bird_frames_pure_oowashi_20260504/523aa2cf__frame_009250_bb00_t0385.80_conf0.997.jpg,2,Oowashi
tool_bird_class_train/Oowashi_Stellers_Sea_Eagle/bird_frames_pure_oowashi_20260504/954ff94e__frame_020780_bb00_t0866.70_conf0.997.jpg,2,Oowashi
tool_bird_class_train/Oowashi_Stellers_Sea_Eagle/bird_frames_pure_oowashi_20260504/cd92b757__frame_022230_bb00_t0927.18_conf0.998.jpg,2,Oowashi
tool_bird_class_train/Oowashi_Stellers_Sea_Eagle/bird_frames_pure_oowashi_20260504/751cf927__frame_034960_bb00_t1458.12_conf0.997.jpg,2,Oowashi
tool_bird_class_train/Oowashi_Stellers_Sea_Eagle/bird_frames_pure_oowashi_20260504/4c78b51a__frame_006480_bb00_t0270.27_conf0.995.jpg,2,Oowashi
tool_bird_class_train/Oowashi_Stellers_Sea_Eagle/ext_wikimedia_20260504/wm_6cc52ceac570.jpg,2,Oowashi
tool_bird_class_train/Oowashi_Stellers_Sea_Eagle/ext_wikimedia_20260504/wm_0394d62852ec.jpg,2,Oowashi
tool_bird_class_train/Oowashi_Stellers_Sea_Eagle/bird_frames_pure_oowashi_20260504/d33c0305__frame_004230_bb00_t0176.43_conf0.998.jpg,2,Oowashi
tool_bird_class_train/Oowashi_Stellers_Sea_Eagle/bird_frames_pure_oowashi_20260504/c83cffa8__frame_003350_bb00_t0139.72_conf0.995.jpg,2,Oowashi
tool_bird_class_train/Oowashi_Stellers_Sea_Eagle/bird_frames_pure_oowashi_20260504/d1115f70__frame_043320_bb00_t1806.80_conf1.000.jpg,2,Oowashi
tool_bird_class_train/Oowashi_Stellers_Sea_Eagle/v5_ds_beta_bird/108698621.jpg,2,Oowashi
tool_bird_class_train/Oowashi_Stellers_Sea_Eagle/v5_ds_beta_bird/2367512.jpg,2,Oowashi
tool_bird_class_train/Oowashi_Stellers_Sea_Eagle/bird_frames_pure_oowashi_20260504/bdb9e3fa__frame_007070_bb00_t0294.88_conf0.965.jpg,2,Oowashi
tool_bird_class_train/Oowashi_Stellers_Sea_Eagle/ext_wikimedia_20260504/wm_1849f50908ad.jpg,2,Oowashi
tool_bird_class_train/Oowashi_Stellers_Sea_Eagle/v5_ds_beta_bird/70687270.jpg,2,Oowashi
tool_bird_class_train/Oowashi_Stellers_Sea_Eagle/bird_frames_pure_oowashi_20260504/b36610f1__frame_011610_bb00_t0484.23_conf0.990.jpg,2,Oowashi
tool_bird_class_train/Oowashi_Stellers_Sea_Eagle/ext_inat_20260504/inat_102482456_7c0b3ebb.jpg,2,Oowashi
tool_bird_class_train/Oowashi_Stellers_Sea_Eagle/v5_ds_beta_bird/oowasi052.jpg,2,Oowashi
tool_bird_class_train/Oowashi_Stellers_Sea_Eagle/bird_frames_pure_oowashi_20260504/bdb9e3fa__frame_004920_bb00_t0205.20_conf0.998.jpg,2,Oowashi
tool_bird_class_train/Oowashi_Stellers_Sea_Eagle/frame_016700_bb01_t0696.53_conf0.986.jpg,2,Oowashi
tool_bird_class_train/Oowashi_Stellers_Sea_Eagle/bird_frames_pure_oowashi_20260504/d1115f70__frame_015100_bb00_t0629.80_conf0.997.jpg,2,Oowashi
tool_bird_class_train/Oowashi_Stellers_Sea_Eagle/ext_wikimedia_20260504/wm_fcbf181473c9.jpg,2,Oowashi
tool_bird_class_train/Oowashi_Stellers_Sea_Eagle/ext_wikimedia_20260504/wm_3c6e10b9fc8c.jpg,2,Oowashi
tool_bird_class_train/Oowashi_Stellers_Sea_Eagle/bird_frames_pure_oowashi_20260504/cb471018__frame_016180_bb00_t0674.84_conf0.998.jpg,2,Oowashi
tool_bird_class_train/Oowashi_Stellers_Sea_Eagle/bird_frames_pure_oowashi_20260504/cd92b757__frame_018180_bb00_t0758.26_conf0.998.jpg,2,Oowashi
tool_bird_class_train/Oowashi_Stellers_Sea_Eagle/ext_inat_20260504/inat_176269215_789c53b5.jpg,2,Oowashi
tool_bird_class_train/Oowashi_Stellers_Sea_Eagle/bird_frames_pure_oowashi_20260504/bdb9e3fa__frame_007010_bb01_t0292.38_conf0.984.jpg,2,Oowashi
tool_bird_class_train/Oowashi_Stellers_Sea_Eagle/v5_ds_beta_bird/108227321.jpg,2,Oowashi
tool_bird_class_train/Oowashi_Stellers_Sea_Eagle/v5_ds_beta_bird/252492659.jpg,2,Oowashi
tool_bird_class_train/Oowashi_Stellers_Sea_Eagle/v5_ds_beta_bird/oowasi051.jpg,2,Oowashi
tool_bird_class_train/Oowashi_Stellers_Sea_Eagle/v5_ds_beta_bird/206240650.jpg,2,Oowashi
tool_bird_class_train/Oowashi_Stellers_Sea_Eagle/frame_024330_bb00_t1014.76_conf0.982.jpg,2,Oowashi
tool_bird_class_train/Oowashi_Stellers_Sea_Eagle/bird_frames_pure_oowashi_20260504/f26b689b__frame_017330_bb00_t0722.81_conf0.995.jpg,2,Oowashi
tool_bird_class_train/Oowashi_Stellers_Sea_Eagle/ext_inat_20260504/inat_364752051_ea68fdea.jpg,2,Oowashi
tool_bird_class_train/Oowashi_Stellers_Sea_Eagle/bird_frames_pure_oowashi_20260504/d33c0305__frame_009180_bb00_t0382.88_conf0.998.jpg,2,Oowashi
tool_bird_class_train/Oowashi_Stellers_Sea_Eagle/ext_wikimedia_20260504/wm_3f52ceef2897.jpg,2,Oowashi
tool_bird_class_train/Oowashi_Stellers_Sea_Eagle/bird_frames_pure_oowashi_20260504/c300095d__frame_021600_bb02_t0900.90_conf0.997.jpg,2,Oowashi
tool_bird_class_train/Oowashi_Stellers_Sea_Eagle/ext_wikimedia_20260504/wm_f7a1e409d61b.jpg,2,Oowashi
tool_bird_class_train/Oowashi_Stellers_Sea_Eagle/bird_frames_pure_oowashi_20260504/845670df__frame_012980_bb00_t0541.37_conf0.986.jpg,2,Oowashi
tool_bird_class_train/Oowashi_Stellers_Sea_Eagle/bird_frames_pure_oowashi_20260504/a45d9fc9__frame_043340_bb00_t1807.64_conf0.997.jpg,2,Oowashi
tool_bird_class_train/Oowashi_Stellers_Sea_Eagle/bird_frames_pure_oowashi_20260504/d5c9304b__frame_017520_bb00_t0730.73_conf0.997.jpg,2,Oowashi
tool_bird_class_train/Oowashi_Stellers_Sea_Eagle/ext_wikimedia_20260504/wm_03c7f7e7e1c8.jpg,2,Oowashi
tool_bird_class_train/Oowashi_Stellers_Sea_Eagle/frame_040990_bb00_t1709.62_conf0.997.jpg,2,Oowashi
tool_bird_class_train/Oowashi_Stellers_Sea_Eagle/bird_frames_pure_oowashi_20260504/d5c9304b__frame_021290_bb00_t0887.97_conf0.997.jpg,2,Oowashi
tool_bird_class_train/Oowashi_Stellers_Sea_Eagle/ext_wikimedia_20260504/wm_b262ee449a15.jpg,2,Oowashi
tool_bird_class_train/Oowashi_Stellers_Sea_Eagle/bird_frames_pure_oowashi_20260504/cb471018__frame_017770_bb00_t0741.16_conf0.998.jpg,2,Oowashi
tool_bird_class_train/Oowashi_Stellers_Sea_Eagle/bird_frames_pure_oowashi_20260504/523aa2cf__frame_009090_bb00_t0379.13_conf0.994.jpg,2,Oowashi
tool_bird_class_train/Oowashi_Stellers_Sea_Eagle/bird_frames_pure_oowashi_20260504/4d1f9966__frame_016130_bb00_t0672.76_conf0.981.jpg,2,Oowashi
tool_bird_class_train/Oowashi_Stellers_Sea_Eagle/ext_wikimedia_20260504/wm_a8e6ed041e28.jpg,2,Oowashi
tool_bird_class_train/Oowashi_Stellers_Sea_Eagle/v5_ds_beta_bird/oowasi056.jpg,2,Oowashi
tool_bird_class_train/Oowashi_Stellers_Sea_Eagle/bird_frames_pure_oowashi_20260504/2d7d6696__frame_007320_bb00_t0305.30_conf0.990.jpg,2,Oowashi
tool_bird_class_train/Oowashi_Stellers_Sea_Eagle/bird_frames_pure_oowashi_20260504/954ff94e__frame_025240_bb00_t1052.72_conf0.998.jpg,2,Oowashi
tool_bird_class_train/Oowashi_Stellers_Sea_Eagle/bird_frames_pure_oowashi_20260504/dc3bcf2b__frame_007840_bb00_t0326.99_conf0.995.jpg,2,Oowashi
tool_bird_class_train/Oowashi_Stellers_Sea_Eagle/bird_frames_pure_oowashi_20260504/8f06c527__frame_023720_bb00_t0989.32_conf0.997.jpg,2,Oowashi
tool_bird_class_train/Oowashi_Stellers_Sea_Eagle/bird_frames_pure_oowashi_20260504/cd92b757__frame_011180_bb00_t0466.30_conf0.998.jpg,2,Oowashi
tool_bird_class_train/Oowashi_Stellers_Sea_Eagle/bird_frames_pure_oowashi_20260504/bdb9e3fa__frame_004140_bb00_t0172.67_conf0.978.jpg,2,Oowashi
tool_bird_class_train/Oowashi_Stellers_Sea_Eagle/bird_frames_pure_oowashi_20260504/d0805753__frame_018200_bb02_t0759.09_conf0.997.jpg,2,Oowashi
tool_bird_class_train/Oowashi_Stellers_Sea_Eagle/bird_frames_pure_oowashi_20260504/3cf2e325__frame_021570_bb00_t0899.65_conf0.998.jpg,2,Oowashi
tool_bird_class_train/Oowashi_Stellers_Sea_Eagle/bird_frames_pure_oowashi_20260504/954ff94e__frame_025170_bb00_t1049.80_conf0.997.jpg,2,Oowashi
tool_bird_class_train/Oowashi_Stellers_Sea_Eagle/v5_ds_beta_bird/105199911.jpg,2,Oowashi
tool_bird_class_train/Oowashi_Stellers_Sea_Eagle/ext_inat_20260504/inat_474061512_d48baace.jpg,2,Oowashi
tool_bird_class_train/Oowashi_Stellers_Sea_Eagle/ext_wikimedia_20260504/wm_bf2a5e28813e.jpg,2,Oowashi
tool_bird_class_train/Oowashi_Stellers_Sea_Eagle/bird_frames_pure_oowashi_20260504/0b68a0b5__frame_026870_bb00_t1120.70_conf0.998.jpg,2,Oowashi
tool_bird_class_train/Oowashi_Stellers_Sea_Eagle/v5_ds_beta_bird/oowasiT.jpg,2,Oowashi
tool_bird_class_train/Oowashi_Stellers_Sea_Eagle/v5_ds_beta_bird/143304746.jpg,2,Oowashi
tool_bird_class_train/Oowashi_Stellers_Sea_Eagle/frame_038360_bb00_t1599.93_conf0.994.jpg,2,Oowashi
tool_bird_class_train/Oowashi_Stellers_Sea_Eagle/bird_frames_pure_oowashi_20260504/4c78b51a__frame_025360_bb00_t1057.72_conf0.994.jpg,2,Oowashi
tool_bird_class_train/Oowashi_Stellers_Sea_Eagle/ext_wikimedia_20260504/wm_7a0442a12060.jpg,2,Oowashi
tool_bird_class_train/Oowashi_Stellers_Sea_Eagle/bird_frames_pure_oowashi_20260504/4c78b51a__frame_020730_bb00_t0864.61_conf0.998.jpg,2,Oowashi
tool_bird_class_train/Oowashi_Stellers_Sea_Eagle/bird_frames_pure_oowashi_20260504/e6c95a53__frame_013820_bb00_t0576.41_conf0.997.jpg,2,Oowashi
tool_bird_class_train/Oowashi_Stellers_Sea_Eagle/frame_017120_bb00_t0714.05_conf0.992.jpg,2,Oowashi
tool_bird_class_train/Oowashi_Stellers_Sea_Eagle/bird_frames_pure_oowashi_20260504/523aa2cf__frame_008690_bb00_t0362.45_conf0.997.jpg,2,Oowashi
tool_bird_class_train/Oowashi_Stellers_Sea_Eagle/bird_frames_pure_oowashi_20260504/3ee82129__frame_029080_bb00_t1212.88_conf0.997.jpg,2,Oowashi
tool_bird_class_train/Oowashi_Stellers_Sea_Eagle/bird_frames_pure_oowashi_20260504/2d7d6696__frame_007320_bb01_t0305.30_conf0.986.jpg,2,Oowashi
tool_bird_class_train/Oowashi_Stellers_Sea_Eagle/ext_wikimedia_20260504/wm_89e946c152d4.jpg,2,Oowashi
tool_bird_class_train/Oowashi_Stellers_Sea_Eagle/frame_000260_bb00_t0008.68_conf0.976.jpg,2,Oowashi
tool_bird_class_train/Oowashi_Stellers_Sea_Eagle/ext_wikimedia_20260504/wm_d15957923c46.jpg,2,Oowashi
tool_bird_class_train/Oowashi_Stellers_Sea_Eagle/bird_frames_pure_oowashi_20260504/3ee82129__frame_028570_bb00_t1191.61_conf0.997.jpg,2,Oowashi
tool_bird_class_train/Oowashi_Stellers_Sea_Eagle/bird_frames_pure_oowashi_20260504/33ae26f1__frame_014820_bb00_t0618.12_conf0.998.jpg,2,Oowashi
tool_bird_class_train/Oowashi_Stellers_Sea_Eagle/ext_inat_20260504/inat_102492261_4a62c525.jpg,2,Oowashi
tool_bird_class_train/Oowashi_Stellers_Sea_Eagle/bird_frames_pure_oowashi_20260504/b36610f1__frame_021520_bb00_t0897.56_conf0.997.jpg,2,Oowashi
tool_bird_class_train/Oowashi_Stellers_Sea_Eagle/ext_wikimedia_20260504/wm_76703f6cd24d.jpg,2,Oowashi
tool_bird_class_train/Oowashi_Stellers_Sea_Eagle/ext_inat_20260504/inat_245751013_ecd6c704.jpg,2,Oowashi
tool_bird_class_train/Oowashi_Stellers_Sea_Eagle/bird_frames_pure_oowashi_20260504/f26b689b__frame_010210_bb00_t0425.84_conf0.992.jpg,2,Oowashi
tool_bird_class_train/Oowashi_Stellers_Sea_Eagle/ext_wikimedia_20260504/wm_98a8084bfd4b.jpg,2,Oowashi
tool_bird_class_train/Oowashi_Stellers_Sea_Eagle/ext_wikimedia_20260504/wm_986245e96c01.jpg,2,Oowashi
tool_bird_class_train/Oowashi_Stellers_Sea_Eagle/frame_019850_bb00_t0827.91_conf0.997.jpg,2,Oowashi
tool_bird_class_train/Oowashi_Stellers_Sea_Eagle/bird_frames_pure_oowashi_20260504/b2eec3f4__frame_030370_bb00_t1266.68_conf0.997.jpg,2,Oowashi
tool_bird_class_train/Oowashi_Stellers_Sea_Eagle/bird_frames_pure_oowashi_20260504/354441cb__frame_017170_bb00_t0716.13_conf0.998.jpg,2,Oowashi
tool_bird_class_train/Oowashi_Stellers_Sea_Eagle/bird_frames_pure_oowashi_20260504/c300095d__frame_005830_bb00_t0243.16_conf0.994.jpg,2,Oowashi
tool_bird_class_train/Oowashi_Stellers_Sea_Eagle/ext_wikimedia_20260504/wm_9e01c9e07af3.jpg,2,Oowashi
tool_bird_class_train/Oowashi_Stellers_Sea_Eagle/bird_frames_pure_oowashi_20260504/f26b689b__frame_028730_bb00_t1198.28_conf0.994.jpg,2,Oowashi
tool_bird_class_train/Oowashi_Stellers_Sea_Eagle/ext_wikimedia_20260504/wm_51f3e8fe14cb.jpg,2,Oowashi
tool_bird_class_train/Oowashi_Stellers_Sea_Eagle/v5_ds_beta_bird/2407369.jpg,2,Oowashi
tool_bird_class_train/Oowashi_Stellers_Sea_Eagle/ext_wikimedia_20260504/wm_129bbaa40279.jpg,2,Oowashi
tool_bird_class_train/Kumataka_Mountain_Hawk_Eagle/AAS1_kumataka-6U8A6607-2732-1707-153-191.JPG,3,Kumataka
tool_bird_class_train/Kumataka_Mountain_Hawk_Eagle/AAS1_kumataka-6U8A3297-2715-1786-346-247.JPG,3,Kumataka
tool_bird_class_train/Kumataka_Mountain_Hawk_Eagle/AAS1_kumataka-6U8A6904-2349-1686-834-476.JPG,3,Kumataka
tool_bird_class_train/Kumataka_Mountain_Hawk_Eagle/AAS1_kumataka-1Y9A1068-2703-1228-173-131.JPG,3,Kumataka
tool_bird_class_train/Kumataka_Mountain_Hawk_Eagle/AAS1_kumataka-6U8A5588-2656-1603-311-322.JPG,3,Kumataka
tool_bird_class_train/Kumataka_Mountain_Hawk_Eagle/AAS1_kumataka-6U8A6160-2785-1670-294-193.JPG,3,Kumataka
tool_bird_class_train/Kumataka_Mountain_Hawk_Eagle/AAS1_kumataka-1Y9A1092-2828-1505-347-440.JPG,3,Kumataka
tool_bird_class_train/Kumataka_Mountain_Hawk_Eagle/AAS1_kumataka-6U8A5547-2411-1473-209-230.JPG,3,Kumataka
tool_bird_class_train/Kumataka_Mountain_Hawk_Eagle/AAS1_kumataka-IMGr9709-2545-1530-252-357.JPG,3,Kumataka
tool_bird_class_train/Kumataka_Mountain_Hawk_Eagle/AAS1_kumataka-IMGP2627-2864-1991-133-161.JPG,3,Kumataka
tool_bird_class_train/Kumataka_Mountain_Hawk_Eagle/AAS1_kumataka-1Y9A1300-2552-1786-75-90.JPG,3,Kumataka
tool_bird_class_train/Kumataka_Mountain_Hawk_Eagle/AAS1_kumataka-6U8A8216-2559-1698-350-213.JPG,3,Kumataka
tool_bird_class_train/Kumataka_Mountain_Hawk_Eagle/AAS1_kumataka-1Y9A1224-2800-1590-253-296.JPG,3,Kumataka
tool_bird_class_train/Kumataka_Mountain_Hawk_Eagle/ext_inat_20260504/inat_112213513_f42b43d5.jpg,3,Kumataka
tool_bird_class_train/Kumataka_Mountain_Hawk_Eagle/AAS1_kumataka-1Y9A0523-2631-1674-286-190.JPG,3,Kumataka
tool_bird_class_train/Kumataka_Mountain_Hawk_Eagle/AAS1_kumataka-C0004r1r-2524-710-439-704.JPG,3,Kumataka
tool_bird_class_train/Kumataka_Mountain_Hawk_Eagle/frame_001700_bb00_t0056.72_conf0.986.jpg,3,Kumataka
tool_bird_class_train/Kumataka_Mountain_Hawk_Eagle/AAS1_kumataka-3V3A0445-2501-1662-226-183.JPG,3,Kumataka
tool_bird_class_train/Kumataka_Mountain_Hawk_Eagle/AAS1_kumataka-6U8A5430-2620-1595-155-200.JPG,3,Kumataka
tool_bird_class_train/Kumataka_Mountain_Hawk_Eagle/AAS1_kumataka-1Y9A1104-2573-1378-320-539.JPG,3,Kumataka
tool_bird_class_train/Kumataka_Mountain_Hawk_Eagle/AAS1_kumataka-IMGP2635-3141-2009-198-127.JPG,3,Kumataka
tool_bird_class_train/Kumataka_Mountain_Hawk_Eagle/ext_inat_20260504/inat_585538809_e4583ddb.jpg,3,Kumataka
tool_bird_class_train/Kumataka_Mountain_Hawk_Eagle/AAS1_kumataka-IMGr8451-2699-1741-128-110.JPG,3,Kumataka
tool_bird_class_train/Kumataka_Mountain_Hawk_Eagle/ext_inat_20260504/inat_386385890_14388e91.jpg,3,Kumataka
tool_bird_class_train/Kumataka_Mountain_Hawk_Eagle/AAS1_kumataka-IMGr9729-2435-1882-135-172.JPG,3,Kumataka
tool_bird_class_train/Kumataka_Mountain_Hawk_Eagle/AAS1_kumataka-IMGr9804-2744-913-303-329.JPG,3,Kumataka
tool_bird_class_train/Kumataka_Mountain_Hawk_Eagle/AAS1_kumataka-4H7A8257-2314-1505-301-134.JPG,3,Kumataka
tool_bird_class_train/Kumataka_Mountain_Hawk_Eagle/AAS1_kumataka-1Y9A1126-2540-1916-284-145.JPG,3,Kumataka
tool_bird_class_train/Kumataka_Mountain_Hawk_Eagle/AAS1_kumataka-DSCr0120-1457-903-63-70.JPG,3,Kumataka
tool_bird_class_train/Kumataka_Mountain_Hawk_Eagle/AAS1_kumataka-1Y9A1322-2823-1484-113-60.JPG,3,Kumataka
tool_bird_class_train/Kumataka_Mountain_Hawk_Eagle/AAS1_kumataka-6U8A3231-2663-1670-369-230.JPG,3,Kumataka
tool_bird_class_train/Kumataka_Mountain_Hawk_Eagle/AAS1_kumataka-IMGP4826-2207-1409-284-386.JPG,3,Kumataka
tool_bird_class_train/Kumataka_Mountain_Hawk_Eagle/ext_inat_20260504/inat_196671605_7a207b46.jpg,3,Kumataka
tool_bird_class_train/Kumataka_Mountain_Hawk_Eagle/AAS1_kumataka-3V3A9554-2624-2011-449-217.JPG,3,Kumataka
tool_bird_class_train/Kumataka_Mountain_Hawk_Eagle/AAS1_kumataka-1Y9A0619-2439-1395-375-341.JPG,3,Kumataka
tool_bird_class_train/Kumataka_Mountain_Hawk_Eagle/AAS1_kumataka-IMGr9731-1934-1699-126-178.JPG,3,Kumataka
tool_bird_class_train/Kumataka_Mountain_Hawk_Eagle/AAS1_kumataka-IMGr8728-2436-1622-207-220.JPG,3,Kumataka
tool_bird_class_train/Kumataka_Mountain_Hawk_Eagle/AAS1_kumataka-1Y9A1320-2824-1446-98-51.JPG,3,Kumataka
tool_bird_class_train/Kumataka_Mountain_Hawk_Eagle/AAS1_kumataka-IMGP2636-3075-1991-268-178.JPG,3,Kumataka
tool_bird_class_train/Kumataka_Mountain_Hawk_Eagle/AAS1_kumataka-1Y9A0010-2885-1725-135-72.JPG,3,Kumataka
tool_bird_class_train/Kumataka_Mountain_Hawk_Eagle/AAS1_kumataka-6U8A6941-2656-1766-205-251.JPG,3,Kumataka
tool_bird_class_train/Kumataka_Mountain_Hawk_Eagle/AAS1_kumataka-3V3A0448-2818-1546-292-204.JPG,3,Kumataka
tool_bird_class_train/Kumataka_Mountain_Hawk_Eagle/AAS1_kumataka-IMGP2629-2883-1996-201-137.JPG,3,Kumataka
tool_bird_class_train/Kumataka_Mountain_Hawk_Eagle/AAS1_kumataka-6U8A6935-2660-1652-194-129.JPG,3,Kumataka
tool_bird_class_train/Kumataka_Mountain_Hawk_Eagle/AAS1_kumataka-6U8A3208-2477-1606-350-236.JPG,3,Kumataka
tool_bird_class_train/Kumataka_Mountain_Hawk_Eagle/AAS1_kumataka-1Y9A0618-2477-1437-375-373.JPG,3,Kumataka
tool_bird_class_train/Kumataka_Mountain_Hawk_Eagle/AAS1_kumataka-DSCr1546-2127-1469-96-136.JPG,3,Kumataka
tool_bird_class_train/Kumataka_Mountain_Hawk_Eagle/AAS1_kumataka-IMGP0103-2339-1482-204-263.JPG,3,Kumataka
tool_bird_class_train/Kumataka_Mountain_Hawk_Eagle/AAS1_kumataka-IMGr9430-2322-1843-308-335.JPG,3,Kumataka
tool_bird_class_train/Kumataka_Mountain_Hawk_Eagle/AAS1_kumataka-1Y9A0521-2696-1608-208-260.JPG,3,Kumataka
tool_bird_class_train/Kumataka_Mountain_Hawk_Eagle/AAS1_kumataka-4H7A8252-2227-1872-363-204.JPG,3,Kumataka
tool_bird_class_train/Kumataka_Mountain_Hawk_Eagle/AAS1_kumataka-C0005r6r-1887-710-373-233.JPG,3,Kumataka
tool_bird_class_train/Kumataka_Mountain_Hawk_Eagle/AAS1_kumataka-1Y9A1220-2650-1728-228-383.JPG,3,Kumataka
tool_bird_class_train/Kumataka_Mountain_Hawk_Eagle/AAS1_kumataka-6U8A5904-2789-1677-260-226.JPG,3,Kumataka
tool_bird_class_train/Kumataka_Mountain_Hawk_Eagle/ext_inat_20260504/inat_53104094_bb08885d.jpg,3,Kumataka
tool_bird_class_train/Kumataka_Mountain_Hawk_Eagle/AAS1_kumataka-6U8A5497-2650-1713-181-236.JPG,3,Kumataka
tool_bird_class_train/Kumataka_Mountain_Hawk_Eagle/AAS1_kumataka-1Y9A1203-2696-1768-130-60.JPG,3,Kumataka
tool_bird_class_train/Kumataka_Mountain_Hawk_Eagle/AAS1_kumataka-C0002r1r-1218-1262-538-481.JPG,3,Kumataka
tool_bird_class_train/Kumataka_Mountain_Hawk_Eagle/v5_train_v5_inat/303071650.jpg,3,Kumataka
tool_bird_class_train/Kumataka_Mountain_Hawk_Eagle/AAS1_kumataka-1Y9A0614-2922-1600-345-549.JPG,3,Kumataka
tool_bird_class_train/Kumataka_Mountain_Hawk_Eagle/AAS1_kumataka-IMGr8269-2258-1495-94-107.JPG,3,Kumataka
tool_bird_class_train/Kumataka_Mountain_Hawk_Eagle/ext_inat_20260504/inat_440066482_8bb60497.jpg,3,Kumataka
tool_bird_class_train/Kumataka_Mountain_Hawk_Eagle/AAS1_kumataka-IMGP2605-3065-1888-127-139.JPG,3,Kumataka
tool_bird_class_train/Kumataka_Mountain_Hawk_Eagle/ext_inat_20260504/inat_591852433_cd2d65db.jpg,3,Kumataka
tool_bird_class_train/Kumataka_Mountain_Hawk_Eagle/AAS1_kumataka-1Y9A0488-2750-1619-84-92.JPG,3,Kumataka
tool_bird_class_train/Kumataka_Mountain_Hawk_Eagle/AAS1_kumataka-1Y9A0528-2792-1536-238-213.JPG,3,Kumataka
tool_bird_class_train/Kumataka_Mountain_Hawk_Eagle/AAS1_kumataka-IMGP2614-3013-1856-200-156.JPG,3,Kumataka
tool_bird_class_train/Kumataka_Mountain_Hawk_Eagle/AAS1_kumataka-IMGP2615-3002-1976-163-130.JPG,3,Kumataka
tool_bird_class_train/Kumataka_Mountain_Hawk_Eagle/AAS1_kumataka-3V3A9518-2568-1540-384-377.JPG,3,Kumataka
tool_bird_class_train/Kumataka_Mountain_Hawk_Eagle/AAS1_kumataka-3V3A9488-2669-1772-122-251.JPG,3,Kumataka
tool_bird_class_train/Kumataka_Mountain_Hawk_Eagle/AAS1_kumataka-IMGr8449-2480-1470-97-130.JPG,3,Kumataka
tool_bird_class_train/Kumataka_Mountain_Hawk_Eagle/ext_inat_20260504/inat_546229422_d87189ce.jpg,3,Kumataka
tool_bird_class_train/Kumataka_Mountain_Hawk_Eagle/AAS1_kumataka-IMGr8461-2542-1835-64-52.JPG,3,Kumataka
tool_bird_class_train/Kumataka_Mountain_Hawk_Eagle/AAS1_kumataka-1Y9A1226-2681-1558-234-302.JPG,3,Kumataka
tool_bird_class_train/Kumataka_Mountain_Hawk_Eagle/AAS1_kumataka-IMGP4896-2871-1776-286-286.JPG,3,Kumataka
tool_bird_class_train/Kumataka_Mountain_Hawk_Eagle/AAS1_kumataka-6U8A5718-2849-1648-256-302.JPG,3,Kumataka
tool_bird_class_train/Kumataka_Mountain_Hawk_Eagle/AAS1_kumataka-IMGP0096-2157-1421-299-367.JPG,3,Kumataka
tool_bird_class_train/Kumataka_Mountain_Hawk_Eagle/AAS1_kumataka-C0004r11r-1600-807-585-284.JPG,3,Kumataka
tool_bird_class_train/Kumataka_Mountain_Hawk_Eagle/AAS1_kumataka-IMGP4873-2912-1716-307-321.JPG,3,Kumataka
tool_bird_class_train/Kumataka_Mountain_Hawk_Eagle/v4_gt/347508312.jpg,3,Kumataka
tool_bird_class_train/Kumataka_Mountain_Hawk_Eagle/AAS1_kumataka-6U8A5589-2621-1611-267-316.JPG,3,Kumataka
tool_bird_class_train/Kumataka_Mountain_Hawk_Eagle/AAS1_kumataka-C0002r2r-2648-473-349-360.JPG,3,Kumataka
tool_bird_class_train/Kumataka_Mountain_Hawk_Eagle/AAS1_kumataka-6U8A8181-2666-1820-167-102.JPG,3,Kumataka
tool_bird_class_train/Kumataka_Mountain_Hawk_Eagle/AAS1_kumataka-6U8A6917-2031-1102-905-697.JPG,3,Kumataka
tool_bird_class_train/Kumataka_Mountain_Hawk_Eagle/AAS1_kumataka-6U8A8040-2737-1697-299-206.JPG,3,Kumataka
tool_bird_class_train/Kumataka_Mountain_Hawk_Eagle/AAS1_kumataka-IMGr8503-2669-1499-241-135.JPG,3,Kumataka
tool_bird_class_train/Kumataka_Mountain_Hawk_Eagle/AAS1_kumataka-IMGP4877-2791-1830-266-337.JPG,3,Kumataka
tool_bird_class_train/Kumataka_Mountain_Hawk_Eagle/AAS1_kumataka-1Y9A0609-2835-1661-418-444.JPG,3,Kumataka
tool_bird_class_train/Kumataka_Mountain_Hawk_Eagle/AAS1_kumataka-1Y9A0507-2997-1148-101-106.JPG,3,Kumataka
tool_bird_class_train/Kumataka_Mountain_Hawk_Eagle/AAS1_kumataka-IMGr3291-2462-1754-156-159.JPG,3,Kumataka
tool_bird_class_train/Kumataka_Mountain_Hawk_Eagle/AAS1_kumataka-6U8A5840-2682-1738-106-113.JPG,3,Kumataka
tool_bird_class_train/Kumataka_Mountain_Hawk_Eagle/AAS1_kumataka-6U8A6617-2743-1686-155-196.JPG,3,Kumataka
tool_bird_class_train/Kumataka_Mountain_Hawk_Eagle/AAS1_kumataka-6U8A3178-2692-1741-268-180.JPG,3,Kumataka
tool_bird_class_train/Kumataka_Mountain_Hawk_Eagle/AAS1_kumataka-1Y9A0576-2631-1241-376-325.JPG,3,Kumataka
tool_bird_class_train/Kumataka_Mountain_Hawk_Eagle/AAS1_kumataka-1Y9A0531-2624-1408-167-309.JPG,3,Kumataka
tool_bird_class_train/Kumataka_Mountain_Hawk_Eagle/AAS1_kumataka-IMGP4779-2910-2216-268-218.JPG,3,Kumataka
tool_bird_class_train/Kumataka_Mountain_Hawk_Eagle/AAS1_kumataka-IMGP4874-2945-1847-282-394.JPG,3,Kumataka
tool_bird_class_train/Kumataka_Mountain_Hawk_Eagle/AAS1_kumataka-6U8A8082-2656-1673-164-214.JPG,3,Kumataka
tool_bird_class_train/Kumataka_Mountain_Hawk_Eagle/AAS1_kumataka-IMGP7158-2223-1582-198-202.JPG,3,Kumataka
tool_bird_class_train/Kumataka_Mountain_Hawk_Eagle/AAS1_kumataka-1Y9A0672-2524-1489-290-547.JPG,3,Kumataka
tool_bird_class_train/Kumataka_Mountain_Hawk_Eagle/AAS1_kumataka-3V3A8254-2753-1512-213-260.JPG,3,Kumataka
tool_bird_class_train/Kumataka_Mountain_Hawk_Eagle/AAS1_kumataka-3V3A9414-2520-1755-145-102.JPG,3,Kumataka
tool_bird_class_train/Kumataka_Mountain_Hawk_Eagle/AAS1_kumataka-6U8A8166-2703-1575-333-356.JPG,3,Kumataka
tool_bird_class_train/Kumataka_Mountain_Hawk_Eagle/AAS1_kumataka-6U8A6156-2612-1697-307-196.JPG,3,Kumataka
tool_bird_class_train/Kumataka_Mountain_Hawk_Eagle/AAS1_kumataka-1Y9A0480-2415-1586-77-59.JPG,3,Kumataka
tool_bird_class_train/Kumataka_Mountain_Hawk_Eagle/AAS1_ojirowashi-7D2M2813-2535-1603-299-178.JPG,3,Kumataka
tool_bird_class_train/Kumataka_Mountain_Hawk_Eagle/AAS1_kumataka-6U8A6914-2141-1187-1160-780.JPG,3,Kumataka
tool_bird_class_train/Kumataka_Mountain_Hawk_Eagle/frame_001790_bb00_t0059.73_conf0.981.jpg,3,Kumataka
tool_bird_class_train/Kumataka_Mountain_Hawk_Eagle/AAS1_kumataka-C0007r5r-2437-1682-337-205.JPG,3,Kumataka
tool_bird_class_train/Kumataka_Mountain_Hawk_Eagle/AAS1_kumataka-1Y9A0677-2231-1468-230-327.JPG,3,Kumataka
tool_bird_class_train/Kumataka_Mountain_Hawk_Eagle/AAS1_kumataka-1Y9A0540-2266-1433-81-40.JPG,3,Kumataka
tool_bird_class_train/Kumataka_Mountain_Hawk_Eagle/ext_inat_20260504/inat_458628506_50a15b8e.jpg,3,Kumataka
tool_bird_class_train/Kumataka_Mountain_Hawk_Eagle/AAS1_kumataka-IMGP4898-2712-1997-218-275.JPG,3,Kumataka
tool_bird_class_train/Kumataka_Mountain_Hawk_Eagle/AAS1_kumataka-IMGr8770-2846-1763-116-120.JPG,3,Kumataka
tool_bird_class_train/Kumataka_Mountain_Hawk_Eagle/AAS1_kumataka-6U8A5389-2686-1450-484-490.JPG,3,Kumataka
tool_bird_class_train/Kumataka_Mountain_Hawk_Eagle/AAS1_kumataka-IMGr9784-2477-1449-84-114.JPG,3,Kumataka
tool_bird_class_train/Kumataka_Mountain_Hawk_Eagle/AAS1_kumataka-1Y9A1055-2476-1627-104-120.JPG,3,Kumataka
tool_bird_class_train/Kumataka_Mountain_Hawk_Eagle/ext_wikimedia_20260504/wm_731f2f554204.png,3,Kumataka
tool_bird_class_train/Kumataka_Mountain_Hawk_Eagle/AAS1_kumataka-1Y9A0676-2162-1446-398-295.JPG,3,Kumataka
tool_bird_class_train/Kumataka_Mountain_Hawk_Eagle/AAS1_kumataka-4H7A8258-3701-1887-268-294.JPG,3,Kumataka
tool_bird_class_train/Kumataka_Mountain_Hawk_Eagle/AAS1_kumataka-C0007r4r-2396-1726-355-199.JPG,3,Kumataka
tool_bird_class_train/Kumataka_Mountain_Hawk_Eagle/ext_inat_20260504/inat_176128767_d006991e.jpg,3,Kumataka
tool_bird_class_train/Kumataka_Mountain_Hawk_Eagle/AAS1_kumataka-6U8A6879-2467-1562-292-355.JPG,3,Kumataka
tool_bird_class_train/Kumataka_Mountain_Hawk_Eagle/AAS1_kumataka-1Y9A0001-2774-1611-68-65.JPG,3,Kumataka
tool_bird_class_train/Kumataka_Mountain_Hawk_Eagle/AAS1_kumataka-6U8A6151-2706-1717-158-106.JPG,3,Kumataka
tool_bird_class_train/Kumataka_Mountain_Hawk_Eagle/AAS1_kumataka-IMGr3720-2336-1501-455-320.JPG,3,Kumataka
tool_bird_class_train/Kumataka_Mountain_Hawk_Eagle/ext_wikimedia_20260504/wm_ba63b5e3aee5.jpg,3,Kumataka
tool_bird_class_train/Kumataka_Mountain_Hawk_Eagle/AAS1_kumataka-4H7A8290-2580-1606-257-428.JPG,3,Kumataka
tool_bird_class_train/Kumataka_Mountain_Hawk_Eagle/AAS1_kumataka-IMGr9930-3059-1731-205-96.JPG,3,Kumataka
tool_bird_class_train/Kumataka_Mountain_Hawk_Eagle/AAS1_kumataka-IMGr8727-4389-1254-166-150.JPG,3,Kumataka
tool_bird_class_train/Kumataka_Mountain_Hawk_Eagle/AAS1_kumataka-218A6707-2649-1840-211-135.JPG,3,Kumataka
tool_bird_class_train/Kumataka_Mountain_Hawk_Eagle/AAS1_kumataka-IMGP4897-2917-1803-217-306.JPG,3,Kumataka
tool_bird_class_train/Kumataka_Mountain_Hawk_Eagle/AAS1_kumataka-1Y9A0579-2648-1292-322-668.JPG,3,Kumataka
tool_bird_class_train/Kumataka_Mountain_Hawk_Eagle/AAS1_kumataka-3V3A9527-2449-1952-339-208.JPG,3,Kumataka
tool_bird_class_train/Kumataka_Mountain_Hawk_Eagle/AAS1_kumataka-1Y9A0657-2655-1568-408-434.JPG,3,Kumataka
tool_bird_class_train/Kumataka_Mountain_Hawk_Eagle/AAS1_kumataka-IMGr9777-2426-1562-103-94.JPG,3,Kumataka
tool_bird_class_train/Kumataka_Mountain_Hawk_Eagle/AAS1_kumataka-IMGr0471-2364-1559-515-259.JPG,3,Kumataka
tool_bird_class_train/Kumataka_Mountain_Hawk_Eagle/AAS1_kumataka-6U8A4334-2535-1666-260-179.JPG,3,Kumataka
tool_bird_class_train/Kumataka_Mountain_Hawk_Eagle/AAS1_kumataka-6U8A8036-2708-1808-190-143.JPG,3,Kumataka
tool_bird_class_train/Kumataka_Mountain_Hawk_Eagle/AAS1_kumataka-6U8A6613-2608-1698-192-176.JPG,3,Kumataka
tool_bird_class_train/Kumataka_Mountain_Hawk_Eagle/ext_inat_20260504/inat_73151118_36195b32.jpg,3,Kumataka
tool_bird_class_train/Kumataka_Mountain_Hawk_Eagle/AAS1_kumataka-6U8A5491-2741-1532-251-332.JPG,3,Kumataka
tool_bird_class_train/Kumataka_Mountain_Hawk_Eagle/AAS1_kumataka-IMGr0488-2581-1618-376-449.JPG,3,Kumataka
tool_bird_class_train/Kumataka_Mountain_Hawk_Eagle/AAS1_kumataka-6U8A6174-2631-1715-190-156.JPG,3,Kumataka
tool_bird_class_train/Kumataka_Mountain_Hawk_Eagle/AAS1_kumataka-IMGP2647-2710-1630-281-338.JPG,3,Kumataka
tool_bird_class_train/Kumataka_Mountain_Hawk_Eagle/AAS1_kumataka-IMGr9418-2566-1711-102-110.JPG,3,Kumataka
tool_bird_class_train/Kumataka_Mountain_Hawk_Eagle/AAS1_kumataka-1Y9A0680-2465-1743-180-320.JPG,3,Kumataka
tool_bird_class_train/Kumataka_Mountain_Hawk_Eagle/AAS1_kumataka-1Y9A1301-2624-1747-98-111.JPG,3,Kumataka
tool_bird_class_train/Kumataka_Mountain_Hawk_Eagle/AAS1_kumataka-IMGr9782-2426-1523-89-84.JPG,3,Kumataka
tool_bird_class_train/Kumataka_Mountain_Hawk_Eagle/AAS1_kumataka-1Y9A1312-2924-1304-64-61.JPG,3,Kumataka
tool_bird_class_train/Kumataka_Mountain_Hawk_Eagle/AAS1_kumataka-6U8A5355-2475-1405-450-450.JPG,3,Kumataka
tool_bird_class_train/Kumataka_Mountain_Hawk_Eagle/AAS1_kumataka-6U8A5590-3095-1733-235-285.JPG,3,Kumataka
tool_bird_class_train/Kumataka_Mountain_Hawk_Eagle/AAS1_kumataka-3V3A9551-2533-1552-220-369.JPG,3,Kumataka
tool_bird_class_train/Kumataka_Mountain_Hawk_Eagle/AAS1_kumataka-6U8A3201-2697-1724-352-183.JPG,3,Kumataka
tool_bird_class_train/Kumataka_Mountain_Hawk_Eagle/AAS1_kumataka-1Y9A0658-2708-1649-352-455.JPG,3,Kumataka
tool_bird_class_train/Kumataka_Mountain_Hawk_Eagle/AAS1_kumataka-1Y9A1139-2625-1600-97-138.JPG,3,Kumataka
tool_bird_class_train/Kumataka_Mountain_Hawk_Eagle/AAS1_kumataka-1Y9A1309-2967-1426-106-55.JPG,3,Kumataka
tool_bird_class_train/Kumataka_Mountain_Hawk_Eagle/ext_inat_20260504/inat_618381381_40ca3bd9.jpg,3,Kumataka
tool_bird_class_train/Kumataka_Mountain_Hawk_Eagle/AAS1_kumataka-6U8A8163-2627-1644-375-309.JPG,3,Kumataka
tool_bird_class_train/Kumataka_Mountain_Hawk_Eagle/AAS1_kumataka-6U8A4335-2451-1627-363-307.JPG,3,Kumataka
tool_bird_class_train/Kumataka_Mountain_Hawk_Eagle/AAS1_kumataka-1Y9A1128-2685-1686-187-168.JPG,3,Kumataka
tool_bird_class_train/Kumataka_Mountain_Hawk_Eagle/AAS1_kumataka-1Y9A1134-2584-1591-147-209.JPG,3,Kumataka
tool_bird_class_train/Kumataka_Mountain_Hawk_Eagle/AAS1_kumataka-1Y9A0666-2599-1318-292-440.JPG,3,Kumataka
tool_bird_class_train/Kumataka_Mountain_Hawk_Eagle/AAS1_kumataka-6U8A6891-2435-1590-472-297.JPG,3,Kumataka
tool_bird_class_train/Kumataka_Mountain_Hawk_Eagle/AAS1_kumataka-1Y9A0643-2890-1501-271-325.JPG,3,Kumataka
tool_bird_class_train/Kumataka_Mountain_Hawk_Eagle/AAS1_kumataka-C0001r6r-674-364-1356-865.JPG,3,Kumataka
tool_bird_class_train/Kumataka_Mountain_Hawk_Eagle/AAS1_kumataka-1Y9A9968-2525-1608-113-127.JPG,3,Kumataka
tool_bird_class_train/Kumataka_Mountain_Hawk_Eagle/AAS1_kumataka-IMGr5732-2592-1486-498-433.JPG,3,Kumataka
tool_bird_class_train/Kumataka_Mountain_Hawk_Eagle/AAS1_kumataka-C0002r11r-1709-620-538-317.JPG,3,Kumataka
tool_bird_class_train/Kumataka_Mountain_Hawk_Eagle/ext_inat_20260504/inat_372648704_b84efe4c.jpg,3,Kumataka
tool_bird_class_train/Kumataka_Mountain_Hawk_Eagle/AAS1_kumataka-C0011r1r-2025-905-513-481.JPG,3,Kumataka
tool_bird_class_train/Kumataka_Mountain_Hawk_Eagle/AAS1_kumataka-3V3A9428-3185-1690-243-219.JPG,3,Kumataka
tool_bird_class_train/Kumataka_Mountain_Hawk_Eagle/AAS1_kumataka-1Y9A0532-2640-1318-174-299.JPG,3,Kumataka
tool_bird_class_train/Kumataka_Mountain_Hawk_Eagle/AAS1_kumataka-6U8A8152-2684-1552-256-264.JPG,3,Kumataka
tool_bird_class_train/Kumataka_Mountain_Hawk_Eagle/AAS1_kumataka-C0007r7r-1231-446-1029-413.JPG,3,Kumataka
tool_bird_class_train/Kumataka_Mountain_Hawk_Eagle/AAS1_kumataka-IMGr9711-1990-1517-235-342.JPG,3,Kumataka
tool_bird_class_train/Kumataka_Mountain_Hawk_Eagle/AAS1_kumataka-4H7A8250-2451-1875-359-185.JPG,3,Kumataka
tool_bird_class_train/Kumataka_Mountain_Hawk_Eagle/AAS1_kumataka-IMGr6510-2609-1604-461-248.JPG,3,Kumataka
tool_bird_class_train/Kumataka_Mountain_Hawk_Eagle/AAS1_kumataka-IMGr3709-2448-1709-507-301.JPG,3,Kumataka
tool_bird_class_train/Kumataka_Mountain_Hawk_Eagle/AAS1_kumataka-IMGr3632-2353-1730-139-134.JPG,3,Kumataka
tool_bird_class_train/Kumataka_Mountain_Hawk_Eagle/AAS1_kumataka-6U8A5398-2471-1693-444-326.JPG,3,Kumataka
tool_bird_class_train/Kumataka_Mountain_Hawk_Eagle/AAS1_kumataka-6U8A6899-2373-1450-741-484.JPG,3,Kumataka
tool_bird_class_train/Kumataka_Mountain_Hawk_Eagle/v4_gt/339582913.jpg,3,Kumataka
tool_bird_class_train/Kumataka_Mountain_Hawk_Eagle/AAS1_kumataka-IMGr9715-2554-1459-167-190.JPG,3,Kumataka
tool_bird_class_train/Kumataka_Mountain_Hawk_Eagle/AAS1_kumataka-6U8A6162-2840-1798-224-187.JPG,3,Kumataka
tool_bird_class_train/Kumataka_Mountain_Hawk_Eagle/AAS1_kumataka-3V3A0412-2515-1867-359-204.JPG,3,Kumataka
tool_bird_class_train/Kumataka_Mountain_Hawk_Eagle/AAS1_kumataka-1Y9A1015-2697-1661-206-302.JPG,3,Kumataka
tool_bird_class_train/Kumataka_Mountain_Hawk_Eagle/AAS1_kumataka-C0012r3r-1198-276-779-1213.JPG,3,Kumataka
tool_bird_class_train/Kumataka_Mountain_Hawk_Eagle/AAS1_kumataka-1Y9A1773-2508-1172-620-503.JPG,3,Kumataka
tool_bird_class_train/Kumataka_Mountain_Hawk_Eagle/AAS1_kumataka-C0009r8r-943-1296-858-729.JPG,3,Kumataka
tool_bird_class_train/Kumataka_Mountain_Hawk_Eagle/AAS1_kumataka-6U8A3175-2601-1790-220-127.JPG,3,Kumataka
tool_bird_class_train/Kumataka_Mountain_Hawk_Eagle/AAS1_kumataka-6U8A6612-2640-1736-164-164.JPG,3,Kumataka
tool_bird_class_train/Kumataka_Mountain_Hawk_Eagle/AAS1_kumataka-3V3A6915-1458-1614-1824-1216.JPG,3,Kumataka
tool_bird_class_train/Kumataka_Mountain_Hawk_Eagle/AAS1_kumataka-1Y9A0007-2711-1469-74-40.JPG,3,Kumataka
tool_bird_class_train/Kumataka_Mountain_Hawk_Eagle/AAS1_kumataka-1Y9A0485-2778-1674-94-91.JPG,3,Kumataka
tool_bird_class_train/Kumataka_Mountain_Hawk_Eagle/AAS1_kumataka-IMGP4887-2707-1666-601-321.JPG,3,Kumataka
tool_bird_class_train/Kumataka_Mountain_Hawk_Eagle/frame_001710_bb00_t0057.06_conf0.995.jpg,3,Kumataka
tool_bird_class_train/Kumataka_Mountain_Hawk_Eagle/ext_inat_20260504/inat_160048414_f3efcc6d.jpg,3,Kumataka
tool_bird_class_train/Kumataka_Mountain_Hawk_Eagle/AAS1_kumataka-IMGP0105-2165-1726-228-173.JPG,3,Kumataka
tool_bird_class_train/Kumataka_Mountain_Hawk_Eagle/AAS1_kumataka-6U8A6887-2396-1710-491-373.JPG,3,Kumataka
tool_bird_class_train/Kumataka_Mountain_Hawk_Eagle/frame_002050_bb00_t0068.40_conf0.994.jpg,3,Kumataka
tool_bird_class_train/Kumataka_Mountain_Hawk_Eagle/AAS1_kumataka-IMGP2622-3159-1986-169-138.JPG,3,Kumataka
tool_bird_class_train/Kumataka_Mountain_Hawk_Eagle/AAS1_kumataka-6U8A3204-2756-1561-260-294.JPG,3,Kumataka
tool_bird_class_train/Kumataka_Mountain_Hawk_Eagle/AAS1_kumataka-IMGr9708-2484-1577-271-357.JPG,3,Kumataka
tool_bird_class_train/Kumataka_Mountain_Hawk_Eagle/AAS1_kumataka-6U8A8074-2503-1706-217-187.JPG,3,Kumataka
tool_bird_class_train/Kumataka_Mountain_Hawk_Eagle/ext_inat_20260504/inat_455283141_c958e557.jpg,3,Kumataka
tool_bird_class_train/Kumataka_Mountain_Hawk_Eagle/frame_001810_bb00_t0060.39_conf0.986.jpg,3,Kumataka
tool_bird_class_train/Kumataka_Mountain_Hawk_Eagle/AAS1_kumataka-IMGr8435-2703-1806-114-74.JPG,3,Kumataka
tool_bird_class_train/Kumataka_Mountain_Hawk_Eagle/v5_train_v5_inat/254207439.jpg,3,Kumataka
tool_bird_class_train/Kumataka_Mountain_Hawk_Eagle/AAS1_kumataka-6U8A6876-2602-1604-378-328.JPG,3,Kumataka
tool_bird_class_train/Kumataka_Mountain_Hawk_Eagle/AAS1_kumataka-1Y9A0514-2874-1536-56-30.JPG,3,Kumataka
tool_bird_class_train/Kumataka_Mountain_Hawk_Eagle/AAS1_kumataka-IMGr3635-2506-1625-140-86.JPG,3,Kumataka
tool_bird_class_train/Kumataka_Mountain_Hawk_Eagle/AAS1_kumataka-1Y9A0515-2902-1509-52-29.JPG,3,Kumataka
tool_bird_class_train/Kumataka_Mountain_Hawk_Eagle/AAS1_kumataka-1Y9A1008-2760-1257-260-361.JPG,3,Kumataka
tool_bird_class_train/Kumataka_Mountain_Hawk_Eagle/AAS1_kumataka-1Y9A0511-2782-1385-48-42.JPG,3,Kumataka
tool_bird_class_train/Kumataka_Mountain_Hawk_Eagle/AAS1_kumataka-6U8A6776-2562-1543-290-315.JPG,3,Kumataka
tool_bird_class_train/Kumataka_Mountain_Hawk_Eagle/AAS1_kumataka-6U8A3169-2641-1678-379-252.JPG,3,Kumataka
tool_bird_class_train/Kumataka_Mountain_Hawk_Eagle/AAS1_kumataka-1Y9A1136-2554-1614-173-246.JPG,3,Kumataka
tool_bird_class_train/Kumataka_Mountain_Hawk_Eagle/AAS1_kumataka-IMGr8440-2593-1677-107-62.JPG,3,Kumataka
tool_bird_class_train/Kumataka_Mountain_Hawk_Eagle/AAS1_kumataka-6U8A8135-2811-1757-260-195.JPG,3,Kumataka
tool_bird_class_train/Kumataka_Mountain_Hawk_Eagle/frame_002720_bb00_t0090.76_conf0.997.jpg,3,Kumataka
tool_bird_class_train/Kumataka_Mountain_Hawk_Eagle/v4_gt/339438448.jpg,3,Kumataka
tool_bird_class_train/Kumataka_Mountain_Hawk_Eagle/AAS1_kumataka-1Y9A0629-2894-1658-335-427.JPG,3,Kumataka
tool_bird_class_train/Kumataka_Mountain_Hawk_Eagle/AAS1_kumataka-IMGP4876-2790-1566-298-292.JPG,3,Kumataka
tool_bird_class_train/Kumataka_Mountain_Hawk_Eagle/AAS1_kumataka-6U8A6906-2275-1555-898-364.JPG,3,Kumataka
tool_bird_class_train/Kumataka_Mountain_Hawk_Eagle/AAS1_kumataka-IMGr9789-2777-1445-232-261.JPG,3,Kumataka
tool_bird_class_train/Kumataka_Mountain_Hawk_Eagle/AAS1_kumataka-1Y9A0435-2560-1741-65-97.JPG,3,Kumataka
tool_bird_class_train/Kumataka_Mountain_Hawk_Eagle/AAS1_kumataka-1Y9A0646-2538-1510-254-251.JPG,3,Kumataka
tool_bird_class_train/Kumataka_Mountain_Hawk_Eagle/AAS1_kumataka-1Y9A0015-2855-1267-123-46.JPG,3,Kumataka
tool_bird_class_train/Kumataka_Mountain_Hawk_Eagle/AAS1_kumataka-1Y9A0598-2669-1331-282-519.JPG,3,Kumataka
tool_bird_class_train/Kumataka_Mountain_Hawk_Eagle/AAS1_kumataka-1Y9A0474-2724-1574-97-88.JPG,3,Kumataka
tool_bird_class_train/Kumataka_Mountain_Hawk_Eagle/AAS1_kumataka-4H7A8217-2494-1738-260-175.JPG,3,Kumataka
tool_bird_class_train/Kumataka_Mountain_Hawk_Eagle/AAS1_kumataka-3V3A8269-3041-1824-145-204.JPG,3,Kumataka
tool_bird_class_train/Kumataka_Mountain_Hawk_Eagle/AAS1_kumataka-IMGr8726-2566-1555-224-167.JPG,3,Kumataka
tool_bird_class_train/Kumataka_Mountain_Hawk_Eagle/AAS1_kumataka-1Y9A1006-2798-1101-287-435.JPG,3,Kumataka
tool_bird_class_train/Kumataka_Mountain_Hawk_Eagle/AAS1_kumataka-6U8A6196-2567-1782-141-155.JPG,3,Kumataka
tool_bird_class_train/Kumataka_Mountain_Hawk_Eagle/AAS1_kumataka-IMGr9792-2300-1649-275-259.JPG,3,Kumataka
tool_bird_class_train/Kumataka_Mountain_Hawk_Eagle/AAS1_kumataka-1Y9A1111-2272-1378-366-348.JPG,3,Kumataka
tool_bird_class_train/Kumataka_Mountain_Hawk_Eagle/AAS1_kumataka-1Y9A0999-2162-1722-1042-543.JPG,3,Kumataka
tool_bird_class_train/Kumataka_Mountain_Hawk_Eagle/AAS1_kumataka-IMGP2616-3105-1970-147-121.JPG,3,Kumataka
tool_bird_class_train/Kumataka_Mountain_Hawk_Eagle/AAS1_kumataka-6U8A6637-2394-1641-401-368.JPG,3,Kumataka
tool_bird_class_train/Kumataka_Mountain_Hawk_Eagle/AAS1_kumataka-IMGr1220-2396-1946-101-60.JPG,3,Kumataka
tool_bird_class_train/Kumataka_Mountain_Hawk_Eagle/AAS1_kumataka-1Y9A0575-2723-1360-396-351.JPG,3,Kumataka
tool_bird_class_train/Kumataka_Mountain_Hawk_Eagle/AAS1_kumataka-1Y9A0662-2714-1332-280-364.JPG,3,Kumataka
tool_bird_class_train/Kumataka_Mountain_Hawk_Eagle/AAS1_kumataka-1Y9A0655-2529-1411-307-457.JPG,3,Kumataka
tool_bird_class_train/Kumataka_Mountain_Hawk_Eagle/AAS1_kumataka-1Y9A9979-2537-1703-90-137.JPG,3,Kumataka
tool_bird_class_train/Kumataka_Mountain_Hawk_Eagle/AAS1_kumataka-IMGr9710-2644-1674-246-358.JPG,3,Kumataka
tool_bird_class_train/Kumataka_Mountain_Hawk_Eagle/AAS1_kumataka-6U8A5912-2496-1609-369-316.JPG,3,Kumataka
tool_bird_class_train/Kumataka_Mountain_Hawk_Eagle/AAS1_kumataka-1Y9A1019-3014-1289-228-218.JPG,3,Kumataka
tool_bird_class_train/Kumataka_Mountain_Hawk_Eagle/AAS1_kumataka-6U8A5423-2644-1533-448-422.JPG,3,Kumataka
tool_bird_class_train/Kumataka_Mountain_Hawk_Eagle/AAS1_kumataka-4H7A8256-2250-1545-321-156.JPG,3,Kumataka
tool_bird_class_train/Kumataka_Mountain_Hawk_Eagle/AAS1_kumataka-IMGr9714-2381-1536-183-188.JPG,3,Kumataka
tool_bird_class_train/Kumataka_Mountain_Hawk_Eagle/AAS1_kumataka-C0007r9r-980-562-1218-590.JPG,3,Kumataka
tool_bird_class_train/Kumataka_Mountain_Hawk_Eagle/AAS1_kumataka-C0009r18r-2876-988-355-535.JPG,3,Kumataka
tool_bird_class_train/Kumataka_Mountain_Hawk_Eagle/AAS1_kumataka-3V3A9516-2198-1717-539-275.JPG,3,Kumataka
tool_bird_class_train/Kumataka_Mountain_Hawk_Eagle/AAS1_kumataka-1Y9A9989-2676-1628-113-140.JPG,3,Kumataka
tool_bird_class_train/Kumataka_Mountain_Hawk_Eagle/ext_inat_20260504/inat_633629921_43e234f8.jpg,3,Kumataka
tool_bird_class_train/Kumataka_Mountain_Hawk_Eagle/AAS1_kumataka-6U8A3197-2573-1730-318-195.JPG,3,Kumataka
tool_bird_class_train/Kumataka_Mountain_Hawk_Eagle/AAS1_kumataka-6U8A3249-2647-1565-270-412.JPG,3,Kumataka
tool_bird_class_train/Kumataka_Mountain_Hawk_Eagle/AAS1_kumataka-3V3A8266-2624-1776-170-157.JPG,3,Kumataka
tool_bird_class_train/Kumataka_Mountain_Hawk_Eagle/AAS1_kumataka-1Y9A0649-2720-1648-280-325.JPG,3,Kumataka
tool_bird_class_train/Kumataka_Mountain_Hawk_Eagle/AAS1_kumataka-6U8A3240-2503-1670-414-343.JPG,3,Kumataka
tool_bird_class_train/Kumataka_Mountain_Hawk_Eagle/AAS1_kumataka-IMGr8446-2507-1737-154-201.JPG,3,Kumataka
tool_bird_class_train/Kumataka_Mountain_Hawk_Eagle/AAS1_kumataka-6U8A6903-2429-1674-824-541.JPG,3,Kumataka
tool_bird_class_train/Kumataka_Mountain_Hawk_Eagle/AAS1_kumataka-C0005r3r-2032-1122-714-313.JPG,3,Kumataka
tool_bird_class_train/Kumataka_Mountain_Hawk_Eagle/AAS1_kumataka-IMGr8552-2747-1621-137-121.JPG,3,Kumataka
tool_bird_class_train/Kumataka_Mountain_Hawk_Eagle/AAS1_kumataka-6U8A5910-2227-1686-506-349.JPG,3,Kumataka
tool_bird_class_train/Kumataka_Mountain_Hawk_Eagle/AAS1_kumataka-6U8A8173-2746-1717-395-255.JPG,3,Kumataka
tool_bird_class_train/Kumataka_Mountain_Hawk_Eagle/AAS1_kumataka-1Y9A1202-2692-1780-125-59.JPG,3,Kumataka
tool_bird_class_train/Kumataka_Mountain_Hawk_Eagle/AAS1_kumataka-3V3A9567-2586-1742-435-247.JPG,3,Kumataka
tool_bird_class_train/Kumataka_Mountain_Hawk_Eagle/AAS1_kumataka-1Y9A1045-2824-1423-123-137.JPG,3,Kumataka
tool_bird_class_train/Kumataka_Mountain_Hawk_Eagle/AAS1_kumataka-6U8A5846-2636-1721-143-119.JPG,3,Kumataka
tool_bird_class_train/Kumataka_Mountain_Hawk_Eagle/AAS1_kumataka-6U8A6821-2685-1619-262-334.JPG,3,Kumataka
tool_bird_class_train/Kumataka_Mountain_Hawk_Eagle/AAS1_kumataka-6U8A6841-2836-1740-202-179.JPG,3,Kumataka
tool_bird_class_train/Kumataka_Mountain_Hawk_Eagle/AAS1_kumataka-3V3A0379-2662-1767-440-220.JPG,3,Kumataka
tool_bird_class_train/Kumataka_Mountain_Hawk_Eagle/AAS1_kumataka-1Y9A0535-2678-1545-165-235.JPG,3,Kumataka
tool_bird_class_train/Kumataka_Mountain_Hawk_Eagle/AAS1_kumataka-IMGr0447-2626-1502-430-383.JPG,3,Kumataka
tool_bird_class_train/Kumataka_Mountain_Hawk_Eagle/AAS1_kumataka-1Y9A1298-2492-1787-68-89.JPG,3,Kumataka
tool_bird_class_train/Kumataka_Mountain_Hawk_Eagle/AAS1_kumataka-1Y9A0635-2771-1363-332-411.JPG,3,Kumataka
tool_bird_class_train/Kumataka_Mountain_Hawk_Eagle/AAS1_kumataka-3V3A9539-2826-1488-363-476.JPG,3,Kumataka
tool_bird_class_train/Kumataka_Mountain_Hawk_Eagle/AAS1_kumataka-IMGr6520-2364-1588-471-326.JPG,3,Kumataka
tool_bird_class_train/Kumataka_Mountain_Hawk_Eagle/AAS1_kumataka-1Y9A0424-2759-1667-94-94.JPG,3,Kumataka
tool_bird_class_train/Kumataka_Mountain_Hawk_Eagle/AAS1_kumataka-IMGP2632-3223-2016-193-153.JPG,3,Kumataka
tool_bird_class_train/Kumataka_Mountain_Hawk_Eagle/AAS1_kumataka-IMGr8498-2582-1658-146-137.JPG,3,Kumataka
tool_bird_class_train/Kumataka_Mountain_Hawk_Eagle/AAS1_kumataka-1Y9A9996-2703-1848-183-108.JPG,3,Kumataka
tool_bird_class_train/Kumataka_Mountain_Hawk_Eagle/AAS1_kumataka-1Y9A0534-3054-1129-175-270.JPG,3,Kumataka
tool_bird_class_train/Kumataka_Mountain_Hawk_Eagle/AAS1_kumataka-3V3A8247-2371-1129-373-281.JPG,3,Kumataka
tool_bird_class_train/Kumataka_Mountain_Hawk_Eagle/AAS1_kumataka-6U8A5470-2541-1485-351-428.JPG,3,Kumataka
tool_bird_class_train/Kumataka_Mountain_Hawk_Eagle/AAS1_kumataka-3V3A8267-2584-1744-350-164.JPG,3,Kumataka
tool_bird_class_train/Kumataka_Mountain_Hawk_Eagle/AAS1_kumataka-6U8A8145-2648-1716-258-258.JPG,3,Kumataka
tool_bird_class_train/Kumataka_Mountain_Hawk_Eagle/AAS1_kumataka-C0005r2r-128-593-1024-1603.JPG,3,Kumataka
tool_bird_class_train/Kumataka_Mountain_Hawk_Eagle/AAS1_kumataka-IMGr9481-2304-1776-100-51.JPG,3,Kumataka
tool_bird_class_train/Kumataka_Mountain_Hawk_Eagle/AAS1_kumataka-1Y9A1303-2702-1492-125-32.JPG,3,Kumataka
tool_bird_class_train/Kumataka_Mountain_Hawk_Eagle/AAS1_kumataka-DSCr0034-1644-799-91-70.JPG,3,Kumataka
tool_bird_class_train/Kumataka_Mountain_Hawk_Eagle/AAS1_kumataka-IMGr8429-2522-1684-140-114.JPG,3,Kumataka
tool_bird_class_train/Kumataka_Mountain_Hawk_Eagle/AAS1_kumataka-1Y9A0668-2502-1357-254-370.JPG,3,Kumataka
tool_bird_class_train/Kumataka_Mountain_Hawk_Eagle/AAS1_kumataka-1Y9A0656-2542-1442-454-519.JPG,3,Kumataka
tool_bird_class_train/Kumataka_Mountain_Hawk_Eagle/AAS1_kumataka-6U8A6884-2486-1666-267-206.JPG,3,Kumataka
tool_bird_class_train/Kumataka_Mountain_Hawk_Eagle/ext_inat_20260504/inat_70458677_d5422b10.jpg,3,Kumataka
tool_bird_class_train/Kumataka_Mountain_Hawk_Eagle/ext_inat_20260504/inat_286067082_9ebfd9ee.jpg,3,Kumataka
tool_bird_class_train/Kumataka_Mountain_Hawk_Eagle/AAS1_kumataka-IMGP2609-2810-1924-119-158.JPG,3,Kumataka
tool_bird_class_train/Kumataka_Mountain_Hawk_Eagle/AAS1_kumataka-IMGP0098-2653-1544-272-190.JPG,3,Kumataka
tool_bird_class_train/Kumataka_Mountain_Hawk_Eagle/AAS1_kumataka-6U8A5748-2647-1641-147-217.JPG,3,Kumataka
tool_bird_class_train/Kumataka_Mountain_Hawk_Eagle/AAS1_kumataka-6U8A5707-2612-1527-243-181.JPG,3,Kumataka
tool_bird_class_train/Kumataka_Mountain_Hawk_Eagle/AAS1_kumataka-C0002r5r-2482-396-635-279.JPG,3,Kumataka
tool_bird_class_train/Kumataka_Mountain_Hawk_Eagle/AAS1_kumataka-1Y9A9971-2568-1384-173-141.JPG,3,Kumataka
tool_bird_class_train/Kumataka_Mountain_Hawk_Eagle/AAS1_kumataka-IMGr8504-2725-1764-234-87.JPG,3,Kumataka
tool_bird_class_train/Kumataka_Mountain_Hawk_Eagle/AAS1_kumataka-6U8A5600-2794-1771-138-142.JPG,3,Kumataka
tool_bird_class_train/Kumataka_Mountain_Hawk_Eagle/AAS1_kumataka-IMGr8717-2687-1708-130-145.JPG,3,Kumataka
tool_bird_class_train/Kumataka_Mountain_Hawk_Eagle/AAS1_kumataka-1Y9A0670-2440-1486-271-421.JPG,3,Kumataka
tool_bird_class_train/Kumataka_Mountain_Hawk_Eagle/AAS1_kumataka-IMGP0102-2304-1437-278-278.JPG,3,Kumataka
tool_bird_class_train/Kumataka_Mountain_Hawk_Eagle/AAS1_kumataka-IMGr9732-2578-1156-107-155.JPG,3,Kumataka
tool_bird_class_train/Kumataka_Mountain_Hawk_Eagle/AAS1_kumataka-6U8A3301-2538-1762-382-259.JPG,3,Kumataka
tool_bird_class_train/Kumataka_Mountain_Hawk_Eagle/AAS1_kumataka-6U8A5792-2669-1642-290-413.JPG,3,Kumataka
tool_bird_class_train/Kumataka_Mountain_Hawk_Eagle/AAS1_kumataka-1Y9A0607-2672-1836-376-352.JPG,3,Kumataka
tool_bird_class_train/Kumataka_Mountain_Hawk_Eagle/AAS1_kumataka-1Y9A1086-2791-1638-341-438.JPG,3,Kumataka
tool_bird_class_train/Kumataka_Mountain_Hawk_Eagle/AAS1_kumataka-1Y9A9969-2521-1481-132-105.JPG,3,Kumataka
tool_bird_class_train/Kumataka_Mountain_Hawk_Eagle/AAS1_kumataka-6U8A8080-2788-1717-220-230.JPG,3,Kumataka
tool_bird_class_train/Kumataka_Mountain_Hawk_Eagle/AAS1_kumataka-6U8A5630-2708-1755-279-386.JPG,3,Kumataka
tool_bird_class_train/Kumataka_Mountain_Hawk_Eagle/AAS1_kumataka-IMGP4778-2696-2036-244-159.JPG,3,Kumataka
tool_bird_class_train/Kumataka_Mountain_Hawk_Eagle/ext_wikimedia_20260504/wm_9008fbc1bb9e.jpg,3,Kumataka
tool_bird_class_train/Kumataka_Mountain_Hawk_Eagle/AAS1_kumataka-1Y9A0574-2736-1475-405-363.JPG,3,Kumataka
tool_bird_class_train/Kumataka_Mountain_Hawk_Eagle/v5_train_v5_inat/316916881.jpg,3,Kumataka
tool_bird_class_train/Kumataka_Mountain_Hawk_Eagle/AAS1_kumataka-6U8A6905-2237-1583-768-503.JPG,3,Kumataka
tool_bird_class_train/Kumataka_Mountain_Hawk_Eagle/AAS1_kumataka-3V3A9562-2667-1716-305-336.JPG,3,Kumataka
tool_bird_class_train/Kumataka_Mountain_Hawk_Eagle/ext_wikimedia_20260504/wm_08162179be28.jpg,3,Kumataka
tool_bird_class_train/Kumataka_Mountain_Hawk_Eagle/v4_gt/338983439.jpg,3,Kumataka
tool_bird_class_train/Kumataka_Mountain_Hawk_Eagle/AAS1_kumataka-6U8A3203-2429-1613-267-271.JPG,3,Kumataka
tool_bird_class_train/Kumataka_Mountain_Hawk_Eagle/AAS1_kumataka-3V3A9388-2876-2100-145-195.JPG,3,Kumataka
tool_bird_class_train/Kumataka_Mountain_Hawk_Eagle/AAS1_kumataka-1Y9A1063-3020-1599-96-173.JPG,3,Kumataka
tool_bird_class_train/Kumataka_Mountain_Hawk_Eagle/ext_inat_20260504/inat_603784328_67ed72c6.jpg,3,Kumataka
tool_bird_class_train/Kumataka_Mountain_Hawk_Eagle/AAS1_kumataka-IMGr9490-2760-1744-215-88.JPG,3,Kumataka
tool_bird_class_train/Kumataka_Mountain_Hawk_Eagle/AAS1_kumataka-6U8A5920-2599-1831-322-428.JPG,3,Kumataka
tool_bird_class_train/Kumataka_Mountain_Hawk_Eagle/AAS1_kumataka-6U8A6921-2016-1161-1154-927.JPG,3,Kumataka
tool_bird_class_train/Kumataka_Mountain_Hawk_Eagle/AAS1_kumataka-6U8A8069-2747-1622-215-169.JPG,3,Kumataka
tool_bird_class_train/Kumataka_Mountain_Hawk_Eagle/AAS1_kumataka-1Y9A1121-2577-1871-335-184.JPG,3,Kumataka
tool_bird_class_train/Kumataka_Mountain_Hawk_Eagle/AAS1_kumataka-6U8A6902-2653-1722-709-396.JPG,3,Kumataka
tool_bird_class_train/Kumataka_Mountain_Hawk_Eagle/AAS1_kumataka-1Y9A1307-3050-1444-99-55.JPG,3,Kumataka
tool_bird_class_train/Kumataka_Mountain_Hawk_Eagle/AAS1_kumataka-6U8A3310-2498-1729-382-339.JPG,3,Kumataka
tool_bird_class_train/Kumataka_Mountain_Hawk_Eagle/AAS1_kumataka-1Y9A1056-2604-2062-405-350.JPG,3,Kumataka
tool_bird_class_train/Kumataka_Mountain_Hawk_Eagle/AAS1_kumataka-6U8A5703-2769-1754-202-159.JPG,3,Kumataka
tool_bird_class_train/Kumataka_Mountain_Hawk_Eagle/AAS1_kumataka-6U8A5799-2676-1490-350-298.JPG,3,Kumataka
tool_bird_class_train/Kumataka_Mountain_Hawk_Eagle/AAS1_kumataka-IMGP2617-2897-1935-138-126.JPG,3,Kumataka
tool_bird_class_train/Kumataka_Mountain_Hawk_Eagle/AAS1_kumataka-4H7A8214-2694-1906-196-146.JPG,3,Kumataka
tool_bird_class_train/Kumataka_Mountain_Hawk_Eagle/AAS1_kumataka-IMGr9774-2506-1546-106-101.JPG,3,Kumataka
tool_bird_class_train/Kumataka_Mountain_Hawk_Eagle/ext_wikimedia_20260504/wm_8dd8a6f3cb38.jpg,3,Kumataka
tool_bird_class_train/Kumataka_Mountain_Hawk_Eagle/AAS1_kumataka-IMGr8569-2685-1642-106-97.JPG,3,Kumataka
tool_bird_class_train/Kumataka_Mountain_Hawk_Eagle/AAS1_kumataka-1Y9A0476rr2r-2398-1505-97-97.JPG,3,Kumataka
tool_bird_class_train/Kumataka_Mountain_Hawk_Eagle/AAS1_kumataka-3V3A9498-2502-1744-196-137.JPG,3,Kumataka
tool_bird_class_train/Kumataka_Mountain_Hawk_Eagle/AAS1_kumataka-6U8A5815-2804-1691-235-207.JPG,3,Kumataka
tool_bird_class_train/Kumataka_Mountain_Hawk_Eagle/AAS1_kumataka-1Y9A0627-2813-1421-293-479.JPG,3,Kumataka
tool_bird_class_train/Kumataka_Mountain_Hawk_Eagle/AAS1_kumataka-1Y9A9999-2740-1828-137-73.JPG,3,Kumataka
tool_bird_class_train/Kumataka_Mountain_Hawk_Eagle/AAS1_kumataka-3V3A0427-2515-1829-433-181.JPG,3,Kumataka
tool_bird_class_train/Kumataka_Mountain_Hawk_Eagle/AAS1_kumataka-1Y9A1050-2555-1738-123-175.JPG,3,Kumataka
tool_bird_class_train/Kumataka_Mountain_Hawk_Eagle/AAS1_kumataka-IMGr9436-1895-1681-990-523.JPG,3,Kumataka
tool_bird_class_train/Kumataka_Mountain_Hawk_Eagle/AAS1_kumataka-IMGr9801-2098-1627-295-297.JPG,3,Kumataka
tool_bird_class_train/Kumataka_Mountain_Hawk_Eagle/AAS1_kumataka-6U8A8171-2721-1525-433-290.JPG,3,Kumataka
tool_bird_class_train/Kumataka_Mountain_Hawk_Eagle/AAS1_kumataka-6U8A6152-2653-1686-199-140.JPG,3,Kumataka
tool_bird_class_train/Kumataka_Mountain_Hawk_Eagle/AAS1_kumataka-C0001r17r-764-391-1136-577.JPG,3,Kumataka
tool_bird_class_train/Kumataka_Mountain_Hawk_Eagle/AAS1_kumataka-6U8A6938-2576-1612-311-230.JPG,3,Kumataka
tool_bird_class_train/Kumataka_Mountain_Hawk_Eagle/AAS1_kumataka-3V3A8270-2615-2119-263-252.JPG,3,Kumataka
tool_bird_class_train/Kumataka_Mountain_Hawk_Eagle/AAS1_kumataka-1Y9A1218-2778-1364-313-346.JPG,3,Kumataka
tool_bird_class_train/Kumataka_Mountain_Hawk_Eagle/AAS1_kumataka-6U8A5816-2839-1655-213-196.JPG,3,Kumataka
tool_bird_class_train/Kumataka_Mountain_Hawk_Eagle/AAS1_kumataka-1Y9A1114-2546-1785-151-204.JPG,3,Kumataka
tool_bird_class_train/Kumataka_Mountain_Hawk_Eagle/AAS1_kumataka-3V3A9510-2669-1725-440-260.JPG,3,Kumataka
tool_bird_class_train/Kumataka_Mountain_Hawk_Eagle/AAS1_kumataka-6U8A5467-2624-1465-424-435.JPG,3,Kumataka
tool_bird_class_train/Kumataka_Mountain_Hawk_Eagle/AAS1_kumataka-6U8A6926-2349-1759-724-576.JPG,3,Kumataka
tool_bird_class_train/Kumataka_Mountain_Hawk_Eagle/AAS1_kumataka-C0002r10r-2145-1290-654-237.JPG,3,Kumataka
tool_bird_class_train/Kumataka_Mountain_Hawk_Eagle/AAS1_kumataka-IMGr3717-2506-1481-316-338.JPG,3,Kumataka
tool_bird_class_train/Kumataka_Mountain_Hawk_Eagle/AAS1_kumataka-6U8A3179-2750-1687-230-198.JPG,3,Kumataka
tool_bird_class_train/Kumataka_Mountain_Hawk_Eagle/AAS1_kumataka-6U8A5399-2473-1585-410-349.JPG,3,Kumataka
tool_bird_class_train/Kumataka_Mountain_Hawk_Eagle/AAS1_kumataka-IMGr9686-2288-1966-60-43.JPG,3,Kumataka
tool_bird_class_train/Kumataka_Mountain_Hawk_Eagle/AAS1_kumataka-6U8A3319-1413-2106-258-140.JPG,3,Kumataka
tool_bird_class_train/Kumataka_Mountain_Hawk_Eagle/AAS1_kumataka-6U8A3247-2678-1567-375-262.JPG,3,Kumataka
tool_bird_class_train/Kumataka_Mountain_Hawk_Eagle/AAS1_kumataka-1Y9A0009-2763-1519-68-49.JPG,3,Kumataka
tool_bird_class_train/Kumataka_Mountain_Hawk_Eagle/AAS1_kumataka-1Y9A0611-2519-1286-295-578.JPG,3,Kumataka
tool_bird_class_train/Kumataka_Mountain_Hawk_Eagle/AAS1_kumataka-IMGr5901-2676-1750-360-272.JPG,3,Kumataka
tool_bird_class_train/Kumataka_Mountain_Hawk_Eagle/AAS1_kumataka-IMGr0466-2548-1646-300-199.JPG,3,Kumataka
tool_bird_class_train/Kumataka_Mountain_Hawk_Eagle/AAS1_kumataka-1Y9A0582-2849-1143-332-636.JPG,3,Kumataka
tool_bird_class_train/Kumataka_Mountain_Hawk_Eagle/AAS1_kumataka-IMGP2648-2730-1587-270-348.JPG,3,Kumataka
tool_bird_class_train/Kumataka_Mountain_Hawk_Eagle/AAS1_kumataka-1Y9A1088-2888-1596-331-504.JPG,3,Kumataka
tool_bird_class_train/Kumataka_Mountain_Hawk_Eagle/AAS1_kumataka-IMGr0478-2416-1581-320-366.JPG,3,Kumataka
tool_bird_class_train/Kumataka_Mountain_Hawk_Eagle/AAS1_kumataka-3V3A6594-2656-1824-384-454.JPG,3,Kumataka
tool_bird_class_train/Kumataka_Mountain_Hawk_Eagle/AAS1_kumataka-6U8A6745-2549-1665-276-348.JPG,3,Kumataka
tool_bird_class_train/Kumataka_Mountain_Hawk_Eagle/AAS1_kumataka-3V3A9464-2767-1591-334-280.JPG,3,Kumataka
tool_bird_class_train/Kumataka_Mountain_Hawk_Eagle/AAS1_kumataka-3V3A8268-2663-1790-156-119.JPG,3,Kumataka
tool_bird_class_train/Kumataka_Mountain_Hawk_Eagle/AAS1_kumataka-IMGr8464-2719-1741-72-67.JPG,3,Kumataka
tool_bird_class_train/Kumataka_Mountain_Hawk_Eagle/AAS1_kumataka-6U8A4483-2628-1670-231-268.JPG,3,Kumataka
tool_bird_class_train/Kumataka_Mountain_Hawk_Eagle/AAS1_kumataka-IMGr3289-2459-1850-188-127.JPG,3,Kumataka
tool_bird_class_train/Kumataka_Mountain_Hawk_Eagle/AAS1_kumataka-6U8A5812-2653-1696-273-172.JPG,3,Kumataka
tool_bird_class_train/Kumataka_Mountain_Hawk_Eagle/AAS1_kumataka-3V3A0389-2651-1837-145-105.JPG,3,Kumataka
tool_bird_class_train/Kumataka_Mountain_Hawk_Eagle/AAS1_kumataka-1Y9A9991-2679-1630-129-111.JPG,3,Kumataka
tool_bird_class_train/Kumataka_Mountain_Hawk_Eagle/ext_wikimedia_20260504/wm_1530dd21b9a8.png,3,Kumataka
tool_bird_class_train/Kumataka_Mountain_Hawk_Eagle/AAS1_kumataka-1Y9A0593-2567-1616-421-447.JPG,3,Kumataka
tool_bird_class_train/Kumataka_Mountain_Hawk_Eagle/AAS1_kumataka-1Y9A0428-2631-1613-90-107.JPG,3,Kumataka
tool_bird_class_train/Kumataka_Mountain_Hawk_Eagle/AAS1_kumataka-1Y9A0678-2252-1531-271-351.JPG,3,Kumataka
tool_bird_class_train/Kumataka_Mountain_Hawk_Eagle/AAS1_kumataka-C0001r4r-1109-604-1435-640.JPG,3,Kumataka
tool_bird_class_train/Kumataka_Mountain_Hawk_Eagle/AAS1_kumataka-1Y9A1229-2639-1382-228-329.JPG,3,Kumataka
tool_bird_class_train/Kumataka_Mountain_Hawk_Eagle/AAS1_kumataka-6U8A5911-2246-1559-418-296.JPG,3,Kumataka
tool_bird_class_train/Kumataka_Mountain_Hawk_Eagle/AAS1_kumataka-6U8A3243-2473-1743-427-221.JPG,3,Kumataka
tool_bird_class_train/Kumataka_Mountain_Hawk_Eagle/AAS1_kumataka-6U8A3173-2759-1801-244-153.JPG,3,Kumataka
tool_bird_class_train/Kumataka_Mountain_Hawk_Eagle/AAS1_kumataka-3V3A9569-2570-1535-292-249.JPG,3,Kumataka
tool_bird_class_train/Kumataka_Mountain_Hawk_Eagle/AAS1_kumataka-IMGr7337-2583-1683-536-328.JPG,3,Kumataka
tool_bird_class_train/Kumataka_Mountain_Hawk_Eagle/AAS1_kumataka-1Y9A0507-2780-1438-71-36.JPG,3,Kumataka
tool_bird_class_train/Kumataka_Mountain_Hawk_Eagle/AAS1_kumataka-6U8A3230-2701-1583-382-265.JPG,3,Kumataka
tool_bird_class_train/Kumataka_Mountain_Hawk_Eagle/AAS1_kumataka-6U8A6886-2453-1689-559-411.JPG,3,Kumataka
tool_bird_class_train/Kumataka_Mountain_Hawk_Eagle/AAS1_kumataka-1Y9A0542-2618-1677-54-30.JPG,3,Kumataka
tool_bird_class_train/Kumataka_Mountain_Hawk_Eagle/AAS1_kumataka-6U8A3233-2733-1658-442-245.JPG,3,Kumataka
tool_bird_class_train/Kumataka_Mountain_Hawk_Eagle/AAS1_kumataka-1Y9A0011-2954-1706-123-53.JPG,3,Kumataka
tool_bird_class_train/Kumataka_Mountain_Hawk_Eagle/AAS1_kumataka-1Y9A1310-2918-1403-101-53.JPG,3,Kumataka
tool_bird_class_train/Kumataka_Mountain_Hawk_Eagle/AAS1_kumataka-DSCr0117-1295-829-57-61.JPG,3,Kumataka
tool_bird_class_train/Kumataka_Mountain_Hawk_Eagle/AAS1_kumataka-6U8A5779-2645-1615-256-422.JPG,3,Kumataka
tool_bird_class_train/Kumataka_Mountain_Hawk_Eagle/ext_inat_20260504/inat_638228238_7ea5e77c.jpg,3,Kumataka
tool_bird_class_train/Kumataka_Mountain_Hawk_Eagle/AAS1_kumataka-IMGr9799-2154-2000-292-291.JPG,3,Kumataka
tool_bird_class_train/Kumataka_Mountain_Hawk_Eagle/AAS1_kumataka-1Y9A0430-2653-1673-61-75.JPG,3,Kumataka
tool_bird_class_train/Kumataka_Mountain_Hawk_Eagle/AAS1_kumataka-6U8A6873-2682-1733-324-204.JPG,3,Kumataka
tool_bird_class_train/Kumataka_Mountain_Hawk_Eagle/AAS1_kumataka-1Y9A0616-2556-1478-347-393.JPG,3,Kumataka
tool_bird_class_train/Kumataka_Mountain_Hawk_Eagle/AAS1_kumataka-1Y9A0650-2906-1507-290-296.JPG,3,Kumataka
tool_bird_class_train/Kumataka_Mountain_Hawk_Eagle/AAS1_kumataka-1Y9A1122-2564-1826-290-190.JPG,3,Kumataka
tool_bird_class_train/Kumataka_Mountain_Hawk_Eagle/AAS1_kumataka-6U8A3185-2733-1723-190-132.JPG,3,Kumataka
tool_bird_class_train/Kumataka_Mountain_Hawk_Eagle/AAS1_kumataka-DSCr0032-1240-930-119-75.JPG,3,Kumataka
tool_bird_class_train/Kumataka_Mountain_Hawk_Eagle/AAS1_kumataka-1Y9A9981-2717-1701-113-159.JPG,3,Kumataka
tool_bird_class_train/Kumataka_Mountain_Hawk_Eagle/AAS1_kumataka-IMGr6515-2444-1679-362-415.JPG,3,Kumataka
tool_bird_class_train/Kumataka_Mountain_Hawk_Eagle/AAS1_kumataka-IMGP0090-2451-1562-183-230.JPG,3,Kumataka
tool_bird_class_train/Kumataka_Mountain_Hawk_Eagle/AAS1_kumataka-IMGr8441-2762-1807-62-111.JPG,3,Kumataka
tool_bird_class_train/Kumataka_Mountain_Hawk_Eagle/AAS1_kumataka-IMGr8564-2572-1643-130-146.JPG,3,Kumataka
tool_bird_class_train/Kumataka_Mountain_Hawk_Eagle/AAS1_kumataka-6U8A3188-2653-1685-209-143.JPG,3,Kumataka
tool_bird_class_train/Kumataka_Mountain_Hawk_Eagle/AAS1_kumataka-1Y9A1099-2382-1358-382-549.JPG,3,Kumataka
tool_bird_class_train/Kumataka_Mountain_Hawk_Eagle/AAS1_kumataka-IMGr9705-2611-1782-239-361.JPG,3,Kumataka
tool_bird_class_train/Kumataka_Mountain_Hawk_Eagle/AAS1_kumataka-6U8A5747-2664-1638-188-255.JPG,3,Kumataka
tool_bird_class_train/Kumataka_Mountain_Hawk_Eagle/ext_inat_20260504/inat_440066308_76ff004e.jpg,3,Kumataka
tool_bird_class_train/Kumataka_Mountain_Hawk_Eagle/AAS1_kumataka-IMGr9486-2428-1638-113-60.JPG,3,Kumataka
tool_bird_class_train/Kumataka_Mountain_Hawk_Eagle/AAS1_kumataka-IMGr8436-2675-1763-139-81.JPG,3,Kumataka
tool_bird_class_train/Kumataka_Mountain_Hawk_Eagle/AAS1_kumataka-6U8A8142-2716-1640-307-245.JPG,3,Kumataka
tool_bird_class_train/Kumataka_Mountain_Hawk_Eagle/AAS1_kumataka-DSCr7603-1946-745-447-352.JPG,3,Kumataka
tool_bird_class_train/Kumataka_Mountain_Hawk_Eagle/AAS1_kumataka-6U8A5387-2471-1463-683-573.JPG,3,Kumataka
tool_bird_class_train/Kumataka_Mountain_Hawk_Eagle/AAS1_kumataka-6U8A3191-2688-1734-254-153.JPG,3,Kumataka
tool_bird_class_train/Kumataka_Mountain_Hawk_Eagle/AAS1_kumataka-1Y9A0473-2835-1561-95-94.JPG,3,Kumataka
tool_bird_class_train/Kumataka_Mountain_Hawk_Eagle/AAS1_kumataka-1Y9A0640-2352-1651-289-338.JPG,3,Kumataka
tool_bird_class_train/Kumataka_Mountain_Hawk_Eagle/AAS1_kumataka-1Y9A1212-2513-1518-198-293.JPG,3,Kumataka
tool_bird_class_train/Kumataka_Mountain_Hawk_Eagle/AAS1_kumataka-6U8A5335-2674-1575-436-352.JPG,3,Kumataka
tool_bird_class_train/Kumataka_Mountain_Hawk_Eagle/AAS1_kumataka-6U8A3295-2631-1776-263-159.JPG,3,Kumataka
tool_bird_class_train/Kumataka_Mountain_Hawk_Eagle/AAS1_kumataka-C0009r2r-1696-611-971-976.JPG,3,Kumataka
tool_bird_class_train/Kumataka_Mountain_Hawk_Eagle/AAS1_kumataka-IMGP4891-2856-1776-626-515.JPG,3,Kumataka
tool_bird_class_train/Kumataka_Mountain_Hawk_Eagle/AAS1_kumataka-1Y9A0517-2861-1699-229-126.JPG,3,Kumataka
tool_bird_class_train/Kumataka_Mountain_Hawk_Eagle/AAS1_kumataka-1Y9A0524-2596-1654-276-200.JPG,3,Kumataka
tool_bird_class_train/Kumataka_Mountain_Hawk_Eagle/AAS1_kumataka-IMGr9733-2684-1305-127-166.JPG,3,Kumataka
tool_bird_class_train/Kumataka_Mountain_Hawk_Eagle/AAS1_kumataka-IMGr0484-2603-1576-303-380.JPG,3,Kumataka
tool_bird_class_train/Kumataka_Mountain_Hawk_Eagle/AAS1_kumataka-IMGr9468-2216-1634-531-573.JPG,3,Kumataka
tool_bird_class_train/Kumataka_Mountain_Hawk_Eagle/AAS1_kumataka-IMGr4726-2601-1796-223-104.JPG,3,Kumataka
tool_bird_class_train/Kumataka_Mountain_Hawk_Eagle/AAS1_kumataka-6U8A5720-2817-1759-294-253.JPG,3,Kumataka
tool_bird_class_train/Kumataka_Mountain_Hawk_Eagle/AAS1_kumataka-6U8A5923-2588-1667-286-368.JPG,3,Kumataka
tool_bird_class_train/Kumataka_Mountain_Hawk_Eagle/AAS1_kumataka-IMGr7364-2732-1723-256-323.JPG,3,Kumataka
tool_bird_class_train/Kumataka_Mountain_Hawk_Eagle/AAS1_kumataka-1Y9A1103-2479-1384-382-502.JPG,3,Kumataka
tool_bird_class_train/Kumataka_Mountain_Hawk_Eagle/AAS1_kumataka-1Y9A9974-2789-1418-126-156.JPG,3,Kumataka
tool_bird_class_train/Kumataka_Mountain_Hawk_Eagle/AAS1_kumataka-1Y9A0664-2609-1438-232-376.JPG,3,Kumataka
tool_bird_class_train/Kumataka_Mountain_Hawk_Eagle/AAS1_kumataka-1Y9A1314-2883-1071-64-57.JPG,3,Kumataka
tool_bird_class_train/Kumataka_Mountain_Hawk_Eagle/v5_train_v5_inat/323591833.jpg,3,Kumataka
tool_bird_class_train/Kumataka_Mountain_Hawk_Eagle/AAS1_kumataka-4H7A8216-2534-1705-217-161.JPG,3,Kumataka
tool_bird_class_train/Kumataka_Mountain_Hawk_Eagle/AAS1_kumataka-1Y9A0642-3124-1507-277-344.JPG,3,Kumataka
tool_bird_class_train/Kumataka_Mountain_Hawk_Eagle/AAS1_kumataka-1Y9A0437-2576-1664-58-85.JPG,3,Kumataka
tool_bird_class_train/Kumataka_Mountain_Hawk_Eagle/AAS1_kumataka-1Y9A0581-2772-1267-312-652.JPG,3,Kumataka
tool_bird_class_train/Kumataka_Mountain_Hawk_Eagle/AAS1_kumataka-1Y9A9986-2631-1670-132-137.JPG,3,Kumataka
tool_bird_class_train/Kumataka_Mountain_Hawk_Eagle/AAS1_kumataka-6U8A6875-2698-1644-373-302.JPG,3,Kumataka
tool_bird_class_train/Kumataka_Mountain_Hawk_Eagle/AAS1_kumataka-IMGr0490-2228-1485-887-548.JPG,3,Kumataka
tool_bird_class_train/Kumataka_Mountain_Hawk_Eagle/AAS1_kumataka-1Y9A1095-2446-1470-353-344.JPG,3,Kumataka
tool_bird_class_train/Kumataka_Mountain_Hawk_Eagle/AAS1_kumataka-6U8A6912-2035-1241-1051-524.JPG,3,Kumataka
tool_bird_class_train/Kumataka_Mountain_Hawk_Eagle/AAS1_kumataka-6U8A8042-2663-1639-281-245.JPG,3,Kumataka
tool_bird_class_train/Kumataka_Mountain_Hawk_Eagle/v5_train_v5_inat/255868473.jpg,3,Kumataka
tool_bird_class_train/Kumataka_Mountain_Hawk_Eagle/AAS1_kumataka-4H7A8202-2647-1640-136-170.JPG,3,Kumataka
tool_bird_class_train/Kumataka_Mountain_Hawk_Eagle/AAS1_kumataka-IMGr6508-2782-1801-306-317.JPG,3,Kumataka
tool_bird_class_train/Kumataka_Mountain_Hawk_Eagle/AAS1_kumataka-1Y9A0544-2484-1709-66-33.JPG,3,Kumataka
tool_bird_class_train/Kumataka_Mountain_Hawk_Eagle/AAS1_kumataka-IMGr1203-2359-1678-158-97.JPG,3,Kumataka
tool_bird_class_train/Kumataka_Mountain_Hawk_Eagle/AAS1_kumataka-6U8A8158-2588-1695-346-213.JPG,3,Kumataka
tool_bird_class_train/Kumataka_Mountain_Hawk_Eagle/AAS1_kumataka-IMGr9479-2520-1836-84-57.JPG,3,Kumataka
tool_bird_class_train/Kumataka_Mountain_Hawk_Eagle/AAS1_kumataka-1Y9A0482rr2r-2829-1737-103-88.JPG,3,Kumataka
tool_bird_class_train/Kumataka_Mountain_Hawk_Eagle/AAS1_kumataka-1Y9A0519-2704-1581-213-267.JPG,3,Kumataka
tool_bird_class_train/Kumataka_Mountain_Hawk_Eagle/AAS1_kumataka-6U8A6713-2530-1708-322-390.JPG,3,Kumataka
tool_bird_class_train/Kumataka_Mountain_Hawk_Eagle/AAS1_kumataka-6U8A6920-1993-991-1141-928.JPG,3,Kumataka
tool_bird_class_train/Kumataka_Mountain_Hawk_Eagle/AAS1_kumataka-6U8A5839-2733-1735-102-104.JPG,3,Kumataka
tool_bird_class_train/Kumataka_Mountain_Hawk_Eagle/AAS1_kumataka-IMGP2606-2891-1839-207-128.JPG,3,Kumataka
tool_bird_class_train/Kumataka_Mountain_Hawk_Eagle/AAS1_kumataka-3V3A6680-2778-1650-286-198.JPG,3,Kumataka
tool_bird_class_train/Kumataka_Mountain_Hawk_Eagle/AAS1_kumataka-6U8A8172-2772-1452-401-298.JPG,3,Kumataka
tool_bird_class_train/Kumataka_Mountain_Hawk_Eagle/AAS1_kumataka-IMGr9924-2678-1732-318-94.JPG,3,Kumataka
tool_bird_class_train/Kumataka_Mountain_Hawk_Eagle/AAS1_kumataka-IMGr9429-2237-1549-334-263.JPG,3,Kumataka
tool_bird_class_train/Kumataka_Mountain_Hawk_Eagle/AAS1_kumataka-6U8A3294-2689-1774-358-283.JPG,3,Kumataka
tool_bird_class_train/Kumataka_Mountain_Hawk_Eagle/AAS1_kumataka-6U8A3296-2616-1684-343-236.JPG,3,Kumataka
tool_bird_class_train/Kumataka_Mountain_Hawk_Eagle/AAS1_kumataka-6U8A8070-2799-1611-192-172.JPG,3,Kumataka
tool_bird_class_train/Kumataka_Mountain_Hawk_Eagle/AAS1_kumataka-IMGr8458-2648-1594-80-48.JPG,3,Kumataka
tool_bird_class_train/Kumataka_Mountain_Hawk_Eagle/AAS1_kumataka-IMGr6531-2635-1602-300-359.JPG,3,Kumataka
tool_bird_class_train/Kumataka_Mountain_Hawk_Eagle/AAS1_kumataka-1Y9A0539-2605-1700-156-242.JPG,3,Kumataka
tool_bird_class_train/Kumataka_Mountain_Hawk_Eagle/AAS1_kumataka-IMGr8209-2392-1461-116-98.JPG,3,Kumataka
tool_bird_class_train/Kumataka_Mountain_Hawk_Eagle/AAS1_kumataka-1Y9A0601-2838-1559-517-374.JPG,3,Kumataka
tool_bird_class_train/Kumataka_Mountain_Hawk_Eagle/AAS1_kumataka-IMGr8230-2183-1798-1101-512.JPG,3,Kumataka
tool_bird_class_train/Kumataka_Mountain_Hawk_Eagle/AAS1_kumataka-1Y9A1009-2679-1302-225-347.JPG,3,Kumataka
tool_bird_class_train/Kumataka_Mountain_Hawk_Eagle/AAS1_kumataka-6U8A6890-2540-1588-468-384.JPG,3,Kumataka
tool_bird_class_train/Kumataka_Mountain_Hawk_Eagle/ext_inat_20260504/inat_617768051_d37f15f5.jpg,3,Kumataka
tool_bird_class_train/Kumataka_Mountain_Hawk_Eagle/AAS1_kumataka-1Y9A0626-2723-1363-277-482.JPG,3,Kumataka
tool_bird_class_train/Kumataka_Mountain_Hawk_Eagle/AAS1_kumataka-6U8A5919-2599-1815-335-392.JPG,3,Kumataka
tool_bird_class_train/Kumataka_Mountain_Hawk_Eagle/AAS1_kumataka-6U8A4476-2644-1719-311-213.JPG,3,Kumataka
tool_bird_class_train/Kumataka_Mountain_Hawk_Eagle/AAS1_kumataka-1Y9A1308-3003-1414-100-87.JPG,3,Kumataka
tool_bird_class_train/Kumataka_Mountain_Hawk_Eagle/AAS1_kumataka-1Y9A0572-2583-1621-428-361.JPG,3,Kumataka
tool_bird_class_train/Kumataka_Mountain_Hawk_Eagle/AAS1_kumataka-1Y9A7254-2562-1698-71-63.JPG,3,Kumataka
tool_bird_class_train/Kumataka_Mountain_Hawk_Eagle/AAS1_kumataka-IMGr9775-2400-1619-97-101.JPG,3,Kumataka
tool_bird_class_train/Kumataka_Mountain_Hawk_Eagle/AAS1_kumataka-1Y9A0484-2403-1161-71-88.JPG,3,Kumataka
tool_bird_class_train/Kumataka_Mountain_Hawk_Eagle/AAS1_kumataka-6U8A6647-2697-1695-414-322.JPG,3,Kumataka
tool_bird_class_train/Kumataka_Mountain_Hawk_Eagle/AAS1_kumataka-6U8A6939-2782-1739-211-287.JPG,3,Kumataka
tool_bird_class_train/Kumataka_Mountain_Hawk_Eagle/AAS1_kumataka-6U8A5817-2780-1656-194-202.JPG,3,Kumataka
tool_bird_class_train/Kumataka_Mountain_Hawk_Eagle/AAS1_kumataka-IMGr0485-2450-1491-286-338.JPG,3,Kumataka
tool_bird_class_train/Kumataka_Mountain_Hawk_Eagle/AAS1_kumataka-4H7A8201-2617-1671-151-132.JPG,3,Kumataka
tool_bird_class_train/Kumataka_Mountain_Hawk_Eagle/AAS1_kumataka-IMGr8262-2394-1763-130-146.JPG,3,Kumataka
tool_bird_class_train/Kumataka_Mountain_Hawk_Eagle/AAS1_kumataka-1Y9A1020-3095-1324-190-182.JPG,3,Kumataka
tool_bird_class_train/Kumataka_Mountain_Hawk_Eagle/AAS1_kumataka-6U8A5407-2599-1675-444-478.JPG,3,Kumataka
tool_bird_class_train/Kumataka_Mountain_Hawk_Eagle/AAS1_kumataka-1Y9A0002-2791-1598-71-59.JPG,3,Kumataka
tool_bird_class_train/Kumataka_Mountain_Hawk_Eagle/AAS1_kumataka-3V3A9522-2688-1978-324-213.JPG,3,Kumataka
tool_bird_class_train/Kumataka_Mountain_Hawk_Eagle/AAS1_kumataka-IMGr9685-2802-1835-58-52.JPG,3,Kumataka
tool_bird_class_train/Kumataka_Mountain_Hawk_Eagle/AAS1_kumataka-6U8A8149-2660-1570-161-233.JPG,3,Kumataka
tool_bird_class_train/Kumataka_Mountain_Hawk_Eagle/ext_wikimedia_20260504/wm_280dab3509ca.jpg,3,Kumataka
tool_bird_class_train/Kumataka_Mountain_Hawk_Eagle/AAS1_kumataka-3V3A6674-2612-1614-177-236.JPG,3,Kumataka
tool_bird_class_train/Kumataka_Mountain_Hawk_Eagle/AAS1_kumataka-IMGr8267-2476-1900-94-58.JPG,3,Kumataka
tool_bird_class_train/Kumataka_Mountain_Hawk_Eagle/AAS1_kumataka-6U8A3209-2528-1541-337-243.JPG,3,Kumataka
tool_bird_class_train/Kumataka_Mountain_Hawk_Eagle/AAS1_kumataka-1Y9A0482-2660-1578-70-39.JPG,3,Kumataka
tool_bird_class_train/Kumataka_Mountain_Hawk_Eagle/AAS1_kumataka-DSCr1875-880-1430-294-264.JPG,3,Kumataka
tool_bird_class_train/Kumataka_Mountain_Hawk_Eagle/AAS1_kumataka-1Y9A1210-2396-1237-230-319.JPG,3,Kumataka
tool_bird_class_train/Kumataka_Mountain_Hawk_Eagle/AAS1_kumataka-3V3A9557-2400-1767-600-265.JPG,3,Kumataka
tool_bird_class_train/Kumataka_Mountain_Hawk_Eagle/AAS1_kumataka-6U8A3207-2371-1605-481-323.JPG,3,Kumataka
tool_bird_class_train/Kumataka_Mountain_Hawk_Eagle/AAS1_kumataka-IMGr9719-2790-2058-111-108.JPG,3,Kumataka
tool_bird_class_train/Kumataka_Mountain_Hawk_Eagle/AAS1_kumataka-1Y9A1232-2710-1483-206-285.JPG,3,Kumataka
tool_bird_class_train/Kumataka_Mountain_Hawk_Eagle/AAS1_kumataka-6U8A5788-2435-1757-448-270.JPG,3,Kumataka
tool_bird_class_train/Kumataka_Mountain_Hawk_Eagle/AAS1_kumataka-C0001r13r-844-1250-427-192.JPG,3,Kumataka
tool_bird_class_train/Kumataka_Mountain_Hawk_Eagle/AAS1_kumataka-IMGP2611-2826-2165-129-155.JPG,3,Kumataka
tool_bird_class_train/Kumataka_Mountain_Hawk_Eagle/v5_train_v5_inat/303326621.jpg,3,Kumataka
tool_bird_class_train/Kumataka_Mountain_Hawk_Eagle/ext_inat_20260504/inat_635090116_fb337336.jpg,3,Kumataka
tool_bird_class_train/Kumataka_Mountain_Hawk_Eagle/AAS1_kumataka-1Y9A9997-2730-1846-116-111.JPG,3,Kumataka
tool_bird_class_train/Kumataka_Mountain_Hawk_Eagle/AAS1_kumataka-1Y9A1018-2645-1605-214-317.JPG,3,Kumataka
tool_bird_class_train/Kumataka_Mountain_Hawk_Eagle/AAS1_kumataka-IMGr8430-2649-1709-111-88.JPG,3,Kumataka
tool_bird_class_train/Kumataka_Mountain_Hawk_Eagle/AAS1_kumataka-IMGr0468-2488-1479-320-389.JPG,3,Kumataka
tool_bird_class_train/Kumataka_Mountain_Hawk_Eagle/AAS1_kumataka-6U8A8217-2599-1807-264-266.JPG,3,Kumataka
tool_bird_class_train/Kumataka_Mountain_Hawk_Eagle/AAS1_kumataka-IMGP2646-2874-1892-341-356.JPG,3,Kumataka
tool_bird_class_train/Kumataka_Mountain_Hawk_Eagle/AAS1_kumataka-DSCr1567-2611-1466-89-106.JPG,3,Kumataka
tool_bird_class_train/Kumataka_Mountain_Hawk_Eagle/AAS1_kumataka-1Y9A1048-2544-1799-89-122.JPG,3,Kumataka
tool_bird_class_train/Kumataka_Mountain_Hawk_Eagle/AAS1_kumataka-1Y9A0673-2400-1567-286-388.JPG,3,Kumataka
tool_bird_class_train/Kumataka_Mountain_Hawk_Eagle/AAS1_kumataka-IMGr9791-2432-1526-270-251.JPG,3,Kumataka
tool_bird_class_train/Kumataka_Mountain_Hawk_Eagle/AAS1_kumataka-IMGr6314-2618-1788-159-112.JPG,3,Kumataka
tool_bird_class_train/Kumataka_Mountain_Hawk_Eagle/AAS1_kumataka-6U8A5778-2969-1628-315-396.JPG,3,Kumataka
tool_bird_class_train/Kumataka_Mountain_Hawk_Eagle/AAS1_kumataka-IMGP2626-2905-1932-127-181.JPG,3,Kumataka
tool_bird_class_train/Kumataka_Mountain_Hawk_Eagle/AAS1_kumataka-1Y9A0006-2688-1478-78-56.JPG,3,Kumataka
tool_bird_class_train/Kumataka_Mountain_Hawk_Eagle/AAS1_kumataka-IMGr0474-2476-1594-328-265.JPG,3,Kumataka
tool_bird_class_train/Kumataka_Mountain_Hawk_Eagle/AAS1_kumataka-IMGP2628-2858-1989-134-165.JPG,3,Kumataka
tool_bird_class_train/Kumataka_Mountain_Hawk_Eagle/AAS1_kumataka-1Y9A1219-2776-1728-223-328.JPG,3,Kumataka
tool_bird_class_train/Kumataka_Mountain_Hawk_Eagle/AAS1_kumataka-1Y9A1010-2581-1316-270-383.JPG,3,Kumataka
tool_bird_class_train/Kumataka_Mountain_Hawk_Eagle/AAS1_kumataka-IMGr8447-2593-1608-149-170.JPG,3,Kumataka
tool_bird_class_train/Kumataka_Mountain_Hawk_Eagle/AAS1_kumataka-6U8A8221-3044-1781-288-311.JPG,3,Kumataka
tool_bird_class_train/Kumataka_Mountain_Hawk_Eagle/AAS1_kumataka-IMGP0104-2323-1516-203-296.JPG,3,Kumataka
tool_bird_class_train/Kumataka_Mountain_Hawk_Eagle/AAS1_kumataka-1Y9A1304-2725-1491-104-48.JPG,3,Kumataka
tool_bird_class_train/Kumataka_Mountain_Hawk_Eagle/AAS1_kumataka-IMGr0491-2548-1523-609-705.JPG,3,Kumataka
tool_bird_class_train/Kumataka_Mountain_Hawk_Eagle/AAS1_kumataka-3V3A8259-2398-1514-225-326.JPG,3,Kumataka
tool_bird_class_train/Kumataka_Mountain_Hawk_Eagle/ext_inat_20260504/inat_446211891_a5309d37.jpg,3,Kumataka
tool_bird_class_train/Kumataka_Mountain_Hawk_Eagle/AAS1_kumataka-1Y9A0625-2669-1408-264-488.JPG,3,Kumataka
tool_bird_class_train/Kumataka_Mountain_Hawk_Eagle/AAS1_kumataka-6U8A5809-2439-1711-237-185.JPG,3,Kumataka
tool_bird_class_train/Kumataka_Mountain_Hawk_Eagle/AAS1_kumataka-6U8A8092-2814-1781-190-166.JPG,3,Kumataka
tool_bird_class_train/Kumataka_Mountain_Hawk_Eagle/AAS1_kumataka-3V3A6588-1963-788-1001-1557.JPG,3,Kumataka
tool_bird_class_train/Kumataka_Mountain_Hawk_Eagle/AAS1_kumataka-1Y9A1118-2356-1972-171-145.JPG,3,Kumataka
tool_bird_class_train/Kumataka_Mountain_Hawk_Eagle/AAS1_kumataka-DSC00377-4171-2558-79-47.JPG,3,Kumataka
tool_bird_class_train/Kumataka_Mountain_Hawk_Eagle/AAS1_kumataka-6U8A3232-2737-1696-363-204.JPG,3,Kumataka
tool_bird_class_train/Kumataka_Mountain_Hawk_Eagle/AAS1_kumataka-1Y9A1231-2657-1450-223-280.JPG,3,Kumataka
tool_bird_class_train/Kumataka_Mountain_Hawk_Eagle/AAS1_kumataka-3V3A9546-2451-1499-343-409.JPG,3,Kumataka
tool_bird_class_train/Kumataka_Mountain_Hawk_Eagle/AAS1_kumataka-3V3A9543-2474-1426-337-403.JPG,3,Kumataka
tool_bird_class_train/Kumataka_Mountain_Hawk_Eagle/AAS1_kumataka-6U8A3195-2660-1608-231-271.JPG,3,Kumataka
tool_bird_class_train/Kumataka_Mountain_Hawk_Eagle/ext_wikimedia_20260504/wm_e17d0a7773a6.jpg,3,Kumataka
tool_bird_class_train/Kumataka_Mountain_Hawk_Eagle/AAS1_kumataka-C0011r2r-2162-1087-429-529.JPG,3,Kumataka
tool_bird_class_train/Kumataka_Mountain_Hawk_Eagle/AAS1_kumataka-4H7A8287-2449-1682-262-369.JPG,3,Kumataka
tool_bird_class_train/Kumataka_Mountain_Hawk_Eagle/ext_inat_20260504/inat_546696173_ccfe1ab8.jpg,3,Kumataka
tool_bird_class_train/Kumataka_Mountain_Hawk_Eagle/AAS1_kumataka-IMGP0320-2387-1748-107-66.JPG,3,Kumataka
tool_bird_class_train/Kumataka_Mountain_Hawk_Eagle/AAS1_kumataka-6U8A6901-2531-1612-760-502.JPG,3,Kumataka
tool_bird_class_train/Kumataka_Mountain_Hawk_Eagle/AAS1_kumataka-1Y9A1091-2752-1412-372-457.JPG,3,Kumataka
tool_bird_class_train/Kumataka_Mountain_Hawk_Eagle/AAS1_kumataka-6U8A6640-2480-1589-363-341.JPG,3,Kumataka
tool_bird_class_train/Kumataka_Mountain_Hawk_Eagle/AAS1_kumataka-C0002r9r-1024-478-464-589.JPG,3,Kumataka
tool_bird_class_train/Kumataka_Mountain_Hawk_Eagle/AAS1_kumataka-IMGP4892-2783-2107-595-785.JPG,3,Kumataka
tool_bird_class_train/Kumataka_Mountain_Hawk_Eagle/v4_gt/349845865.jpg,3,Kumataka
tool_bird_class_train/Kumataka_Mountain_Hawk_Eagle/AAS1_kumataka-C0002r8r-1289-505-452-563.JPG,3,Kumataka
tool_bird_class_train/Kumataka_Mountain_Hawk_Eagle/AAS1_kumataka-1Y9A0586-2602-1626-381-504.JPG,3,Kumataka
tool_bird_class_train/Kumataka_Mountain_Hawk_Eagle/AAS1_kumataka-1Y9A1216-2665-1565-220-307.JPG,3,Kumataka
tool_bird_class_train/Kumataka_Mountain_Hawk_Eagle/AAS1_kumataka-6U8A4454-2834-1570-294-443.JPG,3,Kumataka
tool_bird_class_train/Kumataka_Mountain_Hawk_Eagle/AAS1_kumataka-IMGr9773-2423-1430-116-91.JPG,3,Kumataka
tool_bird_class_train/Kumataka_Mountain_Hawk_Eagle/AAS1_kumataka-4H7A8213-2675-1869-230-170.JPG,3,Kumataka
tool_bird_class_train/Kumataka_Mountain_Hawk_Eagle/AAS1_kumataka-3V3A6912-2496-1392-1824-1216.JPG,3,Kumataka
tool_bird_class_train/Kumataka_Mountain_Hawk_Eagle/AAS1_kumataka-6U8A5452-2099-1298-504-534.JPG,3,Kumataka
tool_bird_class_train/Kumataka_Mountain_Hawk_Eagle/AAS1_kumataka-1Y9A0005-2755-1576-74-40.JPG,3,Kumataka
tool_bird_class_train/Kumataka_Mountain_Hawk_Eagle/AAS1_kumataka-IMGr9725-2443-1371-116-168.JPG,3,Kumataka
tool_bird_class_train/Kumataka_Mountain_Hawk_Eagle/AAS1_kumataka-IMGr8210-2377-1594-102-120.JPG,3,Kumataka
tool_bird_class_train/Kumataka_Mountain_Hawk_Eagle/ext_inat_20260504/inat_267097586_dd41bf66.jpg,3,Kumataka
tool_bird_class_train/Kumataka_Mountain_Hawk_Eagle/AAS1_kumataka-C0001r15r-908-440-1183-582.JPG,3,Kumataka
tool_bird_class_train/Kumataka_Mountain_Hawk_Eagle/AAS1_kumataka-1Y9A0478rr2r-2249-1563-81-104.JPG,3,Kumataka
tool_bird_class_train/Kumataka_Mountain_Hawk_Eagle/AAS1_kumataka-1Y9A0665-2565-1371-210-342.JPG,3,Kumataka
tool_bird_class_train/Kumataka_Mountain_Hawk_Eagle/AAS1_kumataka-DSCr7630-2667-1309-352-307.JPG,3,Kumataka
tool_bird_class_train/Kumataka_Mountain_Hawk_Eagle/AAS1_kumataka-1Y9A1101-2458-1342-480-543.JPG,3,Kumataka
tool_bird_class_train/Kumataka_Mountain_Hawk_Eagle/AAS1_kumataka-3V3A8263-2622-1760-217-240.JPG,3,Kumataka
tool_bird_class_train/Kumataka_Mountain_Hawk_Eagle/AAS1_kumataka-1Y9A0506-2844-1578-75-33.JPG,3,Kumataka
tool_bird_class_train/Kumataka_Mountain_Hawk_Eagle/AAS1_kumataka-IMGr0489-2382-1638-459-413.JPG,3,Kumataka
tool_bird_class_train/Kumataka_Mountain_Hawk_Eagle/AAS1_kumataka-1Y9A0483-2415-1119-67-106.JPG,3,Kumataka
tool_bird_class_train/Kumataka_Mountain_Hawk_Eagle/AAS1_kumataka-6U8A8174-2840-1673-427-319.JPG,3,Kumataka
tool_bird_class_train/Kumataka_Mountain_Hawk_Eagle/AAS1_kumataka-IMGr9925-2141-1470-334-101.JPG,3,Kumataka
tool_bird_class_train/Kumataka_Mountain_Hawk_Eagle/AAS1_kumataka-6U8A4533-3289-1608-180-101.JPG,3,Kumataka
tool_bird_class_train/Kumataka_Mountain_Hawk_Eagle/AAS1_kumataka-IMGr8723-2566-1603-236-155.JPG,3,Kumataka
tool_bird_class_train/Kumataka_Mountain_Hawk_Eagle/v4_gt/338983452.jpg,3,Kumataka
tool_bird_class_train/Kumataka_Mountain_Hawk_Eagle/AAS1_kumataka-6U8A5909-2493-1747-363-246.JPG,3,Kumataka
tool_bird_class_train/Kumataka_Mountain_Hawk_Eagle/AAS1_kumataka-IMGr9772-2383-1530-89-108.JPG,3,Kumataka
tool_bird_class_train/Kumataka_Mountain_Hawk_Eagle/AAS1_kumataka-1Y9A0600-2877-1600-521-354.JPG,3,Kumataka
tool_bird_class_train/Kumataka_Mountain_Hawk_Eagle/AAS1_kumataka-3V3A9525-2359-1836-395-275.JPG,3,Kumataka
tool_bird_class_train/Kumataka_Mountain_Hawk_Eagle/AAS1_kumataka-IMGr9771-2349-1536-110-107.JPG,3,Kumataka
tool_bird_class_train/Kumataka_Mountain_Hawk_Eagle/AAS1_kumataka-1Y9A0520-2739-1578-210-264.JPG,3,Kumataka
tool_bird_class_train/Kumataka_Mountain_Hawk_Eagle/AAS1_kumataka-3V3A0421-2684-1610-382-252.JPG,3,Kumataka
tool_bird_class_train/Kumataka_Mountain_Hawk_Eagle/AAS1_kumataka-6U8A4439-2785-1577-385-454.JPG,3,Kumataka
tool_bird_class_train/Kumataka_Mountain_Hawk_Eagle/AAS1_kumataka-IMGr1193-2440-1323-126-98.JPG,3,Kumataka
tool_bird_class_train/Kumataka_Mountain_Hawk_Eagle/AAS1_kumataka-1Y9A0469-2451-1898-81-133.JPG,3,Kumataka
tool_bird_class_train/Kumataka_Mountain_Hawk_Eagle/AAS1_kumataka-4H7A8286-2493-1602-308-371.JPG,3,Kumataka
tool_bird_class_train/Kumataka_Mountain_Hawk_Eagle/AAS1_kumataka-3V3A8237-3418-1691-287-180.JPG,3,Kumataka
tool_bird_class_train/Kumataka_Mountain_Hawk_Eagle/AAS1_kumataka-6U8A8175-2826-1603-443-268.JPG,3,Kumataka
tool_bird_class_train/Kumataka_Mountain_Hawk_Eagle/AAS1_kumataka-3V3A0443-2594-1798-232-137.JPG,3,Kumataka
tool_bird_class_train/Kumataka_Mountain_Hawk_Eagle/AAS1_kumataka-1Y9A1769-2589-1313-646-443.JPG,3,Kumataka
tool_bird_class_train/Kumataka_Mountain_Hawk_Eagle/AAS1_kumataka-IMGr9730-2500-1798-129-188.JPG,3,Kumataka
tool_bird_class_train/Kumataka_Mountain_Hawk_Eagle/AAS1_kumataka-C0012r2r-1721-29-951-1040.JPG,3,Kumataka
tool_bird_class_train/Kumataka_Mountain_Hawk_Eagle/AAS1_kumataka-IMGr8450-2538-1660-100-107.JPG,3,Kumataka
tool_bird_class_train/Kumataka_Mountain_Hawk_Eagle/AAS1_kumataka-IMGr9776-2608-1475-97-110.JPG,3,Kumataka
tool_bird_class_train/Kumataka_Mountain_Hawk_Eagle/AAS1_kumataka-IMGP2651-2767-1994-430-174.JPG,3,Kumataka
tool_bird_class_train/Kumataka_Mountain_Hawk_Eagle/AAS1_kumataka-6U8A8134-2810-1772-254-169.JPG,3,Kumataka
tool_bird_class_train/Kumataka_Mountain_Hawk_Eagle/AAS1_kumataka-6U8A3190-2674-1785-217-134.JPG,3,Kumataka
tool_bird_class_train/Kumataka_Mountain_Hawk_Eagle/AAS1_kumataka-IMGP4781-2942-1892-238-253.JPG,3,Kumataka
tool_bird_class_train/Kumataka_Mountain_Hawk_Eagle/AAS1_kumataka-IMGr9781-2557-1747-87-94.JPG,3,Kumataka
tool_bird_class_train/Kumataka_Mountain_Hawk_Eagle/AAS1_kumataka-3V3A9568-2676-1680-350-265.JPG,3,Kumataka
tool_bird_class_train/Kumataka_Mountain_Hawk_Eagle/AAS1_kumataka-1Y9A1061-3002-1601-112-132.JPG,3,Kumataka
tool_bird_class_train/Kumataka_Mountain_Hawk_Eagle/AAS1_kumataka-6U8A6889-2644-1636-444-294.JPG,3,Kumataka
tool_bird_class_train/Kumataka_Mountain_Hawk_Eagle/AAS1_kumataka-6U8A4369-2714-1737-235-179.JPG,3,Kumataka
tool_bird_class_train/Kumataka_Mountain_Hawk_Eagle/frame_001720_bb00_t0057.39_conf0.982.jpg,3,Kumataka
tool_bird_class_train/Kumataka_Mountain_Hawk_Eagle/AAS1_kumataka-IMGr0444-2290-1326-535-342.JPG,3,Kumataka
tool_bird_class_train/Kumataka_Mountain_Hawk_Eagle/AAS1_kumataka-IMGP2625-3162-1993-159-177.JPG,3,Kumataka
tool_bird_class_train/Kumataka_Mountain_Hawk_Eagle/AAS1_kumataka-IMGP2650-3187-2109-248-151.JPG,3,Kumataka
tool_bird_class_train/Kumataka_Mountain_Hawk_Eagle/AAS1_kumataka-6U8A6878-2669-1598-350-339.JPG,3,Kumataka
tool_bird_class_train/Kumataka_Mountain_Hawk_Eagle/AAS1_kumataka-6U8A6919-2093-1016-1132-969.JPG,3,Kumataka
tool_bird_class_train/Kumataka_Mountain_Hawk_Eagle/AAS1_kumataka-1Y9A0479rr2r-2246-1578-74-88.JPG,3,Kumataka
tool_bird_class_train/Kumataka_Mountain_Hawk_Eagle/AAS1_kumataka-1Y9A0606-2647-1619-376-367.JPG,3,Kumataka
tool_bird_class_train/Kumataka_Mountain_Hawk_Eagle/AAS1_kumataka-6U8A8143-2666-1706-301-245.JPG,3,Kumataka
tool_bird_class_train/Kumataka_Mountain_Hawk_Eagle/AAS1_kumataka-6U8A8083-2621-1679-200-189.JPG,3,Kumataka
tool_bird_class_train/Kumataka_Mountain_Hawk_Eagle/AAS1_kumataka-6U8A8146-2597-1729-235-211.JPG,3,Kumataka
tool_bird_class_train/Kumataka_Mountain_Hawk_Eagle/AAS1_kumataka-C0011r5r-1912-664-637-489.JPG,3,Kumataka
tool_bird_class_train/Kumataka_Mountain_Hawk_Eagle/ext_inat_20260504/inat_178904180_f5414493.jpg,3,Kumataka
tool_bird_class_train/Kumataka_Mountain_Hawk_Eagle/AAS1_kumataka-IMGr0469-2568-1680-305-162.JPG,3,Kumataka
tool_bird_class_train/Kumataka_Mountain_Hawk_Eagle/AAS1_kumataka-1Y9A1206-2540-1351-239-376.JPG,3,Kumataka
tool_bird_class_train/Kumataka_Mountain_Hawk_Eagle/AAS1_kumataka-1Y9A0585-2543-1670-385-494.JPG,3,Kumataka
tool_bird_class_train/Kumataka_Mountain_Hawk_Eagle/frame_001750_bb00_t0058.39_conf0.990.jpg,3,Kumataka
tool_bird_class_train/Kumataka_Mountain_Hawk_Eagle/AAS1_kumataka-1Y9A1131-2562-1627-145-186.JPG,3,Kumataka
tool_bird_class_train/Kumataka_Mountain_Hawk_Eagle/AAS1_kumataka-IMGP4780-2793-1789-250-238.JPG,3,Kumataka
tool_bird_class_train/Kumataka_Mountain_Hawk_Eagle/AAS1_kumataka-1Y9A0651-3204-1312-287-296.JPG,3,Kumataka
tool_bird_class_train/Kumataka_Mountain_Hawk_Eagle/AAS1_kumataka-C0004r5r-1758-939-519-703.JPG,3,Kumataka
tool_bird_class_train/Kumataka_Mountain_Hawk_Eagle/AAS1_kumataka-6U8A3307-2445-1683-267-332.JPG,3,Kumataka
tool_bird_class_train/Kumataka_Mountain_Hawk_Eagle/AAS1_kumataka-C0002r12r-1171-1377-389-409.JPG,3,Kumataka
tool_bird_class_train/Kumataka_Mountain_Hawk_Eagle/AAS1_kumataka-6U8A6608-2769-1693-155-191.JPG,3,Kumataka
tool_bird_class_train/Kumataka_Mountain_Hawk_Eagle/AAS1_kumataka-6U8A3299-2530-1672-564-284.JPG,3,Kumataka
tool_bird_class_train/Kumataka_Mountain_Hawk_Eagle/AAS1_kumataka-6U8A3306-2461-1458-430-323.JPG,3,Kumataka
tool_bird_class_train/Kumataka_Mountain_Hawk_Eagle/AAS1_kumataka-1Y9A0508-2628-1495-77-59.JPG,3,Kumataka
tool_bird_class_train/Kumataka_Mountain_Hawk_Eagle/AAS1_kumataka-4H7A8279-2293-1635-299-230.JPG,3,Kumataka
tool_bird_class_train/Kumataka_Mountain_Hawk_Eagle/AAS1_kumataka-6U8A3202-2426-1600-260-313.JPG,3,Kumataka
tool_bird_class_train/Kumataka_Mountain_Hawk_Eagle/AAS1_kumataka-1Y9A1318-2829-1470-117-79.JPG,3,Kumataka
tool_bird_class_train/Kumataka_Mountain_Hawk_Eagle/AAS1_kumataka-1Y9A0669-2473-1414-273-408.JPG,3,Kumataka
tool_bird_class_train/Kumataka_Mountain_Hawk_Eagle/AAS1_kumataka-4H7A8251-2251-1828-286-188.JPG,3,Kumataka
tool_bird_class_train/Kumataka_Mountain_Hawk_Eagle/AAS1_kumataka-IMGr8524-2758-1751-181-207.JPG,3,Kumataka
tool_bird_class_train/Kumataka_Mountain_Hawk_Eagle/AAS1_kumataka-1Y9A0605-2653-1520-311-613.JPG,3,Kumataka
tool_bird_class_train/Kumataka_Mountain_Hawk_Eagle/AAS1_kumataka-r083A5126-351-302-272-78.JPG,3,Kumataka
tool_bird_class_train/Kumataka_Mountain_Hawk_Eagle/AAS1_kumataka-6U8A5750-2823-1651-207-296.JPG,3,Kumataka
tool_bird_class_train/Kumataka_Mountain_Hawk_Eagle/AAS1_kumataka-DSCr7617-2042-1484-475-266.JPG,3,Kumataka
tool_bird_class_train/Kumataka_Mountain_Hawk_Eagle/AAS1_kumataka-IMGP2619-3151-1957-118-189.JPG,3,Kumataka
tool_bird_class_train/Kumataka_Mountain_Hawk_Eagle/AAS1_kumataka-C0001r22r-1506-972-720-326.JPG,3,Kumataka
tool_bird_class_train/Kumataka_Mountain_Hawk_Eagle/AAS1_kumataka-3V3A9497-2781-1907-135-124.JPG,3,Kumataka
tool_bird_class_train/Kumataka_Mountain_Hawk_Eagle/AAS1_kumataka-6U8A5354-2602-1546-484-394.JPG,3,Kumataka
tool_bird_class_train/Kumataka_Mountain_Hawk_Eagle/AAS1_kumataka-C0001r24r-1528-938-647-439.JPG,3,Kumataka
tool_bird_class_train/Kumataka_Mountain_Hawk_Eagle/AAS1_kumataka-1Y9A9998-2764-1841-81-70.JPG,3,Kumataka
tool_bird_class_train/Kumataka_Mountain_Hawk_Eagle/AAS1_kumataka-1Y9A0481rr2r-2300-1611-68-91.JPG,3,Kumataka
tool_bird_class_train/Kumataka_Mountain_Hawk_Eagle/AAS1_kumataka-6U8A5369-2833-1629-303-360.JPG,3,Kumataka
tool_bird_class_train/Kumataka_Mountain_Hawk_Eagle/AAS1_kumataka-6U8A6880-2640-1727-276-326.JPG,3,Kumataka
tool_bird_class_train/Kumataka_Mountain_Hawk_Eagle/AAS1_kumataka-6U8A5356-2539-1290-414-501.JPG,3,Kumataka
tool_bird_class_train/Kumataka_Mountain_Hawk_Eagle/AAS1_kumataka-1Y9A0012-2535-1630-110-65.JPG,3,Kumataka
tool_bird_class_train/Kumataka_Mountain_Hawk_Eagle/AAS1_kumataka-6U8A5808rr2r-2688-1714-302-211.JPG,3,Kumataka
tool_bird_class_train/Kumataka_Mountain_Hawk_Eagle/AAS1_kumataka-1Y9A0483rr2r-2801-1709-97-85.JPG,3,Kumataka
tool_bird_class_train/Kumataka_Mountain_Hawk_Eagle/AAS1_kumataka-6U8A5568-2807-1576-232-298.JPG,3,Kumataka
tool_bird_class_train/Kumataka_Mountain_Hawk_Eagle/AAS1_kumataka-6U8A5805-2698-1551-238-203.JPG,3,Kumataka
tool_bird_class_train/Kumataka_Mountain_Hawk_Eagle/AAS1_kumataka-3V3A9490-2127-1465-506-283.JPG,3,Kumataka
tool_bird_class_train/Kumataka_Mountain_Hawk_Eagle/AAS1_kumataka-IMGr8268-2306-1843-89-77.JPG,3,Kumataka
tool_bird_class_train/Kumataka_Mountain_Hawk_Eagle/AAS1_kumataka-1Y9A1013-2796-1759-258-354.JPG,3,Kumataka
tool_bird_class_train/Kumataka_Mountain_Hawk_Eagle/AAS1_kumataka-IMGr4710-2547-1568-85-82.JPG,3,Kumataka
tool_bird_class_train/Kumataka_Mountain_Hawk_Eagle/AAS1_kumataka-C0001r19r-1274-206-1280-720.JPG,3,Kumataka
tool_bird_class_train/Kumataka_Mountain_Hawk_Eagle/ext_inat_20260504/inat_555876161_01b22ee0.jpg,3,Kumataka
tool_bird_class_train/Kumataka_Mountain_Hawk_Eagle/ext_inat_20260504/inat_182186101_3771ce2a.jpg,3,Kumataka
tool_bird_class_train/Kumataka_Mountain_Hawk_Eagle/AAS1_kumataka-6U8A8079-2725-1688-249-245.JPG,3,Kumataka
tool_bird_class_train/Kumataka_Mountain_Hawk_Eagle/ext_inat_20260504/inat_177456032_f304327d.jpg,3,Kumataka
tool_bird_class_train/Kumataka_Mountain_Hawk_Eagle/AAS1_kumataka-1Y9A1317-2852-1511-108-69.JPG,3,Kumataka
tool_bird_class_train/Kumataka_Mountain_Hawk_Eagle/AAS1_kumataka-3V3A8265-2551-1984-295-191.JPG,3,Kumataka
tool_bird_class_train/Kumataka_Mountain_Hawk_Eagle/AAS1_kumataka-IMGP4886-2729-1961-523-327.JPG,3,Kumataka
tool_bird_class_train/Kumataka_Mountain_Hawk_Eagle/AAS1_kumataka-IMGP4894-2372-1554-499-657.JPG,3,Kumataka
tool_bird_class_train/Kumataka_Mountain_Hawk_Eagle/AAS1_kumataka-IMGr9721-2477-1308-135-174.JPG,3,Kumataka
tool_bird_class_train/Kumataka_Mountain_Hawk_Eagle/AAS1_kumataka-6U8A6616-2580-1589-211-196.JPG,3,Kumataka
tool_bird_class_train/Kumataka_Mountain_Hawk_Eagle/AAS1_kumataka-IMGr9417-2542-1745-91-116.JPG,3,Kumataka
tool_bird_class_train/Kumataka_Mountain_Hawk_Eagle/AAS1_kumataka-C0001r3r-888-761-770-644.JPG,3,Kumataka
tool_bird_class_train/Kumataka_Mountain_Hawk_Eagle/AAS1_kumataka-3V3A9585-2240-1928-555-428.JPG,3,Kumataka
tool_bird_class_train/Kumataka_Mountain_Hawk_Eagle/AAS1_kumataka-6U8A8162-2695-1663-361-262.JPG,3,Kumataka
tool_bird_class_train/Kumataka_Mountain_Hawk_Eagle/ext_wikimedia_20260504/wm_2b6a8f0b2864.jpg,3,Kumataka
tool_bird_class_train/Kumataka_Mountain_Hawk_Eagle/frame_002060_bb00_t0068.74_conf0.990.jpg,3,Kumataka
tool_bird_class_train/Kumataka_Mountain_Hawk_Eagle/AAS1_kumataka-DSCr0033-1128-917-81-97.JPG,3,Kumataka
tool_bird_class_train/Kumataka_Mountain_Hawk_Eagle/ext_inat_20260504/inat_365336556_c1c81498.jpg,3,Kumataka
tool_bird_class_train/Kumataka_Mountain_Hawk_Eagle/AAS1_kumataka-6U8A5800rr2r-2563-1674-284-273.JPG,3,Kumataka
tool_bird_class_train/Kumataka_Mountain_Hawk_Eagle/AAS1_kumataka-IMGr5824-2629-1647-108-72.JPG,3,Kumataka
tool_bird_class_train/Kumataka_Mountain_Hawk_Eagle/AAS1_kumataka-1Y9A9980-2582-1709-113-116.JPG,3,Kumataka
tool_bird_class_train/Kumataka_Mountain_Hawk_Eagle/AAS1_kumataka-6U8A8167-2692-1574-375-371.JPG,3,Kumataka
tool_bird_class_train/Kumataka_Mountain_Hawk_Eagle/AAS1_kumataka-1Y9A0513-2490-1612-90-79.JPG,3,Kumataka
tool_bird_class_train/Kumataka_Mountain_Hawk_Eagle/AAS1_kumataka-6U8A3250-2688-1537-315-412.JPG,3,Kumataka
tool_bird_class_train/Kumataka_Mountain_Hawk_Eagle/frame_001800_bb00_t0060.06_conf0.982.jpg,3,Kumataka
tool_bird_class_train/Kumataka_Mountain_Hawk_Eagle/AAS1_kumataka-6U8A5406-2765-1677-491-386.JPG,3,Kumataka
tool_bird_class_train/Kumataka_Mountain_Hawk_Eagle/AAS1_kumataka-6U8A5907-2770-1576-235-264.JPG,3,Kumataka
tool_bird_class_train/Kumataka_Mountain_Hawk_Eagle/AAS1_kumataka-1Y9A9983-2688-1710-132-126.JPG,3,Kumataka
tool_bird_class_train/Kumataka_Mountain_Hawk_Eagle/AAS1_kumataka-6U8A4371-2569-1702-207-159.JPG,3,Kumataka
tool_bird_class_train/Kumataka_Mountain_Hawk_Eagle/ext_inat_20260504/inat_455283043_435c6474.jpg,3,Kumataka
tool_bird_class_train/Kumataka_Mountain_Hawk_Eagle/AAS1_kumataka-IMGr9926-2744-1732-172-77.JPG,3,Kumataka
tool_bird_class_train/Kumataka_Mountain_Hawk_Eagle/AAS1_kumataka-IMGr9798-2409-1693-265-262.JPG,3,Kumataka
tool_bird_class_train/Kumataka_Mountain_Hawk_Eagle/AAS1_kumataka-3V3A9523-2112-1785-343-252.JPG,3,Kumataka
tool_bird_class_train/Kumataka_Mountain_Hawk_Eagle/AAS1_kumataka-1Y9A0624-2682-1433-264-501.JPG,3,Kumataka
tool_bird_class_train/Kumataka_Mountain_Hawk_Eagle/AAS1_kumataka-6U8A6894-2369-1506-699-342.JPG,3,Kumataka
tool_bird_class_train/Kumataka_Mountain_Hawk_Eagle/ext_inat_20260504/inat_177456674_999473cf.jpg,3,Kumataka
tool_bird_class_train/Kumataka_Mountain_Hawk_Eagle/AAS1_kumataka-IMGP0094-2223-1578-332-199.JPG,3,Kumataka
tool_bird_class_train/Kumataka_Mountain_Hawk_Eagle/AAS1_kumataka-1Y9A9985-2660-1698-108-150.JPG,3,Kumataka
tool_bird_class_train/Kumataka_Mountain_Hawk_Eagle/AAS1_kumataka-6U8A6175-2635-1697-190-172.JPG,3,Kumataka
tool_bird_class_train/Kumataka_Mountain_Hawk_Eagle/AAS1_kumataka-DSC00381-3938-2744-172-89.JPG,3,Kumataka
tool_bird_class_train/Kumataka_Mountain_Hawk_Eagle/AAS1_kumataka-IMGr9720-2445-1411-139-168.JPG,3,Kumataka
tool_bird_class_train/Kumataka_Mountain_Hawk_Eagle/AAS1_kumataka-IMGP4777-2727-1915-243-174.JPG,3,Kumataka
tool_bird_class_train/Kumataka_Mountain_Hawk_Eagle/AAS1_kumataka-6U8A3177-2699-1788-295-206.JPG,3,Kumataka
tool_bird_class_train/Kumataka_Mountain_Hawk_Eagle/AAS1_kumataka-IMGP4214-2328-1654-572-370.JPG,3,Kumataka
tool_bird_class_train/Kumataka_Mountain_Hawk_Eagle/AAS1_kumataka-1Y9A0512-2781-1356-65-43.JPG,3,Kumataka
tool_bird_class_train/Kumataka_Mountain_Hawk_Eagle/AAS1_kumataka-6U8A8197-2746-1693-217-189.JPG,3,Kumataka
tool_bird_class_train/Kumataka_Mountain_Hawk_Eagle/AAS1_kumataka-1Y9A1065-2541-1842-446-412.JPG,3,Kumataka
tool_bird_class_train/Kumataka_Mountain_Hawk_Eagle/AAS1_kumataka-IMGP2634-2946-2044-227-134.JPG,3,Kumataka
tool_bird_class_train/Kumataka_Mountain_Hawk_Eagle/AAS1_kumataka-1Y9A1093-2769-1599-305-497.JPG,3,Kumataka
tool_bird_class_train/Kumataka_Mountain_Hawk_Eagle/v5_train_v5_inat/210768265.jpg,3,Kumataka
tool_bird_class_train/Kumataka_Mountain_Hawk_Eagle/AAS1_kumataka-1Y9A1007-2808-1127-301-408.JPG,3,Kumataka
tool_bird_class_train/Kumataka_Mountain_Hawk_Eagle/AAS1_kumataka-6U8A3147-2607-1614-412-309.JPG,3,Kumataka
tool_bird_class_train/Kumataka_Mountain_Hawk_Eagle/AAS1_kumataka-C0020r1r-530-1488-729-350.JPG,3,Kumataka
tool_bird_class_train/Kumataka_Mountain_Hawk_Eagle/v5_train_v5_inat/271927834.jpg,3,Kumataka
tool_bird_class_train/Kumataka_Mountain_Hawk_Eagle/AAS1_kumataka-1Y9A9978-2487-1696-148-140.JPG,3,Kumataka
tool_bird_class_train/Kumataka_Mountain_Hawk_Eagle/AAS1_kumataka-1Y9A1120-2628-1881-277-140.JPG,3,Kumataka
tool_bird_class_train/Kumataka_Mountain_Hawk_Eagle/AAS1_kumataka-218A6711-2412-1531-209-148.JPG,3,Kumataka
tool_bird_class_train/Kumataka_Mountain_Hawk_Eagle/ext_wikimedia_20260504/wm_80b4582b5ecd.jpg,3,Kumataka
tool_bird_class_train/Kumataka_Mountain_Hawk_Eagle/AAS1_kumataka-C0001r2r-884-697-902-657.JPG,3,Kumataka
tool_bird_class_train/Kumataka_Mountain_Hawk_Eagle/AAS1_kumataka-1Y9A0470-2419-1885-78-123.JPG,3,Kumataka
tool_bird_class_train/Kumataka_Mountain_Hawk_Eagle/AAS1_kumataka-6U8A6655-2587-1598-346-450.JPG,3,Kumataka
tool_bird_class_train/Kumataka_Mountain_Hawk_Eagle/AAS1_kumataka-6U8A3245-2458-1631-408-211.JPG,3,Kumataka
tool_bird_class_train/Kumataka_Mountain_Hawk_Eagle/AAS1_kumataka-3V3A8677-2751-1816-136-149.JPG,3,Kumataka
tool_bird_class_train/Kumataka_Mountain_Hawk_Eagle/AAS1_kumataka-1Y9A1105-2487-1348-408-501.JPG,3,Kumataka
tool_bird_class_train/Kumataka_Mountain_Hawk_Eagle/AAS1_kumataka-DSC00379-4014-2528-78-55.JPG,3,Kumataka
tool_bird_class_train/Kumataka_Mountain_Hawk_Eagle/AAS1_kumataka-6U8A5334-2727-1615-574-412.JPG,3,Kumataka
tool_bird_class_train/Kumataka_Mountain_Hawk_Eagle/AAS1_kumataka-1Y9A1003-2099-1750-580-498.JPG,3,Kumataka
tool_bird_class_train/Kumataka_Mountain_Hawk_Eagle/AAS1_kumataka-IMGr9454-2236-1616-480-502.JPG,3,Kumataka
tool_bird_class_train/Kumataka_Mountain_Hawk_Eagle/AAS1_kumataka-3V3A0378-2616-1531-472-252.JPG,3,Kumataka
tool_bird_class_train/Kumataka_Mountain_Hawk_Eagle/AAS1_kumataka-6U8A3198-2621-1776-324-188.JPG,3,Kumataka
tool_bird_class_train/Kumataka_Mountain_Hawk_Eagle/AAS1_kumataka-6U8A6722-2682-1691-254-228.JPG,3,Kumataka
tool_bird_class_train/Kumataka_Mountain_Hawk_Eagle/AAS1_kumataka-IMGP2613-2856-1922-191-146.JPG,3,Kumataka
tool_bird_class_train/Kumataka_Mountain_Hawk_Eagle/AAS1_kumataka-1Y9A0587-2742-1565-367-520.JPG,3,Kumataka
tool_bird_class_train/Kumataka_Mountain_Hawk_Eagle/AAS1_kumataka-1Y9A1214-2572-1519-233-315.JPG,3,Kumataka
tool_bird_class_train/Kumataka_Mountain_Hawk_Eagle/frame_002040_bb00_t0068.07_conf0.995.jpg,3,Kumataka
tool_bird_class_train/Kumataka_Mountain_Hawk_Eagle/AAS1_kumataka-1Y9A1228-2595-1522-218-307.JPG,3,Kumataka
tool_bird_class_train/Kumataka_Mountain_Hawk_Eagle/AAS1_kumataka-1Y9A1069-2387-1245-90-152.JPG,3,Kumataka
tool_bird_class_train/Kumataka_Mountain_Hawk_Eagle/AAS1_kumataka-6U8A5417-2753-1708-235-176.JPG,3,Kumataka
tool_bird_class_train/Kumataka_Mountain_Hawk_Eagle/v4_gt/339881911.jpg,3,Kumataka
tool_bird_class_train/Kumataka_Mountain_Hawk_Eagle/AAS1_kumataka-IMGr8434-2660-1795-113-92.JPG,3,Kumataka
tool_bird_class_train/Kumataka_Mountain_Hawk_Eagle/AAS1_kumataka-C0001r12r-842-1154-402-218.JPG,3,Kumataka
tool_bird_class_train/Kumataka_Mountain_Hawk_Eagle/AAS1_kumataka-4H7A8288-2435-1732-260-360.JPG,3,Kumataka
tool_bird_class_train/Kumataka_Mountain_Hawk_Eagle/AAS1_kumataka-6U8A5808-2796-1793-316-221.JPG,3,Kumataka
tool_bird_class_train/Kumataka_Mountain_Hawk_Eagle/AAS1_kumataka-3V3A8609-2512-1877-177-146.JPG,3,Kumataka
tool_bird_class_train/Kumataka_Mountain_Hawk_Eagle/frame_002070_bb00_t0069.07_conf0.960.jpg,3,Kumataka
tool_bird_class_train/Kumataka_Mountain_Hawk_Eagle/AAS1_kumataka-6U8A6907-2262-1497-939-371.JPG,3,Kumataka
tool_bird_class_train/Kumataka_Mountain_Hawk_Eagle/AAS1_kumataka-IMGr8219-2538-1898-81-59.JPG,3,Kumataka
tool_bird_class_train/Kumataka_Mountain_Hawk_Eagle/AAS1_kumataka-6U8A8118-2743-1755-128-125.JPG,3,Kumataka
tool_bird_class_train/Kumataka_Mountain_Hawk_Eagle/AAS1_kumataka-3V3A0377-2303-1828-475-217.JPG,3,Kumataka
tool_bird_class_train/Kumataka_Mountain_Hawk_Eagle/ext_inat_20260504/inat_172551461_cf6ef71e.jpg,3,Kumataka
tool_bird_class_train/Kumataka_Mountain_Hawk_Eagle/AAS1_kumataka-C0001r9r-1787-1431-268-282.JPG,3,Kumataka
tool_bird_class_train/Kumataka_Mountain_Hawk_Eagle/AAS1_kumataka-6U8A8156-2602-1454-442-422.JPG,3,Kumataka
tool_bird_class_train/Kumataka_Mountain_Hawk_Eagle/AAS1_kumataka-1Y9A0476-2589-1574-78-43.JPG,3,Kumataka
tool_bird_class_train/Kumataka_Mountain_Hawk_Eagle/AAS1_kumataka-DSC00380-4026-2607-49-69.JPG,3,Kumataka
tool_bird_class_train/Kumataka_Mountain_Hawk_Eagle/v4_gt/344606226.jpg,3,Kumataka
tool_bird_class_train/Kumataka_Mountain_Hawk_Eagle/AAS1_kumataka-1Y9A0638-2597-1251-294-328.JPG,3,Kumataka
tool_bird_class_train/Kumataka_Mountain_Hawk_Eagle/AAS1_kumataka-C0004r7r-825-819-583-754.JPG,3,Kumataka
tool_bird_class_train/Kumataka_Mountain_Hawk_Eagle/AAS1_kumataka-4H7A8249-2765-1558-295-172.JPG,3,Kumataka
tool_bird_class_train/Kumataka_Mountain_Hawk_Eagle/AAS1_kumataka-1Y9A0512-2807-1605-141-94.JPG,3,Kumataka
tool_bird_class_train/Kumataka_Mountain_Hawk_Eagle/ext_wikimedia_20260504/wm_419d5150fa09.jpg,3,Kumataka
tool_bird_class_train/Kumataka_Mountain_Hawk_Eagle/AAS1_kumataka-IMGP4883-2612-1995-591-354.JPG,3,Kumataka
tool_bird_class_train/Kumataka_Mountain_Hawk_Eagle/AAS1_kumataka-1Y9A0679-2382-1618-235-354.JPG,3,Kumataka
tool_bird_class_train/Kumataka_Mountain_Hawk_Eagle/ext_inat_20260504/inat_642366879_f206086b.jpg,3,Kumataka
tool_bird_class_train/Kumataka_Mountain_Hawk_Eagle/AAS1_kumataka-1Y9A0432-2698-1651-65-88.JPG,3,Kumataka
tool_bird_class_train/Kumataka_Mountain_Hawk_Eagle/AAS1_kumataka-1Y9A0466-2572-1094-127-65.JPG,3,Kumataka
tool_bird_class_train/Kumataka_Mountain_Hawk_Eagle/AAS1_kumataka-6U8A6883-2506-1830-359-278.JPG,3,Kumataka
tool_bird_class_train/Kumataka_Mountain_Hawk_Eagle/AAS1_kumataka-1Y9A0571-2548-1532-455-329.JPG,3,Kumataka
tool_bird_class_train/Kumataka_Mountain_Hawk_Eagle/AAS1_kumataka-6U8A5284-2746-1726-89-110.JPG,3,Kumataka
tool_bird_class_train/Kumataka_Mountain_Hawk_Eagle/AAS1_kumataka-6U8A6823-2580-1635-331-271.JPG,3,Kumataka
tool_bird_class_train/Kumataka_Mountain_Hawk_Eagle/AAS1_kumataka-C0001r11r-2999-777-419-688.JPG,3,Kumataka
tool_bird_class_train/Kumataka_Mountain_Hawk_Eagle/AAS1_kumataka-C0007r6r-1937-1891-468-183.JPG,3,Kumataka
tool_bird_class_train/Kumataka_Mountain_Hawk_Eagle/AAS1_kumataka-4H7A8259-1292-1246-241-293.JPG,3,Kumataka
tool_bird_class_train/Kumataka_Mountain_Hawk_Eagle/AAS1_kumataka-6U8A8160-2489-1771-318-219.JPG,3,Kumataka
tool_bird_class_train/Kumataka_Mountain_Hawk_Eagle/AAS1_kumataka-1Y9A1222-2465-1717-244-360.JPG,3,Kumataka
tool_bird_class_train/Kumataka_Mountain_Hawk_Eagle/AAS1_kumataka-IMGr8724-2392-1566-251-140.JPG,3,Kumataka
tool_bird_class_train/Kumataka_Mountain_Hawk_Eagle/AAS1_kumataka-6U8A8078-2703-1670-239-230.JPG,3,Kumataka
tool_bird_class_train/Kumataka_Mountain_Hawk_Eagle/ext_wikimedia_20260504/wm_e884e4fd1433.png,3,Kumataka
tool_bird_class_train/Kumataka_Mountain_Hawk_Eagle/AAS1_kumataka-6U8A8155-2443-1460-457-445.JPG,3,Kumataka
tool_bird_class_train/Kumataka_Mountain_Hawk_Eagle/AAS1_kumataka-6U8A5922-2573-1698-296-330.JPG,3,Kumataka
tool_bird_class_train/Kumataka_Mountain_Hawk_Eagle/AAS1_kumataka-6U8A3234-2685-1661-395-223.JPG,3,Kumataka
tool_bird_class_train/Kumataka_Mountain_Hawk_Eagle/AAS1_kumataka-1Y9A0622-2426-998-283-556.JPG,3,Kumataka
tool_bird_class_train/Kumataka_Mountain_Hawk_Eagle/AAS1_kumataka-3V3A9455-2532-1568-315-236.JPG,3,Kumataka
tool_bird_class_train/Kumataka_Mountain_Hawk_Eagle/AAS1_kumataka-1Y9A1227-2621-1540-225-347.JPG,3,Kumataka
tool_bird_class_train/Kumataka_Mountain_Hawk_Eagle/AAS1_kumataka-6U8A5327-2652-1533-372-530.JPG,3,Kumataka
tool_bird_class_train/Kumataka_Mountain_Hawk_Eagle/AAS1_kumataka-IMGr9433-2329-1801-370-161.JPG,3,Kumataka
tool_bird_class_train/Kumataka_Mountain_Hawk_Eagle/AAS1_kumataka-IMGP0108-2514-1820-275-309.JPG,3,Kumataka
tool_bird_class_train/Kumataka_Mountain_Hawk_Eagle/AAS1_kumataka-C0002r6r-1541-739-419-492.JPG,3,Kumataka
tool_bird_class_train/Kumataka_Mountain_Hawk_Eagle/AAS1_kumataka-6U8A3235-2631-1573-414-253.JPG,3,Kumataka
tool_bird_class_train/Kumataka_Mountain_Hawk_Eagle/AAS1_kumataka-6U8A6641-2688-1579-393-337.JPG,3,Kumataka
tool_bird_class_train/Kumataka_Mountain_Hawk_Eagle/AAS1_kumataka-IMGP2620-3187-1936-131-133.JPG,3,Kumataka
tool_bird_class_train/Kumataka_Mountain_Hawk_Eagle/AAS1_kumataka-6U8A8169-3004-1365-340-409.JPG,3,Kumataka
tool_bird_class_train/Kumataka_Mountain_Hawk_Eagle/AAS1_kumataka-6U8A6877-2550-1579-380-345.JPG,3,Kumataka
tool_bird_class_train/Kumataka_Mountain_Hawk_Eagle/frame_001840_bb00_t0061.39_conf0.992.jpg,3,Kumataka
tool_bird_class_train/Kumataka_Mountain_Hawk_Eagle/AAS1_kumataka-IMGr0486-2411-1533-450-353.JPG,3,Kumataka
tool_bird_class_train/Kumataka_Mountain_Hawk_Eagle/AAS1_kumataka-3V3A9466-2682-1907-155-146.JPG,3,Kumataka
tool_bird_class_train/Kumataka_Mountain_Hawk_Eagle/ext_inat_20260504/inat_94315626_12440097.jpg,3,Kumataka
tool_bird_class_train/Kumataka_Mountain_Hawk_Eagle/AAS1_kumataka-IMGr1209-2401-1656-169-138.JPG,3,Kumataka
tool_bird_class_train/Kumataka_Mountain_Hawk_Eagle/AAS1_kumataka-IMGP4831-2313-1776-208-154.JPG,3,Kumataka
tool_bird_class_train/Kumataka_Mountain_Hawk_Eagle/AAS1_kumataka-IMGr9706-2336-1490-225-354.JPG,3,Kumataka
tool_bird_class_train/Kumataka_Mountain_Hawk_Eagle/frame_001820_bb00_t0060.73_conf0.990.jpg,3,Kumataka
tool_bird_class_train/Kumataka_Mountain_Hawk_Eagle/AAS1_kumataka-1Y9A1319-2818-1431-100-61.JPG,3,Kumataka
tool_bird_class_train/Kumataka_Mountain_Hawk_Eagle/AAS1_kumataka-IMGr3634-2352-1817-119-73.JPG,3,Kumataka
tool_bird_class_train/Kumataka_Mountain_Hawk_Eagle/AAS1_kumataka-6U8A8188-2692-1627-287-172.JPG,3,Kumataka
tool_bird_class_train/Kumataka_Mountain_Hawk_Eagle/AAS1_kumataka-C0009r10r-1034-1452-1013-600.JPG,3,Kumataka
tool_bird_class_train/Kumataka_Mountain_Hawk_Eagle/AAS1_kumataka-3V3A9548-2817-1667-283-377.JPG,3,Kumataka
tool_bird_class_train/Kumataka_Mountain_Hawk_Eagle/AAS1_kumataka-DSC00382-3886-2503-50-47.JPG,3,Kumataka
tool_bird_class_train/Kumataka_Mountain_Hawk_Eagle/AAS1_kumataka-3V3A9547-2937-2010-427-284.JPG,3,Kumataka
tool_bird_class_train/Kumataka_Mountain_Hawk_Eagle/AAS1_kumataka-4H7A8253-3783-2078-334-268.JPG,3,Kumataka
tool_bird_class_train/Kumataka_Mountain_Hawk_Eagle/AAS1_kumataka-6U8A8067-2643-1674-343-221.JPG,3,Kumataka
tool_bird_class_train/Kumataka_Mountain_Hawk_Eagle/AAS1_kumataka-IMGr6541-2599-1828-178-117.JPG,3,Kumataka
tool_bird_class_train/Kumataka_Mountain_Hawk_Eagle/AAS1_kumataka-6U8A3303-2537-1685-361-247.JPG,3,Kumataka
tool_bird_class_train/Kumataka_Mountain_Hawk_Eagle/AAS1_kumataka-6U8A6163-2894-1816-217-144.JPG,3,Kumataka
tool_bird_class_train/Kumataka_Mountain_Hawk_Eagle/AAS1_kumataka-6U8A6652-2553-1553-324-313.JPG,3,Kumataka
tool_bird_class_train/Kumataka_Mountain_Hawk_Eagle/AAS1_kumataka-1Y9A0637-2741-1167-329-414.JPG,3,Kumataka
tool_bird_class_train/Kumataka_Mountain_Hawk_Eagle/AAS1_kumataka-3V3A6687-2097-1432-322-279.JPG,3,Kumataka
tool_bird_class_train/Kumataka_Mountain_Hawk_Eagle/AAS1_kumataka-1Y9A0533-2829-1209-177-286.JPG,3,Kumataka
tool_bird_class_train/Kumataka_Mountain_Hawk_Eagle/AAS1_kumataka-1Y9A0603-2386-1038-334-632.JPG,3,Kumataka
tool_bird_class_train/Kumataka_Mountain_Hawk_Eagle/AAS1_kumataka-6U8A5917-2663-1657-267-396.JPG,3,Kumataka
tool_bird_class_train/Kumataka_Mountain_Hawk_Eagle/AAS1_kumataka-1Y9A0427-2663-1616-81-104.JPG,3,Kumataka
tool_bird_class_train/Kumataka_Mountain_Hawk_Eagle/AAS1_kumataka-6U8A6746-2590-1670-262-339.JPG,3,Kumataka
tool_bird_class_train/Kumataka_Mountain_Hawk_Eagle/AAS1_kumataka-IMGr9703-2538-1693-258-348.JPG,3,Kumataka
tool_bird_class_train/Kumataka_Mountain_Hawk_Eagle/frame_001730_bb00_t0057.72_conf0.987.jpg,3,Kumataka
tool_bird_class_train/Kumataka_Mountain_Hawk_Eagle/AAS1_kumataka-C0005r5r-1546-927-473-680.JPG,3,Kumataka
tool_bird_class_train/Kumataka_Mountain_Hawk_Eagle/AAS1_kumataka-3V3A0417-2616-1686-377-255.JPG,3,Kumataka
tool_bird_class_train/Kumataka_Mountain_Hawk_Eagle/AAS1_kumataka-6U8A5388-2536-1378-480-473.JPG,3,Kumataka
tool_bird_class_train/Kumataka_Mountain_Hawk_Eagle/AAS1_kumataka-1Y9A1208-2513-1264-201-360.JPG,3,Kumataka
tool_bird_class_train/Kumataka_Mountain_Hawk_Eagle/AAS1_kumataka-1Y9A1233-2730-1506-202-286.JPG,3,Kumataka
tool_bird_class_train/Kumataka_Mountain_Hawk_Eagle/AAS1_kumataka-IMGP2631-3173-1922-185-148.JPG,3,Kumataka
tool_bird_class_train/Kumataka_Mountain_Hawk_Eagle/AAS1_kumataka-C0002r3r-2698-433-368-436.JPG,3,Kumataka
tool_bird_class_train/Kumataka_Mountain_Hawk_Eagle/AAS1_kumataka-IMGr9716-2174-1462-159-196.JPG,3,Kumataka
tool_bird_class_train/Kumataka_Mountain_Hawk_Eagle/v5_train_v5_inat/254207410.jpg,3,Kumataka
tool_bird_class_train/Kumataka_Mountain_Hawk_Eagle/AAS1_kumataka-6U8A5454-2481-1410-435-599.JPG,3,Kumataka
tool_bird_class_train/Kumataka_Mountain_Hawk_Eagle/AAS1_kumataka-6U8A4438-2775-1600-459-464.JPG,3,Kumataka
tool_bird_class_train/Kumataka_Mountain_Hawk_Eagle/AAS1_kumataka-IMGP2621-2961-2018-119-87.JPG,3,Kumataka
tool_bird_class_train/Kumataka_Mountain_Hawk_Eagle/AAS1_kumataka-1Y9A0421-2567-1805-87-113.JPG,3,Kumataka
tool_bird_class_train/Kumataka_Mountain_Hawk_Eagle/AAS1_kumataka-1Y9A1064-2976-1582-104-152.JPG,3,Kumataka
tool_bird_class_train/Kumataka_Mountain_Hawk_Eagle/AAS1_kumataka-1Y9A1213-2527-1513-220-295.JPG,3,Kumataka
tool_bird_class_train/Kumataka_Mountain_Hawk_Eagle/AAS1_kumataka-6U8A6909-2121-1315-1010-399.JPG,3,Kumataka
tool_bird_class_train/Kumataka_Mountain_Hawk_Eagle/AAS1_kumataka-1Y9A0436-2564-1706-68-88.JPG,3,Kumataka
tool_bird_class_train/Kumataka_Mountain_Hawk_Eagle/AAS1_kumataka-6U8A6916-2166-1059-1048-834.JPG,3,Kumataka
tool_bird_class_train/Kumataka_Mountain_Hawk_Eagle/AAS1_kumataka-1Y9A0652-3390-1153-337-390.JPG,3,Kumataka
tool_bird_class_train/Kumataka_Mountain_Hawk_Eagle/AAS1_kumataka-IMGr1198-2388-1683-121-85.JPG,3,Kumataka
tool_bird_class_train/Kumataka_Mountain_Hawk_Eagle/AAS1_kumataka-6U8A6918-2147-1106-1140-935.JPG,3,Kumataka
tool_bird_class_train/Kumataka_Mountain_Hawk_Eagle/AAS1_kumataka-IMGr1221-2396-1549-102-83.JPG,3,Kumataka
tool_bird_class_train/Kumataka_Mountain_Hawk_Eagle/ext_wikimedia_20260504/wm_8a3a55c428fc.jpg,3,Kumataka
tool_bird_class_train/Kumataka_Mountain_Hawk_Eagle/AAS1_kumataka-IMGr0458-2562-1517-320-445.JPG,3,Kumataka
tool_bird_class_train/Kumataka_Mountain_Hawk_Eagle/AAS1_kumataka-1Y9A1117-2358-1964-196-152.JPG,3,Kumataka
tool_bird_class_train/Kumataka_Mountain_Hawk_Eagle/AAS1_kumataka-r083A5132-372-267-139-103.JPG,3,Kumataka
tool_bird_class_train/Kumataka_Mountain_Hawk_Eagle/ext_inat_20260504/inat_217896731_1265b327.jpg,3,Kumataka
tool_bird_class_train/Kumataka_Mountain_Hawk_Eagle/AAS1_kumataka-1Y9A1119-2631-1869-273-149.JPG,3,Kumataka
tool_bird_class_train/Kumataka_Mountain_Hawk_Eagle/AAS1_kumataka-6U8A5391-2554-1594-380-546.JPG,3,Kumataka
tool_bird_class_train/Kumataka_Mountain_Hawk_Eagle/AAS1_kumataka-6U8A5908-2781-1651-260-249.JPG,3,Kumataka
tool_bird_class_train/Kumataka_Mountain_Hawk_Eagle/AAS1_kumataka-6U8A8220-2957-1714-256-324.JPG,3,Kumataka
tool_bird_class_train/Kumataka_Mountain_Hawk_Eagle/AAS1_kumataka-6U8A6923-1904-1222-1039-960.JPG,3,Kumataka
tool_bird_class_train/Kumataka_Mountain_Hawk_Eagle/AAS1_kumataka-6U8A3312-2472-1655-281-358.JPG,3,Kumataka
tool_bird_class_train/Kumataka_Mountain_Hawk_Eagle/AAS1_kumataka-IMGr9738-2740-1475-107-158.JPG,3,Kumataka
tool_bird_class_train/Kumataka_Mountain_Hawk_Eagle/AAS1_kumataka-IMGP4786-2942-2188-266-183.JPG,3,Kumataka
tool_bird_class_train/Kumataka_Mountain_Hawk_Eagle/AAS1_kumataka-C0004r9r-2062-1462-374-340.JPG,3,Kumataka
tool_bird_class_train/Kumataka_Mountain_Hawk_Eagle/AAS1_kumataka-1Y9A0511-2733-1622-166-102.JPG,3,Kumataka
tool_bird_class_train/Kumataka_Mountain_Hawk_Eagle/AAS1_kumataka-6U8A5587-2699-1604-286-326.JPG,3,Kumataka
tool_bird_class_train/Kumataka_Mountain_Hawk_Eagle/AAS1_kumataka-6U8A5800-2712-1665-328-266.JPG,3,Kumataka
tool_bird_class_train/Kumataka_Mountain_Hawk_Eagle/AAS1_kumataka-6U8A8170-2597-1554-431-330.JPG,3,Kumataka
tool_bird_class_train/Kumataka_Mountain_Hawk_Eagle/AAS1_kumataka-IMGP4783-3074-1733-291-203.JPG,3,Kumataka
tool_bird_class_train/Kumataka_Mountain_Hawk_Eagle/AAS1_kumataka-IMGr4842-2709-1786-69-69.JPG,3,Kumataka
tool_bird_class_train/Kumataka_Mountain_Hawk_Eagle/AAS1_kumataka-1Y9A0538-2588-1835-153-226.JPG,3,Kumataka
tool_bird_class_train/Kumataka_Mountain_Hawk_Eagle/AAS1_kumataka-6U8A6148-2826-1752-188-155.JPG,3,Kumataka
tool_bird_class_train/Kumataka_Mountain_Hawk_Eagle/AAS1_kumataka-IMGr9712-2041-1674-231-332.JPG,3,Kumataka
tool_bird_class_train/Kumataka_Mountain_Hawk_Eagle/AAS1_kumataka-6U8A5390-2640-1467-520-653.JPG,3,Kumataka
tool_bird_class_train/Kumataka_Mountain_Hawk_Eagle/AAS1_kumataka-3V3A8271-2243-2067-260-227.JPG,3,Kumataka
tool_bird_class_train/Kumataka_Mountain_Hawk_Eagle/AAS1_kumataka-1Y9A0610-2513-1277-284-603.JPG,3,Kumataka
tool_bird_class_train/Kumataka_Mountain_Hawk_Eagle/ext_inat_20260504/inat_378481189_09f66902.png,3,Kumataka
tool_bird_class_train/Kumataka_Mountain_Hawk_Eagle/AAS1_kumataka-1Y9A1125-2543-1878-269-161.JPG,3,Kumataka
tool_bird_class_train/Kumataka_Mountain_Hawk_Eagle/AAS1_kumataka-6U8A6711-2466-1581-395-341.JPG,3,Kumataka
tool_bird_class_train/Kumataka_Mountain_Hawk_Eagle/AAS1_kumataka-6U8A8039-2791-1745-196-155.JPG,3,Kumataka
tool_bird_class_train/Kumataka_Mountain_Hawk_Eagle/AAS1_kumataka-C0001r8r-1976-713-262-325.JPG,3,Kumataka
tool_bird_class_train/Kumataka_Mountain_Hawk_Eagle/ext_inat_20260504/inat_365202685_95befb39.jpg,3,Kumataka
tool_bird_class_train/Kumataka_Mountain_Hawk_Eagle/AAS1_kumataka-1Y9A1201-2729-1425-243-302.JPG,3,Kumataka
tool_bird_class_train/Kumataka_Mountain_Hawk_Eagle/AAS1_kumataka-3V3A9435-2812-1804-196-215.JPG,3,Kumataka
tool_bird_class_train/Kumataka_Mountain_Hawk_Eagle/v5_train_v5_inat/249587715.jpg,3,Kumataka
tool_bird_class_train/Kumataka_Mountain_Hawk_Eagle/AAS1_kumataka-1Y9A0639-2405-1297-292-341.JPG,3,Kumataka
tool_bird_class_train/Kumataka_Mountain_Hawk_Eagle/AAS1_kumataka-C0012r1r-1750-143-1026-1044.JPG,3,Kumataka
tool_bird_class_train/Kumataka_Mountain_Hawk_Eagle/AAS1_kumataka-1Y9A1313-2904-1189-66-59.JPG,3,Kumataka
tool_bird_class_train/Kumataka_Mountain_Hawk_Eagle/AAS1_kumataka-6U8A5913-2519-1505-378-399.JPG,3,Kumataka
tool_bird_class_train/Kumataka_Mountain_Hawk_Eagle/AAS1_kumataka-6U8A8161-2548-1651-356-245.JPG,3,Kumataka
tool_bird_class_train/Kumataka_Mountain_Hawk_Eagle/AAS1_kumataka-6U8A5921-2528-1891-326-428.JPG,3,Kumataka
tool_bird_class_train/Kumataka_Mountain_Hawk_Eagle/AAS1_kumataka-3V3A9370-2501-1339-185-136.JPG,3,Kumataka
tool_bird_class_train/Kumataka_Mountain_Hawk_Eagle/AAS1_kumataka-218A6708-2699-1806-221-184.JPG,3,Kumataka
tool_bird_class_train/Kumataka_Mountain_Hawk_Eagle/AAS1_kumataka-6U8A4440-2662-1547-383-429.JPG,3,Kumataka
tool_bird_class_train/Kumataka_Mountain_Hawk_Eagle/AAS1_kumataka-6U8A6927-1994-1606-1123-578.JPG,3,Kumataka
tool_bird_class_train/Kumataka_Mountain_Hawk_Eagle/AAS1_kumataka-1Y9A0474rr2r-2960-1741-120-104.JPG,3,Kumataka
tool_bird_class_train/Kumataka_Mountain_Hawk_Eagle/AAS1_kumataka-6U8A6937-2601-1668-303-186.JPG,3,Kumataka
tool_bird_class_train/Kumataka_Mountain_Hawk_Eagle/AAS1_kumataka-1Y9A0481-2559-1576-81-46.JPG,3,Kumataka
tool_bird_class_train/Kumataka_Mountain_Hawk_Eagle/AAS1_kumataka-6U8A4411-2506-1539-333-407.JPG,3,Kumataka
tool_bird_class_train/Kumataka_Mountain_Hawk_Eagle/AAS1_kumataka-DSCr7614-2379-1403-159-236.JPG,3,Kumataka
tool_bird_class_train/Kumataka_Mountain_Hawk_Eagle/AAS1_kumataka-6U8A8073-2551-1741-217-149.JPG,3,Kumataka
tool_bird_class_train/Kumataka_Mountain_Hawk_Eagle/AAS1_kumataka-IMGr9927-2855-2003-187-57.JPG,3,Kumataka
tool_bird_class_train/Kumataka_Mountain_Hawk_Eagle/AAS1_kumataka-C0011r3r-1772-886-634-342.JPG,3,Kumataka
tool_bird_class_train/Kumataka_Mountain_Hawk_Eagle/AAS1_kumataka-6U8A5751-2972-989-317-227.JPG,3,Kumataka
tool_bird_class_train/Kumataka_Mountain_Hawk_Eagle/AAS1_kumataka-6U8A6882-2508-1796-328-354.JPG,3,Kumataka
tool_bird_class_train/Kumataka_Mountain_Hawk_Eagle/AAS1_kumataka-IMGr8509-2612-1700-130-124.JPG,3,Kumataka
tool_bird_class_train/Kumataka_Mountain_Hawk_Eagle/AAS1_kumataka-IMGP4880-2735-1571-604-300.JPG,3,Kumataka
tool_bird_class_train/Kumataka_Mountain_Hawk_Eagle/AAS1_kumataka-DSCr9562-2286-1506-241-156.JPG,3,Kumataka
tool_bird_class_train/Kumataka_Mountain_Hawk_Eagle/AAS1_kumataka-C0009r6r-1515-1334-1701-870.JPG,3,Kumataka
tool_bird_class_train/Kumataka_Mountain_Hawk_Eagle/AAS1_kumataka-IMGr8218-2505-1710-81-55.JPG,3,Kumataka
tool_bird_class_train/Kumataka_Mountain_Hawk_Eagle/AAS1_kumataka-3V3A9576-2548-1652-311-349.JPG,3,Kumataka
tool_bird_class_train/Kumataka_Mountain_Hawk_Eagle/AAS1_kumataka-IMGP4885-2813-1993-644-417.JPG,3,Kumataka
tool_bird_class_train/Kumataka_Mountain_Hawk_Eagle/AAS1_kumataka-C0001r16r-633-251-1186-465.JPG,3,Kumataka
tool_bird_class_train/Kumataka_Mountain_Hawk_Eagle/AAS1_kumataka-3V3A6637-2525-1528-292-144.JPG,3,Kumataka
tool_bird_class_train/Kumataka_Mountain_Hawk_Eagle/AAS1_kumataka-1Y9A0426-2676-1610-97-104.JPG,3,Kumataka
tool_bird_class_train/Kumataka_Mountain_Hawk_Eagle/AAS1_kumataka-1Y9A0514-2433-1590-111-64.JPG,3,Kumataka
tool_bird_class_train/Kumataka_Mountain_Hawk_Eagle/ext_inat_20260504/inat_519131115_91f68ede.jpg,3,Kumataka
tool_bird_class_train/Kumataka_Mountain_Hawk_Eagle/AAS1_kumataka-IMGP7164-2423-1453-246-246.JPG,3,Kumataka
tool_bird_class_train/Kumataka_Mountain_Hawk_Eagle/AAS1_kumataka-DSCr0118-1405-914-55-78.JPG,3,Kumataka
tool_bird_class_train/Kumataka_Mountain_Hawk_Eagle/AAS1_kumataka-IMGr9770-2554-1683-116-94.JPG,3,Kumataka
tool_bird_class_train/Kumataka_Mountain_Hawk_Eagle/AAS1_kumataka-1Y9A1004-2906-1187-257-466.JPG,3,Kumataka
tool_bird_class_train/Kumataka_Mountain_Hawk_Eagle/AAS1_kumataka-3V3A6664-2415-1371-416-275.JPG,3,Kumataka
tool_bird_class_train/Kumataka_Mountain_Hawk_Eagle/frame_001770_bb00_t0059.06_conf0.986.jpg,3,Kumataka
tool_bird_class_train/Kumataka_Mountain_Hawk_Eagle/AAS1_kumataka-IMGr4374-2604-1834-69-52.JPG,3,Kumataka
tool_bird_class_train/Kumataka_Mountain_Hawk_Eagle/AAS1_kumataka-IMGP4893-2654-1717-484-634.JPG,3,Kumataka
tool_bird_class_train/Kumataka_Mountain_Hawk_Eagle/ext_inat_20260504/inat_56580755_31badff9.jpg,3,Kumataka
tool_bird_class_train/Kumataka_Mountain_Hawk_Eagle/AAS1_kumataka-6U8A5586-2826-1541-222-259.JPG,3,Kumataka
tool_bird_class_train/Kumataka_Mountain_Hawk_Eagle/AAS1_kumataka-6U8A5607-4543-3089-261-185.JPG,3,Kumataka
tool_bird_class_train/Kumataka_Mountain_Hawk_Eagle/AAS1_kumataka-1Y9A1200-2686-1646-254-308.JPG,3,Kumataka
tool_bird_class_train/Kumataka_Mountain_Hawk_Eagle/AAS1_kumataka-IMGr9492-2419-1577-145-120.JPG,3,Kumataka
tool_bird_class_train/Kumataka_Mountain_Hawk_Eagle/ext_inat_20260504/inat_372755336_a4f4011e.jpg,3,Kumataka
tool_bird_class_train/Kumataka_Mountain_Hawk_Eagle/AAS1_kumataka-1Y9A0998-2292-1746-1104-567.JPG,3,Kumataka
tool_bird_class_train/Kumataka_Mountain_Hawk_Eagle/AAS1_kumataka-1Y9A1102-2470-1384-391-527.JPG,3,Kumataka
tool_bird_class_train/Kumataka_Mountain_Hawk_Eagle/ext_inat_20260504/inat_184302718_3aa704b9.jpg,3,Kumataka
tool_bird_class_train/Kumataka_Mountain_Hawk_Eagle/AAS1_kumataka-6U8A6773-2429-1655-264-392.JPG,3,Kumataka
tool_bird_class_train/Kumataka_Mountain_Hawk_Eagle/AAS1_kumataka-C0004r2r-2526-673-410-608.JPG,3,Kumataka
tool_bird_class_train/Kumataka_Mountain_Hawk_Eagle/AAS1_kumataka-3V3A6585-1824-1216-981-1405.JPG,3,Kumataka
tool_bird_class_train/Kumataka_Mountain_Hawk_Eagle/AAS1_kumataka-1Y9A7255-2551-1698-78-82.JPG,3,Kumataka
tool_bird_class_train/Kumataka_Mountain_Hawk_Eagle/AAS1_kumataka-C0009r7r-134-1315-1018-769.JPG,3,Kumataka
tool_bird_class_train/Kumataka_Mountain_Hawk_Eagle/AAS1_kumataka-6U8A3176-2573-1794-215-119.JPG,3,Kumataka
tool_bird_class_train/Kumataka_Mountain_Hawk_Eagle/ext_inat_20260504/inat_369827042_74e1de1f.jpg,3,Kumataka
tool_bird_class_train/Kumataka_Mountain_Hawk_Eagle/AAS1_kumataka-6U8A5455-2566-1378-561-646.JPG,3,Kumataka
tool_bird_class_train/Kumataka_Mountain_Hawk_Eagle/AAS1_kumataka-1Y9A0633-2868-1654-344-389.JPG,3,Kumataka
tool_bird_class_train/Kumataka_Mountain_Hawk_Eagle/AAS1_kumataka-1Y9A1107-2385-1277-350-447.JPG,3,Kumataka
tool_bird_class_train/Kumataka_Mountain_Hawk_Eagle/AAS1_kumataka-4H7A8282-2560-1666-307-223.JPG,3,Kumataka
tool_bird_class_train/Kumataka_Mountain_Hawk_Eagle/AAS1_kumataka-1Y9A9992-2681-1616-122-116.JPG,3,Kumataka
tool_bird_class_train/Kumataka_Mountain_Hawk_Eagle/AAS1_kumataka-6U8A8157-2696-1413-440-413.JPG,3,Kumataka
tool_bird_class_train/Kumataka_Mountain_Hawk_Eagle/AAS1_kumataka-IMGP2608-2652-1747-143-180.JPG,3,Kumataka
tool_bird_class_train/Kumataka_Mountain_Hawk_Eagle/AAS1_kumataka-6U8A5281-2650-1674-117-104.JPG,3,Kumataka
tool_bird_class_train/Kumataka_Mountain_Hawk_Eagle/AAS1_kumataka-IMGr9717-2834-1890-154-211.JPG,3,Kumataka
tool_bird_class_train/Kumataka_Mountain_Hawk_Eagle/AAS1_kumataka-1Y9A0580-2813-1273-319-655.JPG,3,Kumataka
tool_bird_class_train/Kumataka_Mountain_Hawk_Eagle/AAS1_kumataka-C0001r1r-1851-520-1322-1565.JPG,3,Kumataka
tool_bird_class_train/Kumataka_Mountain_Hawk_Eagle/AAS1_kumataka-1Y9A0525-2588-1619-271-222.JPG,3,Kumataka
tool_bird_class_train/Kumataka_Mountain_Hawk_Eagle/AAS1_kumataka-6U8A3304-2490-1535-382-290.JPG,3,Kumataka
tool_bird_class_train/Kumataka_Mountain_Hawk_Eagle/AAS1_kumataka-IMGr8499-2579-1818-144-185.JPG,3,Kumataka
tool_bird_class_train/Kumataka_Mountain_Hawk_Eagle/AAS1_kumataka-3V3A9557-2086-1331-343-239.JPG,3,Kumataka
tool_bird_class_train/Kumataka_Mountain_Hawk_Eagle/AAS1_kumataka-6U8A3311-2567-1654-286-374.JPG,3,Kumataka
tool_bird_class_train/Kumataka_Mountain_Hawk_Eagle/AAS1_kumataka-6U8A6872-2672-1709-292-223.JPG,3,Kumataka
tool_bird_class_train/Kumataka_Mountain_Hawk_Eagle/AAS1_kumataka-3V3A6607-2677-1826-198-126.JPG,3,Kumataka
tool_bird_class_train/Kumataka_Mountain_Hawk_Eagle/AAS1_kumataka-IMGr9802-2678-1762-287-288.JPG,3,Kumataka
tool_bird_class_train/Kumataka_Mountain_Hawk_Eagle/AAS1_kumataka-1Y9A0589-2976-1446-348-565.JPG,3,Kumataka
tool_bird_class_train/Kumataka_Mountain_Hawk_Eagle/AAS1_kumataka-IMGP4879-2787-1996-587-201.JPG,3,Kumataka
tool_bird_class_train/Kumataka_Mountain_Hawk_Eagle/AAS1_kumataka-1Y9A1302-2678-1476-108-59.JPG,3,Kumataka
tool_bird_class_train/Kumataka_Mountain_Hawk_Eagle/AAS1_kumataka-C0009r12r-2065-1906-654-339.JPG,3,Kumataka
tool_bird_class_train/Kumataka_Mountain_Hawk_Eagle/AAS1_kumataka-IMGr0446-2596-1472-318-436.JPG,3,Kumataka
tool_bird_class_train/Kumataka_Mountain_Hawk_Eagle/AAS1_kumataka-1Y9A9984-2674-1692-122-163.JPG,3,Kumataka
tool_bird_class_train/Kumataka_Mountain_Hawk_Eagle/AAS1_kumataka-1Y9A1311-2821-1347-135-88.JPG,3,Kumataka
tool_bird_class_train/Kumataka_Mountain_Hawk_Eagle/AAS1_kumataka-IMGr9722-2493-1510-135-171.JPG,3,Kumataka
tool_bird_class_train/Kumataka_Mountain_Hawk_Eagle/frame_001830_bb00_t0061.06_conf0.994.jpg,3,Kumataka
tool_bird_class_train/Kumataka_Mountain_Hawk_Eagle/AAS1_kumataka-1Y9A0433-2735-1649-62-72.JPG,3,Kumataka
tool_bird_class_train/Kumataka_Mountain_Hawk_Eagle/AAS1_kumataka-IMGr3710-2431-1996-430-318.JPG,3,Kumataka
tool_bird_class_train/Kumataka_Mountain_Hawk_Eagle/AAS1_kumataka-1Y9A0004-2842-1606-55-62.JPG,3,Kumataka
tool_bird_class_train/Kumataka_Mountain_Hawk_Eagle/AAS1_kumataka-1Y9A0617-2506-1462-350-379.JPG,3,Kumataka
tool_bird_class_train/Kumataka_Mountain_Hawk_Eagle/AAS1_kumataka-1Y9A0477rr2r-2304-1537-74-88.JPG,3,Kumataka
tool_bird_class_train/Kumataka_Mountain_Hawk_Eagle/AAS1_kumataka-IMGr4709-1845-1639-68-73.JPG,3,Kumataka
tool_bird_class_train/Kumataka_Mountain_Hawk_Eagle/AAS1_kumataka-1Y9A1054-2524-1617-89-74.JPG,3,Kumataka
tool_bird_class_train/Kumataka_Mountain_Hawk_Eagle/AAS1_kumataka-1Y9A0570-2652-1589-436-329.JPG,3,Kumataka
tool_bird_class_train/Kumataka_Mountain_Hawk_Eagle/frame_001740_bb00_t0058.06_conf0.987.jpg,3,Kumataka
tool_bird_class_train/Kumataka_Mountain_Hawk_Eagle/AAS1_kumataka-IMGr8452-2651-1755-99-101.JPG,3,Kumataka
tool_bird_class_train/Kumataka_Mountain_Hawk_Eagle/AAS1_kumataka-1Y9A0541-2590-1683-47-37.JPG,3,Kumataka
tool_bird_class_train/Kumataka_Mountain_Hawk_Eagle/AAS1_kumataka-6U8A6786-2509-1608-260-153.JPG,3,Kumataka
tool_bird_class_train/Kumataka_Mountain_Hawk_Eagle/AAS1_kumataka-1Y9A1017-2622-1599-143-271.JPG,3,Kumataka
tool_bird_class_train/Kumataka_Mountain_Hawk_Eagle/AAS1_kumataka-IMGP0095-2228-1511-300-266.JPG,3,Kumataka
tool_bird_class_train/Kumataka_Mountain_Hawk_Eagle/AAS1_kumataka-6U8A6911-1958-1142-1183-690.JPG,3,Kumataka
tool_bird_class_train/Kumataka_Mountain_Hawk_Eagle/AAS1_kumataka-IMGr9920-2355-1734-158-300.JPG,3,Kumataka
tool_bird_class_train/Kumataka_Mountain_Hawk_Eagle/AAS1_kumataka-1Y9A1052-2569-1611-89-70.JPG,3,Kumataka
tool_bird_class_train/Kumataka_Mountain_Hawk_Eagle/AAS1_kumataka-4H7A8254-2721-1685-295-191.JPG,3,Kumataka
tool_bird_class_train/Kumataka_Mountain_Hawk_Eagle/AAS1_kumataka-6U8A4501-3192-1538-127-82.JPG,3,Kumataka
tool_bird_class_train/Kumataka_Mountain_Hawk_Eagle/AAS1_kumataka-6U8A8213-2582-1685-356-193.JPG,3,Kumataka
tool_bird_class_train/Kumataka_Mountain_Hawk_Eagle/AAS1_kumataka-1Y9A1321-2912-1506-105-51.JPG,3,Kumataka
tool_bird_class_train/Kumataka_Mountain_Hawk_Eagle/v4_gt/331229112.jpg,3,Kumataka
tool_bird_class_train/Kumataka_Mountain_Hawk_Eagle/AAS1_kumataka-1Y9A0537-2598-1816-150-222.JPG,3,Kumataka
tool_bird_class_train/Kumataka_Mountain_Hawk_Eagle/AAS1_kumataka-3V3A8242-4353-1526-367-296.JPG,3,Kumataka
tool_bird_class_train/Kumataka_Mountain_Hawk_Eagle/AAS1_kumataka-1Y9A0487-2759-1632-94-91.JPG,3,Kumataka
tool_bird_class_train/Kumataka_Mountain_Hawk_Eagle/AAS1_kumataka-1Y9A0604-2506-1266-321-607.JPG,3,Kumataka
tool_bird_class_train/Kumataka_Mountain_Hawk_Eagle/AAS1_kumataka-6U8A6710-2562-1586-437-322.JPG,3,Kumataka
tool_bird_class_train/Kumataka_Mountain_Hawk_Eagle/AAS1_kumataka-6U8A5681-2698-1755-222-191.JPG,3,Kumataka
tool_bird_class_train/Kumataka_Mountain_Hawk_Eagle/AAS1_kumataka-C0001r14r-1760--119-1045-767.JPG,3,Kumataka
tool_bird_class_train/Kumataka_Mountain_Hawk_Eagle/AAS1_kumataka-1Y9A1012-2466-1380-286-374.JPG,3,Kumataka
tool_bird_class_train/Kumataka_Mountain_Hawk_Eagle/AAS1_kumataka-1Y9A1106-2401-1305-385-401.JPG,3,Kumataka
tool_bird_class_train/Kumataka_Mountain_Hawk_Eagle/AAS1_kumataka-r083A5130-478-261-138-119.JPG,3,Kumataka
tool_bird_class_train/Kumataka_Mountain_Hawk_Eagle/AAS1_kumataka-1Y9A0529-2861-1504-239-245.JPG,3,Kumataka
tool_bird_class_train/Kumataka_Mountain_Hawk_Eagle/AAS1_kumataka-IMGP2612-2879-2105-140-136.JPG,3,Kumataka
tool_bird_class_train/Kumataka_Mountain_Hawk_Eagle/AAS1_kumataka-IMGr8222-2610-1769-73-45.JPG,3,Kumataka
tool_bird_class_train/Kumataka_Mountain_Hawk_Eagle/AAS1_kumataka-IMGr8221-2618-1652-84-57.JPG,3,Kumataka
tool_bird_class_train/Kumataka_Mountain_Hawk_Eagle/AAS1_kumataka-1Y9A9970-2537-1396-110-133.JPG,3,Kumataka
tool_bird_class_train/Kumataka_Mountain_Hawk_Eagle/AAS1_kumataka-1Y9A0014-2845-1267-138-72.JPG,3,Kumataka
tool_bird_class_train/Kumataka_Mountain_Hawk_Eagle/frame_001760_bb00_t0058.73_conf0.989.jpg,3,Kumataka
tool_bird_class_train/Kumataka_Mountain_Hawk_Eagle/AAS1_kumataka-1Y9A9993-2624-1600-126-140.JPG,3,Kumataka
tool_bird_class_train/Kumataka_Mountain_Hawk_Eagle/AAS1_kumataka-1Y9A0479-2578-1605-69-49.JPG,3,Kumataka
tool_bird_class_train/Kumataka_Mountain_Hawk_Eagle/AAS1_kumataka-IMGr9923-2704-1744-202-94.JPG,3,Kumataka
tool_bird_class_train/Kumataka_Mountain_Hawk_Eagle/AAS1_kumataka-1Y9A1772-2496-1081-632-606.JPG,3,Kumataka
tool_bird_class_train/Kumataka_Mountain_Hawk_Eagle/AAS1_kumataka-6U8A8150-2676-1535-188-253.JPG,3,Kumataka
tool_bird_class_train/Kumataka_Mountain_Hawk_Eagle/AAS1_kumataka-3V3A6631-2285-1858-284-155.JPG,3,Kumataka
tool_bird_class_train/Kumataka_Mountain_Hawk_Eagle/AAS1_kumataka-1Y9A0013-2560-1725-119-81.JPG,3,Kumataka
tool_bird_class_train/Kumataka_Mountain_Hawk_Eagle/AAS1_kumataka-IMGr9683-2475-1916-49-56.JPG,3,Kumataka
tool_bird_class_train/Kumataka_Mountain_Hawk_Eagle/AAS1_kumataka-IMGr9795-2458-1238-267-267.JPG,3,Kumataka
tool_bird_class_train/Kumataka_Mountain_Hawk_Eagle/AAS1_kumataka-1Y9A0599-2634-1315-324-508.JPG,3,Kumataka
tool_bird_class_train/Kumataka_Mountain_Hawk_Eagle/AAS1_kumataka-1Y9A0420-2605-1722-74-110.JPG,3,Kumataka
tool_bird_class_train/Kumataka_Mountain_Hawk_Eagle/AAS1_kumataka-1Y9A0634-2826-1533-338-402.JPG,3,Kumataka
tool_bird_class_train/Kumataka_Mountain_Hawk_Eagle/AAS1_kumataka-3V3A6590-2093-1133-1281-680.JPG,3,Kumataka
tool_bird_class_train/Kumataka_Mountain_Hawk_Eagle/AAS1_kumataka-6U8A3298-2746-1759-333-258.JPG,3,Kumataka
tool_bird_class_train/Kumataka_Mountain_Hawk_Eagle/AAS1_kumataka-6U8A3205-2804-1574-225-268.JPG,3,Kumataka
tool_bird_class_train/Kumataka_Mountain_Hawk_Eagle/AAS1_kumataka-6U8A5811-2416-1608-228-193.JPG,3,Kumataka
tool_bird_class_train/Kumataka_Mountain_Hawk_Eagle/AAS1_kumataka-1Y9A0518-2627-1645-232-270.JPG,3,Kumataka
tool_bird_class_train/Kumataka_Mountain_Hawk_Eagle/ext_inat_20260504/inat_232808931_34009716.jpg,3,Kumataka
tool_bird_class_train/Kumataka_Mountain_Hawk_Eagle/AAS1_kumataka-6U8A3309-2607-1702-443-384.JPG,3,Kumataka
tool_bird_class_train/Kumataka_Mountain_Hawk_Eagle/AAS1_kumataka-6U8A5370-2940-1652-418-366.JPG,3,Kumataka
tool_bird_class_train/Kumataka_Mountain_Hawk_Eagle/AAS1_kumataka-IMGr9704-2564-1433-244-360.JPG,3,Kumataka
tool_bird_class_train/Kumataka_Mountain_Hawk_Eagle/AAS1_kumataka-1Y9A0623-2442-1017-276-543.JPG,3,Kumataka
tool_bird_class_train/Kumataka_Mountain_Hawk_Eagle/AAS1_kumataka-IMGr9435-2394-1347-777-578.JPG,3,Kumataka
tool_bird_class_train/Kumataka_Mountain_Hawk_Eagle/AAS1_kumataka-1Y9A0513-2819-1541-53-32.JPG,3,Kumataka
tool_bird_class_train/Kumataka_Mountain_Hawk_Eagle/AAS1_kumataka-1Y9A1108-2304-1230-400-454.JPG,3,Kumataka
tool_bird_class_train/Kumataka_Mountain_Hawk_Eagle/AAS1_kumataka-IMGr8206-2563-1727-93-73.JPG,3,Kumataka
tool_bird_class_train/Kumataka_Mountain_Hawk_Eagle/ext_inat_20260504/inat_617114619_180f45ad.jpg,3,Kumataka
tool_bird_class_train/Kumataka_Mountain_Hawk_Eagle/AAS1_kumataka-1Y9A1207-2530-1291-225-366.JPG,3,Kumataka
tool_bird_class_train/Kumataka_Mountain_Hawk_Eagle/AAS1_kumataka-IMGr0505-2624-1741-308-355.JPG,3,Kumataka
tool_bird_class_train/Kumataka_Mountain_Hawk_Eagle/AAS1_kumataka-4H7A8284-2519-1609-360-287.JPG,3,Kumataka
tool_bird_class_train/Kumataka_Mountain_Hawk_Eagle/AAS1_kumataka-1Y9A0422-2541-1888-84-107.JPG,3,Kumataka
tool_bird_class_train/Kumataka_Mountain_Hawk_Eagle/AAS1_kumataka-1Y9A0597-2567-1289-308-540.JPG,3,Kumataka
tool_bird_class_train/Kumataka_Mountain_Hawk_Eagle/AAS1_kumataka-4H7A8219-2672-1859-218-182.JPG,3,Kumataka
tool_bird_class_train/Kumataka_Mountain_Hawk_Eagle/AAS1_kumataka-C0009r3r-2118-187-807-1116.JPG,3,Kumataka
tool_bird_class_train/Kumataka_Mountain_Hawk_Eagle/AAS1_kumataka-6U8A4437-2688-1570-449-435.JPG,3,Kumataka
tool_bird_class_train/Kumataka_Mountain_Hawk_Eagle/ext_wikimedia_20260504/wm_d78a962dc9d5.jpg,3,Kumataka
tool_bird_class_train/Kumataka_Mountain_Hawk_Eagle/AAS1_kumataka-1Y9A1059-2918-1547-123-201.JPG,3,Kumataka
tool_bird_class_train/Kumataka_Mountain_Hawk_Eagle/AAS1_kumataka-6U8A3308-2336-1666-243-330.JPG,3,Kumataka
tool_bird_class_train/Kumataka_Mountain_Hawk_Eagle/AAS1_kumataka-3V3A6623-2676-1747-295-223.JPG,3,Kumataka
tool_bird_class_train/Kumataka_Mountain_Hawk_Eagle/AAS1_kumataka-1Y9A0509-2645-1480-97-49.JPG,3,Kumataka
tool_bird_class_train/Kumataka_Mountain_Hawk_Eagle/ext_inat_20260504/inat_185040844_069e67f9.jpg,3,Kumataka
tool_bird_class_train/Kumataka_Mountain_Hawk_Eagle/ext_wikimedia_20260504/wm_f99e45c28e32.jpg,3,Kumataka
tool_bird_class_train/Kumataka_Mountain_Hawk_Eagle/AAS1_kumataka-C0004r3r-1157-287-475-507.JPG,3,Kumataka
tool_bird_class_train/Kumataka_Mountain_Hawk_Eagle/AAS1_kumataka-1Y9A0515-2413-1564-99-64.JPG,3,Kumataka
tool_bird_class_train/Kumataka_Mountain_Hawk_Eagle/AAS1_kumataka-IMGP4895-2826-2283-304-275.JPG,3,Kumataka
tool_bird_class_train/Kumataka_Mountain_Hawk_Eagle/AAS1_kumataka-1Y9A0478-2601-1616-74-56.JPG,3,Kumataka
tool_bird_class_train/Kumataka_Mountain_Hawk_Eagle/AAS1_kumataka-IMGr9462-2469-1581-376-522.JPG,3,Kumataka
tool_bird_class_train/Kumataka_Mountain_Hawk_Eagle/AAS1_kumataka-1Y9A1058-2856-1299-185-427.JPG,3,Kumataka
tool_bird_class_train/Kumataka_Mountain_Hawk_Eagle/AAS1_kumataka-6U8A6790-2669-1687-190-190.JPG,3,Kumataka
tool_bird_class_train/Kumataka_Mountain_Hawk_Eagle/AAS1_kumataka-IMGr9726-2396-1711-134-149.JPG,3,Kumataka
tool_bird_class_train/Kumataka_Mountain_Hawk_Eagle/AAS1_kumataka-C0004r10r-920-771-387-261.JPG,3,Kumataka
tool_bird_class_train/Kumataka_Mountain_Hawk_Eagle/AAS1_kumataka-3V3A8260-3186-1616-250-200.JPG,3,Kumataka
tool_bird_class_train/Kumataka_Mountain_Hawk_Eagle/AAS1_kumataka-1Y9A0477-2477-1552-90-43.JPG,3,Kumataka
tool_bird_class_train/Kumataka_Mountain_Hawk_Eagle/AAS1_kumataka-IMGr9431-2276-1637-383-217.JPG,3,Kumataka
tool_bird_class_train/Kumataka_Mountain_Hawk_Eagle/AAS1_kumataka-6U8A6910-1856-1203-1311-559.JPG,3,Kumataka
tool_bird_class_train/Kumataka_Mountain_Hawk_Eagle/AAS1_kumataka-1Y9A0522-2618-1664-212-254.JPG,3,Kumataka
tool_bird_class_train/Kumataka_Mountain_Hawk_Eagle/AAS1_kumataka-DSCr0119-1239-689-49-77.JPG,3,Kumataka
tool_bird_class_train/Kumataka_Mountain_Hawk_Eagle/AAS1_kumataka-6U8A8164-2618-1599-412-330.JPG,3,Kumataka
tool_bird_class_train/Kumataka_Mountain_Hawk_Eagle/AAS1_kumataka-6U8A6149-2810-1769-202-150.JPG,3,Kumataka
tool_bird_class_train/Kumataka_Mountain_Hawk_Eagle/AAS1_kumataka-1Y9A0539-2283-1456-58-40.JPG,3,Kumataka
tool_bird_class_train/Kumataka_Mountain_Hawk_Eagle/AAS1_kumataka-IMGP0088-2383-1556-185-239.JPG,3,Kumataka
tool_bird_class_train/Kumataka_Mountain_Hawk_Eagle/ext_wikimedia_20260504/wm_1be77fc53120.jpg,3,Kumataka
tool_bird_class_train/Kumataka_Mountain_Hawk_Eagle/AAS1_kumataka-IMGr8523-2639-1690-151-205.JPG,3,Kumataka
tool_bird_class_train/Kumataka_Mountain_Hawk_Eagle/AAS1_kumataka-IMGr9414-2424-1728-93-111.JPG,3,Kumataka
tool_bird_class_train/Kumataka_Mountain_Hawk_Eagle/AAS1_kumataka-1Y9A0667-2543-1311-277-410.JPG,3,Kumataka
tool_bird_class_train/Kumataka_Mountain_Hawk_Eagle/AAS1_kumataka-IMGP4776-2879-2053-277-224.JPG,3,Kumataka
tool_bird_class_train/Kumataka_Mountain_Hawk_Eagle/AAS1_kumataka-IMGr8432-2505-1699-125-136.JPG,3,Kumataka
tool_bird_class_train/Kumataka_Mountain_Hawk_Eagle/AAS1_kumataka-6U8A6185-2804-1798-153-108.JPG,3,Kumataka
tool_bird_class_train/Kumataka_Mountain_Hawk_Eagle/AAS1_kumataka-1Y9A1771-2770-1383-555-332.JPG,3,Kumataka
tool_bird_class_train/Kumataka_Mountain_Hawk_Eagle/AAS1_kumataka-C0005r4r-1647-674-498-714.JPG,3,Kumataka
tool_bird_class_train/Kumataka_Mountain_Hawk_Eagle/AAS1_kumataka-IMGr8433-2753-1832-97-97.JPG,3,Kumataka
tool_bird_class_train/Kumataka_Mountain_Hawk_Eagle/AAS1_kumataka-6U8A3200-2670-1744-335-221.JPG,3,Kumataka
tool_bird_class_train/Kumataka_Mountain_Hawk_Eagle/AAS1_kumataka-1Y9A1209-2471-1236-209-334.JPG,3,Kumataka
tool_bird_class_train/Kumataka_Mountain_Hawk_Eagle/AAS1_kumataka-6U8A3210-2748-1644-343-236.JPG,3,Kumataka
tool_bird_class_train/Kumataka_Mountain_Hawk_Eagle/AAS1_kumataka-6U8A8048-2664-1761-335-281.JPG,3,Kumataka
tool_bird_class_train/Kumataka_Mountain_Hawk_Eagle/AAS1_kumataka-1Y9A1230-2653-1422-193-301.JPG,3,Kumataka
tool_bird_class_train/Kumataka_Mountain_Hawk_Eagle/AAS1_kumataka-rrrrr083A1741-683-379-188-200.JPG,3,Kumataka
tool_bird_class_train/Kumataka_Mountain_Hawk_Eagle/AAS1_kumataka-1Y9A0647-2538-1574-292-386.JPG,3,Kumataka
tool_bird_class_train/Kumataka_Mountain_Hawk_Eagle/AAS1_kumataka-6U8A3318-1376-2049-316-157.JPG,3,Kumataka
tool_bird_class_train/Kumataka_Mountain_Hawk_Eagle/AAS1_kumataka-IMGr8465-2561-1786-124-77.JPG,3,Kumataka
tool_bird_class_train/Kumataka_Mountain_Hawk_Eagle/AAS1_kumataka-IMGr8265-2589-1693-99-149.JPG,3,Kumataka
tool_bird_class_train/Kumataka_Mountain_Hawk_Eagle/frame_002730_bb00_t0091.09_conf1.000.jpg,3,Kumataka
tool_bird_class_train/Kumataka_Mountain_Hawk_Eagle/AAS1_kumataka-IMGr8532-2690-1627-79-73.JPG,3,Kumataka
tool_bird_class_train/Kumataka_Mountain_Hawk_Eagle/AAS1_kumataka-1Y9A9973-2725-1360-137-211.JPG,3,Kumataka
tool_bird_class_train/Kumataka_Mountain_Hawk_Eagle/frame_001780_bb00_t0059.39_conf0.981.jpg,3,Kumataka
tool_bird_class_train/Kumataka_Mountain_Hawk_Eagle/v5_train_v5_inat/196744690.jpg,3,Kumataka
tool_bird_class_train/Kumataka_Mountain_Hawk_Eagle/AAS1_kumataka-1Y9A0653-3479-1348-338-438.JPG,3,Kumataka
tool_bird_class_train/Kumataka_Mountain_Hawk_Eagle/AAS1_kumataka-C0001r7r-1141-7-1045-1616.JPG,3,Kumataka
tool_bird_class_train/Kumataka_Mountain_Hawk_Eagle/ext_inat_20260504/inat_174790900_f49cb702.jpg,3,Kumataka
tool_bird_class_train/Kumataka_Mountain_Hawk_Eagle/AAS1_kumataka-4H7A8289-2560-1641-314-445.JPG,3,Kumataka
tool_bird_class_train/Kumataka_Mountain_Hawk_Eagle/AAS1_kumataka-IMGr8505-2563-1694-217-144.JPG,3,Kumataka
tool_bird_class_train/Kumataka_Mountain_Hawk_Eagle/AAS1_kumataka-1Y9A1070-2378-1236-68-83.JPG,3,Kumataka
tool_bird_class_train/Kumataka_Mountain_Hawk_Eagle/AAS1_kumataka-C0004r8r-1373-725-422-703.JPG,3,Kumataka
tool_bird_class_train/Kumataka_Mountain_Hawk_Eagle/AAS1_kumataka-IMGP2618-2981-1898-136-158.JPG,3,Kumataka
tool_bird_class_train/Kumataka_Mountain_Hawk_Eagle/AAS1_kumataka-6U8A5324-2588-1709-356-334.JPG,3,Kumataka
tool_bird_class_train/Kumataka_Mountain_Hawk_Eagle/AAS1_kumataka-1Y9A1016-2713-1602-247-318.JPG,3,Kumataka
tool_bird_class_train/Kumataka_Mountain_Hawk_Eagle/AAS1_kumataka-6U8A6730-2820-1579-271-377.JPG,3,Kumataka
tool_bird_class_train/Kumataka_Mountain_Hawk_Eagle/AAS1_kumataka-6U8A3199-2641-1729-320-217.JPG,3,Kumataka
tool_bird_class_train/Ootaka_Northern_Goshawk/ext_wikimedia_20260504/wm_dfce833a5b5b.jpg,4,Ootaka
tool_bird_class_train/Ootaka_Northern_Goshawk/ext_wikimedia_20260504/wm_27fc450c1dc7.jpg,4,Ootaka
tool_bird_class_train/Ootaka_Northern_Goshawk/v5_ds_beta_bird/inat_105517323.jpg,4,Ootaka
tool_bird_class_train/Ootaka_Northern_Goshawk/ext_wikimedia_20260504/wm_8cee917c970f.jpg,4,Ootaka
tool_bird_class_train/Ootaka_Northern_Goshawk/ext_wikimedia_20260504/wm_7b59e3160ce1.jpg,4,Ootaka
tool_bird_class_train/Ootaka_Northern_Goshawk/ext_inat_20260504/inat_492576949_06e35703.jpg,4,Ootaka
tool_bird_class_train/Ootaka_Northern_Goshawk/v5_ds_beta_bird/Ootaka_Eurasian_Goshawk.jpg,4,Ootaka
tool_bird_class_train/Ootaka_Northern_Goshawk/ext_inat_20260504/inat_116998627_ebd9702d.jpg,4,Ootaka
tool_bird_class_train/Ootaka_Northern_Goshawk/ext_inat_20260504/inat_120636069_f0b289b2.jpg,4,Ootaka
tool_bird_class_train/Ootaka_Northern_Goshawk/ext_wikimedia_20260504/wm_ced90c2dba30.jpg,4,Ootaka
tool_bird_class_train/Ootaka_Northern_Goshawk/v5_ds_beta_bird/118.jpg,4,Ootaka
tool_bird_class_train/Ootaka_Northern_Goshawk/v5_ds_beta_bird/098.jpg,4,Ootaka
tool_bird_class_train/Ootaka_Northern_Goshawk/ext_inat_20260504/inat_28865446_cfda1da1.jpg,4,Ootaka
tool_bird_class_train/Ootaka_Northern_Goshawk/ext_wikimedia_20260504/wm_b57e42112785.jpg,4,Ootaka
tool_bird_class_train/Ootaka_Northern_Goshawk/ext_inat_20260504/inat_469151716_55757135.jpg,4,Ootaka
tool_bird_class_train/Ootaka_Northern_Goshawk/ext_inat_20260504/inat_415100116_8ecafdfa.jpg,4,Ootaka
tool_bird_class_train/Ootaka_Northern_Goshawk/ext_inat_20260504/inat_290295401_9e153af9.jpg,4,Ootaka
tool_bird_class_train/Ootaka_Northern_Goshawk/ext_inat_20260504/inat_66635248_5907e002.jpg,4,Ootaka
tool_bird_class_train/Ootaka_Northern_Goshawk/ext_inat_20260504/inat_60227630_e1ee758d.jpg,4,Ootaka
tool_bird_class_train/Ootaka_Northern_Goshawk/ext_inat_20260504/inat_345371564_2ec65bd1.jpg,4,Ootaka
tool_bird_class_train/Ootaka_Northern_Goshawk/ext_inat_20260504/inat_652768974_eb662b4a.jpg,4,Ootaka
tool_bird_class_train/Ootaka_Northern_Goshawk/ext_inat_20260504/inat_79158979_ef2eed80.jpg,4,Ootaka
tool_bird_class_train/Ootaka_Northern_Goshawk/v5_ds_beta_bird/059.jpg,4,Ootaka
tool_bird_class_train/Ootaka_Northern_Goshawk/ext_inat_20260504/inat_604434571_b3f975b2.jpg,4,Ootaka
tool_bird_class_train/Ootaka_Northern_Goshawk/ext_inat_20260504/inat_178462826_c39a3e77.jpg,4,Ootaka
tool_bird_class_train/Ootaka_Northern_Goshawk/v5_ds_beta_bird/095.jpg,4,Ootaka
tool_bird_class_train/Ootaka_Northern_Goshawk/ext_inat_20260504/inat_345978483_76d6e8d1.jpg,4,Ootaka
tool_bird_class_train/Ootaka_Northern_Goshawk/ext_inat_20260504/inat_400611769_c89e8cf8.jpg,4,Ootaka
tool_bird_class_train/Ootaka_Northern_Goshawk/ext_inat_20260504/inat_636890838_94e9672c.jpg,4,Ootaka
tool_bird_class_train/Ootaka_Northern_Goshawk/ext_inat_20260504/inat_420464512_a321f698.jpg,4,Ootaka
tool_bird_class_train/Ootaka_Northern_Goshawk/ext_inat_20260504/inat_547324135_c71f43cc.jpg,4,Ootaka
tool_bird_class_train/Ootaka_Northern_Goshawk/ext_inat_20260504/inat_443955184_568680cf.jpg,4,Ootaka
tool_bird_class_train/Ootaka_Northern_Goshawk/v5_ds_beta_bird/042.jpg,4,Ootaka
tool_bird_class_train/Ootaka_Northern_Goshawk/ext_wikimedia_20260504/wm_82555fd6e65f.jpg,4,Ootaka
tool_bird_class_train/Ootaka_Northern_Goshawk/ext_inat_20260504/inat_608351353_1894be9b.jpg,4,Ootaka
tool_bird_class_train/Ootaka_Northern_Goshawk/ext_inat_20260504/inat_419633146_91966afb.jpg,4,Ootaka
tool_bird_class_train/Ootaka_Northern_Goshawk/ext_wikimedia_20260504/wm_ca7e7264c179.jpg,4,Ootaka
tool_bird_class_train/Ootaka_Northern_Goshawk/ext_inat_20260504/inat_261568865_33cbe706.jpg,4,Ootaka
tool_bird_class_train/Ootaka_Northern_Goshawk/ext_wikimedia_20260504/wm_d13c2a1012d0.jpg,4,Ootaka
tool_bird_class_train/Ootaka_Northern_Goshawk/ext_inat_20260504/inat_461821869_003b5071.jpg,4,Ootaka
tool_bird_class_train/Ootaka_Northern_Goshawk/ext_inat_20260504/inat_599406309_d9b2de7f.jpg,4,Ootaka
tool_bird_class_train/Ootaka_Northern_Goshawk/ext_inat_20260504/inat_120176015_99603039.jpg,4,Ootaka
tool_bird_class_train/Ootaka_Northern_Goshawk/ext_inat_20260504/inat_61057219_bb697963.jpg,4,Ootaka
tool_bird_class_train/Ootaka_Northern_Goshawk/ext_inat_20260504/inat_292255057_4c903260.jpg,4,Ootaka
tool_bird_class_train/Ootaka_Northern_Goshawk/ext_inat_20260504/inat_364152395_d74836a5.jpg,4,Ootaka
tool_bird_class_train/Ootaka_Northern_Goshawk/ext_inat_20260504/inat_318439419_aafc408a.jpg,4,Ootaka
tool_bird_class_train/Ootaka_Northern_Goshawk/ext_inat_20260504/inat_235773246_445a79af.jpg,4,Ootaka
tool_bird_class_train/Ootaka_Northern_Goshawk/ext_inat_20260504/inat_435418841_955728bd.jpg,4,Ootaka
tool_bird_class_train/Ootaka_Northern_Goshawk/ext_wikimedia_20260504/wm_3edba6dc107a.jpg,4,Ootaka
tool_bird_class_train/Ootaka_Northern_Goshawk/ext_wikimedia_20260504/wm_4c7de9437c43.jpg,4,Ootaka
tool_bird_class_train/Ootaka_Northern_Goshawk/ext_inat_20260504/inat_348240022_b310beb0.jpg,4,Ootaka
tool_bird_class_train/Ootaka_Northern_Goshawk/ext_inat_20260504/inat_631916800_8b87df97.jpg,4,Ootaka
tool_bird_class_train/Ootaka_Northern_Goshawk/ext_inat_20260504/inat_2766517_ab85414f.jpg,4,Ootaka
tool_bird_class_train/Ootaka_Northern_Goshawk/ext_inat_20260504/inat_547888868_210888ee.jpg,4,Ootaka
tool_bird_class_train/Ootaka_Northern_Goshawk/ext_inat_20260504/inat_612542026_a46b8ed3.jpg,4,Ootaka
tool_bird_class_train/Ootaka_Northern_Goshawk/ext_inat_20260504/inat_445097301_fb758693.jpg,4,Ootaka
tool_bird_class_train/Ootaka_Northern_Goshawk/ext_inat_20260504/inat_29352389_9ad8ffb5.jpg,4,Ootaka
tool_bird_class_train/Ootaka_Northern_Goshawk/v5_ds_beta_bird/108.jpg,4,Ootaka
tool_bird_class_train/Ootaka_Northern_Goshawk/ext_inat_20260504/inat_58636256_1af2f85e.jpg,4,Ootaka
tool_bird_class_train/Ootaka_Northern_Goshawk/ext_wikimedia_20260504/wm_2eaef489365a.jpg,4,Ootaka
tool_bird_class_train/Ootaka_Northern_Goshawk/ext_inat_20260504/inat_176772896_af59e738.jpg,4,Ootaka
tool_bird_class_train/Ootaka_Northern_Goshawk/v5_ds_beta_bird/065.jpg,4,Ootaka
tool_bird_class_train/Ootaka_Northern_Goshawk/ext_inat_20260504/inat_595757178_223a077c.jpg,4,Ootaka
tool_bird_class_train/Ootaka_Northern_Goshawk/v5_ds_beta_bird/ebird_551681591.jpg,4,Ootaka
tool_bird_class_train/Ootaka_Northern_Goshawk/v5_ds_beta_bird/083.jpg,4,Ootaka
tool_bird_class_train/Ootaka_Northern_Goshawk/ext_wikimedia_20260504/wm_7e0a590ecae9.jpg,4,Ootaka
tool_bird_class_train/Ootaka_Northern_Goshawk/ext_inat_20260504/inat_443602604_2ce30d8a.jpg,4,Ootaka
tool_bird_class_train/Ootaka_Northern_Goshawk/ext_inat_20260504/inat_172470303_3672dabd.jpg,4,Ootaka
tool_bird_class_train/Ootaka_Northern_Goshawk/ext_inat_20260504/inat_579672414_702dad2e.jpg,4,Ootaka
tool_bird_class_train/Ootaka_Northern_Goshawk/ext_inat_20260504/inat_2655518_ae6a318a.jpg,4,Ootaka
tool_bird_class_train/Ootaka_Northern_Goshawk/ext_inat_20260504/inat_56695963_3c6c1582.jpg,4,Ootaka
tool_bird_class_train/Ootaka_Northern_Goshawk/v5_ds_beta_bird/inat_299094460.jpg,4,Ootaka
tool_bird_class_train/Ootaka_Northern_Goshawk/v5_ds_beta_bird/036.jpg,4,Ootaka
tool_bird_class_train/Ootaka_Northern_Goshawk/ext_wikimedia_20260504/wm_efe87430c0fb.jpg,4,Ootaka
tool_bird_class_train/Ootaka_Northern_Goshawk/v4_gt/350508391.jpg,4,Ootaka
tool_bird_class_train/Ootaka_Northern_Goshawk/ext_wikimedia_20260504/wm_05f331cfd025.jpg,4,Ootaka
tool_bird_class_train/Ootaka_Northern_Goshawk/ext_inat_20260504/inat_95850328_10a97434.jpg,4,Ootaka
tool_bird_class_train/Ootaka_Northern_Goshawk/ext_inat_20260504/inat_161334402_d56c7b73.jpg,4,Ootaka
tool_bird_class_train/Ootaka_Northern_Goshawk/ext_inat_20260504/inat_174570513_b901c32c.jpg,4,Ootaka
tool_bird_class_train/Ootaka_Northern_Goshawk/ext_inat_20260504/inat_349848901_d09d7df3.jpg,4,Ootaka
tool_bird_class_train/Ootaka_Northern_Goshawk/ext_inat_20260504/inat_603102311_6805018d.jpg,4,Ootaka
tool_bird_class_train/Ootaka_Northern_Goshawk/ext_inat_20260504/inat_226434411_a6dc5d53.jpg,4,Ootaka
tool_bird_class_train/Ootaka_Northern_Goshawk/ext_wikimedia_20260504/wm_c4a63cc4261e.png,4,Ootaka
tool_bird_class_train/Ootaka_Northern_Goshawk/ext_inat_20260504/inat_31382963_ca04c9bb.jpg,4,Ootaka
tool_bird_class_train/Ootaka_Northern_Goshawk/v5_ds_beta_bird/074.jpg,4,Ootaka
tool_bird_class_train/Ootaka_Northern_Goshawk/ext_inat_20260504/inat_536033310_cf10d77c.jpg,4,Ootaka
tool_bird_class_train/Ootaka_Northern_Goshawk/ext_inat_20260504/inat_609926387_648375db.jpg,4,Ootaka
tool_bird_class_train/Ootaka_Northern_Goshawk/ext_inat_20260504/inat_27715991_03f00470.jpg,4,Ootaka
tool_bird_class_train/Ootaka_Northern_Goshawk/ext_inat_20260504/inat_63088575_188e3f64.jpg,4,Ootaka
tool_bird_class_train/Ootaka_Northern_Goshawk/ext_inat_20260504/inat_2668086_57b9588a.jpg,4,Ootaka
tool_bird_class_train/Ootaka_Northern_Goshawk/v5_ds_beta_bird/086.jpg,4,Ootaka
tool_bird_class_train/Ootaka_Northern_Goshawk/ext_inat_20260504/inat_172326041_33757e31.jpg,4,Ootaka
tool_bird_class_train/Ootaka_Northern_Goshawk/ext_inat_20260504/inat_612786187_d1a4122e.jpg,4,Ootaka
tool_bird_class_train/Ootaka_Northern_Goshawk/v5_ds_beta_bird/035.jpg,4,Ootaka
tool_bird_class_train/Ootaka_Northern_Goshawk/v5_ds_beta_bird/138.jpg,4,Ootaka
tool_bird_class_train/Ootaka_Northern_Goshawk/ext_inat_20260504/inat_630042092_9e6af216.jpg,4,Ootaka
tool_bird_class_train/Ootaka_Northern_Goshawk/ext_inat_20260504/inat_149710964_00d48d7f.jpg,4,Ootaka
tool_bird_class_train/Ootaka_Northern_Goshawk/ext_inat_20260504/inat_541951520_f5bc19bd.jpg,4,Ootaka
tool_bird_class_train/Ootaka_Northern_Goshawk/ext_wikimedia_20260504/wm_331dd38fcbc1.jpg,4,Ootaka
tool_bird_class_train/Ootaka_Northern_Goshawk/ext_wikimedia_20260504/wm_ebeba28191aa.jpg,4,Ootaka
tool_bird_class_train/Ootaka_Northern_Goshawk/ext_wikimedia_20260504/wm_14fd47b092cf.jpg,4,Ootaka
tool_bird_class_train/Ootaka_Northern_Goshawk/ext_inat_20260504/inat_445085110_3939f267.jpg,4,Ootaka
tool_bird_class_train/Ootaka_Northern_Goshawk/ext_inat_20260504/inat_213831611_776113d4.jpg,4,Ootaka
tool_bird_class_train/Ootaka_Northern_Goshawk/ext_wikimedia_20260504/wm_9d7a5c3f1e34.png,4,Ootaka
tool_bird_class_train/Ootaka_Northern_Goshawk/ext_wikimedia_20260504/wm_d3ebc397874b.jpg,4,Ootaka
tool_bird_class_train/Ootaka_Northern_Goshawk/ext_inat_20260504/inat_111403147_0cc13f24.jpg,4,Ootaka
tool_bird_class_train/Ootaka_Northern_Goshawk/ext_inat_20260504/inat_253130327_0f0661e1.jpg,4,Ootaka
tool_bird_class_train/Ootaka_Northern_Goshawk/ext_inat_20260504/inat_155717418_63631081.jpg,4,Ootaka
tool_bird_class_train/Ootaka_Northern_Goshawk/inat_3113/2548e08a-4b2d-4e8f-b705-8f60c7314de1.jpg,4,Ootaka
tool_bird_class_train/Ootaka_Northern_Goshawk/v5_ds_beta_bird/157.jpg,4,Ootaka
tool_bird_class_train/Ootaka_Northern_Goshawk/v5_ds_beta_bird/136.jpg,4,Ootaka
tool_bird_class_train/Ootaka_Northern_Goshawk/ext_wikimedia_20260504/wm_a498d8f26a84.jpg,4,Ootaka
tool_bird_class_train/Ootaka_Northern_Goshawk/ext_inat_20260504/inat_12513185_75a73300.jpg,4,Ootaka
tool_bird_class_train/Ootaka_Northern_Goshawk/ext_inat_20260504/inat_343884311_96354eab.jpg,4,Ootaka
tool_bird_class_train/Ootaka_Northern_Goshawk/ext_wikimedia_20260504/wm_b6421194c319.jpg,4,Ootaka
tool_bird_class_train/Ootaka_Northern_Goshawk/ext_inat_20260504/inat_150880037_571fb3dc.jpg,4,Ootaka
tool_bird_class_train/Ootaka_Northern_Goshawk/v5_ds_beta_bird/008.jpg,4,Ootaka
tool_bird_class_train/Ootaka_Northern_Goshawk/ext_inat_20260504/inat_353830574_2b5fef94.jpg,4,Ootaka
tool_bird_class_train/Ootaka_Northern_Goshawk/ext_inat_20260504/inat_564532252_f67da77c.jpg,4,Ootaka
tool_bird_class_train/Ootaka_Northern_Goshawk/v5_ds_beta_bird/092.jpg,4,Ootaka
tool_bird_class_train/Ootaka_Northern_Goshawk/ext_inat_20260504/inat_179363000_a687d8b2.jpg,4,Ootaka
tool_bird_class_train/Ootaka_Northern_Goshawk/ext_inat_20260504/inat_613230311_6a05d059.jpg,4,Ootaka
tool_bird_class_train/Ootaka_Northern_Goshawk/ext_inat_20260504/inat_2714867_915d3fa3.jpg,4,Ootaka
tool_bird_class_train/Ootaka_Northern_Goshawk/ext_wikimedia_20260504/wm_7b33fa776d06.jpg,4,Ootaka
tool_bird_class_train/Ootaka_Northern_Goshawk/ext_wikimedia_20260504/wm_5af2c1788b0c.jpg,4,Ootaka
tool_bird_class_train/Ootaka_Northern_Goshawk/ext_inat_20260504/inat_254866166_27bd8f86.jpg,4,Ootaka
tool_bird_class_train/Ootaka_Northern_Goshawk/ext_wikimedia_20260504/wm_3aaa15733101.png,4,Ootaka
tool_bird_class_train/Ootaka_Northern_Goshawk/ext_inat_20260504/inat_221267182_062c57fc.jpg,4,Ootaka
tool_bird_class_train/Ootaka_Northern_Goshawk/ext_inat_20260504/inat_447587678_da5b8f0a.jpg,4,Ootaka
tool_bird_class_train/Ootaka_Northern_Goshawk/v5_ds_beta_bird/ebird_615579355.jpg,4,Ootaka
tool_bird_class_train/Ootaka_Northern_Goshawk/ext_wikimedia_20260504/wm_17fe540160d8.jpg,4,Ootaka
tool_bird_class_train/Ootaka_Northern_Goshawk/ext_inat_20260504/inat_461844483_702ffa19.jpg,4,Ootaka
tool_bird_class_train/Ootaka_Northern_Goshawk/ext_inat_20260504/inat_2714629_915f398e.jpg,4,Ootaka
tool_bird_class_train/Ootaka_Northern_Goshawk/ext_wikimedia_20260504/wm_399125e62593.jpg,4,Ootaka
tool_bird_class_train/Ootaka_Northern_Goshawk/ext_inat_20260504/inat_358130574_63eeb4f2.jpg,4,Ootaka
tool_bird_class_train/Ootaka_Northern_Goshawk/v5_ds_beta_bird/094.jpg,4,Ootaka
tool_bird_class_train/Ootaka_Northern_Goshawk/ext_inat_20260504/inat_325746495_d52f27ac.jpg,4,Ootaka
tool_bird_class_train/Ootaka_Northern_Goshawk/ext_wikimedia_20260504/wm_5d32b17919d5.jpg,4,Ootaka
tool_bird_class_train/Ootaka_Northern_Goshawk/ext_wikimedia_20260504/wm_b05e55f2166a.jpg,4,Ootaka
tool_bird_class_train/Ootaka_Northern_Goshawk/v5_ds_beta_bird/133.jpg,4,Ootaka
tool_bird_class_train/Ootaka_Northern_Goshawk/ext_inat_20260504/inat_402947106_513576f7.jpg,4,Ootaka
tool_bird_class_train/Ootaka_Northern_Goshawk/v5_ds_beta_bird/ebird_612773717.jpg,4,Ootaka
tool_bird_class_train/Ootaka_Northern_Goshawk/ext_inat_20260504/inat_377318938_e573b582.jpg,4,Ootaka
tool_bird_class_train/Ootaka_Northern_Goshawk/ext_inat_20260504/inat_347303290_2e956b9c.jpg,4,Ootaka
tool_bird_class_train/Ootaka_Northern_Goshawk/ext_inat_20260504/inat_616024201_0786e417.jpg,4,Ootaka
tool_bird_class_train/Ootaka_Northern_Goshawk/ext_wikimedia_20260504/wm_7cba4b83bf52.jpg,4,Ootaka
tool_bird_class_train/Ootaka_Northern_Goshawk/ext_wikimedia_20260504/wm_5d51ff75c3c8.jpg,4,Ootaka
tool_bird_class_train/Ootaka_Northern_Goshawk/ext_wikimedia_20260504/wm_470e37198d70.jpg,4,Ootaka
tool_bird_class_train/Ootaka_Northern_Goshawk/ext_inat_20260504/inat_337393539_d54d6489.jpg,4,Ootaka
tool_bird_class_train/Ootaka_Northern_Goshawk/ext_inat_20260504/inat_613229282_79b836c0.jpg,4,Ootaka
tool_bird_class_train/Ootaka_Northern_Goshawk/ext_inat_20260504/inat_619437137_448bd294.jpg,4,Ootaka
tool_bird_class_train/Ootaka_Northern_Goshawk/ext_inat_20260504/inat_226334621_180674b9.jpg,4,Ootaka
tool_bird_class_train/Ootaka_Northern_Goshawk/ext_inat_20260504/inat_480154794_eac181b3.jpg,4,Ootaka
tool_bird_class_train/Ootaka_Northern_Goshawk/ext_inat_20260504/inat_453763415_4421c3bf.jpg,4,Ootaka
tool_bird_class_train/Ootaka_Northern_Goshawk/ext_inat_20260504/inat_596134881_9bf4ad6f.jpg,4,Ootaka
tool_bird_class_train/Ootaka_Northern_Goshawk/ext_wikimedia_20260504/wm_5ca91447ec92.jpg,4,Ootaka
tool_bird_class_train/Ootaka_Northern_Goshawk/ext_inat_20260504/inat_364738122_cdf69cf8.jpg,4,Ootaka
tool_bird_class_train/Ootaka_Northern_Goshawk/ext_inat_20260504/inat_470767921_f7a2aeb0.jpg,4,Ootaka
tool_bird_class_train/Ootaka_Northern_Goshawk/ext_inat_20260504/inat_607703521_329e459b.jpg,4,Ootaka
tool_bird_class_train/Ootaka_Northern_Goshawk/ext_inat_20260504/inat_254194653_5a849040.jpg,4,Ootaka
tool_bird_class_train/Ootaka_Northern_Goshawk/ext_inat_20260504/inat_553129706_0b76259b.jpg,4,Ootaka
tool_bird_class_train/Ootaka_Northern_Goshawk/ext_inat_20260504/inat_106995280_104c86c0.jpg,4,Ootaka
tool_bird_class_train/Ootaka_Northern_Goshawk/v5_ds_beta_bird/021.jpg,4,Ootaka
tool_bird_class_train/Ootaka_Northern_Goshawk/v5_ds_beta_bird/inat_303927667.jpg,4,Ootaka
tool_bird_class_train/Ootaka_Northern_Goshawk/ext_inat_20260504/inat_463538255_11470d8f.jpg,4,Ootaka
tool_bird_class_train/Ootaka_Northern_Goshawk/ext_inat_20260504/inat_183767011_37f2c909.jpg,4,Ootaka
tool_bird_class_train/Ootaka_Northern_Goshawk/ext_wikimedia_20260504/wm_4a0b3770bbe2.jpg,4,Ootaka
tool_bird_class_train/Ootaka_Northern_Goshawk/v5_ds_beta_bird/033.jpg,4,Ootaka
tool_bird_class_train/Ootaka_Northern_Goshawk/ext_inat_20260504/inat_119672455_90721db8.jpg,4,Ootaka
tool_bird_class_train/Ootaka_Northern_Goshawk/v5_ds_beta_bird/093.jpg,4,Ootaka
tool_bird_class_train/Ootaka_Northern_Goshawk/ext_inat_20260504/inat_256346333_ef1c2967.jpg,4,Ootaka
tool_bird_class_train/Ootaka_Northern_Goshawk/ext_inat_20260504/inat_313414099_d025a283.jpg,4,Ootaka
tool_bird_class_train/Ootaka_Northern_Goshawk/ext_inat_20260504/inat_244371136_e600255d.jpg,4,Ootaka
tool_bird_class_train/Ootaka_Northern_Goshawk/inat_3113/bae7f784-e0b9-4ef2-9dee-d9fbb8537d71.jpg,4,Ootaka
tool_bird_class_train/Ootaka_Northern_Goshawk/ext_inat_20260504/inat_176049826_4f95a77f.jpg,4,Ootaka
tool_bird_class_train/Ootaka_Northern_Goshawk/ext_inat_20260504/inat_501368695_4929718a.jpg,4,Ootaka
tool_bird_class_train/Ootaka_Northern_Goshawk/v5_ds_beta_bird/ebird_219926321.jpg,4,Ootaka
tool_bird_class_train/Ootaka_Northern_Goshawk/ext_inat_20260504/inat_478978677_2577823d.jpg,4,Ootaka
tool_bird_class_train/Ootaka_Northern_Goshawk/ext_inat_20260504/inat_190929644_0379f6ad.jpg,4,Ootaka
tool_bird_class_train/Ootaka_Northern_Goshawk/ext_inat_20260504/inat_618449027_ea527793.jpg,4,Ootaka
tool_bird_class_train/Ootaka_Northern_Goshawk/ext_inat_20260504/inat_607441538_904cb4b3.jpg,4,Ootaka
tool_bird_class_train/Ootaka_Northern_Goshawk/v5_ds_beta_bird/148.jpg,4,Ootaka
tool_bird_class_train/Ootaka_Northern_Goshawk/ext_inat_20260504/inat_591565700_29fdb344.jpg,4,Ootaka
tool_bird_class_train/Ootaka_Northern_Goshawk/ext_inat_20260504/inat_253229357_343a2476.jpg,4,Ootaka
tool_bird_class_train/Ootaka_Northern_Goshawk/ext_inat_20260504/inat_133426581_a01f6393.jpg,4,Ootaka
tool_bird_class_train/Ootaka_Northern_Goshawk/ext_inat_20260504/inat_358506333_873c4122.jpg,4,Ootaka
tool_bird_class_train/Ootaka_Northern_Goshawk/ext_inat_20260504/inat_473488691_cc0c151e.jpg,4,Ootaka
tool_bird_class_train/Ootaka_Northern_Goshawk/ext_inat_20260504/inat_476340403_13f4c6fa.jpg,4,Ootaka
tool_bird_class_train/Ootaka_Northern_Goshawk/ext_inat_20260504/inat_593313695_5570c801.jpg,4,Ootaka
tool_bird_class_train/Ootaka_Northern_Goshawk/ext_inat_20260504/inat_452515532_42958a73.jpg,4,Ootaka
tool_bird_class_train/Ootaka_Northern_Goshawk/ext_inat_20260504/inat_332861279_6f5c0ff4.jpg,4,Ootaka
tool_bird_class_train/Ootaka_Northern_Goshawk/ext_inat_20260504/inat_615763333_e3a4754b.jpg,4,Ootaka
tool_bird_class_train/Ootaka_Northern_Goshawk/ext_wikimedia_20260504/wm_81fba9c41c9d.jpg,4,Ootaka
tool_bird_class_train/Ootaka_Northern_Goshawk/ext_wikimedia_20260504/wm_2bee5c82337e.jpg,4,Ootaka
tool_bird_class_train/Ootaka_Northern_Goshawk/ext_inat_20260504/inat_630520396_b388b6c8.jpg,4,Ootaka
tool_bird_class_train/Ootaka_Northern_Goshawk/ext_inat_20260504/inat_342396421_0ffe2ab7.jpg,4,Ootaka
tool_bird_class_train/Ootaka_Northern_Goshawk/ext_inat_20260504/inat_443940529_b823c0a3.jpg,4,Ootaka
tool_bird_class_train/Ootaka_Northern_Goshawk/v5_train_v5_inat/345695925.jpg,4,Ootaka
tool_bird_class_train/Ootaka_Northern_Goshawk/v5_train_v5_inat/345538439.jpg,4,Ootaka
tool_bird_class_train/Ootaka_Northern_Goshawk/ext_inat_20260504/inat_467813998_8529844d.jpg,4,Ootaka
tool_bird_class_train/Ootaka_Northern_Goshawk/ext_inat_20260504/inat_125295715_967aeb4f.jpg,4,Ootaka
tool_bird_class_train/Ootaka_Northern_Goshawk/ext_inat_20260504/inat_252089824_7bd32405.jpg,4,Ootaka
tool_bird_class_train/Ootaka_Northern_Goshawk/ext_inat_20260504/inat_463772815_da6a6b58.jpg,4,Ootaka
tool_bird_class_train/Ootaka_Northern_Goshawk/ext_inat_20260504/inat_582120062_d46fa10a.jpg,4,Ootaka
tool_bird_class_train/Ootaka_Northern_Goshawk/ext_inat_20260504/inat_605330794_0601d3fa.jpg,4,Ootaka
tool_bird_class_train/Ootaka_Northern_Goshawk/v5_ds_beta_bird/ebird_209779601.jpg,4,Ootaka
tool_bird_class_train/Ootaka_Northern_Goshawk/ext_wikimedia_20260504/wm_6c8c080a03a6.jpg,4,Ootaka
tool_bird_class_train/Ootaka_Northern_Goshawk/ext_inat_20260504/inat_10813885_5a4aa99f.jpg,4,Ootaka
tool_bird_class_train/Ootaka_Northern_Goshawk/ext_inat_20260504/inat_474980331_e130aba8.jpg,4,Ootaka
tool_bird_class_train/Ootaka_Northern_Goshawk/ext_inat_20260504/inat_5567183_53928abb.jpg,4,Ootaka
tool_bird_class_train/Ootaka_Northern_Goshawk/v5_ds_beta_bird/080.jpg,4,Ootaka
tool_bird_class_train/Ootaka_Northern_Goshawk/v5_ds_beta_bird/110.jpg,4,Ootaka
tool_bird_class_train/Ootaka_Northern_Goshawk/ext_wikimedia_20260504/wm_c6755aa5b06d.jpg,4,Ootaka
tool_bird_class_train/Ootaka_Northern_Goshawk/v5_ds_beta_bird/ebird_451035691.jpg,4,Ootaka
tool_bird_class_train/Ootaka_Northern_Goshawk/v5_ds_beta_bird/127.jpg,4,Ootaka
tool_bird_class_train/Ootaka_Northern_Goshawk/inat_3113/7f9a5895-4565-48b2-a9e2-cd07e4dcff49.jpg,4,Ootaka
tool_bird_class_train/Ootaka_Northern_Goshawk/inat_3113/c977623f-b332-4dd7-9362-ef4b85152079.jpg,4,Ootaka
tool_bird_class_train/Ootaka_Northern_Goshawk/ext_inat_20260504/inat_95020344_fde2ac44.jpg,4,Ootaka
tool_bird_class_train/Ootaka_Northern_Goshawk/v5_ds_beta_bird/030.jpg,4,Ootaka
tool_bird_class_train/Ootaka_Northern_Goshawk/inat_3113/6d91f17d-3ca8-42fc-b77b-8c6f99439b49.jpg,4,Ootaka
tool_bird_class_train/Ootaka_Northern_Goshawk/v5_train_v5_inat/351671221.jpg,4,Ootaka
tool_bird_class_train/Ootaka_Northern_Goshawk/ext_inat_20260504/inat_564038687_89861827.jpg,4,Ootaka
tool_bird_class_train/Ootaka_Northern_Goshawk/ext_wikimedia_20260504/wm_8a016580e751.jpg,4,Ootaka
tool_bird_class_train/Ootaka_Northern_Goshawk/ext_inat_20260504/inat_521830055_e9863e26.jpg,4,Ootaka
tool_bird_class_train/Ootaka_Northern_Goshawk/ext_inat_20260504/inat_468257876_1b499340.jpg,4,Ootaka
tool_bird_class_train/Ootaka_Northern_Goshawk/ext_inat_20260504/inat_618336393_2641b42c.jpg,4,Ootaka
tool_bird_class_train/Ootaka_Northern_Goshawk/ext_inat_20260504/inat_351942801_bad4ac55.jpg,4,Ootaka
tool_bird_class_train/Ootaka_Northern_Goshawk/v5_ds_beta_bird/018.jpg,4,Ootaka
tool_bird_class_train/Ootaka_Northern_Goshawk/ext_inat_20260504/inat_479829841_7f08c386.jpg,4,Ootaka
tool_bird_class_train/Ootaka_Northern_Goshawk/ext_inat_20260504/inat_247057515_b7660979.jpg,4,Ootaka
tool_bird_class_train/Ootaka_Northern_Goshawk/ext_inat_20260504/inat_186202243_21e96c0d.jpg,4,Ootaka
tool_bird_class_train/Ootaka_Northern_Goshawk/ext_inat_20260504/inat_595849817_97098d57.jpg,4,Ootaka
tool_bird_class_train/Ootaka_Northern_Goshawk/ext_inat_20260504/inat_245421729_7afa91ad.jpg,4,Ootaka
tool_bird_class_train/Ootaka_Northern_Goshawk/ext_inat_20260504/inat_180080817_0a66489e.jpg,4,Ootaka
tool_bird_class_train/Ootaka_Northern_Goshawk/ext_inat_20260504/inat_356476537_0e9e1a40.jpg,4,Ootaka
tool_bird_class_train/Ootaka_Northern_Goshawk/ext_inat_20260504/inat_415904895_09a4a96d.jpg,4,Ootaka
tool_bird_class_train/Ootaka_Northern_Goshawk/ext_inat_20260504/inat_263026821_5f394631.jpg,4,Ootaka
tool_bird_class_train/Ootaka_Northern_Goshawk/ext_inat_20260504/inat_106995282_0d55dc6f.jpg,4,Ootaka
tool_bird_class_train/Ootaka_Northern_Goshawk/v5_ds_beta_bird/ebird_588720091.jpg,4,Ootaka
tool_bird_class_train/Ootaka_Northern_Goshawk/ext_wikimedia_20260504/wm_2d83960dfb9a.jpg,4,Ootaka
tool_bird_class_train/Ootaka_Northern_Goshawk/ext_inat_20260504/inat_110907426_30c50a85.jpg,4,Ootaka
tool_bird_class_train/Ootaka_Northern_Goshawk/ext_inat_20260504/inat_353412309_f9734c9d.jpg,4,Ootaka
tool_bird_class_train/Ootaka_Northern_Goshawk/ext_inat_20260504/inat_112895417_71b4bedc.jpg,4,Ootaka
tool_bird_class_train/Ootaka_Northern_Goshawk/ext_inat_20260504/inat_292897742_2597552d.jpg,4,Ootaka
tool_bird_class_train/Ootaka_Northern_Goshawk/ext_inat_20260504/inat_546968548_570840fd.jpg,4,Ootaka
tool_bird_class_train/Ootaka_Northern_Goshawk/ext_wikimedia_20260504/wm_3dd14aacad15.jpg,4,Ootaka
tool_bird_class_train/Ootaka_Northern_Goshawk/v5_ds_beta_bird/023.jpg,4,Ootaka
tool_bird_class_train/Ootaka_Northern_Goshawk/ext_inat_20260504/inat_119836095_eb1002d1.jpg,4,Ootaka
tool_bird_class_train/Ootaka_Northern_Goshawk/ext_inat_20260504/inat_552184329_a6f19c6b.jpg,4,Ootaka
tool_bird_class_train/Ootaka_Northern_Goshawk/ext_wikimedia_20260504/wm_318f2829e4d4.jpg,4,Ootaka
tool_bird_class_train/Ootaka_Northern_Goshawk/v5_ds_beta_bird/125.jpg,4,Ootaka
tool_bird_class_train/Ootaka_Northern_Goshawk/ext_inat_20260504/inat_240022997_fcd8bfb3.jpg,4,Ootaka
tool_bird_class_train/Ootaka_Northern_Goshawk/ext_inat_20260504/inat_596100154_9d853cd2.jpg,4,Ootaka
tool_bird_class_train/Ootaka_Northern_Goshawk/ext_inat_20260504/inat_414632461_4429a348.jpg,4,Ootaka
tool_bird_class_train/Ootaka_Northern_Goshawk/ext_inat_20260504/inat_527053159_bdf86881.jpg,4,Ootaka
tool_bird_class_train/Ootaka_Northern_Goshawk/ext_inat_20260504/inat_254807514_3493b909.jpg,4,Ootaka
tool_bird_class_train/Ootaka_Northern_Goshawk/ext_inat_20260504/inat_105268505_cc4c89ae.jpg,4,Ootaka
tool_bird_class_train/Ootaka_Northern_Goshawk/v5_train_v5_inat/342213240.jpg,4,Ootaka
tool_bird_class_train/Ootaka_Northern_Goshawk/ext_inat_20260504/inat_55904129_3cdab882.jpg,4,Ootaka
tool_bird_class_train/Ootaka_Northern_Goshawk/inat_3113/5d73c80e-8a15-4a2e-b0d1-b90cd469308d.jpg,4,Ootaka
tool_bird_class_train/Ootaka_Northern_Goshawk/ext_inat_20260504/inat_21397707_69b0b4ff.jpg,4,Ootaka
tool_bird_class_train/Ootaka_Northern_Goshawk/ext_wikimedia_20260504/wm_f4aa42b11e85.jpg,4,Ootaka
tool_bird_class_train/Ootaka_Northern_Goshawk/ext_inat_20260504/inat_435418693_187595b5.jpg,4,Ootaka
tool_bird_class_train/Ootaka_Northern_Goshawk/v5_ds_beta_bird/ebird_645597173.jpg,4,Ootaka
inaturalist/additional_ebird/Ootaka_Eurasian_Goshawk/ebird_527708611.jpg,4,Ootaka
tool_bird_class_train/Ootaka_Northern_Goshawk/ext_wikimedia_20260504/wm_21a7a4ac19ed.jpg,4,Ootaka
tool_bird_class_train/Ootaka_Northern_Goshawk/ext_wikimedia_20260504/wm_26a60f2193cd.jpg,4,Ootaka
tool_bird_class_train/Ootaka_Northern_Goshawk/ext_inat_20260504/inat_608315683_f3644647.jpg,4,Ootaka
tool_bird_class_train/Ootaka_Northern_Goshawk/ext_inat_20260504/inat_249921144_6eb5158b.jpg,4,Ootaka
tool_bird_class_train/Ootaka_Northern_Goshawk/ext_inat_20260504/inat_479582816_0e8c0c2d.jpg,4,Ootaka
tool_bird_class_train/Ootaka_Northern_Goshawk/ext_inat_20260504/inat_324119125_1160a8f3.jpg,4,Ootaka
tool_bird_class_train/Ootaka_Northern_Goshawk/v4_gt/348279034.jpg,4,Ootaka
tool_bird_class_train/Ootaka_Northern_Goshawk/ext_inat_20260504/inat_436392406_573ecc08.jpg,4,Ootaka
tool_bird_class_train/Ootaka_Northern_Goshawk/ext_wikimedia_20260504/wm_e6e6894761e2.png,4,Ootaka
tool_bird_class_train/Ootaka_Northern_Goshawk/v5_ds_beta_bird/160.jpg,4,Ootaka
tool_bird_class_train/Ootaka_Northern_Goshawk/v5_ds_beta_bird/003.jpg,4,Ootaka
tool_bird_class_train/Ootaka_Northern_Goshawk/ext_inat_20260504/inat_256939458_ce12212e.jpg,4,Ootaka
tool_bird_class_train/Ootaka_Northern_Goshawk/v5_ds_beta_bird/ebird_647940029.jpg,4,Ootaka
tool_bird_class_train/Ootaka_Northern_Goshawk/ext_inat_20260504/inat_471797170_f036cd8a.jpg,4,Ootaka
tool_bird_class_train/Ootaka_Northern_Goshawk/ext_inat_20260504/inat_172869951_91ef0136.jpg,4,Ootaka
tool_bird_class_train/Ootaka_Northern_Goshawk/inat_3113/ffcfc645-3285-4f43-859f-792c6026877d.jpg,4,Ootaka
tool_bird_class_train/Ootaka_Northern_Goshawk/v5_ds_beta_bird/025.jpg,4,Ootaka
tool_bird_class_train/Ootaka_Northern_Goshawk/ext_inat_20260504/inat_578763235_43361feb.jpg,4,Ootaka
tool_bird_class_train/Ootaka_Northern_Goshawk/ext_inat_20260504/inat_473130130_289cba1b.jpg,4,Ootaka
tool_bird_class_train/Ootaka_Northern_Goshawk/ext_inat_20260504/inat_81356688_9f056234.jpg,4,Ootaka
tool_bird_class_train/Ootaka_Northern_Goshawk/ext_wikimedia_20260504/wm_ccb8b0e30a86.jpg,4,Ootaka
tool_bird_class_train/Ootaka_Northern_Goshawk/v5_ds_beta_bird/072.jpg,4,Ootaka
tool_bird_class_train/Ootaka_Northern_Goshawk/ext_wikimedia_20260504/wm_b516fb042b58.jpg,4,Ootaka
tool_bird_class_train/Ootaka_Northern_Goshawk/ext_inat_20260504/inat_199461981_9bec654d.jpg,4,Ootaka
tool_bird_class_train/Ootaka_Northern_Goshawk/ext_wikimedia_20260504/wm_3906d7d8b161.jpg,4,Ootaka
tool_bird_class_train/Ootaka_Northern_Goshawk/ext_wikimedia_20260504/wm_4d8fca0c6e64.jpg,4,Ootaka
tool_bird_class_train/Ootaka_Northern_Goshawk/ext_inat_20260504/inat_225552955_5fed49ea.jpg,4,Ootaka
tool_bird_class_train/Ootaka_Northern_Goshawk/ext_inat_20260504/inat_466754697_c65dd4ab.jpg,4,Ootaka
tool_bird_class_train/Ootaka_Northern_Goshawk/ext_inat_20260504/inat_470746636_822e1283.jpg,4,Ootaka
tool_bird_class_train/Ootaka_Northern_Goshawk/ext_inat_20260504/inat_469061849_d6b3ea68.jpg,4,Ootaka
tool_bird_class_train/Ootaka_Northern_Goshawk/ext_inat_20260504/inat_137587194_a838b3ec.jpg,4,Ootaka
tool_bird_class_train/Ootaka_Northern_Goshawk/ext_inat_20260504/inat_488257830_3862dd3e.jpg,4,Ootaka
tool_bird_class_train/Ootaka_Northern_Goshawk/v5_ds_beta_bird/070.jpg,4,Ootaka
tool_bird_class_train/Ootaka_Northern_Goshawk/ext_inat_20260504/inat_333635827_5b6b9126.jpg,4,Ootaka
tool_bird_class_train/Ootaka_Northern_Goshawk/v5_ds_beta_bird/045.jpg,4,Ootaka
tool_bird_class_train/Ootaka_Northern_Goshawk/ext_inat_20260504/inat_491621699_1d2f6bcc.jpg,4,Ootaka
tool_bird_class_train/Ootaka_Northern_Goshawk/ext_inat_20260504/inat_633545975_c56f7215.jpg,4,Ootaka
tool_bird_class_train/Ootaka_Northern_Goshawk/v5_ds_beta_bird/inat_128387669.jpg,4,Ootaka
tool_bird_class_train/Ootaka_Northern_Goshawk/ext_inat_20260504/inat_502298499_108d136b.jpg,4,Ootaka
tool_bird_class_train/Ootaka_Northern_Goshawk/ext_inat_20260504/inat_559266989_15218c0a.jpg,4,Ootaka
tool_bird_class_train/Ootaka_Northern_Goshawk/ext_inat_20260504/inat_301126893_9d67c579.jpg,4,Ootaka
tool_bird_class_train/Ootaka_Northern_Goshawk/v5_ds_beta_bird/111.jpg,4,Ootaka
tool_bird_class_train/Ootaka_Northern_Goshawk/ext_inat_20260504/inat_445707383_7c8c8737.jpg,4,Ootaka
tool_bird_class_train/Ootaka_Northern_Goshawk/v5_ds_beta_bird/139.jpg,4,Ootaka
inaturalist/additional_ebird/Ootaka_Eurasian_Goshawk/ebird_525954311.jpg,4,Ootaka
tool_bird_class_train/Ootaka_Northern_Goshawk/ext_inat_20260504/inat_186010038_019852eb.jpg,4,Ootaka
tool_bird_class_train/Ootaka_Northern_Goshawk/ext_inat_20260504/inat_588732791_4d37ed9b.jpg,4,Ootaka
tool_bird_class_train/Ootaka_Northern_Goshawk/v5_ds_beta_bird/084.jpg,4,Ootaka
tool_bird_class_train/Ootaka_Northern_Goshawk/inat_3113/9c574d18-a885-49ae-9fa7-e3744d5802c7.jpg,4,Ootaka
tool_bird_class_train/Ootaka_Northern_Goshawk/ext_inat_20260504/inat_507299749_88b9cdd4.jpg,4,Ootaka
tool_bird_class_train/Ootaka_Northern_Goshawk/ext_inat_20260504/inat_162934711_58c02485.jpg,4,Ootaka
tool_bird_class_train/Ootaka_Northern_Goshawk/ext_wikimedia_20260504/wm_f05826c5840d.jpg,4,Ootaka
tool_bird_class_train/Ootaka_Northern_Goshawk/ext_inat_20260504/inat_250245803_077e5e4f.jpg,4,Ootaka
tool_bird_class_train/Ootaka_Northern_Goshawk/ext_wikimedia_20260504/wm_12deae2b867a.jpg,4,Ootaka
inaturalist/additional_ebird/Ootaka_Eurasian_Goshawk/ebird_614625273.jpg,4,Ootaka
tool_bird_class_train/Ootaka_Northern_Goshawk/ext_wikimedia_20260504/wm_fe617fb244e0.jpg,4,Ootaka
tool_bird_class_train/Ootaka_Northern_Goshawk/ext_inat_20260504/inat_402941645_c928a28c.jpg,4,Ootaka
tool_bird_class_train/Ootaka_Northern_Goshawk/ext_inat_20260504/inat_558404533_900a774f.jpg,4,Ootaka
tool_bird_class_train/Ootaka_Northern_Goshawk/ext_inat_20260504/inat_606625348_5732904a.jpg,4,Ootaka
tool_bird_class_train/Ootaka_Northern_Goshawk/v5_ds_beta_bird/051.jpg,4,Ootaka
tool_bird_class_train/Ootaka_Northern_Goshawk/ext_inat_20260504/inat_286132192_60a45104.jpg,4,Ootaka
tool_bird_class_train/Ootaka_Northern_Goshawk/ext_inat_20260504/inat_627215824_4367bd4c.jpg,4,Ootaka
tool_bird_class_train/Ootaka_Northern_Goshawk/ext_wikimedia_20260504/wm_4235a8358df4.jpg,4,Ootaka
tool_bird_class_train/Ootaka_Northern_Goshawk/ext_inat_20260504/inat_492074642_e1621c94.jpg,4,Ootaka
tool_bird_class_train/Ootaka_Northern_Goshawk/ext_wikimedia_20260504/wm_7919e48d3149.png,4,Ootaka
tool_bird_class_train/Ootaka_Northern_Goshawk/ext_inat_20260504/inat_241962218_68bd25af.jpg,4,Ootaka
tool_bird_class_train/Ootaka_Northern_Goshawk/ext_inat_20260504/inat_111611919_fb2ffda0.jpg,4,Ootaka
tool_bird_class_train/Ootaka_Northern_Goshawk/ext_inat_20260504/inat_118757264_46190cab.jpg,4,Ootaka
tool_bird_class_train/Ootaka_Northern_Goshawk/ext_inat_20260504/inat_464729707_87d322c4.jpg,4,Ootaka
tool_bird_class_train/Ootaka_Northern_Goshawk/ext_inat_20260504/inat_610106753_b6e5f053.jpg,4,Ootaka
tool_bird_class_train/Ootaka_Northern_Goshawk/v5_ds_beta_bird/ebird_525954311.jpg,4,Ootaka
tool_bird_class_train/Ootaka_Northern_Goshawk/ext_inat_20260504/inat_365433913_03c211a7.jpg,4,Ootaka
tool_bird_class_train/Ootaka_Northern_Goshawk/v5_ds_beta_bird/068.jpg,4,Ootaka
tool_bird_class_train/Ootaka_Northern_Goshawk/ext_inat_20260504/inat_276843077_83c2b5cc.jpg,4,Ootaka
tool_bird_class_train/Ootaka_Northern_Goshawk/ext_wikimedia_20260504/wm_f3a201ce8118.jpg,4,Ootaka
tool_bird_class_train/Ootaka_Northern_Goshawk/ext_inat_20260504/inat_23361404_9c442d10.jpg,4,Ootaka
tool_bird_class_train/Ootaka_Northern_Goshawk/ext_wikimedia_20260504/wm_8a223fa63789.jpg,4,Ootaka
tool_bird_class_train/Ootaka_Northern_Goshawk/v5_ds_beta_bird/105.jpg,4,Ootaka
tool_bird_class_train/Ootaka_Northern_Goshawk/ext_inat_20260504/inat_179130592_687b85d2.jpg,4,Ootaka
tool_bird_class_train/Ootaka_Northern_Goshawk/ext_inat_20260504/inat_340093320_61a17d35.jpg,4,Ootaka
tool_bird_class_train/Ootaka_Northern_Goshawk/v4_gt/348034912.jpg,4,Ootaka
tool_bird_class_train/Ootaka_Northern_Goshawk/ext_inat_20260504/inat_345031721_479c919d.jpg,4,Ootaka
tool_bird_class_train/Ootaka_Northern_Goshawk/ext_inat_20260504/inat_230823698_25f86759.jpg,4,Ootaka
tool_bird_class_train/Ootaka_Northern_Goshawk/v5_ds_beta_bird/071.jpg,4,Ootaka
tool_bird_class_train/Ootaka_Northern_Goshawk/ext_inat_20260504/inat_32262302_98d94e6e.jpg,4,Ootaka
tool_bird_class_train/Ootaka_Northern_Goshawk/ext_inat_20260504/inat_160310977_4eaa0f08.jpg,4,Ootaka
tool_bird_class_train/Ootaka_Northern_Goshawk/ext_inat_20260504/inat_554343421_e235cb1d.jpg,4,Ootaka
tool_bird_class_train/Ootaka_Northern_Goshawk/ext_wikimedia_20260504/wm_55756ecf4014.jpg,4,Ootaka
tool_bird_class_train/Ootaka_Northern_Goshawk/v5_ds_beta_bird/104.jpg,4,Ootaka
tool_bird_class_train/Ootaka_Northern_Goshawk/ext_wikimedia_20260504/wm_e5e7a3ee351e.jpg,4,Ootaka
tool_bird_class_train/Ootaka_Northern_Goshawk/ext_inat_20260504/inat_633754059_37d48c24.jpg,4,Ootaka
tool_bird_class_train/Ootaka_Northern_Goshawk/ext_wikimedia_20260504/wm_171b8485d4bd.jpg,4,Ootaka
tool_bird_class_train/Ootaka_Northern_Goshawk/ext_inat_20260504/inat_618060367_3e10fa65.jpg,4,Ootaka
tool_bird_class_train/Ootaka_Northern_Goshawk/ext_inat_20260504/inat_194919572_601b4e64.jpg,4,Ootaka
tool_bird_class_train/Ootaka_Northern_Goshawk/ext_wikimedia_20260504/wm_614d96aaf3bd.jpg,4,Ootaka
tool_bird_class_train/Ootaka_Northern_Goshawk/ext_wikimedia_20260504/wm_41557298e2a0.jpg,4,Ootaka
tool_bird_class_train/Ootaka_Northern_Goshawk/ext_inat_20260504/inat_205755988_d45d2693.jpg,4,Ootaka
tool_bird_class_train/Ootaka_Northern_Goshawk/ext_wikimedia_20260504/wm_fd566c957a71.jpg,4,Ootaka
tool_bird_class_train/Ootaka_Northern_Goshawk/ext_inat_20260504/inat_608379738_24f34c7b.jpg,4,Ootaka
tool_bird_class_train/Ootaka_Northern_Goshawk/ext_inat_20260504/inat_259658612_1b31674c.jpg,4,Ootaka
tool_bird_class_train/Ootaka_Northern_Goshawk/ext_inat_20260504/inat_537719688_7298e1ad.jpg,4,Ootaka
tool_bird_class_train/Ootaka_Northern_Goshawk/ext_wikimedia_20260504/wm_933e4c51481b.jpg,4,Ootaka
tool_bird_class_train/Ootaka_Northern_Goshawk/v5_ds_beta_bird/130.jpg,4,Ootaka
tool_bird_class_train/Ootaka_Northern_Goshawk/v5_ds_beta_bird/ebird_645153364.jpg,4,Ootaka
tool_bird_class_train/Ootaka_Northern_Goshawk/ext_inat_20260504/inat_317158458_ca64a6f5.jpg,4,Ootaka
tool_bird_class_train/Ootaka_Northern_Goshawk/ext_wikimedia_20260504/wm_423a820b6730.jpg,4,Ootaka
tool_bird_class_train/Ootaka_Northern_Goshawk/ext_wikimedia_20260504/wm_919ecebaeac5.jpg,4,Ootaka
tool_bird_class_train/Ootaka_Northern_Goshawk/inat_3113/5cde513e-6eb5-452e-b879-0e2dc263795e.jpg,4,Ootaka
tool_bird_class_train/Ootaka_Northern_Goshawk/ext_inat_20260504/inat_470756131_5b7d1043.jpg,4,Ootaka
tool_bird_class_train/Ootaka_Northern_Goshawk/ext_inat_20260504/inat_88515261_967b41f5.jpg,4,Ootaka
tool_bird_class_train/Ootaka_Northern_Goshawk/ext_wikimedia_20260504/wm_268c24037577.jpg,4,Ootaka
tool_bird_class_train/Ootaka_Northern_Goshawk/ext_inat_20260504/inat_228353164_ef68ce4c.jpg,4,Ootaka
tool_bird_class_train/Ootaka_Northern_Goshawk/inat_3113/54a9c0d2-0ae6-4dd3-a08b-eae5c254604b.jpg,4,Ootaka
tool_bird_class_train/Ootaka_Northern_Goshawk/v5_ds_beta_bird/089.jpg,4,Ootaka
tool_bird_class_train/Ootaka_Northern_Goshawk/ext_inat_20260504/inat_325953419_f85d19ea.jpg,4,Ootaka
tool_bird_class_train/Ootaka_Northern_Goshawk/ext_inat_20260504/inat_624245143_67c6e694.jpg,4,Ootaka
tool_bird_class_train/Ootaka_Northern_Goshawk/ext_inat_20260504/inat_220744107_81564f61.jpg,4,Ootaka
tool_bird_class_train/Ootaka_Northern_Goshawk/inat_3113/e7574602-f8ce-49be-bd3d-18dd9453f5fe.jpg,4,Ootaka
tool_bird_class_train/Ootaka_Northern_Goshawk/ext_wikimedia_20260504/wm_d4be635c35de.jpg,4,Ootaka
tool_bird_class_train/Ootaka_Northern_Goshawk/ext_wikimedia_20260504/wm_f346f2c7d82d.jpg,4,Ootaka
tool_bird_class_train/Ootaka_Northern_Goshawk/v5_ds_beta_bird/009.jpg,4,Ootaka
tool_bird_class_train/Ootaka_Northern_Goshawk/ext_wikimedia_20260504/wm_c10be77baa7c.jpg,4,Ootaka
tool_bird_class_train/Ootaka_Northern_Goshawk/v5_ds_beta_bird/inat_303917244.jpg,4,Ootaka
tool_bird_class_train/Ootaka_Northern_Goshawk/ext_inat_20260504/inat_629728783_62fd1801.jpg,4,Ootaka
tool_bird_class_train/Ootaka_Northern_Goshawk/ext_inat_20260504/inat_439486629_6811519f.jpg,4,Ootaka
tool_bird_class_train/Ootaka_Northern_Goshawk/ext_inat_20260504/inat_2681783_64a26dd6.jpg,4,Ootaka
tool_bird_class_train/Ootaka_Northern_Goshawk/ext_inat_20260504/inat_397686570_3e53bb54.jpg,4,Ootaka
tool_bird_class_train/Ootaka_Northern_Goshawk/ext_inat_20260504/inat_606185253_8b278613.jpg,4,Ootaka
tool_bird_class_train/Ootaka_Northern_Goshawk/ext_inat_20260504/inat_245291004_02af4414.jpg,4,Ootaka
tool_bird_class_train/Ootaka_Northern_Goshawk/v5_ds_beta_bird/ebird_637568762.jpg,4,Ootaka
tool_bird_class_train/Ootaka_Northern_Goshawk/ext_inat_20260504/inat_599774208_67b8ac98.jpg,4,Ootaka
tool_bird_class_train/Ootaka_Northern_Goshawk/ext_inat_20260504/inat_257319317_d3d13e8f.jpg,4,Ootaka
tool_bird_class_train/Ootaka_Northern_Goshawk/ext_wikimedia_20260504/wm_c1b83da2ae55.jpg,4,Ootaka
tool_bird_class_train/Ootaka_Northern_Goshawk/ext_inat_20260504/inat_175432248_6dd53d87.jpg,4,Ootaka
tool_bird_class_train/Ootaka_Northern_Goshawk/ext_inat_20260504/inat_622499058_ed47fc79.jpg,4,Ootaka
inaturalist/additional_ebird/Ootaka_Eurasian_Goshawk/ebird_631499639.jpg,4,Ootaka
tool_bird_class_train/Ootaka_Northern_Goshawk/ext_wikimedia_20260504/wm_c59407536077.jpg,4,Ootaka
tool_bird_class_train/Ootaka_Northern_Goshawk/ext_inat_20260504/inat_447255838_5ee78bb2.jpg,4,Ootaka
tool_bird_class_train/Ootaka_Northern_Goshawk/ext_inat_20260504/inat_166027515_e237d368.jpg,4,Ootaka
tool_bird_class_train/Ootaka_Northern_Goshawk/v5_ds_beta_bird/129.jpg,4,Ootaka
tool_bird_class_train/Ootaka_Northern_Goshawk/ext_inat_20260504/inat_271302123_e3c2dc52.jpg,4,Ootaka
tool_bird_class_train/Ootaka_Northern_Goshawk/ext_inat_20260504/inat_439716941_9f689c77.jpg,4,Ootaka
tool_bird_class_train/Ootaka_Northern_Goshawk/v5_ds_beta_bird/078.jpg,4,Ootaka
tool_bird_class_train/Ootaka_Northern_Goshawk/v5_ds_beta_bird/154.jpg,4,Ootaka
tool_bird_class_train/Ootaka_Northern_Goshawk/ext_inat_20260504/inat_5862535_8b65056a.png,4,Ootaka
tool_bird_class_train/Ootaka_Northern_Goshawk/ext_wikimedia_20260504/wm_271347fff543.jpg,4,Ootaka
tool_bird_class_train/Ootaka_Northern_Goshawk/ext_inat_20260504/inat_250830049_57e6170d.jpg,4,Ootaka
tool_bird_class_train/Ootaka_Northern_Goshawk/ext_inat_20260504/inat_471982779_f500bc53.jpg,4,Ootaka
tool_bird_class_train/Ootaka_Northern_Goshawk/ext_inat_20260504/inat_475563356_2f562bd6.jpg,4,Ootaka
tool_bird_class_train/Ootaka_Northern_Goshawk/ext_inat_20260504/inat_599482856_c63760f5.jpg,4,Ootaka
tool_bird_class_train/Ootaka_Northern_Goshawk/ext_inat_20260504/inat_463578282_4b54f3db.jpg,4,Ootaka
tool_bird_class_train/Ootaka_Northern_Goshawk/ext_inat_20260504/inat_101211117_cfeaade3.jpg,4,Ootaka
tool_bird_class_train/Ootaka_Northern_Goshawk/ext_inat_20260504/inat_179707613_8c3d919c.jpg,4,Ootaka
tool_bird_class_train/Ootaka_Northern_Goshawk/ext_inat_20260504/inat_335181598_a6bc85ba.jpg,4,Ootaka
tool_bird_class_train/Ootaka_Northern_Goshawk/ext_inat_20260504/inat_462324098_d0ff1df1.jpg,4,Ootaka
tool_bird_class_train/Ootaka_Northern_Goshawk/v5_ds_beta_bird/004.jpg,4,Ootaka
tool_bird_class_train/Ootaka_Northern_Goshawk/v5_ds_beta_bird/011.jpg,4,Ootaka
tool_bird_class_train/Ootaka_Northern_Goshawk/v5_ds_beta_bird/087.jpg,4,Ootaka
tool_bird_class_train/Ootaka_Northern_Goshawk/ext_inat_20260504/inat_469163705_80386348.jpg,4,Ootaka
tool_bird_class_train/Ootaka_Northern_Goshawk/v5_ds_beta_bird/077.jpg,4,Ootaka
tool_bird_class_train/Ootaka_Northern_Goshawk/ext_inat_20260504/inat_332691953_8da90fd6.jpg,4,Ootaka
tool_bird_class_train/Ootaka_Northern_Goshawk/ext_wikimedia_20260504/wm_e9cb14f3040d.jpg,4,Ootaka
tool_bird_class_train/Ootaka_Northern_Goshawk/ext_inat_20260504/inat_619906242_98f3571d.jpg,4,Ootaka
tool_bird_class_train/Ootaka_Northern_Goshawk/ext_inat_20260504/inat_337588006_eb4f05ed.jpg,4,Ootaka
tool_bird_class_train/Ootaka_Northern_Goshawk/v4_gt/349216293.jpg,4,Ootaka
tool_bird_class_train/Ootaka_Northern_Goshawk/ext_inat_20260504/inat_2714869_9c6d3167.jpg,4,Ootaka
tool_bird_class_train/Ootaka_Northern_Goshawk/ext_inat_20260504/inat_611634669_c4df5eba.jpg,4,Ootaka
tool_bird_class_train/Ootaka_Northern_Goshawk/ext_inat_20260504/inat_606402074_8bac9aac.jpg,4,Ootaka
tool_bird_class_train/Ootaka_Northern_Goshawk/ext_inat_20260504/inat_652737152_4e068099.jpg,4,Ootaka
tool_bird_class_train/Ootaka_Northern_Goshawk/ext_inat_20260504/inat_2619155_5f7ae5a7.jpg,4,Ootaka
tool_bird_class_train/Ootaka_Northern_Goshawk/ext_inat_20260504/inat_2714994_9eb7a029.jpg,4,Ootaka
tool_bird_class_train/Ootaka_Northern_Goshawk/ext_inat_20260504/inat_463523357_b4fba695.jpg,4,Ootaka
tool_bird_class_train/Ootaka_Northern_Goshawk/ext_inat_20260504/inat_597224011_e0f48616.jpg,4,Ootaka
tool_bird_class_train/Ootaka_Northern_Goshawk/ext_inat_20260504/inat_250817875_8d5131a4.jpg,4,Ootaka
tool_bird_class_train/Ootaka_Northern_Goshawk/ext_wikimedia_20260504/wm_ab42cf01c4f0.jpg,4,Ootaka
tool_bird_class_train/Ootaka_Northern_Goshawk/v4_gt/347577645.jpg,4,Ootaka
tool_bird_class_train/Ootaka_Northern_Goshawk/ext_inat_20260504/inat_125348396_fcbf8dcc.jpg,4,Ootaka
tool_bird_class_train/Ootaka_Northern_Goshawk/v5_train_v5_inat/344174425.jpg,4,Ootaka
tool_bird_class_train/Ootaka_Northern_Goshawk/v5_ds_beta_bird/005.jpg,4,Ootaka
tool_bird_class_train/Ootaka_Northern_Goshawk/ext_inat_20260504/inat_2655420_bdfecb4d.jpg,4,Ootaka
tool_bird_class_train/Ootaka_Northern_Goshawk/v5_ds_beta_bird/014.jpg,4,Ootaka
tool_bird_class_train/Ootaka_Northern_Goshawk/v5_ds_beta_bird/inat_342859769.jpg,4,Ootaka
tool_bird_class_train/Ootaka_Northern_Goshawk/v5_ds_beta_bird/006.jpg,4,Ootaka
tool_bird_class_train/Ootaka_Northern_Goshawk/inat_3113/2d910234-0412-4b10-9f14-c86b15569bfe.jpg,4,Ootaka
tool_bird_class_train/Ootaka_Northern_Goshawk/ext_inat_20260504/inat_356603792_742cef37.jpg,4,Ootaka
tool_bird_class_train/Ootaka_Northern_Goshawk/ext_wikimedia_20260504/wm_0a496da908e5.jpg,4,Ootaka
tool_bird_class_train/Ootaka_Northern_Goshawk/v5_ds_beta_bird/135.jpg,4,Ootaka
tool_bird_class_train/Ootaka_Northern_Goshawk/v5_ds_beta_bird/044.jpg,4,Ootaka
tool_bird_class_train/Ootaka_Northern_Goshawk/ext_inat_20260504/inat_351990728_7e3946ee.jpg,4,Ootaka
tool_bird_class_train/Ootaka_Northern_Goshawk/ext_inat_20260504/inat_249309300_ec3a6f44.jpg,4,Ootaka
tool_bird_class_train/Ootaka_Northern_Goshawk/ext_inat_20260504/inat_619422730_ae39fb51.jpg,4,Ootaka
tool_bird_class_train/Ootaka_Northern_Goshawk/ext_inat_20260504/inat_472654622_78bfb214.jpg,4,Ootaka
tool_bird_class_train/Ootaka_Northern_Goshawk/ext_wikimedia_20260504/wm_2e7efb5a0c6b.jpg,4,Ootaka
tool_bird_class_train/Ootaka_Northern_Goshawk/ext_wikimedia_20260504/wm_86bc5452c512.jpg,4,Ootaka
tool_bird_class_train/Ootaka_Northern_Goshawk/ext_inat_20260504/inat_599002873_4f19066c.jpg,4,Ootaka
tool_bird_class_train/Ootaka_Northern_Goshawk/ext_inat_20260504/inat_345720572_310ecbe8.jpg,4,Ootaka
tool_bird_class_train/Ootaka_Northern_Goshawk/ext_inat_20260504/inat_414368591_b8a374d1.jpg,4,Ootaka
tool_bird_class_train/Ootaka_Northern_Goshawk/ext_inat_20260504/inat_341261109_56850e0c.jpg,4,Ootaka
tool_bird_class_train/Ootaka_Northern_Goshawk/v5_ds_beta_bird/026.jpg,4,Ootaka
tool_bird_class_train/Ootaka_Northern_Goshawk/ext_inat_20260504/inat_236502943_47521705.jpg,4,Ootaka
tool_bird_class_train/Ootaka_Northern_Goshawk/ext_inat_20260504/inat_349847782_44f2a2aa.jpg,4,Ootaka
tool_bird_class_train/Ootaka_Northern_Goshawk/ext_inat_20260504/inat_188228696_eb530f8b.jpg,4,Ootaka
tool_bird_class_train/Ootaka_Northern_Goshawk/ext_inat_20260504/inat_180482509_240cf6e7.jpg,4,Ootaka
tool_bird_class_train/Ootaka_Northern_Goshawk/ext_inat_20260504/inat_577234698_fc78e6ef.jpg,4,Ootaka
tool_bird_class_train/Ootaka_Northern_Goshawk/ext_inat_20260504/inat_354730790_8b00dc15.jpg,4,Ootaka
tool_bird_class_train/Ootaka_Northern_Goshawk/ext_inat_20260504/inat_253602006_0bae1438.jpg,4,Ootaka
tool_bird_class_train/Ootaka_Northern_Goshawk/ext_inat_20260504/inat_164370275_b9a8bdc5.jpg,4,Ootaka
tool_bird_class_train/Ootaka_Northern_Goshawk/ext_wikimedia_20260504/wm_968e7b145278.jpg,4,Ootaka
tool_bird_class_train/Ootaka_Northern_Goshawk/ext_inat_20260504/inat_478276197_e7ae7e5c.jpg,4,Ootaka
tool_bird_class_train/Ootaka_Northern_Goshawk/ext_inat_20260504/inat_96979070_d6d89b9b.jpg,4,Ootaka
tool_bird_class_train/Ootaka_Northern_Goshawk/ext_inat_20260504/inat_133753512_34d76772.jpg,4,Ootaka
tool_bird_class_train/Ootaka_Northern_Goshawk/ext_inat_20260504/inat_421974264_b78ee496.jpg,4,Ootaka
tool_bird_class_train/Ootaka_Northern_Goshawk/v5_ds_beta_bird/015.jpg,4,Ootaka
tool_bird_class_train/Ootaka_Northern_Goshawk/ext_inat_20260504/inat_110602553_96f5f2f1.jpg,4,Ootaka
tool_bird_class_train/Ootaka_Northern_Goshawk/ext_inat_20260504/inat_333368096_b8ab7b31.jpg,4,Ootaka
tool_bird_class_train/Ootaka_Northern_Goshawk/ext_inat_20260504/inat_111017642_31444cfb.jpg,4,Ootaka
tool_bird_class_train/Ootaka_Northern_Goshawk/v5_ds_beta_bird/007.jpg,4,Ootaka
tool_bird_class_train/Ootaka_Northern_Goshawk/ext_wikimedia_20260504/wm_e856820d0796.jpg,4,Ootaka
tool_bird_class_train/Ootaka_Northern_Goshawk/ext_inat_20260504/inat_345020679_6a39461f.jpg,4,Ootaka
tool_bird_class_train/Ootaka_Northern_Goshawk/ext_inat_20260504/inat_524444295_eaee4d13.jpg,4,Ootaka
tool_bird_class_train/Ootaka_Northern_Goshawk/ext_inat_20260504/inat_184777763_207f9601.jpg,4,Ootaka
tool_bird_class_train/Ootaka_Northern_Goshawk/ext_inat_20260504/inat_380517197_5a43dec5.jpg,4,Ootaka
tool_bird_class_train/Ootaka_Northern_Goshawk/ext_inat_20260504/inat_353803820_cd7e7282.jpg,4,Ootaka
tool_bird_class_train/Ootaka_Northern_Goshawk/ext_inat_20260504/inat_461394008_b15c31a6.jpg,4,Ootaka
tool_bird_class_train/Ootaka_Northern_Goshawk/ext_inat_20260504/inat_76106768_8cafdf73.jpg,4,Ootaka
tool_bird_class_train/Ootaka_Northern_Goshawk/ext_inat_20260504/inat_247054799_ad532ebc.jpg,4,Ootaka
tool_bird_class_train/Ootaka_Northern_Goshawk/ext_inat_20260504/inat_353137529_22032f3d.jpg,4,Ootaka
tool_bird_class_train/Ootaka_Northern_Goshawk/ext_wikimedia_20260504/wm_345eebd3ac8d.jpg,4,Ootaka
tool_bird_class_train/Ootaka_Northern_Goshawk/v5_ds_beta_bird/073.jpg,4,Ootaka
tool_bird_class_train/Ootaka_Northern_Goshawk/ext_inat_20260504/inat_61426034_6ca81c22.jpg,4,Ootaka
tool_bird_class_train/Ootaka_Northern_Goshawk/ext_inat_20260504/inat_119836108_4412b705.jpg,4,Ootaka
tool_bird_class_train/Ootaka_Northern_Goshawk/ext_wikimedia_20260504/wm_0cb86ae340bc.jpg,4,Ootaka
tool_bird_class_train/Ootaka_Northern_Goshawk/ext_inat_20260504/inat_147733293_0ff8a1c3.jpg,4,Ootaka
tool_bird_class_train/Ootaka_Northern_Goshawk/ext_inat_20260504/inat_122056098_e43dad6c.jpg,4,Ootaka
tool_bird_class_train/Ootaka_Northern_Goshawk/v5_ds_beta_bird/inat_305143082.jpg,4,Ootaka
tool_bird_class_train/Ootaka_Northern_Goshawk/inat_3113/fdbb3704-525c-48b2-9bb4-7184cd9b1e7b.jpg,4,Ootaka
tool_bird_class_train/Ootaka_Northern_Goshawk/ext_inat_20260504/inat_597960173_ee03a7c5.jpg,4,Ootaka
tool_bird_class_train/Ootaka_Northern_Goshawk/ext_wikimedia_20260504/wm_86eb4b334776.jpg,4,Ootaka
tool_bird_class_train/Ootaka_Northern_Goshawk/ext_wikimedia_20260504/wm_29e6f6ebebbe.jpg,4,Ootaka
tool_bird_class_train/Ootaka_Northern_Goshawk/v5_ds_beta_bird/020.jpg,4,Ootaka
tool_bird_class_train/Ootaka_Northern_Goshawk/ext_inat_20260504/inat_140436110_0137dc40.jpg,4,Ootaka
tool_bird_class_train/Ootaka_Northern_Goshawk/ext_inat_20260504/inat_616297090_22958f84.jpg,4,Ootaka
tool_bird_class_train/Ootaka_Northern_Goshawk/v5_ds_beta_bird/128.jpg,4,Ootaka
tool_bird_class_train/Ootaka_Northern_Goshawk/inat_3113/333c2511-8548-41d7-a68b-ed421cfdac6c.jpg,4,Ootaka
tool_bird_class_train/Ootaka_Northern_Goshawk/ext_inat_20260504/inat_621516861_16e241f3.jpg,4,Ootaka
tool_bird_class_train/Ootaka_Northern_Goshawk/v5_ds_beta_bird/142.jpg,4,Ootaka
tool_bird_class_train/Ootaka_Northern_Goshawk/ext_wikimedia_20260504/wm_f9b259afecb8.jpg,4,Ootaka
tool_bird_class_train/Ootaka_Northern_Goshawk/ext_inat_20260504/inat_185028194_d6c151eb.jpg,4,Ootaka
tool_bird_class_train/Ootaka_Northern_Goshawk/ext_inat_20260504/inat_177794503_d2bdba23.jpg,4,Ootaka
tool_bird_class_train/Ootaka_Northern_Goshawk/ext_wikimedia_20260504/wm_565d87c41a91.jpg,4,Ootaka
tool_bird_class_train/Ootaka_Northern_Goshawk/ext_inat_20260504/inat_124148659_9f84d12f.jpg,4,Ootaka
tool_bird_class_train/Ootaka_Northern_Goshawk/inat_3113/115fdf69-39f3-42d2-9cb4-6e815b8b00d4.jpg,4,Ootaka
tool_bird_class_train/Ootaka_Northern_Goshawk/ext_wikimedia_20260504/wm_7a67ba954c06.jpg,4,Ootaka
tool_bird_class_train/Ootaka_Northern_Goshawk/ext_inat_20260504/inat_255118564_e6141d38.jpg,4,Ootaka
tool_bird_class_train/Ootaka_Northern_Goshawk/ext_inat_20260504/inat_237599437_6427d2aa.jpg,4,Ootaka
tool_bird_class_train/Ootaka_Northern_Goshawk/v5_ds_beta_bird/147.jpg,4,Ootaka
tool_bird_class_train/Ootaka_Northern_Goshawk/ext_wikimedia_20260504/wm_6e96899be16c.jpg,4,Ootaka
tool_bird_class_train/Ootaka_Northern_Goshawk/ext_wikimedia_20260504/wm_02606a590a0e.jpg,4,Ootaka
tool_bird_class_train/Ootaka_Northern_Goshawk/ext_inat_20260504/inat_162492775_ee0ef786.jpg,4,Ootaka
tool_bird_class_train/Ootaka_Northern_Goshawk/ext_inat_20260504/inat_252379527_a2e0c646.jpg,4,Ootaka
tool_bird_class_train/Ootaka_Northern_Goshawk/ext_inat_20260504/inat_112894918_74f0e049.jpg,4,Ootaka
tool_bird_class_train/Ootaka_Northern_Goshawk/ext_inat_20260504/inat_586603008_6750d6ef.jpg,4,Ootaka
inaturalist/additional_ebird/Ootaka_Eurasian_Goshawk/ebird_612773717.jpg,4,Ootaka
tool_bird_class_train/Ootaka_Northern_Goshawk/v5_ds_beta_bird/066.jpg,4,Ootaka
tool_bird_class_train/Ootaka_Northern_Goshawk/ext_inat_20260504/inat_470530629_263a9089.jpg,4,Ootaka
tool_bird_class_train/Ootaka_Northern_Goshawk/ext_wikimedia_20260504/wm_ede565a72ace.jpg,4,Ootaka
tool_bird_class_train/Ootaka_Northern_Goshawk/v5_ds_beta_bird/079.jpg,4,Ootaka
tool_bird_class_train/Ootaka_Northern_Goshawk/ext_inat_20260504/inat_107068976_141e519a.jpg,4,Ootaka
tool_bird_class_train/Ootaka_Northern_Goshawk/ext_inat_20260504/inat_460911913_157052ef.jpg,4,Ootaka
tool_bird_class_train/Ootaka_Northern_Goshawk/ext_inat_20260504/inat_471434141_f090ed04.jpg,4,Ootaka
tool_bird_class_train/Ootaka_Northern_Goshawk/ext_inat_20260504/inat_62716375_16713b92.jpg,4,Ootaka
tool_bird_class_train/Ootaka_Northern_Goshawk/ext_wikimedia_20260504/wm_c02babf34958.jpg,4,Ootaka
tool_bird_class_train/Ootaka_Northern_Goshawk/ext_wikimedia_20260504/wm_ba118a08bcdb.jpg,4,Ootaka
tool_bird_class_train/Ootaka_Northern_Goshawk/ext_wikimedia_20260504/wm_b660829f9f75.jpg,4,Ootaka
tool_bird_class_train/Ootaka_Northern_Goshawk/ext_inat_20260504/inat_448857878_90e73805.jpg,4,Ootaka
tool_bird_class_train/Ootaka_Northern_Goshawk/ext_inat_20260504/inat_174137215_ed69cf2d.jpg,4,Ootaka
tool_bird_class_train/Ootaka_Northern_Goshawk/ext_inat_20260504/inat_472494071_0f16b857.jpg,4,Ootaka
tool_bird_class_train/Ootaka_Northern_Goshawk/inat_3113/73a867c7-6023-4fe5-a01e-cabccbe466c3.jpg,4,Ootaka
tool_bird_class_train/Ootaka_Northern_Goshawk/v5_ds_beta_bird/114.jpg,4,Ootaka
tool_bird_class_train/Ootaka_Northern_Goshawk/ext_inat_20260504/inat_237315745_65e62d29.jpg,4,Ootaka
tool_bird_class_train/Ootaka_Northern_Goshawk/ext_inat_20260504/inat_604988289_f46b87d3.jpg,4,Ootaka
tool_bird_class_train/Ootaka_Northern_Goshawk/ext_wikimedia_20260504/wm_290f4086b925.jpg,4,Ootaka
tool_bird_class_train/Ootaka_Northern_Goshawk/ext_wikimedia_20260504/wm_ac9e5eada8dc.jpg,4,Ootaka
tool_bird_class_train/Ootaka_Northern_Goshawk/ext_inat_20260504/inat_476565220_70e7ac3a.jpg,4,Ootaka
tool_bird_class_train/Ootaka_Northern_Goshawk/ext_inat_20260504/inat_618447890_6a1d9d16.jpg,4,Ootaka
tool_bird_class_train/Ootaka_Northern_Goshawk/ext_inat_20260504/inat_580145594_ecc27878.jpg,4,Ootaka
tool_bird_class_train/Ootaka_Northern_Goshawk/ext_inat_20260504/inat_338806188_afab2e04.jpg,4,Ootaka
tool_bird_class_train/Ootaka_Northern_Goshawk/v5_ds_beta_bird/096.jpg,4,Ootaka
tool_bird_class_train/Ootaka_Northern_Goshawk/ext_inat_20260504/inat_576875001_5f59b41b.jpg,4,Ootaka
tool_bird_class_train/Ootaka_Northern_Goshawk/ext_inat_20260504/inat_614463191_43725c7e.jpg,4,Ootaka
tool_bird_class_train/Ootaka_Northern_Goshawk/ext_inat_20260504/inat_462086069_5763b768.jpg,4,Ootaka
tool_bird_class_train/Ootaka_Northern_Goshawk/v5_ds_beta_bird/ebird_646025588.jpg,4,Ootaka
tool_bird_class_train/Ootaka_Northern_Goshawk/ext_inat_20260504/inat_570962084_f1c6c4fd.jpg,4,Ootaka
tool_bird_class_train/Ootaka_Northern_Goshawk/ext_wikimedia_20260504/wm_cb8e13e1d40b.jpg,4,Ootaka
tool_bird_class_train/Ootaka_Northern_Goshawk/v5_ds_beta_bird/ebird_614625273.jpg,4,Ootaka
tool_bird_class_train/Ootaka_Northern_Goshawk/inat_3113/ac476589-f40c-474c-ae3e-17ab91640910.jpg,4,Ootaka
tool_bird_class_train/Ootaka_Northern_Goshawk/ext_inat_20260504/inat_83079358_45c2a983.jpg,4,Ootaka
tool_bird_class_train/Ootaka_Northern_Goshawk/ext_inat_20260504/inat_188525618_40f5f2bd.jpg,4,Ootaka
tool_bird_class_train/Ootaka_Northern_Goshawk/ext_inat_20260504/inat_521823516_2d063088.jpg,4,Ootaka
tool_bird_class_train/Ootaka_Northern_Goshawk/inat_3113/7ff03c1f-a30e-45bf-896c-590d2fa10251.jpg,4,Ootaka
tool_bird_class_train/Ootaka_Northern_Goshawk/ext_inat_20260504/inat_178440262_6dc8c068.jpg,4,Ootaka
tool_bird_class_train/Ootaka_Northern_Goshawk/ext_inat_20260504/inat_178005248_4c6159f3.jpg,4,Ootaka
tool_bird_class_train/Ootaka_Northern_Goshawk/ext_inat_20260504/inat_258403562_96f95f55.jpg,4,Ootaka
tool_bird_class_train/Ootaka_Northern_Goshawk/ext_inat_20260504/inat_2632497_0bba0c0b.jpg,4,Ootaka
tool_bird_class_train/Ootaka_Northern_Goshawk/v5_ds_beta_bird/052.jpg,4,Ootaka
tool_bird_class_train/Ootaka_Northern_Goshawk/ext_inat_20260504/inat_507902699_a037512f.jpg,4,Ootaka
tool_bird_class_train/Ootaka_Northern_Goshawk/ext_inat_20260504/inat_5567141_3fb680e2.jpg,4,Ootaka
tool_bird_class_train/Ootaka_Northern_Goshawk/ext_wikimedia_20260504/wm_a4a8c62de704.jpg,4,Ootaka
tool_bird_class_train/Ootaka_Northern_Goshawk/ext_wikimedia_20260504/wm_77ddfcbc035d.jpg,4,Ootaka
tool_bird_class_train/Ootaka_Northern_Goshawk/ext_inat_20260504/inat_649540710_55a7da10.jpg,4,Ootaka
tool_bird_class_train/Ootaka_Northern_Goshawk/ext_inat_20260504/inat_59488206_aecb65e9.jpg,4,Ootaka
tool_bird_class_train/Ootaka_Northern_Goshawk/ext_wikimedia_20260504/wm_695592123ff4.jpg,4,Ootaka
tool_bird_class_train/Ootaka_Northern_Goshawk/ext_inat_20260504/inat_61365970_633b07a7.jpg,4,Ootaka
tool_bird_class_train/Ootaka_Northern_Goshawk/ext_inat_20260504/inat_114619298_dd7517a2.jpg,4,Ootaka
tool_bird_class_train/Ootaka_Northern_Goshawk/ext_wikimedia_20260504/wm_225a171a9e16.jpg,4,Ootaka
tool_bird_class_train/Ootaka_Northern_Goshawk/inat_3113/5495158c-2d77-407e-97bc-504a7c3cb68d.jpg,4,Ootaka
tool_bird_class_train/Ootaka_Northern_Goshawk/v5_train_v5_inat/344252628.jpg,4,Ootaka
tool_bird_class_train/Ootaka_Northern_Goshawk/ext_wikimedia_20260504/wm_6df66cc41b4f.jpg,4,Ootaka
tool_bird_class_train/Ootaka_Northern_Goshawk/ext_wikimedia_20260504/wm_8829e5ce9461.jpg,4,Ootaka
tool_bird_class_train/Ootaka_Northern_Goshawk/ext_inat_20260504/inat_106557531_e0c504b1.jpg,4,Ootaka
tool_bird_class_train/Ootaka_Northern_Goshawk/v5_ds_beta_bird/067.jpg,4,Ootaka
tool_bird_class_train/Ootaka_Northern_Goshawk/ext_inat_20260504/inat_128683203_9e8162c9.jpg,4,Ootaka
tool_bird_class_train/Ootaka_Northern_Goshawk/ext_wikimedia_20260504/wm_7e35c63700ca.jpg,4,Ootaka
tool_bird_class_train/Ootaka_Northern_Goshawk/v5_ds_beta_bird/112.jpg,4,Ootaka
tool_bird_class_train/Ootaka_Northern_Goshawk/ext_inat_20260504/inat_618713601_b2ce5db1.jpg,4,Ootaka
tool_bird_class_train/Ootaka_Northern_Goshawk/ext_wikimedia_20260504/wm_76c78f596965.jpg,4,Ootaka
tool_bird_class_train/Ootaka_Northern_Goshawk/ext_inat_20260504/inat_511013764_d8db8bbc.jpg,4,Ootaka
tool_bird_class_train/Ootaka_Northern_Goshawk/ext_inat_20260504/inat_249066344_d25de734.jpg,4,Ootaka
tool_bird_class_train/Ootaka_Northern_Goshawk/ext_inat_20260504/inat_564118991_d6820e95.jpg,4,Ootaka
tool_bird_class_train/Ootaka_Northern_Goshawk/v5_ds_beta_bird/155.jpg,4,Ootaka
tool_bird_class_train/Ootaka_Northern_Goshawk/ext_wikimedia_20260504/wm_e8c14ef495a2.jpg,4,Ootaka
tool_bird_class_train/Ootaka_Northern_Goshawk/ext_inat_20260504/inat_347626186_15aa5c09.jpg,4,Ootaka
tool_bird_class_train/Ootaka_Northern_Goshawk/ext_inat_20260504/inat_258983015_42b3e58c.jpg,4,Ootaka
tool_bird_class_train/Ootaka_Northern_Goshawk/ext_inat_20260504/inat_623818037_a6efbc70.jpg,4,Ootaka
tool_bird_class_train/Ootaka_Northern_Goshawk/v5_ds_beta_bird/043.jpg,4,Ootaka
tool_bird_class_train/Ootaka_Northern_Goshawk/ext_inat_20260504/inat_573665583_47e6e51d.jpg,4,Ootaka
tool_bird_class_train/Ootaka_Northern_Goshawk/ext_wikimedia_20260504/wm_1769ef662a46.jpg,4,Ootaka
tool_bird_class_train/Ootaka_Northern_Goshawk/ext_inat_20260504/inat_645897942_436972a5.jpg,4,Ootaka
tool_bird_class_train/Ootaka_Northern_Goshawk/ext_inat_20260504/inat_634677077_f5daf440.jpg,4,Ootaka
tool_bird_class_train/Ootaka_Northern_Goshawk/ext_inat_20260504/inat_2679814_9e83a637.jpg,4,Ootaka
tool_bird_class_train/Ootaka_Northern_Goshawk/ext_inat_20260504/inat_148917589_44c8019d.png,4,Ootaka
tool_bird_class_train/Ootaka_Northern_Goshawk/ext_wikimedia_20260504/wm_8f7d734103e4.jpg,4,Ootaka
tool_bird_class_train/Ootaka_Northern_Goshawk/ext_inat_20260504/inat_61579800_15dc397a.jpg,4,Ootaka
tool_bird_class_train/Ootaka_Northern_Goshawk/ext_inat_20260504/inat_245424552_4f544054.jpg,4,Ootaka
tool_bird_class_train/Ootaka_Northern_Goshawk/inat_3113/0e689e79-2722-41b0-ab7d-84ecce748c37.jpg,4,Ootaka
tool_bird_class_train/Ootaka_Northern_Goshawk/ext_inat_20260504/inat_336469025_b0f3367f.jpg,4,Ootaka
tool_bird_class_train/Ootaka_Northern_Goshawk/ext_inat_20260504/inat_326556860_41d8b13c.jpg,4,Ootaka
inaturalist/additional_ebird/Ootaka_Eurasian_Goshawk/ebird_613156950.jpg,4,Ootaka
tool_bird_class_train/Ootaka_Northern_Goshawk/ext_wikimedia_20260504/wm_81e16320d9b9.jpg,4,Ootaka
tool_bird_class_train/Ootaka_Northern_Goshawk/ext_inat_20260504/inat_109638298_62eeaeb9.jpg,4,Ootaka
tool_bird_class_train/Ootaka_Northern_Goshawk/ext_inat_20260504/inat_619739283_bc14cd43.jpg,4,Ootaka
tool_bird_class_train/Ootaka_Northern_Goshawk/ext_inat_20260504/inat_176135474_cfa789e4.jpg,4,Ootaka
tool_bird_class_train/Ootaka_Northern_Goshawk/ext_inat_20260504/inat_345217607_5eb2f251.jpg,4,Ootaka
tool_bird_class_train/Ootaka_Northern_Goshawk/ext_wikimedia_20260504/wm_1c02c70fe7e5.jpg,4,Ootaka
tool_bird_class_train/Ootaka_Northern_Goshawk/ext_wikimedia_20260504/wm_c70e137bd977.jpg,4,Ootaka
tool_bird_class_train/Ootaka_Northern_Goshawk/ext_inat_20260504/inat_443561134_8ceea495.jpg,4,Ootaka
tool_bird_class_train/Ootaka_Northern_Goshawk/v5_train_v5_inat/351943184.jpg,4,Ootaka
tool_bird_class_train/Ootaka_Northern_Goshawk/ext_inat_20260504/inat_355744985_574c5f11.jpg,4,Ootaka
tool_bird_class_train/Ootaka_Northern_Goshawk/v5_ds_beta_bird/144.jpg,4,Ootaka
tool_bird_class_train/Ootaka_Northern_Goshawk/ext_inat_20260504/inat_507244376_932389b0.jpg,4,Ootaka
tool_bird_class_train/Ootaka_Northern_Goshawk/ext_wikimedia_20260504/wm_ed5cee608b92.jpg,4,Ootaka
tool_bird_class_train/Ootaka_Northern_Goshawk/ext_inat_20260504/inat_553653493_cb6ed9e6.jpg,4,Ootaka
tool_bird_class_train/Ootaka_Northern_Goshawk/ext_inat_20260504/inat_253229364_c7e2b0e4.jpg,4,Ootaka
tool_bird_class_train/Ootaka_Northern_Goshawk/ext_inat_20260504/inat_618447948_114b1ecc.jpg,4,Ootaka
tool_bird_class_train/Ootaka_Northern_Goshawk/ext_wikimedia_20260504/wm_cefae1c7351d.jpg,4,Ootaka
tool_bird_class_train/Ootaka_Northern_Goshawk/ext_wikimedia_20260504/wm_1bf94a559b12.jpg,4,Ootaka
tool_bird_class_train/Ootaka_Northern_Goshawk/ext_inat_20260504/inat_476231485_9b8c7787.jpg,4,Ootaka
tool_bird_class_train/Ootaka_Northern_Goshawk/inat_3113/60490696-e40a-49b1-acef-d619fddae00e.jpg,4,Ootaka
tool_bird_class_train/Ootaka_Northern_Goshawk/ext_inat_20260504/inat_110885965_6587d76b.jpg,4,Ootaka
tool_bird_class_train/Ootaka_Northern_Goshawk/ext_wikimedia_20260504/wm_44ee15ab96eb.jpg,4,Ootaka
tool_bird_class_train/Ootaka_Northern_Goshawk/ext_inat_20260504/inat_466200851_64cdbb7c.jpg,4,Ootaka
tool_bird_class_train/Ootaka_Northern_Goshawk/ext_wikimedia_20260504/wm_dd70a2d0ea67.jpg,4,Ootaka
tool_bird_class_train/Ootaka_Northern_Goshawk/ext_inat_20260504/inat_611609602_732d848e.jpg,4,Ootaka
tool_bird_class_train/Ootaka_Northern_Goshawk/ext_inat_20260504/inat_371920786_0cbdea01.jpg,4,Ootaka
tool_bird_class_train/Ootaka_Northern_Goshawk/ext_inat_20260504/inat_459886415_d5cc6c3e.jpg,4,Ootaka
tool_bird_class_train/Ootaka_Northern_Goshawk/ext_inat_20260504/inat_320419825_fd95dce7.jpg,4,Ootaka
tool_bird_class_train/Ootaka_Northern_Goshawk/ext_inat_20260504/inat_355014033_6d65fc3e.jpg,4,Ootaka
tool_bird_class_train/Ootaka_Northern_Goshawk/v5_ds_beta_bird/151.jpg,4,Ootaka
tool_bird_class_train/Ootaka_Northern_Goshawk/ext_inat_20260504/inat_479829930_cecba788.jpg,4,Ootaka
tool_bird_class_train/Ootaka_Northern_Goshawk/ext_wikimedia_20260504/wm_188f5f1954bd.jpg,4,Ootaka
tool_bird_class_train/Ootaka_Northern_Goshawk/ext_inat_20260504/inat_185987386_75bf17cd.jpg,4,Ootaka
tool_bird_class_train/Ootaka_Northern_Goshawk/ext_inat_20260504/inat_251491022_4c2e4dcc.jpg,4,Ootaka
tool_bird_class_train/Ootaka_Northern_Goshawk/ext_wikimedia_20260504/wm_c4c02c7ae5ff.jpg,4,Ootaka
tool_bird_class_train/Ootaka_Northern_Goshawk/v5_ds_beta_bird/101.jpg,4,Ootaka
tool_bird_class_train/Ootaka_Northern_Goshawk/ext_inat_20260504/inat_199429062_21cfa46a.jpg,4,Ootaka
tool_bird_class_train/Ootaka_Northern_Goshawk/v5_ds_beta_bird/037.jpg,4,Ootaka
tool_bird_class_train/Ootaka_Northern_Goshawk/v5_ds_beta_bird/099.jpg,4,Ootaka
tool_bird_class_train/Ootaka_Northern_Goshawk/v5_ds_beta_bird/017.jpg,4,Ootaka
tool_bird_class_train/Ootaka_Northern_Goshawk/ext_inat_20260504/inat_639509942_14781ff2.jpg,4,Ootaka
tool_bird_class_train/Ootaka_Northern_Goshawk/ext_inat_20260504/inat_326719155_ef382414.jpg,4,Ootaka
tool_bird_class_train/Ootaka_Northern_Goshawk/ext_inat_20260504/inat_577283783_a0b3b09f.jpg,4,Ootaka
tool_bird_class_train/Ootaka_Northern_Goshawk/v5_ds_beta_bird/ebird_527708611.jpg,4,Ootaka
tool_bird_class_train/Ootaka_Northern_Goshawk/ext_inat_20260504/inat_419563089_24ad073b.jpg,4,Ootaka
tool_bird_class_train/Ootaka_Northern_Goshawk/ext_inat_20260504/inat_471775742_e24744e7.jpg,4,Ootaka
tool_bird_class_train/Ootaka_Northern_Goshawk/v5_ds_beta_bird/069.jpg,4,Ootaka
tool_bird_class_train/Ootaka_Northern_Goshawk/v5_ds_beta_bird/039.jpg,4,Ootaka
tool_bird_class_train/Ootaka_Northern_Goshawk/ext_inat_20260504/inat_480255973_6a5be638.jpg,4,Ootaka
tool_bird_class_train/Ootaka_Northern_Goshawk/ext_inat_20260504/inat_214327627_9556a701.jpg,4,Ootaka
tool_bird_class_train/Ootaka_Northern_Goshawk/ext_inat_20260504/inat_444734547_44b2531b.jpg,4,Ootaka
tool_bird_class_train/Ootaka_Northern_Goshawk/ext_inat_20260504/inat_633734881_f69a9dcd.jpg,4,Ootaka
tool_bird_class_train/Ootaka_Northern_Goshawk/ext_wikimedia_20260504/wm_b96ecc145896.jpg,4,Ootaka
tool_bird_class_train/Ootaka_Northern_Goshawk/ext_inat_20260504/inat_466555190_429dbf1f.jpg,4,Ootaka
tool_bird_class_train/Ootaka_Northern_Goshawk/ext_wikimedia_20260504/wm_9ba740f5a4cd.jpg,4,Ootaka
tool_bird_class_train/Ootaka_Northern_Goshawk/ext_wikimedia_20260504/wm_204e081d7442.jpg,4,Ootaka
tool_bird_class_train/Ootaka_Northern_Goshawk/ext_inat_20260504/inat_318378900_7a58b46d.jpg,4,Ootaka
tool_bird_class_train/Ootaka_Northern_Goshawk/ext_inat_20260504/inat_479558542_01195abc.jpg,4,Ootaka
tool_bird_class_train/Ootaka_Northern_Goshawk/ext_inat_20260504/inat_607389471_41f6142b.jpg,4,Ootaka
tool_bird_class_train/Ootaka_Northern_Goshawk/ext_inat_20260504/inat_330262649_4905f927.jpg,4,Ootaka
tool_bird_class_train/Ootaka_Northern_Goshawk/ext_inat_20260504/inat_251795732_86d153fd.jpg,4,Ootaka
tool_bird_class_train/Ootaka_Northern_Goshawk/ext_inat_20260504/inat_621912906_7f4fc210.jpg,4,Ootaka
tool_bird_class_train/Ootaka_Northern_Goshawk/ext_inat_20260504/inat_190048069_3e25e2c3.png,4,Ootaka
tool_bird_class_train/Ootaka_Northern_Goshawk/ext_wikimedia_20260504/wm_38e7ed3c7e4d.jpg,4,Ootaka
tool_bird_class_train/Ootaka_Northern_Goshawk/ext_inat_20260504/inat_546875132_443577d3.jpg,4,Ootaka
tool_bird_class_train/Ootaka_Northern_Goshawk/ext_inat_20260504/inat_182081271_adfcae03.jpg,4,Ootaka
tool_bird_class_train/Ootaka_Northern_Goshawk/ext_wikimedia_20260504/wm_e11b5b55ceb2.jpg,4,Ootaka
tool_bird_class_train/Ootaka_Northern_Goshawk/ext_inat_20260504/inat_357982257_2701a227.jpg,4,Ootaka
inaturalist/additional_ebird/Ootaka_Eurasian_Goshawk/ebird_647940029.jpg,4,Ootaka
tool_bird_class_train/Ootaka_Northern_Goshawk/ext_wikimedia_20260504/wm_29e9c2a8cc69.jpg,4,Ootaka
tool_bird_class_train/Ootaka_Northern_Goshawk/ext_inat_20260504/inat_356061132_705ba1b7.jpg,4,Ootaka
tool_bird_class_train/Ootaka_Northern_Goshawk/ext_wikimedia_20260504/wm_05a083d02194.jpg,4,Ootaka
tool_bird_class_train/Ootaka_Northern_Goshawk/ext_inat_20260504/inat_118007226_8ebd418e.jpg,4,Ootaka
tool_bird_class_train/Ootaka_Northern_Goshawk/v4_gt/349156294.jpg,4,Ootaka
tool_bird_class_train/Ootaka_Northern_Goshawk/ext_inat_20260504/inat_556180642_f807f123.jpg,4,Ootaka
tool_bird_class_train/Ootaka_Northern_Goshawk/ext_wikimedia_20260504/wm_517750080875.jpg,4,Ootaka
tool_bird_class_train/Ootaka_Northern_Goshawk/ext_inat_20260504/inat_528525445_8cd15f0b.jpg,4,Ootaka
tool_bird_class_train/Ootaka_Northern_Goshawk/ext_inat_20260504/inat_175498056_9acd7fa5.jpg,4,Ootaka
tool_bird_class_train/Ootaka_Northern_Goshawk/ext_inat_20260504/inat_481220319_f2ce03f1.jpg,4,Ootaka
tool_bird_class_train/Ootaka_Northern_Goshawk/v5_ds_beta_bird/106.jpg,4,Ootaka
tool_bird_class_train/Ootaka_Northern_Goshawk/ext_inat_20260504/inat_647857867_6b167ff7.jpg,4,Ootaka
tool_bird_class_train/Ootaka_Northern_Goshawk/ext_inat_20260504/inat_252660514_22707cda.jpg,4,Ootaka
tool_bird_class_train/Ootaka_Northern_Goshawk/inat_3113/a997544a-955a-44fa-a121-94ae24bf1f31.jpg,4,Ootaka
tool_bird_class_train/Ootaka_Northern_Goshawk/ext_inat_20260504/inat_353288038_be868923.jpg,4,Ootaka
tool_bird_class_train/Ootaka_Northern_Goshawk/ext_inat_20260504/inat_179010853_2f8eda61.jpg,4,Ootaka
tool_bird_class_train/Ootaka_Northern_Goshawk/ext_wikimedia_20260504/wm_8662ef9f6feb.jpg,4,Ootaka
tool_bird_class_train/Ootaka_Northern_Goshawk/ext_inat_20260504/inat_57994852_fabe48d4.jpg,4,Ootaka
tool_bird_class_train/Ootaka_Northern_Goshawk/ext_inat_20260504/inat_234419416_b9b78f06.jpg,4,Ootaka
tool_bird_class_train/Ootaka_Northern_Goshawk/ext_inat_20260504/inat_327390955_1b76a91c.png,4,Ootaka
tool_bird_class_train/Ootaka_Northern_Goshawk/ext_inat_20260504/inat_147733446_84c89576.jpg,4,Ootaka
tool_bird_class_train/Ootaka_Northern_Goshawk/v5_ds_beta_bird/ebird_508106351.jpg,4,Ootaka
tool_bird_class_train/Ootaka_Northern_Goshawk/ext_wikimedia_20260504/wm_dd61e686256b.jpg,4,Ootaka
tool_bird_class_train/Ootaka_Northern_Goshawk/ext_inat_20260504/inat_606654348_6dd97b4e.jpg,4,Ootaka
tool_bird_class_train/Ootaka_Northern_Goshawk/ext_wikimedia_20260504/wm_fd763a57614a.jpg,4,Ootaka
tool_bird_class_train/Ootaka_Northern_Goshawk/ext_inat_20260504/inat_563602469_92c8440f.jpg,4,Ootaka
tool_bird_class_train/Ootaka_Northern_Goshawk/ext_wikimedia_20260504/wm_cd225a9645e5.jpg,4,Ootaka
tool_bird_class_train/Ootaka_Northern_Goshawk/v5_ds_beta_bird/156.jpg,4,Ootaka
tool_bird_class_train/Ootaka_Northern_Goshawk/ext_wikimedia_20260504/wm_2722d94b996e.jpg,4,Ootaka
tool_bird_class_train/Ootaka_Northern_Goshawk/inat_3113/93d0b04e-058a-4653-95b1-417d8bb79ddd.jpg,4,Ootaka
tool_bird_class_train/Ootaka_Northern_Goshawk/ext_inat_20260504/inat_247492892_200f1806.jpg,4,Ootaka
tool_bird_class_train/Ootaka_Northern_Goshawk/v5_ds_beta_bird/140.jpg,4,Ootaka
tool_bird_class_train/Ootaka_Northern_Goshawk/ext_inat_20260504/inat_481940634_20791021.jpg,4,Ootaka
tool_bird_class_train/Ootaka_Northern_Goshawk/ext_inat_20260504/inat_101440801_36a63f4f.jpg,4,Ootaka
tool_bird_class_train/Ootaka_Northern_Goshawk/v5_train_v5_inat/343247574.jpg,4,Ootaka
tool_bird_class_train/Ootaka_Northern_Goshawk/ext_inat_20260504/inat_302801490_072fc38f.jpg,4,Ootaka
tool_bird_class_train/Ootaka_Northern_Goshawk/ext_inat_20260504/inat_2646292_30298bd5.jpg,4,Ootaka
tool_bird_class_train/Ootaka_Northern_Goshawk/ext_inat_20260504/inat_118968664_3cdf22b1.jpg,4,Ootaka
tool_bird_class_train/Ootaka_Northern_Goshawk/ext_inat_20260504/inat_431233526_0670d498.jpg,4,Ootaka
tool_bird_class_train/Ootaka_Northern_Goshawk/ext_wikimedia_20260504/wm_e102b426227b.jpg,4,Ootaka
tool_bird_class_train/Ootaka_Northern_Goshawk/ext_wikimedia_20260504/wm_47a816d6dea7.jpg,4,Ootaka
tool_bird_class_train/Ootaka_Northern_Goshawk/ext_inat_20260504/inat_136682241_2ed96f54.jpg,4,Ootaka
tool_bird_class_train/Ootaka_Northern_Goshawk/ext_inat_20260504/inat_356605022_7e2ccce8.jpg,4,Ootaka
tool_bird_class_train/Ootaka_Northern_Goshawk/ext_inat_20260504/inat_452176671_f45d6107.jpg,4,Ootaka
tool_bird_class_train/Ootaka_Northern_Goshawk/ext_inat_20260504/inat_619585175_1d143454.jpg,4,Ootaka
tool_bird_class_train/Ootaka_Northern_Goshawk/ext_inat_20260504/inat_586625057_e8dea057.jpg,4,Ootaka
tool_bird_class_train/Ootaka_Northern_Goshawk/ext_inat_20260504/inat_607894124_c9f7ef6c.jpg,4,Ootaka
tool_bird_class_train/Ootaka_Northern_Goshawk/ext_inat_20260504/inat_554752845_14a2b7d4.jpg,4,Ootaka
tool_bird_class_train/Ootaka_Northern_Goshawk/v5_ds_beta_bird/001.jpg,4,Ootaka
tool_bird_class_train/Ootaka_Northern_Goshawk/ext_inat_20260504/inat_331460043_2589b257.jpg,4,Ootaka
tool_bird_class_train/Ootaka_Northern_Goshawk/ext_wikimedia_20260504/wm_1c559eb80086.jpg,4,Ootaka
tool_bird_class_train/Ootaka_Northern_Goshawk/ext_inat_20260504/inat_518136171_548005c6.jpg,4,Ootaka
tool_bird_class_train/Ootaka_Northern_Goshawk/ext_wikimedia_20260504/wm_a0531e06455a.jpg,4,Ootaka
tool_bird_class_train/Ootaka_Northern_Goshawk/ext_inat_20260504/inat_646863090_8a7484e9.jpg,4,Ootaka
tool_bird_class_train/Ootaka_Northern_Goshawk/ext_inat_20260504/inat_37599261_ca9e6e99.jpg,4,Ootaka
tool_bird_class_train/Ootaka_Northern_Goshawk/ext_inat_20260504/inat_30893027_ca75b8c3.jpg,4,Ootaka
tool_bird_class_train/Ootaka_Northern_Goshawk/ext_inat_20260504/inat_340618109_274b5916.jpg,4,Ootaka
tool_bird_class_train/Ootaka_Northern_Goshawk/v5_ds_beta_bird/120.jpg,4,Ootaka
tool_bird_class_train/Ootaka_Northern_Goshawk/ext_inat_20260504/inat_458648663_ce3b0d22.jpg,4,Ootaka
tool_bird_class_train/Ootaka_Northern_Goshawk/ext_inat_20260504/inat_110418283_a689ec98.jpg,4,Ootaka
tool_bird_class_train/Ootaka_Northern_Goshawk/ext_inat_20260504/inat_48043890_c86dedf6.jpg,4,Ootaka
tool_bird_class_train/Ootaka_Northern_Goshawk/ext_wikimedia_20260504/wm_86b3d2b86d80.jpg,4,Ootaka
tool_bird_class_train/Ootaka_Northern_Goshawk/ext_inat_20260504/inat_562395465_c4316269.jpg,4,Ootaka
tool_bird_class_train/Ootaka_Northern_Goshawk/v5_ds_beta_bird/048.jpg,4,Ootaka
tool_bird_class_train/Ootaka_Northern_Goshawk/ext_inat_20260504/inat_587003576_e71dd363.jpg,4,Ootaka
tool_bird_class_train/Ootaka_Northern_Goshawk/inat_3113/cf4cd447-72d0-48c1-a31e-00ebe76e9485.jpg,4,Ootaka
tool_bird_class_train/Ootaka_Northern_Goshawk/ext_inat_20260504/inat_610960087_5524107a.jpg,4,Ootaka
tool_bird_class_train/Ootaka_Northern_Goshawk/ext_inat_20260504/inat_92767780_4a684193.jpg,4,Ootaka
tool_bird_class_train/Ootaka_Northern_Goshawk/ext_inat_20260504/inat_174727428_64413a5a.jpg,4,Ootaka
tool_bird_class_train/Ootaka_Northern_Goshawk/ext_inat_20260504/inat_354950208_023fea67.jpg,4,Ootaka
tool_bird_class_train/Ootaka_Northern_Goshawk/ext_inat_20260504/inat_46194485_6b4ed625.jpg,4,Ootaka
tool_bird_class_train/Ootaka_Northern_Goshawk/ext_inat_20260504/inat_94960171_8010fa7b.jpg,4,Ootaka
tool_bird_class_train/Ootaka_Northern_Goshawk/ext_inat_20260504/inat_342363621_03e11742.jpg,4,Ootaka
tool_bird_class_train/Ootaka_Northern_Goshawk/ext_inat_20260504/inat_554791840_46240a98.jpg,4,Ootaka
tool_bird_class_train/Ootaka_Northern_Goshawk/ext_inat_20260504/inat_108771358_c508a113.jpg,4,Ootaka
tool_bird_class_train/Ootaka_Northern_Goshawk/ext_wikimedia_20260504/wm_250323fd7553.jpg,4,Ootaka
tool_bird_class_train/Ootaka_Northern_Goshawk/ext_inat_20260504/inat_575484812_cb9675c8.jpg,4,Ootaka
tool_bird_class_train/Ootaka_Northern_Goshawk/ext_inat_20260504/inat_621182843_253c49b2.jpg,4,Ootaka
tool_bird_class_train/Ootaka_Northern_Goshawk/ext_inat_20260504/inat_474719053_d5fd9e98.jpg,4,Ootaka
tool_bird_class_train/Ootaka_Northern_Goshawk/ext_inat_20260504/inat_74479760_91bb74b0.jpg,4,Ootaka
tool_bird_class_train/Ootaka_Northern_Goshawk/inat_3113/6d81b5af-eb61-447d-9b2f-77c730934424.jpg,4,Ootaka
tool_bird_class_train/Ootaka_Northern_Goshawk/ext_inat_20260504/inat_109857171_f2c248aa.jpg,4,Ootaka
tool_bird_class_train/Ootaka_Northern_Goshawk/ext_inat_20260504/inat_472743252_62b49842.jpg,4,Ootaka
tool_bird_class_train/Ootaka_Northern_Goshawk/ext_wikimedia_20260504/wm_64d695d7dd0e.jpg,4,Ootaka
tool_bird_class_train/Ootaka_Northern_Goshawk/ext_inat_20260504/inat_465855777_0567b436.jpg,4,Ootaka
tool_bird_class_train/Ootaka_Northern_Goshawk/ext_wikimedia_20260504/wm_cdf1f452d7af.jpg,4,Ootaka
tool_bird_class_train/Ootaka_Northern_Goshawk/v5_ds_beta_bird/123.jpg,4,Ootaka
tool_bird_class_train/Ootaka_Northern_Goshawk/inat_3113/d6b4b488-7a44-4cdf-831b-b830c39632e3.jpg,4,Ootaka
tool_bird_class_train/Ootaka_Northern_Goshawk/ext_inat_20260504/inat_463718083_00d591e5.jpg,4,Ootaka
tool_bird_class_train/Ootaka_Northern_Goshawk/ext_inat_20260504/inat_32341097_6d8b720f.jpg,4,Ootaka
tool_bird_class_train/Ootaka_Northern_Goshawk/ext_inat_20260504/inat_557948929_fb403680.jpg,4,Ootaka
tool_bird_class_train/Ootaka_Northern_Goshawk/ext_inat_20260504/inat_150284924_6f460b62.jpg,4,Ootaka
tool_bird_class_train/Ootaka_Northern_Goshawk/ext_inat_20260504/inat_34264889_91238417.jpg,4,Ootaka
tool_bird_class_train/Ootaka_Northern_Goshawk/ext_inat_20260504/inat_176596025_a3fc9b7c.jpg,4,Ootaka
tool_bird_class_train/Ootaka_Northern_Goshawk/ext_inat_20260504/inat_498721711_26d604b5.jpg,4,Ootaka
tool_bird_class_train/Ootaka_Northern_Goshawk/ext_wikimedia_20260504/wm_636376a6c431.jpg,4,Ootaka
tool_bird_class_train/Ootaka_Northern_Goshawk/ext_wikimedia_20260504/wm_6b511d8c38a8.jpg,4,Ootaka
tool_bird_class_train/Ootaka_Northern_Goshawk/ext_wikimedia_20260504/wm_f90e032fa668.jpg,4,Ootaka
tool_bird_class_train/Ootaka_Northern_Goshawk/ext_inat_20260504/inat_517240472_0e7c54ef.jpg,4,Ootaka
tool_bird_class_train/Ootaka_Northern_Goshawk/ext_inat_20260504/inat_575386864_93405bb5.jpg,4,Ootaka
tool_bird_class_train/Ootaka_Northern_Goshawk/ext_inat_20260504/inat_261613088_4ae027cd.jpg,4,Ootaka
tool_bird_class_train/Ootaka_Northern_Goshawk/v4_gt/348083428.jpg,4,Ootaka
tool_bird_class_train/Ootaka_Northern_Goshawk/ext_inat_20260504/inat_185561977_371c1f1a.jpg,4,Ootaka
tool_bird_class_train/Ootaka_Northern_Goshawk/ext_inat_20260504/inat_432759218_36ef762f.jpg,4,Ootaka
tool_bird_class_train/Ootaka_Northern_Goshawk/ext_inat_20260504/inat_490570068_6fdbaa70.jpg,4,Ootaka
tool_bird_class_train/Ootaka_Northern_Goshawk/v5_ds_beta_bird/119.jpg,4,Ootaka
tool_bird_class_train/Ootaka_Northern_Goshawk/ext_inat_20260504/inat_597931705_cfbc6599.jpg,4,Ootaka
tool_bird_class_train/Ootaka_Northern_Goshawk/ext_inat_20260504/inat_528161236_b1459326.jpg,4,Ootaka
tool_bird_class_train/Ootaka_Northern_Goshawk/ext_inat_20260504/inat_110886316_f7bebf68.jpg,4,Ootaka
tool_bird_class_train/Ootaka_Northern_Goshawk/ext_inat_20260504/inat_160785390_ffbf9baf.jpg,4,Ootaka
tool_bird_class_train/Ootaka_Northern_Goshawk/ext_inat_20260504/inat_173311198_af32b002.jpg,4,Ootaka
tool_bird_class_train/Ootaka_Northern_Goshawk/ext_wikimedia_20260504/wm_c20da699dc70.jpg,4,Ootaka
tool_bird_class_train/Ootaka_Northern_Goshawk/ext_inat_20260504/inat_258023422_f6e92961.jpg,4,Ootaka
tool_bird_class_train/Ootaka_Northern_Goshawk/ext_inat_20260504/inat_476545716_1ef3805e.jpg,4,Ootaka
tool_bird_class_train/Ootaka_Northern_Goshawk/ext_inat_20260504/inat_249917236_22585c53.jpg,4,Ootaka
tool_bird_class_train/Ootaka_Northern_Goshawk/ext_inat_20260504/inat_537742179_019a9f9d.jpg,4,Ootaka
tool_bird_class_train/Ootaka_Northern_Goshawk/ext_inat_20260504/inat_255130778_0d9d91d5.jpg,4,Ootaka
tool_bird_class_train/Ootaka_Northern_Goshawk/ext_inat_20260504/inat_244347324_4827ec3a.jpg,4,Ootaka
tool_bird_class_train/Ootaka_Northern_Goshawk/ext_inat_20260504/inat_253357276_60d7eeaa.jpg,4,Ootaka
tool_bird_class_train/Ootaka_Northern_Goshawk/inat_3113/ec80d81e-991e-4b91-af39-1649430732a4.jpg,4,Ootaka
tool_bird_class_train/Ootaka_Northern_Goshawk/ext_inat_20260504/inat_221774862_0c81327c.jpg,4,Ootaka
tool_bird_class_train/Ootaka_Northern_Goshawk/ext_inat_20260504/inat_478066025_ed63e9d9.jpg,4,Ootaka
tool_bird_class_train/Ootaka_Northern_Goshawk/ext_inat_20260504/inat_160542178_222906d1.jpg,4,Ootaka
tool_bird_class_train/Ootaka_Northern_Goshawk/ext_inat_20260504/inat_157301404_ecfa14d0.jpg,4,Ootaka
tool_bird_class_train/Ootaka_Northern_Goshawk/ext_inat_20260504/inat_147430528_7fe2eff9.jpg,4,Ootaka
tool_bird_class_train/Ootaka_Northern_Goshawk/ext_inat_20260504/inat_109086792_9f787ef6.jpg,4,Ootaka
tool_bird_class_train/Ootaka_Northern_Goshawk/ext_inat_20260504/inat_553079939_2d452ea8.jpg,4,Ootaka
tool_bird_class_train/Ootaka_Northern_Goshawk/ext_wikimedia_20260504/wm_059dfb1c00ca.jpg,4,Ootaka
tool_bird_class_train/Ootaka_Northern_Goshawk/ext_wikimedia_20260504/wm_329c0cbbd528.jpg,4,Ootaka
tool_bird_class_train/Ootaka_Northern_Goshawk/v5_ds_beta_bird/inat_262787591.jpg,4,Ootaka
tool_bird_class_train/Ootaka_Northern_Goshawk/v5_ds_beta_bird/049.jpg,4,Ootaka
tool_bird_class_train/Ootaka_Northern_Goshawk/ext_wikimedia_20260504/wm_a18596185b71.jpg,4,Ootaka
tool_bird_class_train/Ootaka_Northern_Goshawk/ext_inat_20260504/inat_353289265_ea1f5e18.jpg,4,Ootaka
tool_bird_class_train/Ootaka_Northern_Goshawk/ext_inat_20260504/inat_488907464_57325763.jpg,4,Ootaka
tool_bird_class_train/Ootaka_Northern_Goshawk/v5_ds_beta_bird/ebird_527708641.jpg,4,Ootaka
tool_bird_class_train/Ootaka_Northern_Goshawk/v5_ds_beta_bird/010.jpg,4,Ootaka
tool_bird_class_train/Ootaka_Northern_Goshawk/ext_wikimedia_20260504/wm_f142a3c35b64.jpg,4,Ootaka
tool_bird_class_train/Ootaka_Northern_Goshawk/ext_inat_20260504/inat_139086191_fca8c7ff.jpg,4,Ootaka
tool_bird_class_train/Ootaka_Northern_Goshawk/v5_ds_beta_bird/038.jpg,4,Ootaka
tool_bird_class_train/Ootaka_Northern_Goshawk/v5_train_v5_inat/342482864.jpg,4,Ootaka
tool_bird_class_train/Ootaka_Northern_Goshawk/ext_inat_20260504/inat_101702227_4546b13e.jpg,4,Ootaka
tool_bird_class_train/Ootaka_Northern_Goshawk/ext_inat_20260504/inat_573948097_c2110d87.jpg,4,Ootaka
tool_bird_class_train/Ootaka_Northern_Goshawk/ext_inat_20260504/inat_627072360_2dfc2709.jpg,4,Ootaka
tool_bird_class_train/Ootaka_Northern_Goshawk/ext_inat_20260504/inat_611912110_a8e65a12.jpg,4,Ootaka
tool_bird_class_train/Ootaka_Northern_Goshawk/ext_wikimedia_20260504/wm_6f5f83e12436.jpg,4,Ootaka
tool_bird_class_train/Ootaka_Northern_Goshawk/ext_wikimedia_20260504/wm_fa73cb8b970c.jpg,4,Ootaka
tool_bird_class_train/Ootaka_Northern_Goshawk/ext_inat_20260504/inat_154415600_f3887365.jpg,4,Ootaka
inaturalist/additional_ebird/Ootaka_Eurasian_Goshawk/ebird_508106351.jpg,4,Ootaka
tool_bird_class_train/Ootaka_Northern_Goshawk/ext_wikimedia_20260504/wm_060434e91d1f.jpg,4,Ootaka
tool_bird_class_train/Ootaka_Northern_Goshawk/ext_inat_20260504/inat_574641668_ec5c9f82.jpg,4,Ootaka
tool_bird_class_train/Ootaka_Northern_Goshawk/ext_wikimedia_20260504/wm_106213ecfb1c.jpg,4,Ootaka
tool_bird_class_train/Ootaka_Northern_Goshawk/ext_inat_20260504/inat_633583289_cf9752fc.jpg,4,Ootaka
tool_bird_class_train/Ootaka_Northern_Goshawk/inat_3113/8f849a21-2adc-4176-b6f1-d3ec6ecbe018.jpg,4,Ootaka
tool_bird_class_train/Ootaka_Northern_Goshawk/v5_ds_beta_bird/152.jpg,4,Ootaka
tool_bird_class_train/Ootaka_Northern_Goshawk/ext_wikimedia_20260504/wm_dfd6d4039c76.jpg,4,Ootaka
tool_bird_class_train/Ootaka_Northern_Goshawk/ext_inat_20260504/inat_462665364_c7127302.jpg,4,Ootaka
tool_bird_class_train/Ootaka_Northern_Goshawk/ext_wikimedia_20260504/wm_8522008bf2d2.jpg,4,Ootaka
tool_bird_class_train/Ootaka_Northern_Goshawk/ext_wikimedia_20260504/wm_72506335fb44.jpg,4,Ootaka
inaturalist/additional_ebird/Ootaka_Eurasian_Goshawk/ebird_616666214.jpg,4,Ootaka
tool_bird_class_train/Ootaka_Northern_Goshawk/v5_ds_beta_bird/012.jpg,4,Ootaka
tool_bird_class_train/Ootaka_Northern_Goshawk/ext_wikimedia_20260504/wm_2c34c9a27b67.jpg,4,Ootaka
tool_bird_class_train/Ootaka_Northern_Goshawk/ext_inat_20260504/inat_489347671_6285baca.jpg,4,Ootaka
tool_bird_class_train/Ootaka_Northern_Goshawk/v5_ds_beta_bird/116.jpg,4,Ootaka
tool_bird_class_train/Ootaka_Northern_Goshawk/ext_inat_20260504/inat_205493247_c904c508.jpg,4,Ootaka
tool_bird_class_train/Ootaka_Northern_Goshawk/v5_ds_beta_bird/inat_337964725.jpg,4,Ootaka
tool_bird_class_train/Ootaka_Northern_Goshawk/ext_inat_20260504/inat_263009535_89c227e2.jpg,4,Ootaka
tool_bird_class_train/Ootaka_Northern_Goshawk/ext_wikimedia_20260504/wm_8bd47c3aac24.jpg,4,Ootaka
tool_bird_class_train/Ootaka_Northern_Goshawk/ext_inat_20260504/inat_574326977_3f651a84.jpg,4,Ootaka
tool_bird_class_train/Ootaka_Northern_Goshawk/ext_wikimedia_20260504/wm_d714976884d8.jpg,4,Ootaka
tool_bird_class_train/Ootaka_Northern_Goshawk/ext_inat_20260504/inat_101593078_c3fbe468.jpg,4,Ootaka
inaturalist/additional_ebird/Ootaka_Eurasian_Goshawk/ebird_645153364.jpg,4,Ootaka
tool_bird_class_train/Ootaka_Northern_Goshawk/ext_wikimedia_20260504/wm_11fd1603640e.jpg,4,Ootaka
tool_bird_class_train/Ootaka_Northern_Goshawk/v5_ds_beta_bird/031.jpg,4,Ootaka
tool_bird_class_train/Ootaka_Northern_Goshawk/ext_inat_20260504/inat_257724961_7ce7e3f3.jpg,4,Ootaka
tool_bird_class_train/Ootaka_Northern_Goshawk/ext_inat_20260504/inat_34287574_1d20cb02.jpg,4,Ootaka
tool_bird_class_train/Ootaka_Northern_Goshawk/ext_inat_20260504/inat_467381253_796d78d1.jpg,4,Ootaka
tool_bird_class_train/Ootaka_Northern_Goshawk/ext_wikimedia_20260504/wm_23e2d3344183.jpg,4,Ootaka
tool_bird_class_train/Ootaka_Northern_Goshawk/ext_wikimedia_20260504/wm_4994d4362e88.jpg,4,Ootaka
tool_bird_class_train/Ootaka_Northern_Goshawk/ext_inat_20260504/inat_245315458_c157f73d.jpg,4,Ootaka
tool_bird_class_train/Ootaka_Northern_Goshawk/ext_inat_20260504/inat_469062041_e0c59883.jpg,4,Ootaka
tool_bird_class_train/Ootaka_Northern_Goshawk/ext_inat_20260504/inat_604756868_853b0679.jpg,4,Ootaka
tool_bird_class_train/Ootaka_Northern_Goshawk/ext_inat_20260504/inat_335091248_22da1ae2.jpg,4,Ootaka
tool_bird_class_train/Ootaka_Northern_Goshawk/ext_inat_20260504/inat_613895885_1c1bc188.jpg,4,Ootaka
tool_bird_class_train/Ootaka_Northern_Goshawk/v5_ds_beta_bird/057.jpg,4,Ootaka
tool_bird_class_train/Ootaka_Northern_Goshawk/ext_inat_20260504/inat_352946453_94a63551.jpg,4,Ootaka
tool_bird_class_train/Ootaka_Northern_Goshawk/v5_ds_beta_bird/019.jpg,4,Ootaka
tool_bird_class_train/Ootaka_Northern_Goshawk/v5_ds_beta_bird/121.jpg,4,Ootaka
tool_bird_class_train/Ootaka_Northern_Goshawk/ext_inat_20260504/inat_439933091_a7448538.jpg,4,Ootaka
tool_bird_class_train/Ootaka_Northern_Goshawk/ext_inat_20260504/inat_566460527_567ace61.jpg,4,Ootaka
inaturalist/additional_ebird/Ootaka_Eurasian_Goshawk/ebird_451035691.jpg,4,Ootaka
tool_bird_class_train/Ootaka_Northern_Goshawk/inat_3113/e78394a9-14c6-427c-836e-17fba5b71bcd.jpg,4,Ootaka
tool_bird_class_train/Ootaka_Northern_Goshawk/ext_inat_20260504/inat_548008418_b8da7754.jpg,4,Ootaka
tool_bird_class_train/Ootaka_Northern_Goshawk/ext_inat_20260504/inat_434687948_95c9ab18.jpg,4,Ootaka
tool_bird_class_train/Ootaka_Northern_Goshawk/ext_inat_20260504/inat_87341639_8ae6e251.jpg,4,Ootaka
tool_bird_class_train/Ootaka_Northern_Goshawk/ext_inat_20260504/inat_306383026_0ad97a7b.jpg,4,Ootaka
tool_bird_class_train/Ootaka_Northern_Goshawk/ext_inat_20260504/inat_456863211_f3679c92.jpg,4,Ootaka
tool_bird_class_train/Ootaka_Northern_Goshawk/ext_wikimedia_20260504/wm_1f69f064045c.jpg,4,Ootaka
tool_bird_class_train/Ootaka_Northern_Goshawk/ext_inat_20260504/inat_150010855_fe38b499.jpg,4,Ootaka
tool_bird_class_train/Ootaka_Northern_Goshawk/ext_inat_20260504/inat_266570226_2349cd57.jpg,4,Ootaka
tool_bird_class_train/Ootaka_Northern_Goshawk/ext_wikimedia_20260504/wm_75fbc5a6ea8f.jpg,4,Ootaka
tool_bird_class_train/Ootaka_Northern_Goshawk/ext_inat_20260504/inat_328441835_849f3cd0.jpg,4,Ootaka
tool_bird_class_train/Ootaka_Northern_Goshawk/v5_ds_beta_bird/150.jpg,4,Ootaka
tool_bird_class_train/Ootaka_Northern_Goshawk/ext_inat_20260504/inat_615525597_018371ee.jpg,4,Ootaka
inaturalist/additional_ebird/Ootaka_Eurasian_Goshawk/ebird_396794971.jpg,4,Ootaka
tool_bird_class_train/Ootaka_Northern_Goshawk/v5_ds_beta_bird/159.jpg,4,Ootaka
tool_bird_class_train/Ootaka_Northern_Goshawk/ext_wikimedia_20260504/wm_a18496f9b1d1.jpg,4,Ootaka
tool_bird_class_train/Ootaka_Northern_Goshawk/ext_inat_20260504/inat_403069235_d4075a37.jpg,4,Ootaka
tool_bird_class_train/Ootaka_Northern_Goshawk/ext_inat_20260504/inat_619548405_9e84abad.jpg,4,Ootaka
tool_bird_class_train/Ootaka_Northern_Goshawk/v5_ds_beta_bird/ebird_618786227.jpg,4,Ootaka
tool_bird_class_train/Ootaka_Northern_Goshawk/ext_wikimedia_20260504/wm_efb1a2541c98.jpg,4,Ootaka
tool_bird_class_train/Ootaka_Northern_Goshawk/ext_wikimedia_20260504/wm_66a2e263dec4.jpg,4,Ootaka
tool_bird_class_train/Ootaka_Northern_Goshawk/ext_inat_20260504/inat_214326285_8ae45ac8.jpg,4,Ootaka
tool_bird_class_train/Ootaka_Northern_Goshawk/ext_wikimedia_20260504/wm_d51f332f64b4.jpg,4,Ootaka
tool_bird_class_train/Ootaka_Northern_Goshawk/ext_inat_20260504/inat_469073977_348b271d.jpg,4,Ootaka
tool_bird_class_train/Ootaka_Northern_Goshawk/ext_inat_20260504/inat_312226407_f66b5968.jpg,4,Ootaka
tool_bird_class_train/Ootaka_Northern_Goshawk/ext_inat_20260504/inat_528498173_18f0a8cf.jpg,4,Ootaka
tool_bird_class_train/Ootaka_Northern_Goshawk/ext_wikimedia_20260504/wm_a1589a51e509.jpg,4,Ootaka
tool_bird_class_train/Ootaka_Northern_Goshawk/ext_wikimedia_20260504/wm_3ccfe46c5d9b.jpg,4,Ootaka
tool_bird_class_train/Ootaka_Northern_Goshawk/inat_3113/f1b254f6-dce4-406f-aaf4-80684eb44e2d.jpg,4,Ootaka
tool_bird_class_train/Ootaka_Northern_Goshawk/ext_inat_20260504/inat_625217450_589a04e5.jpg,4,Ootaka
tool_bird_class_train/Ootaka_Northern_Goshawk/ext_inat_20260504/inat_228153588_935df3a8.jpg,4,Ootaka
tool_bird_class_train/Ootaka_Northern_Goshawk/ext_inat_20260504/inat_36584391_299827f3.jpg,4,Ootaka
tool_bird_class_train/Ootaka_Northern_Goshawk/ext_inat_20260504/inat_13689849_57be1591.jpg,4,Ootaka
tool_bird_class_train/Ootaka_Northern_Goshawk/ext_inat_20260504/inat_612188191_437df76b.jpg,4,Ootaka
tool_bird_class_train/Ootaka_Northern_Goshawk/ext_inat_20260504/inat_109194629_7b5f898d.jpg,4,Ootaka
tool_bird_class_train/Ootaka_Northern_Goshawk/ext_wikimedia_20260504/wm_98ab26daf8f0.jpg,4,Ootaka
tool_bird_class_train/Ootaka_Northern_Goshawk/ext_inat_20260504/inat_482427137_e2799ecf.jpg,4,Ootaka
tool_bird_class_train/Ootaka_Northern_Goshawk/ext_inat_20260504/inat_174733101_0cc4b197.jpg,4,Ootaka
tool_bird_class_train/Ootaka_Northern_Goshawk/ext_inat_20260504/inat_46195726_c8181747.jpg,4,Ootaka
tool_bird_class_train/Ootaka_Northern_Goshawk/ext_inat_20260504/inat_308473313_f904c457.jpg,4,Ootaka
tool_bird_class_train/Ootaka_Northern_Goshawk/ext_inat_20260504/inat_170842077_b18a20d8.jpg,4,Ootaka
tool_bird_class_train/Ootaka_Northern_Goshawk/ext_inat_20260504/inat_637519791_c11f523b.jpg,4,Ootaka
tool_bird_class_train/Ootaka_Northern_Goshawk/ext_inat_20260504/inat_348117080_015480ca.jpg,4,Ootaka
tool_bird_class_train/Ootaka_Northern_Goshawk/ext_inat_20260504/inat_351230535_f5839ecd.jpg,4,Ootaka
tool_bird_class_train/Ootaka_Northern_Goshawk/ext_inat_20260504/inat_464707129_2864e141.jpg,4,Ootaka
inaturalist/additional_ebird/Ootaka_Eurasian_Goshawk/ebird_551681591.jpg,4,Ootaka
tool_bird_class_train/Ootaka_Northern_Goshawk/ext_inat_20260504/inat_606970073_eb7a7401.jpg,4,Ootaka
tool_bird_class_train/Ootaka_Northern_Goshawk/ext_inat_20260504/inat_2685662_9eae1b8e.jpg,4,Ootaka
tool_bird_class_train/Ootaka_Northern_Goshawk/ext_inat_20260504/inat_183714862_663495ae.jpg,4,Ootaka
tool_bird_class_train/Ootaka_Northern_Goshawk/ext_inat_20260504/inat_12639750_329e2dad.jpg,4,Ootaka
tool_bird_class_train/Ootaka_Northern_Goshawk/ext_inat_20260504/inat_143261202_0d2df1fe.jpg,4,Ootaka
inaturalist/additional_ebird/Ootaka_Eurasian_Goshawk/ebird_627990125.jpg,4,Ootaka
tool_bird_class_train/Ootaka_Northern_Goshawk/ext_inat_20260504/inat_461445083_0b2a9d96.jpg,4,Ootaka
tool_bird_class_train/Ootaka_Northern_Goshawk/ext_inat_20260504/inat_619822305_51bcc6e0.jpg,4,Ootaka
tool_bird_class_train/Ootaka_Northern_Goshawk/ext_inat_20260504/inat_57221608_96104a24.jpg,4,Ootaka
tool_bird_class_train/Ootaka_Northern_Goshawk/ext_inat_20260504/inat_468218872_f870a2d8.jpg,4,Ootaka
tool_bird_class_train/Ootaka_Northern_Goshawk/ext_inat_20260504/inat_430289505_753c0b56.jpg,4,Ootaka
tool_bird_class_train/Ootaka_Northern_Goshawk/v5_ds_beta_bird/055.jpg,4,Ootaka
tool_bird_class_train/Ootaka_Northern_Goshawk/ext_inat_20260504/inat_161001993_2dc8c2a4.jpg,4,Ootaka
tool_bird_class_train/Ootaka_Northern_Goshawk/ext_inat_20260504/inat_156438873_82bc7394.jpg,4,Ootaka
tool_bird_class_train/Ootaka_Northern_Goshawk/ext_inat_20260504/inat_258491308_b97d428b.jpg,4,Ootaka
tool_bird_class_train/Ootaka_Northern_Goshawk/v5_ds_beta_bird/041.jpg,4,Ootaka
tool_bird_class_train/Ootaka_Northern_Goshawk/ext_inat_20260504/inat_610197464_1deb0587.jpg,4,Ootaka
tool_bird_class_train/Ootaka_Northern_Goshawk/ext_inat_20260504/inat_246036287_ef226d71.jpg,4,Ootaka
tool_bird_class_train/Ootaka_Northern_Goshawk/ext_wikimedia_20260504/wm_7afcf0a203cd.png,4,Ootaka
tool_bird_class_train/Ootaka_Northern_Goshawk/ext_inat_20260504/inat_477777221_b9bccf48.jpg,4,Ootaka
tool_bird_class_train/Ootaka_Northern_Goshawk/ext_inat_20260504/inat_476019973_83fcb368.jpg,4,Ootaka
tool_bird_class_train/Ootaka_Northern_Goshawk/ext_inat_20260504/inat_637006696_cf68c2fc.jpg,4,Ootaka
inaturalist/additional_ebird/Ootaka_Eurasian_Goshawk/ebird_624636329.jpg,4,Ootaka
tool_bird_class_train/Ootaka_Northern_Goshawk/ext_inat_20260504/inat_253229353_6f82eac7.jpg,4,Ootaka
tool_bird_class_train/Ootaka_Northern_Goshawk/ext_inat_20260504/inat_91664174_60db14b0.jpg,4,Ootaka
tool_bird_class_train/Ootaka_Northern_Goshawk/ext_inat_20260504/inat_621192272_c833c17e.jpg,4,Ootaka
tool_bird_class_train/Ootaka_Northern_Goshawk/ext_wikimedia_20260504/wm_eeb5247e4b6a.jpg,4,Ootaka
tool_bird_class_train/Ootaka_Northern_Goshawk/ext_inat_20260504/inat_587003191_b74361fa.jpg,4,Ootaka
tool_bird_class_train/Ootaka_Northern_Goshawk/v5_ds_beta_bird/103.jpg,4,Ootaka
tool_bird_class_train/Ootaka_Northern_Goshawk/ext_inat_20260504/inat_351979531_5c7ea6e3.jpg,4,Ootaka
tool_bird_class_train/Ootaka_Northern_Goshawk/ext_inat_20260504/inat_341916362_d4e1389a.jpg,4,Ootaka
tool_bird_class_train/Ootaka_Northern_Goshawk/ext_wikimedia_20260504/wm_d85827c6d002.jpg,4,Ootaka
tool_bird_class_train/Ootaka_Northern_Goshawk/v5_train_v5_inat/343123755.jpg,4,Ootaka
tool_bird_class_train/Ootaka_Northern_Goshawk/ext_inat_20260504/inat_184821983_d18d8767.jpg,4,Ootaka
tool_bird_class_train/Ootaka_Northern_Goshawk/ext_inat_20260504/inat_359002471_d7dbb054.jpg,4,Ootaka
tool_bird_class_train/Ootaka_Northern_Goshawk/ext_inat_20260504/inat_468869764_ce312fd1.jpg,4,Ootaka
tool_bird_class_train/Ootaka_Northern_Goshawk/ext_inat_20260504/inat_169917148_f916f724.jpg,4,Ootaka
tool_bird_class_train/Ootaka_Northern_Goshawk/ext_inat_20260504/inat_120241921_f94db020.jpg,4,Ootaka
tool_bird_class_train/Ootaka_Northern_Goshawk/ext_inat_20260504/inat_607499109_3ee36bf8.jpg,4,Ootaka
tool_bird_class_train/Ootaka_Northern_Goshawk/ext_wikimedia_20260504/wm_78019357fb25.png,4,Ootaka
tool_bird_class_train/Ootaka_Northern_Goshawk/ext_inat_20260504/inat_478065886_da9785f7.jpg,4,Ootaka
tool_bird_class_train/Ootaka_Northern_Goshawk/ext_inat_20260504/inat_451783509_d9714004.jpg,4,Ootaka
tool_bird_class_train/Ootaka_Northern_Goshawk/ext_inat_20260504/inat_409797485_e8a5168b.jpg,4,Ootaka
tool_bird_class_train/Ootaka_Northern_Goshawk/ext_inat_20260504/inat_309914116_38fbc0d7.jpg,4,Ootaka
inaturalist/additional_ebird/Ootaka_Eurasian_Goshawk/ebird_644336804.jpg,4,Ootaka
tool_bird_class_train/Ootaka_Northern_Goshawk/ext_wikimedia_20260504/wm_3eaf36bdb62a.jpg,4,Ootaka
tool_bird_class_train/Ootaka_Northern_Goshawk/v5_ds_beta_bird/062.jpg,4,Ootaka
tool_bird_class_train/Ootaka_Northern_Goshawk/ext_inat_20260504/inat_58323593_48c64118.jpg,4,Ootaka
tool_bird_class_train/Ootaka_Northern_Goshawk/ext_inat_20260504/inat_440899806_bf0949c8.jpg,4,Ootaka
tool_bird_class_train/Ootaka_Northern_Goshawk/ext_wikimedia_20260504/wm_195142d2ac6e.jpg,4,Ootaka
tool_bird_class_train/Ootaka_Northern_Goshawk/ext_inat_20260504/inat_481108366_8a02df0a.jpg,4,Ootaka
tool_bird_class_train/Ootaka_Northern_Goshawk/ext_inat_20260504/inat_243939893_ea3cd13e.jpg,4,Ootaka
tool_bird_class_train/Ootaka_Northern_Goshawk/v5_ds_beta_bird/ebird_171235621.jpg,4,Ootaka
tool_bird_class_train/Ootaka_Northern_Goshawk/ext_inat_20260504/inat_237531672_8ecd1566.jpg,4,Ootaka
tool_bird_class_train/Ootaka_Northern_Goshawk/ext_inat_20260504/inat_173846874_f09b7a08.jpg,4,Ootaka
tool_bird_class_train/Ootaka_Northern_Goshawk/ext_wikimedia_20260504/wm_80f5044821b9.jpg,4,Ootaka
tool_bird_class_train/Ootaka_Northern_Goshawk/ext_inat_20260504/inat_238458369_9ce90b58.jpg,4,Ootaka
tool_bird_class_train/Ootaka_Northern_Goshawk/ext_inat_20260504/inat_545346736_16508dd6.jpg,4,Ootaka
tool_bird_class_train/Ootaka_Northern_Goshawk/ext_inat_20260504/inat_2674052_95eabda4.jpg,4,Ootaka
tool_bird_class_train/Ootaka_Northern_Goshawk/ext_inat_20260504/inat_96974886_66f2d658.jpg,4,Ootaka
tool_bird_class_train/Ootaka_Northern_Goshawk/ext_wikimedia_20260504/wm_c146904c94a8.jpg,4,Ootaka
tool_bird_class_train/Ootaka_Northern_Goshawk/ext_wikimedia_20260504/wm_65b84da49b06.jpg,4,Ootaka
tool_bird_class_train/Ootaka_Northern_Goshawk/ext_wikimedia_20260504/wm_01044eee9757.jpg,4,Ootaka
tool_bird_class_train/Ootaka_Northern_Goshawk/ext_inat_20260504/inat_2739099_3fb7be33.jpg,4,Ootaka
tool_bird_class_train/Ootaka_Northern_Goshawk/ext_inat_20260504/inat_515540260_bc29b940.jpg,4,Ootaka
tool_bird_class_train/Ootaka_Northern_Goshawk/ext_inat_20260504/inat_567277800_482dbcff.jpg,4,Ootaka
tool_bird_class_train/Ootaka_Northern_Goshawk/ext_inat_20260504/inat_585227242_8bbc900f.jpg,4,Ootaka
tool_bird_class_train/Ootaka_Northern_Goshawk/ext_inat_20260504/inat_545513470_5eadae13.jpg,4,Ootaka
tool_bird_class_train/Ootaka_Northern_Goshawk/ext_inat_20260504/inat_592845819_076dec48.jpg,4,Ootaka
tool_bird_class_train/Ootaka_Northern_Goshawk/ext_inat_20260504/inat_585281745_ba9d15d3.jpg,4,Ootaka
tool_bird_class_train/Ootaka_Northern_Goshawk/ext_inat_20260504/inat_477411210_dbdbba0e.jpg,4,Ootaka
tool_bird_class_train/Ootaka_Northern_Goshawk/ext_inat_20260504/inat_181952874_fda1708c.jpg,4,Ootaka
tool_bird_class_train/Ootaka_Northern_Goshawk/ext_inat_20260504/inat_50697688_dca2dadf.jpg,4,Ootaka
tool_bird_class_train/Ootaka_Northern_Goshawk/ext_inat_20260504/inat_112793866_9965bc85.jpg,4,Ootaka
tool_bird_class_train/Ootaka_Northern_Goshawk/ext_inat_20260504/inat_258403277_66c8b0ee.jpg,4,Ootaka
tool_bird_class_train/Ootaka_Northern_Goshawk/ext_inat_20260504/inat_66816703_62eac8dc.jpg,4,Ootaka
tool_bird_class_train/Ootaka_Northern_Goshawk/ext_wikimedia_20260504/wm_aa095793e870.jpg,4,Ootaka
tool_bird_class_train/Ootaka_Northern_Goshawk/ext_inat_20260504/inat_301754094_a8b21c04.jpg,4,Ootaka
tool_bird_class_train/Ootaka_Northern_Goshawk/ext_wikimedia_20260504/wm_085ffa2bf8cc.jpg,4,Ootaka
tool_bird_class_train/Ootaka_Northern_Goshawk/ext_wikimedia_20260504/wm_a417670abb6d.jpg,4,Ootaka
tool_bird_class_train/Ootaka_Northern_Goshawk/ext_inat_20260504/inat_180769261_209239d6.jpg,4,Ootaka
tool_bird_class_train/Ootaka_Northern_Goshawk/v5_ds_beta_bird/124.jpg,4,Ootaka
tool_bird_class_train/Ootaka_Northern_Goshawk/ext_wikimedia_20260504/wm_1fe931cb654b.png,4,Ootaka
tool_bird_class_train/Ootaka_Northern_Goshawk/ext_inat_20260504/inat_580948858_dc11fbb4.jpg,4,Ootaka
tool_bird_class_train/Ootaka_Northern_Goshawk/ext_inat_20260504/inat_60028194_3dce4e07.jpg,4,Ootaka
tool_bird_class_train/Ootaka_Northern_Goshawk/ext_inat_20260504/inat_564231494_7f515fb7.jpg,4,Ootaka
tool_bird_class_train/Ootaka_Northern_Goshawk/ext_inat_20260504/inat_608129552_5a93c13b.jpg,4,Ootaka
tool_bird_class_train/Ootaka_Northern_Goshawk/ext_inat_20260504/inat_516530923_d9eb390c.jpg,4,Ootaka
tool_bird_class_train/Ootaka_Northern_Goshawk/ext_inat_20260504/inat_551246225_7544ac24.jpg,4,Ootaka
tool_bird_class_train/Ootaka_Northern_Goshawk/ext_inat_20260504/inat_540871391_1263e14b.jpg,4,Ootaka
tool_bird_class_train/Ootaka_Northern_Goshawk/ext_inat_20260504/inat_597177434_fc4abc04.jpg,4,Ootaka
tool_bird_class_train/Ootaka_Northern_Goshawk/ext_wikimedia_20260504/wm_6ab0dd25cbbc.jpg,4,Ootaka
tool_bird_class_train/Ootaka_Northern_Goshawk/ext_inat_20260504/inat_322751682_e76f0bbc.jpg,4,Ootaka
tool_bird_class_train/Ootaka_Northern_Goshawk/ext_wikimedia_20260504/wm_b21f074803ac.jpg,4,Ootaka
tool_bird_class_train/Ootaka_Northern_Goshawk/ext_inat_20260504/inat_623689210_08a4b577.jpg,4,Ootaka
tool_bird_class_train/Ootaka_Northern_Goshawk/ext_wikimedia_20260504/wm_b52ab6f06312.jpg,4,Ootaka
tool_bird_class_train/Ootaka_Northern_Goshawk/inat_3113/3bea7113-75dc-4573-83af-80db7ed9e569.jpg,4,Ootaka
tool_bird_class_train/Ootaka_Northern_Goshawk/ext_wikimedia_20260504/wm_6c57247bda22.jpg,4,Ootaka
inaturalist/additional_ebird/Ootaka_Eurasian_Goshawk/ebird_247190591.jpg,4,Ootaka
tool_bird_class_train/Ootaka_Northern_Goshawk/v5_ds_beta_bird/117.jpg,4,Ootaka
tool_bird_class_train/Ootaka_Northern_Goshawk/ext_inat_20260504/inat_638460266_1a72cd52.jpg,4,Ootaka
tool_bird_class_train/Ootaka_Northern_Goshawk/ext_inat_20260504/inat_601481531_d9581275.jpg,4,Ootaka
tool_bird_class_train/Ootaka_Northern_Goshawk/ext_inat_20260504/inat_226125811_e9b9064f.jpg,4,Ootaka
tool_bird_class_train/Ootaka_Northern_Goshawk/ext_wikimedia_20260504/wm_9bedabbeaec8.jpg,4,Ootaka
tool_bird_class_train/Ootaka_Northern_Goshawk/ext_inat_20260504/inat_470771824_b2431f4d.jpg,4,Ootaka
tool_bird_class_train/Ootaka_Northern_Goshawk/ext_inat_20260504/inat_57994968_ad780854.jpg,4,Ootaka
tool_bird_class_train/Ootaka_Northern_Goshawk/ext_inat_20260504/inat_388894692_17752f4d.jpg,4,Ootaka
tool_bird_class_train/Ootaka_Northern_Goshawk/ext_inat_20260504/inat_479040254_816e7b21.jpg,4,Ootaka
tool_bird_class_train/Ootaka_Northern_Goshawk/ext_inat_20260504/inat_599780924_c0f33284.jpg,4,Ootaka
tool_bird_class_train/Ootaka_Northern_Goshawk/ext_inat_20260504/inat_322171577_91696343.jpg,4,Ootaka
tool_bird_class_train/Ootaka_Northern_Goshawk/ext_inat_20260504/inat_115192762_0d9edde1.jpg,4,Ootaka
tool_bird_class_train/Ootaka_Northern_Goshawk/ext_wikimedia_20260504/wm_385cf0a7da9d.jpg,4,Ootaka
tool_bird_class_train/Ootaka_Northern_Goshawk/ext_inat_20260504/inat_351038753_903faa38.jpg,4,Ootaka
tool_bird_class_train/Ootaka_Northern_Goshawk/ext_inat_20260504/inat_176352334_59263ef4.jpg,4,Ootaka
tool_bird_class_train/Ootaka_Northern_Goshawk/v5_train_v5_inat/342545436.jpg,4,Ootaka
tool_bird_class_train/Ootaka_Northern_Goshawk/ext_inat_20260504/inat_481220706_f1126028.jpg,4,Ootaka
tool_bird_class_train/Ootaka_Northern_Goshawk/ext_inat_20260504/inat_167471723_2678b02f.jpg,4,Ootaka
tool_bird_class_train/Ootaka_Northern_Goshawk/v5_ds_beta_bird/054.jpg,4,Ootaka
tool_bird_class_train/Ootaka_Northern_Goshawk/v5_ds_beta_bird/091.jpg,4,Ootaka
tool_bird_class_train/Ootaka_Northern_Goshawk/ext_wikimedia_20260504/wm_0ef14cb84b4d.jpg,4,Ootaka
tool_bird_class_train/Ootaka_Northern_Goshawk/ext_inat_20260504/inat_589100276_fef1bf12.jpg,4,Ootaka
tool_bird_class_train/Ootaka_Northern_Goshawk/ext_wikimedia_20260504/wm_520d6c26f3fd.jpg,4,Ootaka
tool_bird_class_train/Ootaka_Northern_Goshawk/inat_3113/50dbc509-1f6a-4e62-b96d-2867e035b5a9.jpg,4,Ootaka
tool_bird_class_train/Ootaka_Northern_Goshawk/v4_gt/349474500.jpg,4,Ootaka
tool_bird_class_train/Ootaka_Northern_Goshawk/inat_3113/9b80e97f-ceeb-4fc3-b897-a99778574352.jpg,4,Ootaka
tool_bird_class_train/Ootaka_Northern_Goshawk/ext_inat_20260504/inat_108682766_10d9a9ec.jpg,4,Ootaka
tool_bird_class_train/Ootaka_Northern_Goshawk/ext_inat_20260504/inat_120247863_cd02fa66.jpg,4,Ootaka
tool_bird_class_train/Chuhi_Eastern_Marsh_Harrier/ext_inat_20260504/inat_546885213_d5c8183d.jpg,5,Chuhi
tool_bird_class_train/Chuhi_Eastern_Marsh_Harrier/UDS_chuhi-DSCr8866-1748-776-169-116.JPG,5,Chuhi
tool_bird_class_train/Chuhi_Eastern_Marsh_Harrier/UDS_chuhi-IMGr8231-2347-1526-228-201.JPG,5,Chuhi
tool_bird_class_train/Chuhi_Eastern_Marsh_Harrier/UDS_chuhi-DSCr0364-2788-1828-370-390.JPG,5,Chuhi
tool_bird_class_train/Chuhi_Eastern_Marsh_Harrier/UDS_chuhi-DSCr0248-3249-2044-615-246.JPG,5,Chuhi
tool_bird_class_train/Chuhi_Eastern_Marsh_Harrier/UDS_chuhi-DSCr0558-2929-1560-602-258.JPG,5,Chuhi
tool_bird_class_train/Chuhi_Eastern_Marsh_Harrier/AAS1_chuhi-IMGr8512-2516-1492-219-225.JPG,5,Chuhi
tool_bird_class_train/Chuhi_Eastern_Marsh_Harrier/UDS_chuhi-DSCr0468-2043-1594-722-154.JPG,5,Chuhi
tool_bird_class_train/Chuhi_Eastern_Marsh_Harrier/UDS_chuhi-DSCr0374-2168-1669-697-199.JPG,5,Chuhi
tool_bird_class_train/Chuhi_Eastern_Marsh_Harrier/UDS_chuhi-IMGr7740-2319-1406-425-220.JPG,5,Chuhi
tool_bird_class_train/Chuhi_Eastern_Marsh_Harrier/UDS_chuhi-DSCr0713-1897-1180-1024-665.JPG,5,Chuhi
tool_bird_class_train/Chuhi_Eastern_Marsh_Harrier/ext_inat_20260504/inat_437749083_27830a4c.jpg,5,Chuhi
tool_bird_class_train/Chuhi_Eastern_Marsh_Harrier/UDS_chuhi-DSCr0700-2227-1239-847-415.JPG,5,Chuhi
tool_bird_class_train/Chuhi_Eastern_Marsh_Harrier/UDS_chuhi-IMGr7800-2222-1242-468-360.JPG,5,Chuhi
tool_bird_class_train/Chuhi_Eastern_Marsh_Harrier/UDS_chuhi-DSCr0179-2620-1875-371-214.JPG,5,Chuhi
tool_bird_class_train/Chuhi_Eastern_Marsh_Harrier/UDS_chuhi-IMGr3063-2314-1560-401-316.JPG,5,Chuhi
tool_bird_class_train/Chuhi_Eastern_Marsh_Harrier/UDS_chuhi-DSCr0710-3371-2034-926-459.JPG,5,Chuhi
tool_bird_class_train/Chuhi_Eastern_Marsh_Harrier/UDS_chuhi-DSCr0036-2680-1473-548-474.JPG,5,Chuhi
tool_bird_class_train/Chuhi_Eastern_Marsh_Harrier/UDS_chuhi-DSCr1552-2705-1626-695-475.JPG,5,Chuhi
tool_bird_class_train/Chuhi_Eastern_Marsh_Harrier/v4_gt/339089412.jpg,5,Chuhi
tool_bird_class_train/Chuhi_Eastern_Marsh_Harrier/AAS1_chuhi-IMGr5668-2428-1388-241-219.JPG,5,Chuhi
tool_bird_class_train/Chuhi_Eastern_Marsh_Harrier/UDS_chuhi-IMGr8270-2456-1742-473-403.JPG,5,Chuhi
tool_bird_class_train/Chuhi_Eastern_Marsh_Harrier/AAS1_chuhi-IMGP3123-1538-958-358-167.JPG,5,Chuhi
tool_bird_class_train/Chuhi_Eastern_Marsh_Harrier/UDS_chuhi-A69Q7709-2323-1530-292-278.JPG,5,Chuhi
tool_bird_class_train/Chuhi_Eastern_Marsh_Harrier/UDS_chuhi-DSCr6556-2970-1632-404-243.JPG,5,Chuhi
tool_bird_class_train/Chuhi_Eastern_Marsh_Harrier/UDS_chuhi-DSCr0283-2461-1501-909-453.JPG,5,Chuhi
tool_bird_class_train/Chuhi_Eastern_Marsh_Harrier/UDS_chuhi-DSCr0545-3324-1226-548-274.JPG,5,Chuhi
tool_bird_class_train/Chuhi_Eastern_Marsh_Harrier/v5_train_v5_inat/321492848.jpg,5,Chuhi
tool_bird_class_train/Chuhi_Eastern_Marsh_Harrier/UDS_chuhi-DSCr0475-1118-653-455-263.JPG,5,Chuhi
tool_bird_class_train/Chuhi_Eastern_Marsh_Harrier/UDS_chuhi-DSCr0716-1423-1202-676-517.JPG,5,Chuhi
tool_bird_class_train/Chuhi_Eastern_Marsh_Harrier/UDS_chuhi-DSCr0665-2308-1726-1165-349.JPG,5,Chuhi
tool_bird_class_train/Chuhi_Eastern_Marsh_Harrier/UDS_chuhi-DSCr0072-2059-1305-404-322.JPG,5,Chuhi
tool_bird_class_train/Chuhi_Eastern_Marsh_Harrier/AAS1_chuhi-P1200073-1144-907-157-103.JPG,5,Chuhi
tool_bird_class_train/Chuhi_Eastern_Marsh_Harrier/UDS_chuhi-A69Q1870-1125-498-318-334.JPG,5,Chuhi
tool_bird_class_train/Chuhi_Eastern_Marsh_Harrier/UDS_chuhi-DSCr0268-2167-1689-332-360.JPG,5,Chuhi
tool_bird_class_train/Chuhi_Eastern_Marsh_Harrier/UDS_chuhi-DSCr0692-2671-1205-444-349.JPG,5,Chuhi
tool_bird_class_train/Chuhi_Eastern_Marsh_Harrier/ext_inat_20260504/inat_626071231_e8663b7f.jpg,5,Chuhi
tool_bird_class_train/Chuhi_Eastern_Marsh_Harrier/AAS1_chuhi-IMGr8371-2568-1646-171-124.JPG,5,Chuhi
tool_bird_class_train/Chuhi_Eastern_Marsh_Harrier/UDS_chuhi-DSCr0168-2509-1683-601-550.JPG,5,Chuhi
tool_bird_class_train/Chuhi_Eastern_Marsh_Harrier/UDS_chuhi-DSCr0172-2153-1615-375-272.JPG,5,Chuhi
tool_bird_class_train/Chuhi_Eastern_Marsh_Harrier/ext_inat_20260504/inat_2665475_9e1aadc8.jpg,5,Chuhi
tool_bird_class_train/Chuhi_Eastern_Marsh_Harrier/UDS_chuhi-IMGr9485-2069-1169-521-541.JPG,5,Chuhi
tool_bird_class_train/Chuhi_Eastern_Marsh_Harrier/UDS_chuhi-DSCr0561-2684-1589-763-362.JPG,5,Chuhi
tool_bird_class_train/Chuhi_Eastern_Marsh_Harrier/UDS_chuhi-DSCr0635-3856-1455-733-188.JPG,5,Chuhi
tool_bird_class_train/Chuhi_Eastern_Marsh_Harrier/UDS_chuhi-IMGr1055-2479-1651-323-248.JPG,5,Chuhi
tool_bird_class_train/Chuhi_Eastern_Marsh_Harrier/UDS_chuhi-DSCr1550-2289-1707-953-271.JPG,5,Chuhi
tool_bird_class_train/Chuhi_Eastern_Marsh_Harrier/UDS_chuhi-DSCr0546-3058-1602-552-259.JPG,5,Chuhi
tool_bird_class_train/Chuhi_Eastern_Marsh_Harrier/UDS_chuhi-DSCr0021-2772-1218-988-636.JPG,5,Chuhi
tool_bird_class_train/Chuhi_Eastern_Marsh_Harrier/UDS_chuhi-DSCr0492-3878-1145-564-319.JPG,5,Chuhi
tool_bird_class_train/Chuhi_Eastern_Marsh_Harrier/UDS_chuhi-DSCr0299-2644-1735-504-228.JPG,5,Chuhi
tool_bird_class_train/Chuhi_Eastern_Marsh_Harrier/ext_inat_20260504/inat_158589187_287eedb7.jpg,5,Chuhi
tool_bird_class_train/Chuhi_Eastern_Marsh_Harrier/ext_inat_20260504/inat_367467508_a9118870.jpg,5,Chuhi
tool_bird_class_train/Chuhi_Eastern_Marsh_Harrier/ext_inat_20260504/inat_2734719_b13207dd.jpg,5,Chuhi
tool_bird_class_train/Chuhi_Eastern_Marsh_Harrier/UDS_chuhi-A69Q3078-882-134-1016-817.JPG,5,Chuhi
tool_bird_class_train/Chuhi_Eastern_Marsh_Harrier/UDS_chuhi-IMGr9787-1915-1719-786-412.JPG,5,Chuhi
tool_bird_class_train/Chuhi_Eastern_Marsh_Harrier/ext_inat_20260504/inat_292253689_06dcbc0c.jpg,5,Chuhi
tool_bird_class_train/Chuhi_Eastern_Marsh_Harrier/UDS_chuhi-DSCr0581-2354-880-962-774.JPG,5,Chuhi
tool_bird_class_train/Chuhi_Eastern_Marsh_Harrier/AAS1_chuhi-IMGr1426-2220-1519-533-547.JPG,5,Chuhi
tool_bird_class_train/Chuhi_Eastern_Marsh_Harrier/UDS_chuhi-DSCr0192-1716-1416-635-488.JPG,5,Chuhi
tool_bird_class_train/Chuhi_Eastern_Marsh_Harrier/ext_inat_20260504/inat_402799179_ec04454a.jpg,5,Chuhi
tool_bird_class_train/Chuhi_Eastern_Marsh_Harrier/UDS_chuhi-DSCr0218r00030-2386-1506-498-261.JPG,5,Chuhi
tool_bird_class_train/Chuhi_Eastern_Marsh_Harrier/UDS_chuhi-IMGr7755-2368-1404-228-259.JPG,5,Chuhi
tool_bird_class_train/Chuhi_Eastern_Marsh_Harrier/UDS_chuhi-DSCr1374-2797-1360-333-224.JPG,5,Chuhi
tool_bird_class_train/Chuhi_Eastern_Marsh_Harrier/ext_inat_20260504/inat_302091926_b49ffe49.jpg,5,Chuhi
tool_bird_class_train/Chuhi_Eastern_Marsh_Harrier/UDS_chuhi-DSCr0408-2163-1323-293-227.JPG,5,Chuhi
tool_bird_class_train/Chuhi_Eastern_Marsh_Harrier/UDS_chuhi-DSCr0659-2154-1581-1014-432.JPG,5,Chuhi
tool_bird_class_train/Chuhi_Eastern_Marsh_Harrier/ext_inat_20260504/inat_343890092_6d52c02f.jpg,5,Chuhi
tool_bird_class_train/Chuhi_Eastern_Marsh_Harrier/UDS_chuhi-DSCr0499-2399-775-419-372.JPG,5,Chuhi
tool_bird_class_train/Chuhi_Eastern_Marsh_Harrier/AAS1_chuhi-r083A5043-585-318-236-272.JPG,5,Chuhi
tool_bird_class_train/Chuhi_Eastern_Marsh_Harrier/UDS_chuhi-DSCr0708-3040-1358-607-366.JPG,5,Chuhi
tool_bird_class_train/Chuhi_Eastern_Marsh_Harrier/UDS_chuhi-DSCr0255-2624-1674-342-255.JPG,5,Chuhi
tool_bird_class_train/Chuhi_Eastern_Marsh_Harrier/UDS_chuhi-DSCr0666-2450-1699-1177-350.JPG,5,Chuhi
tool_bird_class_train/Chuhi_Eastern_Marsh_Harrier/AAS1_chuhi-IMGr9595-2585-1618-199-238.JPG,5,Chuhi
tool_bird_class_train/Chuhi_Eastern_Marsh_Harrier/UDS_chuhi-IMGr9475-2689-1237-560-528.JPG,5,Chuhi
tool_bird_class_train/Chuhi_Eastern_Marsh_Harrier/UDS_chuhi-DSCr0212r00024-2132-1656-459-310.JPG,5,Chuhi
tool_bird_class_train/Chuhi_Eastern_Marsh_Harrier/AAS1_chuhi-IMGr8366-2484-1695-183-83.JPG,5,Chuhi
tool_bird_class_train/Chuhi_Eastern_Marsh_Harrier/AAS1_chuhi-P1210226-1099-827-219-109.JPG,5,Chuhi
tool_bird_class_train/Chuhi_Eastern_Marsh_Harrier/UDS_chuhi-DSCr0187-2567-1813-875-267.JPG,5,Chuhi
tool_bird_class_train/Chuhi_Eastern_Marsh_Harrier/UDS_chuhi-DSCr0442-2733-811-697-160.JPG,5,Chuhi
tool_bird_class_train/Chuhi_Eastern_Marsh_Harrier/UDS_chuhi-DSCr0552-3280-1670-775-607.JPG,5,Chuhi
tool_bird_class_train/Chuhi_Eastern_Marsh_Harrier/UDS_chuhi-A69Q1854-961-428-706-251.JPG,5,Chuhi
tool_bird_class_train/Chuhi_Eastern_Marsh_Harrier/ext_inat_20260504/inat_14617404_cb708693.jpg,5,Chuhi
tool_bird_class_train/Chuhi_Eastern_Marsh_Harrier/UDS_chuhi-DSCr0455-2399-953-505-170.JPG,5,Chuhi
tool_bird_class_train/Chuhi_Eastern_Marsh_Harrier/UDS_chuhi-IMGr2986-2398-1245-351-287.JPG,5,Chuhi
tool_bird_class_train/Chuhi_Eastern_Marsh_Harrier/UDS_chuhi-DSCr0270-2620-1716-316-339.JPG,5,Chuhi
tool_bird_class_train/Chuhi_Eastern_Marsh_Harrier/ext_inat_20260504/inat_428173757_ebde3ebc.jpg,5,Chuhi
tool_bird_class_train/Chuhi_Eastern_Marsh_Harrier/UDS_chuhi-IMGr9737-2326-1476-437-251.JPG,5,Chuhi
tool_bird_class_train/Chuhi_Eastern_Marsh_Harrier/ext_inat_20260504/inat_438411627_ee602f56.jpg,5,Chuhi
tool_bird_class_train/Chuhi_Eastern_Marsh_Harrier/UDS_chuhi-IMGr6424-2357-1559-262-201.JPG,5,Chuhi
tool_bird_class_train/Chuhi_Eastern_Marsh_Harrier/UDS_chuhi-DSCr0490-3449-1023-485-287.JPG,5,Chuhi
tool_bird_class_train/Chuhi_Eastern_Marsh_Harrier/UDS_chuhi-DSCr6561-3097-2061-307-290.JPG,5,Chuhi
tool_bird_class_train/Chuhi_Eastern_Marsh_Harrier/UDS_chuhi-A69Q1842-632-335-514-469.JPG,5,Chuhi
tool_bird_class_train/Chuhi_Eastern_Marsh_Harrier/AAS1_chuhi-IMGr7800-2641-1642-209-167.JPG,5,Chuhi
tool_bird_class_train/Chuhi_Eastern_Marsh_Harrier/ext_inat_20260504/inat_562141958_c4bd86de.jpg,5,Chuhi
tool_bird_class_train/Chuhi_Eastern_Marsh_Harrier/UDS_chuhi-A69Q7706-2480-1596-299-272.JPG,5,Chuhi
tool_bird_class_train/Chuhi_Eastern_Marsh_Harrier/UDS_chuhi-DSCr0433-3359-1698-405-304.JPG,5,Chuhi
tool_bird_class_train/Chuhi_Eastern_Marsh_Harrier/UDS_chuhi-DSCr0504-2977-1395-634-318.JPG,5,Chuhi
tool_bird_class_train/Chuhi_Eastern_Marsh_Harrier/UDS_chuhi-IMGr8245-2528-1526-262-235.JPG,5,Chuhi
tool_bird_class_train/Chuhi_Eastern_Marsh_Harrier/AAS1_chuhi-IMGr8363-2598-1550-174-122.JPG,5,Chuhi
tool_bird_class_train/Chuhi_Eastern_Marsh_Harrier/AAS1_chuhi-IMGr6159-2549-1594-502-313.JPG,5,Chuhi
tool_bird_class_train/Chuhi_Eastern_Marsh_Harrier/UDS_chuhi-IMGr6427-2383-1504-264-230.JPG,5,Chuhi
tool_bird_class_train/Chuhi_Eastern_Marsh_Harrier/ext_inat_20260504/inat_367467555_73434e28.jpg,5,Chuhi
tool_bird_class_train/Chuhi_Eastern_Marsh_Harrier/UDS_chuhi-DSCr0287-3109-1392-814-511.JPG,5,Chuhi
tool_bird_class_train/Chuhi_Eastern_Marsh_Harrier/AAS1_chuhi-IMGr9627-2303-1662-155-110.JPG,5,Chuhi
tool_bird_class_train/Chuhi_Eastern_Marsh_Harrier/AAS1_chuhi-IMGr9951-2259-1886-303-148.JPG,5,Chuhi
tool_bird_class_train/Chuhi_Eastern_Marsh_Harrier/UDS_chuhi-DSCr0224r00036-1696-1487-798-451.JPG,5,Chuhi
tool_bird_class_train/Chuhi_Eastern_Marsh_Harrier/AAS1_chuhi-IMGr5454-2580-1587-681-533.JPG,5,Chuhi
tool_bird_class_train/Chuhi_Eastern_Marsh_Harrier/ext_inat_20260504/inat_230353018_b07af9c4.jpg,5,Chuhi
tool_bird_class_train/Chuhi_Eastern_Marsh_Harrier/UDS_chuhi-IMGr2744-2463-1458-271-432.JPG,5,Chuhi
tool_bird_class_train/Chuhi_Eastern_Marsh_Harrier/UDS_chuhi-DSCr0505-2199-1734-673-213.JPG,5,Chuhi
tool_bird_class_train/Chuhi_Eastern_Marsh_Harrier/UDS_chuhi-DSCr0547-2961-1809-533-290.JPG,5,Chuhi
tool_bird_class_train/Chuhi_Eastern_Marsh_Harrier/UDS_chuhi-DSCr0288-2912-1597-679-746.JPG,5,Chuhi
tool_bird_class_train/Chuhi_Eastern_Marsh_Harrier/UDS_chuhi-DSCr0497-2065-934-438-383.JPG,5,Chuhi
tool_bird_class_train/Chuhi_Eastern_Marsh_Harrier/v5_train_v5_inat/322379876.jpg,5,Chuhi
tool_bird_class_train/Chuhi_Eastern_Marsh_Harrier/ext_inat_20260504/inat_129024434_bfc9d3c2.jpg,5,Chuhi
tool_bird_class_train/Chuhi_Eastern_Marsh_Harrier/UDS_chuhi-DSCr0568-2733-1359-675-446.JPG,5,Chuhi
tool_bird_class_train/Chuhi_Eastern_Marsh_Harrier/ext_inat_20260504/inat_581432740_b9b5d47a.jpg,5,Chuhi
tool_bird_class_train/Chuhi_Eastern_Marsh_Harrier/UDS_chuhi-IMGr6421-2319-1463-281-225.JPG,5,Chuhi
tool_bird_class_train/Chuhi_Eastern_Marsh_Harrier/ext_inat_20260504/inat_456192858_5b09711f.png,5,Chuhi
tool_bird_class_train/Chuhi_Eastern_Marsh_Harrier/UDS_chuhi-DSCr0225r00037-2182-893-733-526.JPG,5,Chuhi
tool_bird_class_train/Chuhi_Eastern_Marsh_Harrier/ext_inat_20260504/inat_546723189_8112281f.jpg,5,Chuhi
tool_bird_class_train/Chuhi_Eastern_Marsh_Harrier/UDS_chuhi-DSCr0089-3075-2061-826-344.JPG,5,Chuhi
tool_bird_class_train/Chuhi_Eastern_Marsh_Harrier/UDS_chuhi-DSCr0725-3215-1237-690-551.JPG,5,Chuhi
tool_bird_class_train/Chuhi_Eastern_Marsh_Harrier/UDS_chuhi-IMGr7799-2424-910-454-509.JPG,5,Chuhi
tool_bird_class_train/Chuhi_Eastern_Marsh_Harrier/ext_inat_20260504/inat_232045041_f07b331b.jpg,5,Chuhi
tool_bird_class_train/Chuhi_Eastern_Marsh_Harrier/UDS_chuhi-DSCr0149r00019-2108-1658-397-189.JPG,5,Chuhi
tool_bird_class_train/Chuhi_Eastern_Marsh_Harrier/UDS_chuhi-IMGr6422-2333-1576-243-223.JPG,5,Chuhi
tool_bird_class_train/Chuhi_Eastern_Marsh_Harrier/UDS_chuhi-DSCr0074-2005-1338-2005-1338.JPG,5,Chuhi
tool_bird_class_train/Chuhi_Eastern_Marsh_Harrier/UDS_chuhi-IMGr6459-2037-1281-632-504.JPG,5,Chuhi
tool_bird_class_train/Chuhi_Eastern_Marsh_Harrier/AAS1_chuhi-P1200070-1116-950-139-58.JPG,5,Chuhi
tool_bird_class_train/Chuhi_Eastern_Marsh_Harrier/UDS_chuhi-IMGr2988-2268-1620-322-201.JPG,5,Chuhi
tool_bird_class_train/Chuhi_Eastern_Marsh_Harrier/UDS_chuhi-DSCr0266-3063-1192-329-305.JPG,5,Chuhi
tool_bird_class_train/Chuhi_Eastern_Marsh_Harrier/AAS1_chuhi-IMGr7607-2160-1794-593-139.JPG,5,Chuhi
tool_bird_class_train/Chuhi_Eastern_Marsh_Harrier/UDS_chuhi-IMGr7791-2345-1666-354-155.JPG,5,Chuhi
tool_bird_class_train/Chuhi_Eastern_Marsh_Harrier/UDS_chuhi-DSCr0119r00004-2383-1509-224-195.JPG,5,Chuhi
tool_bird_class_train/Chuhi_Eastern_Marsh_Harrier/ext_inat_20260504/inat_546885183_5e6d54d1.jpg,5,Chuhi
tool_bird_class_train/Chuhi_Eastern_Marsh_Harrier/AAS1_chuhi-IMGr9626r-2651-1982-186-160.JPG,5,Chuhi
tool_bird_class_train/Chuhi_Eastern_Marsh_Harrier/UDS_chuhi-DSCr0467-3466-1493-471-168.JPG,5,Chuhi
tool_bird_class_train/Chuhi_Eastern_Marsh_Harrier/ext_inat_20260504/inat_267691072_59debb84.png,5,Chuhi
tool_bird_class_train/Chuhi_Eastern_Marsh_Harrier/ext_inat_20260504/inat_583182700_ac64abcb.jpg,5,Chuhi
tool_bird_class_train/Chuhi_Eastern_Marsh_Harrier/ext_inat_20260504/inat_381391031_fe635097.jpg,5,Chuhi
tool_bird_class_train/Chuhi_Eastern_Marsh_Harrier/AAS1_chuhi-IMGr8511-2460-1575-127-62.JPG,5,Chuhi
tool_bird_class_train/Chuhi_Eastern_Marsh_Harrier/UDS_chuhi-IMGr1052-1584-1435-251-158.JPG,5,Chuhi
tool_bird_class_train/Chuhi_Eastern_Marsh_Harrier/ext_inat_20260504/inat_438396048_022b95a4.png,5,Chuhi
tool_bird_class_train/Chuhi_Eastern_Marsh_Harrier/UDS_chuhi-DSCr0402-4678-1136-319-300.JPG,5,Chuhi
tool_bird_class_train/Chuhi_Eastern_Marsh_Harrier/AAS1_chuhi-IMGr6159-1-2563-1609-488-303.JPG,5,Chuhi
tool_bird_class_train/Chuhi_Eastern_Marsh_Harrier/AAS1_chuhi-P1200061-1365-810-175-147.JPG,5,Chuhi
tool_bird_class_train/Chuhi_Eastern_Marsh_Harrier/AAS1_chuhi-rrrrr140217-320-285-255-124.JPG,5,Chuhi
tool_bird_class_train/Chuhi_Eastern_Marsh_Harrier/UDS_chuhi-IMGr6451-2266-1430-228-230.JPG,5,Chuhi
tool_bird_class_train/Chuhi_Eastern_Marsh_Harrier/UDS_chuhi-DSCr0085-2588-1877-1017-416.JPG,5,Chuhi
tool_bird_class_train/Chuhi_Eastern_Marsh_Harrier/AAS1_chuhi-IMGr8372-2569-1685-157-79.JPG,5,Chuhi
tool_bird_class_train/Chuhi_Eastern_Marsh_Harrier/v5_train_v5_inat/311403355.jpg,5,Chuhi
tool_bird_class_train/Chuhi_Eastern_Marsh_Harrier/ext_inat_20260504/inat_427821382_dfa420bd.jpg,5,Chuhi
tool_bird_class_train/Chuhi_Eastern_Marsh_Harrier/UDS_chuhi-DSCr0394-3266-2138-727-220.JPG,5,Chuhi
tool_bird_class_train/Chuhi_Eastern_Marsh_Harrier/UDS_chuhi-DSCr0277-2610-1687-547-322.JPG,5,Chuhi
tool_bird_class_train/Chuhi_Eastern_Marsh_Harrier/UDS_chuhi-DSCr0727-2833-574-525-506.JPG,5,Chuhi
tool_bird_class_train/Chuhi_Eastern_Marsh_Harrier/UDS_chuhi-IMGr2776-2492-1396-365-381.JPG,5,Chuhi
tool_bird_class_train/Chuhi_Eastern_Marsh_Harrier/UDS_chuhi-DSCr0281-2418-1238-796-321.JPG,5,Chuhi
tool_bird_class_train/Chuhi_Eastern_Marsh_Harrier/ext_inat_20260504/inat_129051388_8c2cd31e.jpg,5,Chuhi
tool_bird_class_train/Chuhi_Eastern_Marsh_Harrier/UDS_chuhi-DSCr0376-1998-1713-471-162.JPG,5,Chuhi
tool_bird_class_train/Chuhi_Eastern_Marsh_Harrier/UDS_chuhi-DSCr0470-1428-1520-739-160.JPG,5,Chuhi
tool_bird_class_train/Chuhi_Eastern_Marsh_Harrier/UDS_chuhi-DSCr0570-2415-1132-480-309.JPG,5,Chuhi
tool_bird_class_train/Chuhi_Eastern_Marsh_Harrier/AAS1_chuhi-r083A4046a-681-300-370-439.JPG,5,Chuhi
tool_bird_class_train/Chuhi_Eastern_Marsh_Harrier/AAS1_chuhi-IMGr6321-2432-1677-221-283.JPG,5,Chuhi
tool_bird_class_train/Chuhi_Eastern_Marsh_Harrier/UDS_chuhi-IMGr3052-2397-1545-446-175.JPG,5,Chuhi
tool_bird_class_train/Chuhi_Eastern_Marsh_Harrier/UDS_chuhi-DSCr0580-2588-1086-903-695.JPG,5,Chuhi
tool_bird_class_train/Chuhi_Eastern_Marsh_Harrier/ext_inat_20260504/inat_570992297_829338b5.jpg,5,Chuhi
tool_bird_class_train/Chuhi_Eastern_Marsh_Harrier/UDS_chuhi-DSCr0405-1908-1427-560-226.JPG,5,Chuhi
tool_bird_class_train/Chuhi_Eastern_Marsh_Harrier/UDS_chuhi-DSCr0688-2806-1671-469-234.JPG,5,Chuhi
tool_bird_class_train/Chuhi_Eastern_Marsh_Harrier/v5_train_v5_inat/316267819.jpg,5,Chuhi
tool_bird_class_train/Chuhi_Eastern_Marsh_Harrier/UDS_chuhi-DSCr0202-3331-1214-772-301.JPG,5,Chuhi
tool_bird_class_train/Chuhi_Eastern_Marsh_Harrier/ext_inat_20260504/inat_208708025_bead636a.jpg,5,Chuhi
tool_bird_class_train/Chuhi_Eastern_Marsh_Harrier/UDS_chuhi-A69Q1841-928-297-545-530.JPG,5,Chuhi
tool_bird_class_train/Chuhi_Eastern_Marsh_Harrier/UDS_chuhi-DSCr0697-2935-1769-899-385.JPG,5,Chuhi
tool_bird_class_train/Chuhi_Eastern_Marsh_Harrier/AAS1_chuhi-IMGr2840r-1-490-262-264-532.JPG,5,Chuhi
tool_bird_class_train/Chuhi_Eastern_Marsh_Harrier/UDS_chuhi-IMGr7724-2327-1234-539-384.JPG,5,Chuhi
tool_bird_class_train/Chuhi_Eastern_Marsh_Harrier/UDS_chuhi-DSCr0517-2005-1451-501-348.JPG,5,Chuhi
tool_bird_class_train/Chuhi_Eastern_Marsh_Harrier/UDS_chuhi-DSCr0284-2664-1533-1104-594.JPG,5,Chuhi
tool_bird_class_train/Chuhi_Eastern_Marsh_Harrier/UDS_chuhi-DSCr0548-2895-1470-556-250.JPG,5,Chuhi
tool_bird_class_train/Chuhi_Eastern_Marsh_Harrier/AAS1_chuhi-IMGr6613-1r-166-85-220-288.JPG,5,Chuhi
tool_bird_class_train/Chuhi_Eastern_Marsh_Harrier/UDS_chuhi-IMGr7733-2492-1468-790-569.JPG,5,Chuhi
tool_bird_class_train/Chuhi_Eastern_Marsh_Harrier/UDS_chuhi-A69Q7708-2531-1799-247-214.JPG,5,Chuhi
tool_bird_class_train/Chuhi_Eastern_Marsh_Harrier/UDS_chuhi-DSCr0478-1399-1459-515-219.JPG,5,Chuhi
tool_bird_class_train/Chuhi_Eastern_Marsh_Harrier/UDS_chuhi-DSCr0678-1684-1613-986-608.JPG,5,Chuhi
tool_bird_class_train/Chuhi_Eastern_Marsh_Harrier/UDS_chuhi-DSCr0532-2812-1286-594-422.JPG,5,Chuhi
tool_bird_class_train/Chuhi_Eastern_Marsh_Harrier/UDS_chuhi-DSCr0719-2805-248-677-641.JPG,5,Chuhi
tool_bird_class_train/Chuhi_Eastern_Marsh_Harrier/AAS1_chuhi-IMGr9829-2003-1272-724-557.JPG,5,Chuhi
tool_bird_class_train/Chuhi_Eastern_Marsh_Harrier/UDS_chuhi-IMGr9473-2275-1382-579-451.JPG,5,Chuhi
tool_bird_class_train/Chuhi_Eastern_Marsh_Harrier/AAS1_chuhi-IMGr6061-2659-1741-295-201.JPG,5,Chuhi
tool_bird_class_train/Chuhi_Eastern_Marsh_Harrier/UDS_chuhi-DSCr6528-2624-1705-440-293.JPG,5,Chuhi
tool_bird_class_train/Chuhi_Eastern_Marsh_Harrier/UDS_chuhi-DSCr0264-2690-1493-332-272.JPG,5,Chuhi
tool_bird_class_train/Chuhi_Eastern_Marsh_Harrier/UDS_chuhi-IMGr8233-2126-1300-238-191.JPG,5,Chuhi
tool_bird_class_train/Chuhi_Eastern_Marsh_Harrier/UDS_chuhi-DSCr0259-1156-1309-1059-485.JPG,5,Chuhi
tool_bird_class_train/Chuhi_Eastern_Marsh_Harrier/AAS1_chuhi-IMGr1439-2655-1358-545-580.JPG,5,Chuhi
tool_bird_class_train/Chuhi_Eastern_Marsh_Harrier/UDS_chuhi-DSCr0028-3079-1502-967-755.JPG,5,Chuhi
tool_bird_class_train/Chuhi_Eastern_Marsh_Harrier/UDS_chuhi-A69Q1866-1280-393-862-845.JPG,5,Chuhi
tool_bird_class_train/Chuhi_Eastern_Marsh_Harrier/AAS1_chuhi-IMGr5449-2693-1751-590-432.JPG,5,Chuhi
tool_bird_class_train/Chuhi_Eastern_Marsh_Harrier/UDS_chuhi-DSCr0406-2636-1466-581-235.JPG,5,Chuhi
tool_bird_class_train/Chuhi_Eastern_Marsh_Harrier/UDS_chuhi-IMGr8268-2650-1139-484-255.JPG,5,Chuhi
tool_bird_class_train/Chuhi_Eastern_Marsh_Harrier/AAS1_chuhi-IMGr1438-2024-1780-507-532.JPG,5,Chuhi
tool_bird_class_train/Chuhi_Eastern_Marsh_Harrier/AAS1_chuhi-IMGr8537-2126-1301-464-621.JPG,5,Chuhi
tool_bird_class_train/Chuhi_Eastern_Marsh_Harrier/AAS1_chuhi-IMGr7620-2588-1595-318-396.JPG,5,Chuhi
tool_bird_class_train/Chuhi_Eastern_Marsh_Harrier/UDS_chuhi-DSCr0449-2586-955-461-242.JPG,5,Chuhi
tool_bird_class_train/Chuhi_Eastern_Marsh_Harrier/UDS_chuhi-IMGr8732-2244-1184-527-326.JPG,5,Chuhi
tool_bird_class_train/Chuhi_Eastern_Marsh_Harrier/UDS_chuhi-A69Q3106-883-400-633-222.JPG,5,Chuhi
tool_bird_class_train/Chuhi_Eastern_Marsh_Harrier/ext_inat_20260504/inat_620817022_44620f5f.jpg,5,Chuhi
tool_bird_class_train/Chuhi_Eastern_Marsh_Harrier/UDS_chuhi-IMGr6454-2323-1351-243-254.JPG,5,Chuhi
tool_bird_class_train/Chuhi_Eastern_Marsh_Harrier/AAS1_chuhi-IMGr7608-2222-1734-481-272.JPG,5,Chuhi
tool_bird_class_train/Chuhi_Eastern_Marsh_Harrier/UDS_chuhi-DSCr0691-4682-2026-596-377.JPG,5,Chuhi
tool_bird_class_train/Chuhi_Eastern_Marsh_Harrier/UDS_chuhi-DSCr6537-3124-1996-241-209.JPG,5,Chuhi
tool_bird_class_train/Chuhi_Eastern_Marsh_Harrier/UDS_chuhi-DSCr0155-2718-1768-399-291.JPG,5,Chuhi
tool_bird_class_train/Chuhi_Eastern_Marsh_Harrier/UDS_chuhi-IMGr6431-2439-1372-271-196.JPG,5,Chuhi
tool_bird_class_train/Chuhi_Eastern_Marsh_Harrier/v5_train_v5_inat/313053020.jpg,5,Chuhi
tool_bird_class_train/Chuhi_Eastern_Marsh_Harrier/UDS_chuhi-DSCr6553-3079-1121-440-321.JPG,5,Chuhi
tool_bird_class_train/Chuhi_Eastern_Marsh_Harrier/UDS_chuhi-IMGr2985-2671-1585-323-273.JPG,5,Chuhi
tool_bird_class_train/Chuhi_Eastern_Marsh_Harrier/UDS_chuhi-DSCr0706-2921-1389-592-406.JPG,5,Chuhi
tool_bird_class_train/Chuhi_Eastern_Marsh_Harrier/UDS_chuhi-DSCr0435-3640-1655-427-249.JPG,5,Chuhi
tool_bird_class_train/Chuhi_Eastern_Marsh_Harrier/UDS_chuhi-DSCr1538-2886-1927-402-193.JPG,5,Chuhi
tool_bird_class_train/Chuhi_Eastern_Marsh_Harrier/UDS_chuhi-IMGr9499-2612-1151-271-187.JPG,5,Chuhi
tool_bird_class_train/Chuhi_Eastern_Marsh_Harrier/UDS_chuhi-DSCr0564-3023-1263-539-267.JPG,5,Chuhi
tool_bird_class_train/Chuhi_Eastern_Marsh_Harrier/UDS_chuhi-DSCr1551-3021-1898-685-484.JPG,5,Chuhi
tool_bird_class_train/Chuhi_Eastern_Marsh_Harrier/UDS_chuhi-DSCr0404-1889-1667-547-235.JPG,5,Chuhi
tool_bird_class_train/Chuhi_Eastern_Marsh_Harrier/UDS_chuhi-DSCr0096-3417-1758-419-339.JPG,5,Chuhi
tool_bird_class_train/Chuhi_Eastern_Marsh_Harrier/UDS_chuhi-DSCr0366-3268-2644-468-320.JPG,5,Chuhi
tool_bird_class_train/Chuhi_Eastern_Marsh_Harrier/UDS_chuhi-IMGr6432-2453-1353-247-196.JPG,5,Chuhi
tool_bird_class_train/Chuhi_Eastern_Marsh_Harrier/UDS_chuhi-IMGr6455-2391-1346-257-237.JPG,5,Chuhi
tool_bird_class_train/Chuhi_Eastern_Marsh_Harrier/UDS_chuhi-DSCr0511-4448-1125-374-344.JPG,5,Chuhi
tool_bird_class_train/Chuhi_Eastern_Marsh_Harrier/AAS1_chuhi-r083A5181-541-326-643-816.JPG,5,Chuhi
tool_bird_class_train/Chuhi_Eastern_Marsh_Harrier/UDS_chuhi-IMGr9810-2275-1461-653-316.JPG,5,Chuhi
tool_bird_class_train/Chuhi_Eastern_Marsh_Harrier/UDS_chuhi-IMGr7790-2515-1526-364-475.JPG,5,Chuhi
tool_bird_class_train/Chuhi_Eastern_Marsh_Harrier/UDS_chuhi-DSCr0275-2417-1763-544-300.JPG,5,Chuhi
tool_bird_class_train/Chuhi_Eastern_Marsh_Harrier/UDS_chuhi-DSCr0469-1634-1390-712-170.JPG,5,Chuhi
tool_bird_class_train/Chuhi_Eastern_Marsh_Harrier/ext_inat_20260504/inat_166754354_93c6e4ae.jpg,5,Chuhi
tool_bird_class_train/Chuhi_Eastern_Marsh_Harrier/ext_inat_20260504/inat_127663648_74adfb0c.jpg,5,Chuhi
tool_bird_class_train/Chuhi_Eastern_Marsh_Harrier/UDS_chuhi-DSCr0461-3234-2077-278-268.JPG,5,Chuhi
tool_bird_class_train/Chuhi_Eastern_Marsh_Harrier/ext_inat_20260504/inat_479839293_8c0cb5fc.jpg,5,Chuhi
tool_bird_class_train/Chuhi_Eastern_Marsh_Harrier/UDS_chuhi-DSCr8867-1658-655-185-170.JPG,5,Chuhi
tool_bird_class_train/Chuhi_Eastern_Marsh_Harrier/v5_train_v5_inat/303662097.jpg,5,Chuhi
tool_bird_class_train/Chuhi_Eastern_Marsh_Harrier/AAS1_chuhi-IMGr2828-2367-1598-320-195.JPG,5,Chuhi
tool_bird_class_train/Chuhi_Eastern_Marsh_Harrier/ext_inat_20260504/inat_194616801_9945b3d7.jpg,5,Chuhi
tool_bird_class_train/Chuhi_Eastern_Marsh_Harrier/AAS1_chuhi-IMGr5451-2227-1421-493-450.JPG,5,Chuhi
tool_bird_class_train/Chuhi_Eastern_Marsh_Harrier/UDS_chuhi-DSCr0031-2456-1654-572-411.JPG,5,Chuhi
tool_bird_class_train/Chuhi_Eastern_Marsh_Harrier/UDS_chuhi-DSCr0651-1761-1187-1198-674.JPG,5,Chuhi
tool_bird_class_train/Chuhi_Eastern_Marsh_Harrier/ext_inat_20260504/inat_290210683_0f90aee1.jpg,5,Chuhi
tool_bird_class_train/Chuhi_Eastern_Marsh_Harrier/UDS_chuhi-DSCr0221r00033-2658-1390-524-267.JPG,5,Chuhi
tool_bird_class_train/Chuhi_Eastern_Marsh_Harrier/AAS1_chuhi-P1200563-990-860-145-104.JPG,5,Chuhi
tool_bird_class_train/Chuhi_Eastern_Marsh_Harrier/UDS_chuhi-DSCr0536-2427-1582-535-265.JPG,5,Chuhi
tool_bird_class_train/Chuhi_Eastern_Marsh_Harrier/UDS_chuhi-DSCr0671-2611-1286-741-291.JPG,5,Chuhi
tool_bird_class_train/Chuhi_Eastern_Marsh_Harrier/ext_inat_20260504/inat_566202188_1ab91f5d.jpg,5,Chuhi
tool_bird_class_train/Chuhi_Eastern_Marsh_Harrier/ext_inat_20260504/inat_470511847_c1f96603.png,5,Chuhi
tool_bird_class_train/Chuhi_Eastern_Marsh_Harrier/ext_inat_20260504/inat_428087036_f335dffb.jpg,5,Chuhi
tool_bird_class_train/Chuhi_Eastern_Marsh_Harrier/UDS_chuhi-DSCr0117r00002-2189-1648-334-198.JPG,5,Chuhi
tool_bird_class_train/Chuhi_Eastern_Marsh_Harrier/UDS_chuhi-DSCr6554-2931-1385-592-358.JPG,5,Chuhi
tool_bird_class_train/Chuhi_Eastern_Marsh_Harrier/ext_inat_20260504/inat_521617326_7468eacf.jpg,5,Chuhi
tool_bird_class_train/Chuhi_Eastern_Marsh_Harrier/ext_inat_20260504/inat_343261822_aa713e7f.jpg,5,Chuhi
tool_bird_class_train/Chuhi_Eastern_Marsh_Harrier/UDS_chuhi-DSCr6535-3270-2178-294-281.JPG,5,Chuhi
tool_bird_class_train/Chuhi_Eastern_Marsh_Harrier/AAS1_chuhi-P1200562-1326-788-127-86.JPG,5,Chuhi
tool_bird_class_train/Chuhi_Eastern_Marsh_Harrier/ext_inat_20260504/inat_351850528_adc17fef.jpg,5,Chuhi
tool_bird_class_train/Chuhi_Eastern_Marsh_Harrier/UDS_chuhi-DSCr0025-2365-1849-729-711.JPG,5,Chuhi
tool_bird_class_train/Chuhi_Eastern_Marsh_Harrier/UDS_chuhi-DSCr0724-2242-1438-479-382.JPG,5,Chuhi
tool_bird_class_train/Chuhi_Eastern_Marsh_Harrier/UDS_chuhi-DSCr0668-3182-1866-968-271.JPG,5,Chuhi
tool_bird_class_train/Chuhi_Eastern_Marsh_Harrier/UDS_chuhi-IMGr8267-2170-1540-382-220.JPG,5,Chuhi
tool_bird_class_train/Chuhi_Eastern_Marsh_Harrier/UDS_chuhi-DSCr0185-2956-1866-572-315.JPG,5,Chuhi
tool_bird_class_train/Chuhi_Eastern_Marsh_Harrier/ext_inat_20260504/inat_630601209_2a5de5af.jpg,5,Chuhi
tool_bird_class_train/Chuhi_Eastern_Marsh_Harrier/UDS_chuhi-DSCr0638-1649-2169-968-487.JPG,5,Chuhi
tool_bird_class_train/Chuhi_Eastern_Marsh_Harrier/ext_inat_20260504/inat_244165513_b21562c2.jpg,5,Chuhi
tool_bird_class_train/Chuhi_Eastern_Marsh_Harrier/UDS_chuhi-DSCr0694-1911-1661-638-348.JPG,5,Chuhi
tool_bird_class_train/Chuhi_Eastern_Marsh_Harrier/UDS_chuhi-DSCr0195-2664-1608-718-548.JPG,5,Chuhi
tool_bird_class_train/Chuhi_Eastern_Marsh_Harrier/UDS_chuhi-DSCr0314-2491-1743-120-54.JPG,5,Chuhi
tool_bird_class_train/Chuhi_Eastern_Marsh_Harrier/UDS_chuhi-DSCr0466-3488-1517-355-161.JPG,5,Chuhi
tool_bird_class_train/Chuhi_Eastern_Marsh_Harrier/UDS_chuhi-DSCr0199-3115-718-880-405.JPG,5,Chuhi
tool_bird_class_train/Chuhi_Eastern_Marsh_Harrier/UDS_chuhi-DSCr0220r00032-2701-1275-575-245.JPG,5,Chuhi
tool_bird_class_train/Chuhi_Eastern_Marsh_Harrier/UDS_chuhi-DSCr0280-2687-1635-760-314.JPG,5,Chuhi
tool_bird_class_train/Chuhi_Eastern_Marsh_Harrier/UDS_chuhi-A69Q3079-678-284-1203-613.JPG,5,Chuhi
tool_bird_class_train/Chuhi_Eastern_Marsh_Harrier/ext_inat_20260504/inat_382475095_23685641.jpg,5,Chuhi
tool_bird_class_train/Chuhi_Eastern_Marsh_Harrier/UDS_chuhi-DSCr0571-2824-1107-468-355.JPG,5,Chuhi
tool_bird_class_train/Chuhi_Eastern_Marsh_Harrier/UDS_chuhi-IMGr2878-2419-1679-219-182.JPG,5,Chuhi
tool_bird_class_train/Chuhi_Eastern_Marsh_Harrier/UDS_chuhi-DSCr0071-1952-1376-524-281.JPG,5,Chuhi
tool_bird_class_train/Chuhi_Eastern_Marsh_Harrier/UDS_chuhi-DSCr0207-3864-1143-448-329.JPG,5,Chuhi
tool_bird_class_train/Chuhi_Eastern_Marsh_Harrier/UDS_chuhi-IMGr2769-2275-1670-300-187.JPG,5,Chuhi
tool_bird_class_train/Chuhi_Eastern_Marsh_Harrier/UDS_chuhi-IMGr1056-1563-1403-302-222.JPG,5,Chuhi
tool_bird_class_train/Chuhi_Eastern_Marsh_Harrier/UDS_chuhi-DSCr0395-3635-1927-953-196.JPG,5,Chuhi
tool_bird_class_train/Chuhi_Eastern_Marsh_Harrier/UDS_chuhi-IMGr7771-1968-1055-1060-571.JPG,5,Chuhi
tool_bird_class_train/Chuhi_Eastern_Marsh_Harrier/UDS_chuhi-DSCr0223-2966-1654-294-166.JPG,5,Chuhi
tool_bird_class_train/Chuhi_Eastern_Marsh_Harrier/UDS_chuhi-DSCr0142r00012-2800-839-320-198.JPG,5,Chuhi
tool_bird_class_train/Chuhi_Eastern_Marsh_Harrier/AAS1_chuhi-IMGr5450-2269-1384-507-733.JPG,5,Chuhi
tool_bird_class_train/Chuhi_Eastern_Marsh_Harrier/UDS_chuhi-DSCr0384-2365-1664-505-337.JPG,5,Chuhi
tool_bird_class_train/Chuhi_Eastern_Marsh_Harrier/ext_inat_20260504/inat_460855966_afa0a120.jpg,5,Chuhi
tool_bird_class_train/Chuhi_Eastern_Marsh_Harrier/ext_inat_20260504/inat_511803613_28c2aea8.jpg,5,Chuhi
tool_bird_class_train/Chuhi_Eastern_Marsh_Harrier/UDS_chuhi-DSCr0486-2660-1085-510-405.JPG,5,Chuhi
tool_bird_class_train/Chuhi_Eastern_Marsh_Harrier/UDS_chuhi-IMGr7760-2343-1238-510-396.JPG,5,Chuhi
tool_bird_class_train/Chuhi_Eastern_Marsh_Harrier/ext_inat_20260504/inat_215228420_17f3e3f4.jpg,5,Chuhi
tool_bird_class_train/Chuhi_Eastern_Marsh_Harrier/UDS_chuhi-DSCr1548-2312-1942-951-308.JPG,5,Chuhi
tool_bird_class_train/Chuhi_Eastern_Marsh_Harrier/UDS_chuhi-DSCr0100-3139-1823-433-507.JPG,5,Chuhi
tool_bird_class_train/Chuhi_Eastern_Marsh_Harrier/AAS1_chuhi-IMGr6613-2251-1295-257-344.JPG,5,Chuhi
tool_bird_class_train/Chuhi_Eastern_Marsh_Harrier/UDS_chuhi-DSCr0675-2943-1675-579-253.JPG,5,Chuhi
tool_bird_class_train/Chuhi_Eastern_Marsh_Harrier/UDS_chuhi-DSCr0445-2774-875-541-125.JPG,5,Chuhi
tool_bird_class_train/Chuhi_Eastern_Marsh_Harrier/ext_inat_20260504/inat_652665444_13bae350.jpg,5,Chuhi
tool_bird_class_train/Chuhi_Eastern_Marsh_Harrier/UDS_chuhi-IMGr6426-2263-1606-212-191.JPG,5,Chuhi
tool_bird_class_train/Chuhi_Eastern_Marsh_Harrier/AAS1_chuhi-IMGr8531-2834-1890-458-224.JPG,5,Chuhi
tool_bird_class_train/Chuhi_Eastern_Marsh_Harrier/UDS_chuhi-DSCr0237-2423-2270-433-257.JPG,5,Chuhi
tool_bird_class_train/Chuhi_Eastern_Marsh_Harrier/UDS_chuhi-IMGr7751-1856-1228-597-406.JPG,5,Chuhi
tool_bird_class_train/Chuhi_Eastern_Marsh_Harrier/UDS_chuhi-DSCr6563-3583-2570-282-214.JPG,5,Chuhi
tool_bird_class_train/Chuhi_Eastern_Marsh_Harrier/UDS_chuhi-DSCr0219r00031-2788-1231-604-411.JPG,5,Chuhi
tool_bird_class_train/Chuhi_Eastern_Marsh_Harrier/UDS_chuhi-IMGr9813-2542-1475-322-259.JPG,5,Chuhi
tool_bird_class_train/Chuhi_Eastern_Marsh_Harrier/UDS_chuhi-DSCr0662-2949-1189-932-512.JPG,5,Chuhi
tool_bird_class_train/Chuhi_Eastern_Marsh_Harrier/UDS_chuhi-IMGr9108-2522-1471-283-233.JPG,5,Chuhi
tool_bird_class_train/Chuhi_Eastern_Marsh_Harrier/UDS_chuhi-IMGr2881-2484-1654-164-140.JPG,5,Chuhi
tool_bird_class_train/Chuhi_Eastern_Marsh_Harrier/AAS1_chuhi-IMGr9587-2602-1711-176-154.JPG,5,Chuhi
tool_bird_class_train/Chuhi_Eastern_Marsh_Harrier/UDS_chuhi-DSCr0220-2660-609-332-278.JPG,5,Chuhi
tool_bird_class_train/Chuhi_Eastern_Marsh_Harrier/UDS_chuhi-DSCr0509-506-1056-708-157.JPG,5,Chuhi
tool_bird_class_train/Chuhi_Eastern_Marsh_Harrier/UDS_chuhi-IMGr6460-2355-1226-690-461.JPG,5,Chuhi
tool_bird_class_train/Chuhi_Eastern_Marsh_Harrier/UDS_chuhi-DSCr1370-2733-1817-267-171.JPG,5,Chuhi
tool_bird_class_train/Chuhi_Eastern_Marsh_Harrier/UDS_chuhi-IMGr6442-2568-1434-267-278.JPG,5,Chuhi
tool_bird_class_train/Chuhi_Eastern_Marsh_Harrier/UDS_chuhi-DSCr0380-2026-1128-397-473.JPG,5,Chuhi
tool_bird_class_train/Chuhi_Eastern_Marsh_Harrier/AAS1_chuhi-P1210218-974-895-520-248.JPG,5,Chuhi
tool_bird_class_train/Chuhi_Eastern_Marsh_Harrier/UDS_chuhi-IMGr1057-1859-1410-502-288.JPG,5,Chuhi
tool_bird_class_train/Chuhi_Eastern_Marsh_Harrier/UDS_chuhi-DSCr0446-2849-923-617-117.JPG,5,Chuhi
tool_bird_class_train/Chuhi_Eastern_Marsh_Harrier/ext_inat_20260504/inat_247320394_0dad4fc9.jpg,5,Chuhi
tool_bird_class_train/Chuhi_Eastern_Marsh_Harrier/UDS_chuhi-DSCr0246-2797-1438-501-237.JPG,5,Chuhi
tool_bird_class_train/Chuhi_Eastern_Marsh_Harrier/UDS_chuhi-IMGr9479-2311-1504-347-281.JPG,5,Chuhi
tool_bird_class_train/Chuhi_Eastern_Marsh_Harrier/ext_inat_20260504/inat_571399683_c49212e7.jpg,5,Chuhi
tool_bird_class_train/Chuhi_Eastern_Marsh_Harrier/UDS_chuhi-IMGr8269-2772-1534-357-313.JPG,5,Chuhi
tool_bird_class_train/Chuhi_Eastern_Marsh_Harrier/ext_inat_20260504/inat_121996594_0e75806e.jpg,5,Chuhi
tool_bird_class_train/Chuhi_Eastern_Marsh_Harrier/UDS_chuhi-DSCr0367-2288-2234-507-120.JPG,5,Chuhi
tool_bird_class_train/Chuhi_Eastern_Marsh_Harrier/AAS1_chuhi-P1200557-902-1212-118-107.JPG,5,Chuhi
tool_bird_class_train/Chuhi_Eastern_Marsh_Harrier/UDS_chuhi-DSCr0721-2704-408-817-689.JPG,5,Chuhi
tool_bird_class_train/Chuhi_Eastern_Marsh_Harrier/UDS_chuhi-DSCr0204-3497-1224-630-349.JPG,5,Chuhi
tool_bird_class_train/Chuhi_Eastern_Marsh_Harrier/ext_inat_20260504/inat_295040500_52c9b1a2.jpg,5,Chuhi
tool_bird_class_train/Chuhi_Eastern_Marsh_Harrier/UDS_chuhi-DSCr0644-2631-1623-989-728.JPG,5,Chuhi
tool_bird_class_train/Chuhi_Eastern_Marsh_Harrier/ext_inat_20260504/inat_58758078_51494784.jpg,5,Chuhi
tool_bird_class_train/Chuhi_Eastern_Marsh_Harrier/UDS_chuhi-DSCr0687-2719-1811-544-347.JPG,5,Chuhi
tool_bird_class_train/Chuhi_Eastern_Marsh_Harrier/UDS_chuhi-IMGr2795-2355-1564-251-195.JPG,5,Chuhi
tool_bird_class_train/Chuhi_Eastern_Marsh_Harrier/UDS_chuhi-IMGr2946-2355-1343-300-225.JPG,5,Chuhi
tool_bird_class_train/Chuhi_Eastern_Marsh_Harrier/UDS_chuhi-IMGr8234-2419-1373-281-263.JPG,5,Chuhi
tool_bird_class_train/Chuhi_Eastern_Marsh_Harrier/ext_inat_20260504/inat_199089741_8caeffa3.jpg,5,Chuhi
tool_bird_class_train/Chuhi_Eastern_Marsh_Harrier/ext_inat_20260504/inat_546291385_ca8bfbcc.jpg,5,Chuhi
tool_bird_class_train/Chuhi_Eastern_Marsh_Harrier/ext_inat_20260504/inat_617370822_bcde6709.jpg,5,Chuhi
tool_bird_class_train/Chuhi_Eastern_Marsh_Harrier/UDS_chuhi-IMGr7772-2259-1532-347-265.JPG,5,Chuhi
tool_bird_class_train/Chuhi_Eastern_Marsh_Harrier/UDS_chuhi-DSCr0093-3191-1635-515-339.JPG,5,Chuhi
tool_bird_class_train/Chuhi_Eastern_Marsh_Harrier/UDS_chuhi-DSCr0211-2520-2058-329-182.JPG,5,Chuhi
tool_bird_class_train/Chuhi_Eastern_Marsh_Harrier/UDS_chuhi-DSCr0321-3003-1471-461-168.JPG,5,Chuhi
tool_bird_class_train/Chuhi_Eastern_Marsh_Harrier/UDS_chuhi-DSCr0656-3363-1922-1074-570.JPG,5,Chuhi
tool_bird_class_train/Chuhi_Eastern_Marsh_Harrier/UDS_chuhi-DSCr0554-1907-1858-1110-415.JPG,5,Chuhi
tool_bird_class_train/Chuhi_Eastern_Marsh_Harrier/UDS_chuhi-DSCr0648-1619-1175-1001-855.JPG,5,Chuhi
tool_bird_class_train/Chuhi_Eastern_Marsh_Harrier/UDS_chuhi-IMGr9809-2289-1368-539-406.JPG,5,Chuhi
tool_bird_class_train/Chuhi_Eastern_Marsh_Harrier/UDS_chuhi-A69Q3105-457-318-457-318.JPG,5,Chuhi
tool_bird_class_train/Chuhi_Eastern_Marsh_Harrier/UDS_chuhi-DSCr0197-2021-742-448-325.JPG,5,Chuhi
tool_bird_class_train/Chuhi_Eastern_Marsh_Harrier/UDS_chuhi-A69Q3085-454-409-1962-625.JPG,5,Chuhi
tool_bird_class_train/Chuhi_Eastern_Marsh_Harrier/UDS_chuhi-DSCr6564-3946-2322-299-248.JPG,5,Chuhi
tool_bird_class_train/Chuhi_Eastern_Marsh_Harrier/UDS_chuhi-DSCr0098r-1432-1621-488-317.JPG,5,Chuhi
tool_bird_class_train/Chuhi_Eastern_Marsh_Harrier/UDS_chuhi-DSCr0151-2874-1731-712-550.JPG,5,Chuhi
tool_bird_class_train/Chuhi_Eastern_Marsh_Harrier/UDS_chuhi-IMGr1053-1887-1416-266-289.JPG,5,Chuhi
tool_bird_class_train/Chuhi_Eastern_Marsh_Harrier/UDS_chuhi-DSCr0215r00027-1887-1498-380-274.JPG,5,Chuhi
tool_bird_class_train/Chuhi_Eastern_Marsh_Harrier/UDS_chuhi-DSCr0178-2567-1889-284-176.JPG,5,Chuhi
tool_bird_class_train/Chuhi_Eastern_Marsh_Harrier/UDS_chuhi-DSCr1556-2906-1367-473-385.JPG,5,Chuhi
tool_bird_class_train/Chuhi_Eastern_Marsh_Harrier/UDS_chuhi-DSCr0703-3298-1869-795-422.JPG,5,Chuhi
tool_bird_class_train/Chuhi_Eastern_Marsh_Harrier/UDS_chuhi-DSCr0577-1283-470-539-812.JPG,5,Chuhi
tool_bird_class_train/Chuhi_Eastern_Marsh_Harrier/ext_inat_20260504/inat_391433836_eb739714.jpg,5,Chuhi
tool_bird_class_train/Chuhi_Eastern_Marsh_Harrier/UDS_chuhi-IMGr2727-2349-1577-331-230.JPG,5,Chuhi
tool_bird_class_train/Chuhi_Eastern_Marsh_Harrier/UDS_chuhi-DSCr0480-1892-1283-470-175.JPG,5,Chuhi
tool_bird_class_train/Chuhi_Eastern_Marsh_Harrier/ext_inat_20260504/inat_2794254_9a618020.jpg,5,Chuhi
tool_bird_class_train/Chuhi_Eastern_Marsh_Harrier/UDS_chuhi-DSCr0534-2124-2105-583-326.JPG,5,Chuhi
tool_bird_class_train/Chuhi_Eastern_Marsh_Harrier/UDS_chuhi-DSCr0537-3186-1372-558-207.JPG,5,Chuhi
tool_bird_class_train/Chuhi_Eastern_Marsh_Harrier/AAS1_chuhi-IMGr6058-1-259-156-373-439.JPG,5,Chuhi
tool_bird_class_train/Chuhi_Eastern_Marsh_Harrier/ext_inat_20260504/inat_438388712_aae930d3.png,5,Chuhi
tool_bird_class_train/Chuhi_Eastern_Marsh_Harrier/AAS1_chuhi-P1200550-1317-1039-144-241.JPG,5,Chuhi
tool_bird_class_train/Chuhi_Eastern_Marsh_Harrier/AAS1_chuhi-IMGr5463-2354-1750-466-596.JPG,5,Chuhi
tool_bird_class_train/Chuhi_Eastern_Marsh_Harrier/UDS_chuhi-DSCr6557-2934-2080-351-239.JPG,5,Chuhi
tool_bird_class_train/Chuhi_Eastern_Marsh_Harrier/UDS_chuhi-IMGr9474-2381-1352-637-422.JPG,5,Chuhi
tool_bird_class_train/Chuhi_Eastern_Marsh_Harrier/UDS_chuhi-DSCr0494-1841-357-487-307.JPG,5,Chuhi
tool_bird_class_train/Chuhi_Eastern_Marsh_Harrier/UDS_chuhi-DSCr0686-2543-1306-505-445.JPG,5,Chuhi
tool_bird_class_train/Chuhi_Eastern_Marsh_Harrier/UDS_chuhi-DSCr0526-3251-1403-542-327.JPG,5,Chuhi
tool_bird_class_train/Chuhi_Eastern_Marsh_Harrier/UDS_chuhi-DSCr0684-3192-1447-481-338.JPG,5,Chuhi
tool_bird_class_train/Chuhi_Eastern_Marsh_Harrier/UDS_chuhi-IMGr8734-1353-1415-1406-696.JPG,5,Chuhi
tool_bird_class_train/Chuhi_Eastern_Marsh_Harrier/UDS_chuhi-DSCr0500-2855-963-408-340.JPG,5,Chuhi
tool_bird_class_train/Chuhi_Eastern_Marsh_Harrier/UDS_chuhi-DSCr0271-2891-1768-354-352.JPG,5,Chuhi
tool_bird_class_train/Chuhi_Eastern_Marsh_Harrier/UDS_chuhi-DSCr0633-3604-1303-687-210.JPG,5,Chuhi
tool_bird_class_train/Chuhi_Eastern_Marsh_Harrier/UDS_chuhi-DSCr0139-2343-1914-1031-660.JPG,5,Chuhi
tool_bird_class_train/Chuhi_Eastern_Marsh_Harrier/UDS_chuhi-DSCr0528-2036-1466-530-228.JPG,5,Chuhi
tool_bird_class_train/Chuhi_Eastern_Marsh_Harrier/AAS1_chuhi-IMGr1430-1r-339-111-521-800.JPG,5,Chuhi
tool_bird_class_train/Chuhi_Eastern_Marsh_Harrier/UDS_chuhi-DSCr0650-332-815-992-872.JPG,5,Chuhi
tool_bird_class_train/Chuhi_Eastern_Marsh_Harrier/UDS_chuhi-DSCr0428-2846-2404-278-169.JPG,5,Chuhi
tool_bird_class_train/Chuhi_Eastern_Marsh_Harrier/UDS_chuhi-A69Q3082-631-158-1183-725.JPG,5,Chuhi
tool_bird_class_train/Chuhi_Eastern_Marsh_Harrier/UDS_chuhi-IMGr6429-2381-1502-267-201.JPG,5,Chuhi
tool_bird_class_train/Chuhi_Eastern_Marsh_Harrier/UDS_chuhi-DSCr0667-2798-1850-716-376.JPG,5,Chuhi
tool_bird_class_train/Chuhi_Eastern_Marsh_Harrier/UDS_chuhi-DSCr0506-2004-1997-599-256.JPG,5,Chuhi
tool_bird_class_train/Chuhi_Eastern_Marsh_Harrier/UDS_chuhi-DSCr0488-1320-840-267-151.JPG,5,Chuhi
tool_bird_class_train/Chuhi_Eastern_Marsh_Harrier/UDS_chuhi-DSCr0553-2464-1575-877-570.JPG,5,Chuhi
tool_bird_class_train/Chuhi_Eastern_Marsh_Harrier/v5_train_v5_inat/322379894.jpg,5,Chuhi
tool_bird_class_train/Chuhi_Eastern_Marsh_Harrier/UDS_chuhi-DSCr0090-2920-1423-736-315.JPG,5,Chuhi
tool_bird_class_train/Chuhi_Eastern_Marsh_Harrier/UDS_chuhi-IMGr2783-2040-1421-569-782.JPG,5,Chuhi
tool_bird_class_train/Chuhi_Eastern_Marsh_Harrier/UDS_chuhi-DSCr0377-2277-1650-465-170.JPG,5,Chuhi
tool_bird_class_train/Chuhi_Eastern_Marsh_Harrier/ext_inat_20260504/inat_351850413_428cb7ca.jpg,5,Chuhi
tool_bird_class_train/Chuhi_Eastern_Marsh_Harrier/v5_train_v5_inat/333300310.jpg,5,Chuhi
tool_bird_class_train/Chuhi_Eastern_Marsh_Harrier/UDS_chuhi-DSCr1375-3630-2504-231-214.JPG,5,Chuhi
tool_bird_class_train/Chuhi_Eastern_Marsh_Harrier/UDS_chuhi-DSCr0026-2312-1822-625-469.JPG,5,Chuhi
tool_bird_class_train/Chuhi_Eastern_Marsh_Harrier/ext_inat_20260504/inat_507162821_17076666.jpg,5,Chuhi
tool_bird_class_train/Chuhi_Eastern_Marsh_Harrier/AAS1_chuhi-IMGr8513-2519-1820-167-166.JPG,5,Chuhi
tool_bird_class_train/Chuhi_Eastern_Marsh_Harrier/UDS_chuhi-DSCr0529-2472-1602-547-261.JPG,5,Chuhi
tool_bird_class_train/Chuhi_Eastern_Marsh_Harrier/AAS1_chuhi-IMGP3137-1388-767-361-336.JPG,5,Chuhi
tool_bird_class_train/Chuhi_Eastern_Marsh_Harrier/UDS_chuhi-IMGr8218-2355-1692-462-320.JPG,5,Chuhi
tool_bird_class_train/Chuhi_Eastern_Marsh_Harrier/UDS_chuhi-DSCr6555-3076-1592-457-214.JPG,5,Chuhi
tool_bird_class_train/Chuhi_Eastern_Marsh_Harrier/UDS_chuhi-DSCr0210r00022-2348-1324-445-245.JPG,5,Chuhi
tool_bird_class_train/Chuhi_Eastern_Marsh_Harrier/UDS_chuhi-IMGr2775-2434-1651-223-196.JPG,5,Chuhi
tool_bird_class_train/Chuhi_Eastern_Marsh_Harrier/UDS_chuhi-DSCr0256-2587-1379-358-325.JPG,5,Chuhi
tool_bird_class_train/Chuhi_Eastern_Marsh_Harrier/AAS1_chuhi-7D2M9675-2294-1239-643-459.JPG,5,Chuhi
tool_bird_class_train/Chuhi_Eastern_Marsh_Harrier/UDS_chuhi-A69Q7704-2371-1651-315-326.JPG,5,Chuhi
tool_bird_class_train/Chuhi_Eastern_Marsh_Harrier/UDS_chuhi-IMGr7762-2347-1232-541-408.JPG,5,Chuhi
tool_bird_class_train/Chuhi_Eastern_Marsh_Harrier/UDS_chuhi-IMGr3058-2295-1506-536-307.JPG,5,Chuhi
tool_bird_class_train/Chuhi_Eastern_Marsh_Harrier/UDS_chuhi-IMGr9481-2439-1435-401-249.JPG,5,Chuhi
tool_bird_class_train/Chuhi_Eastern_Marsh_Harrier/UDS_chuhi-DSCr0217-2833-1373-347-272.JPG,5,Chuhi
tool_bird_class_train/Chuhi_Eastern_Marsh_Harrier/UDS_chuhi-IMGr7752-1670-1123-991-778.JPG,5,Chuhi
tool_bird_class_train/Chuhi_Eastern_Marsh_Harrier/ext_inat_20260504/inat_529216048_1a1746c2.jpg,5,Chuhi
tool_bird_class_train/Chuhi_Eastern_Marsh_Harrier/UDS_chuhi-DSCr0293-2863-1642-781-437.JPG,5,Chuhi
tool_bird_class_train/Chuhi_Eastern_Marsh_Harrier/UDS_chuhi-DSCr0663-3288-931-1064-607.JPG,5,Chuhi
tool_bird_class_train/Chuhi_Eastern_Marsh_Harrier/UDS_chuhi-DSCr0260-1884-2178-1274-411.JPG,5,Chuhi
tool_bird_class_train/Chuhi_Eastern_Marsh_Harrier/ext_inat_20260504/inat_2708094_28e07376.jpg,5,Chuhi
tool_bird_class_train/Chuhi_Eastern_Marsh_Harrier/ext_inat_20260504/inat_598047846_445ed619.jpg,5,Chuhi
tool_bird_class_train/Chuhi_Eastern_Marsh_Harrier/UDS_chuhi-DSCr0726-2840-900-627-492.JPG,5,Chuhi
tool_bird_class_train/Chuhi_Eastern_Marsh_Harrier/ext_inat_20260504/inat_230749494_a055316b.jpg,5,Chuhi
tool_bird_class_train/Chuhi_Eastern_Marsh_Harrier/ext_inat_20260504/inat_268946706_c78a227c.jpg,5,Chuhi
tool_bird_class_train/Chuhi_Eastern_Marsh_Harrier/ext_inat_20260504/inat_392266112_46c06f94.jpg,5,Chuhi
tool_bird_class_train/Chuhi_Eastern_Marsh_Harrier/UDS_chuhi-DSCr0582-2192-1721-924-553.JPG,5,Chuhi
tool_bird_class_train/Chuhi_Eastern_Marsh_Harrier/UDS_chuhi-IMGr9742-2458-1026-488-456.JPG,5,Chuhi
tool_bird_class_train/Chuhi_Eastern_Marsh_Harrier/ext_inat_20260504/inat_428490807_a2ee15d1.jpg,5,Chuhi
tool_bird_class_train/Chuhi_Eastern_Marsh_Harrier/UDS_chuhi-DSCr0097-3244-2412-412-264.JPG,5,Chuhi
tool_bird_class_train/Chuhi_Eastern_Marsh_Harrier/UDS_chuhi-DSCr0208-2632-1715-547-192.JPG,5,Chuhi
tool_bird_class_train/Chuhi_Eastern_Marsh_Harrier/UDS_chuhi-A69Q1860-631-252-888-461.JPG,5,Chuhi
tool_bird_class_train/Chuhi_Eastern_Marsh_Harrier/UDS_chuhi-DSCr6531-2740-1100-415-202.JPG,5,Chuhi
tool_bird_class_train/Chuhi_Eastern_Marsh_Harrier/UDS_chuhi-DSCr0213r00025-2283-1469-474-346.JPG,5,Chuhi
tool_bird_class_train/Chuhi_Eastern_Marsh_Harrier/UDS_chuhi-DSCr6536-3194-1950-217-250.JPG,5,Chuhi
tool_bird_class_train/Chuhi_Eastern_Marsh_Harrier/AAS1_chuhi-IMGr9618-2618-1975-209-220.JPG,5,Chuhi
tool_bird_class_train/Chuhi_Eastern_Marsh_Harrier/ext_inat_20260504/inat_445307181_17201af5.jpg,5,Chuhi
tool_bird_class_train/Chuhi_Eastern_Marsh_Harrier/UDS_chuhi-DSCr0150-2408-1856-628-452.JPG,5,Chuhi
tool_bird_class_train/Chuhi_Eastern_Marsh_Harrier/UDS_chuhi-DSCr0523-2358-1102-509-369.JPG,5,Chuhi
tool_bird_class_train/Chuhi_Eastern_Marsh_Harrier/UDS_chuhi-DSCr0689-3616-1850-653-359.JPG,5,Chuhi
tool_bird_class_train/Chuhi_Eastern_Marsh_Harrier/UDS_chuhi-DSCr0414-2834-1354-383-245.JPG,5,Chuhi
tool_bird_class_train/Chuhi_Eastern_Marsh_Harrier/UDS_chuhi-DSCr0357-2267-2029-678-130.JPG,5,Chuhi
tool_bird_class_train/Chuhi_Eastern_Marsh_Harrier/UDS_chuhi-DSCr0450-3371-1282-372-102.JPG,5,Chuhi
tool_bird_class_train/Chuhi_Eastern_Marsh_Harrier/ext_inat_20260504/inat_71412118_f0f6496c.jpg,5,Chuhi
tool_bird_class_train/Chuhi_Eastern_Marsh_Harrier/UDS_chuhi-DSCr0652-3342-1801-1150-722.JPG,5,Chuhi
tool_bird_class_train/Chuhi_Eastern_Marsh_Harrier/UDS_chuhi-DSCr0222-2675-1585-372-236.JPG,5,Chuhi
tool_bird_class_train/Chuhi_Eastern_Marsh_Harrier/UDS_chuhi-DSCr0216r00028-1807-1419-322-180.JPG,5,Chuhi
tool_bird_class_train/Chuhi_Eastern_Marsh_Harrier/UDS_chuhi-DSCr0144-2884-1597-902-603.JPG,5,Chuhi
tool_bird_class_train/Chuhi_Eastern_Marsh_Harrier/UDS_chuhi-IMGr8328-3025-1338-1022-713.JPG,5,Chuhi
tool_bird_class_train/Chuhi_Eastern_Marsh_Harrier/UDS_chuhi-DSCr0400-3198-433-300-246.JPG,5,Chuhi
tool_bird_class_train/Chuhi_Eastern_Marsh_Harrier/UDS_chuhi-IMGr2882-2544-1694-175-129.JPG,5,Chuhi
tool_bird_class_train/Chuhi_Eastern_Marsh_Harrier/AAS1_chuhi-IMGr8380-2662-1719-138-130.JPG,5,Chuhi
tool_bird_class_train/Chuhi_Eastern_Marsh_Harrier/AAS1_chuhi-IMGr7481-2650-1737-300-172.JPG,5,Chuhi
tool_bird_class_train/Chuhi_Eastern_Marsh_Harrier/ext_inat_20260504/inat_352571257_f75df408.jpg,5,Chuhi
tool_bird_class_train/Chuhi_Eastern_Marsh_Harrier/ext_inat_20260504/inat_180930614_bf255170.jpg,5,Chuhi
tool_bird_class_train/Chuhi_Eastern_Marsh_Harrier/UDS_chuhi-DSCr0223r00035-1223-1750-503-224.JPG,5,Chuhi
tool_bird_class_train/Chuhi_Eastern_Marsh_Harrier/ext_inat_20260504/inat_447952271_659cd09e.png,5,Chuhi
tool_bird_class_train/Chuhi_Eastern_Marsh_Harrier/AAS1_chuhi-P1200062-920-1043-328-134.JPG,5,Chuhi
tool_bird_class_train/Chuhi_Eastern_Marsh_Harrier/UDS_chuhi-DSCr0454-2963-981-504-172.JPG,5,Chuhi
tool_bird_class_train/Chuhi_Eastern_Marsh_Harrier/AAS1_chuhi-P1200543-1471-856-119-53.JPG,5,Chuhi
tool_bird_class_train/Chuhi_Eastern_Marsh_Harrier/UDS_chuhi-DSCr0038-2480-1697-952-445.JPG,5,Chuhi
tool_bird_class_train/Chuhi_Eastern_Marsh_Harrier/AAS1_chuhi-IMGr6164-2538-1644-314-271.JPG,5,Chuhi
tool_bird_class_train/Chuhi_Eastern_Marsh_Harrier/UDS_chuhi-DSCr0365-3129-1727-386-266.JPG,5,Chuhi
tool_bird_class_train/Chuhi_Eastern_Marsh_Harrier/UDS_chuhi-IMGr2975-2467-1622-205-201.JPG,5,Chuhi
tool_bird_class_train/Chuhi_Eastern_Marsh_Harrier/UDS_chuhi-DSCr0453-3738-1375-521-124.JPG,5,Chuhi
tool_bird_class_train/Chuhi_Eastern_Marsh_Harrier/UDS_chuhi-DSCr0422-2467-1109-272-258.JPG,5,Chuhi
tool_bird_class_train/Chuhi_Eastern_Marsh_Harrier/UDS_chuhi-DSCr0326-2668-1559-208-141.JPG,5,Chuhi
tool_bird_class_train/Chuhi_Eastern_Marsh_Harrier/UDS_chuhi-DSCr0106-1781-1755-916-387.JPG,5,Chuhi
tool_bird_class_train/Chuhi_Eastern_Marsh_Harrier/UDS_chuhi-IMGr2737-2412-1547-408-360.JPG,5,Chuhi
tool_bird_class_train/Chuhi_Eastern_Marsh_Harrier/UDS_chuhi-IMGr8784-1804-1081-843-665.JPG,5,Chuhi
tool_bird_class_train/Chuhi_Eastern_Marsh_Harrier/AAS1_chuhi-IMGr2840r-2444-1546-333-551.JPG,5,Chuhi
tool_bird_class_train/Chuhi_Eastern_Marsh_Harrier/UDS_chuhi-DSCr0544-3727-1733-567-318.JPG,5,Chuhi
tool_bird_class_train/Chuhi_Eastern_Marsh_Harrier/UDS_chuhi-DSCr0676-2809-1797-596-253.JPG,5,Chuhi
tool_bird_class_train/Chuhi_Eastern_Marsh_Harrier/AAS1_chuhi-P1200060-1125-1023-237-125.JPG,5,Chuhi
tool_bird_class_train/Chuhi_Eastern_Marsh_Harrier/UDS_chuhi-A69Q3116-385-251-482-208.JPG,5,Chuhi
tool_bird_class_train/Chuhi_Eastern_Marsh_Harrier/AAS1_chuhi-IMGr7613-2261-1944-401-254.JPG,5,Chuhi
tool_bird_class_train/Chuhi_Eastern_Marsh_Harrier/UDS_chuhi-DSCr0231-1867-1315-628-350.JPG,5,Chuhi
tool_bird_class_train/Chuhi_Eastern_Marsh_Harrier/UDS_chuhi-DSCr0214r00026-1776-1533-358-248.JPG,5,Chuhi
tool_bird_class_train/Chuhi_Eastern_Marsh_Harrier/UDS_chuhi-DSCr0148r00018-2598-1885-277-238.JPG,5,Chuhi
tool_bird_class_train/Chuhi_Eastern_Marsh_Harrier/UDS_chuhi-DSCr0282-2411-1629-1168-466.JPG,5,Chuhi
tool_bird_class_train/Chuhi_Eastern_Marsh_Harrier/UDS_chuhi-IMGr7763-2419-1335-328-320.JPG,5,Chuhi
tool_bird_class_train/Chuhi_Eastern_Marsh_Harrier/UDS_chuhi-DSCr0371-2706-1732-311-231.JPG,5,Chuhi
tool_bird_class_train/Chuhi_Eastern_Marsh_Harrier/AAS1_chuhi-IMGr9597-2395-1503-160-288.JPG,5,Chuhi
tool_bird_class_train/Chuhi_Eastern_Marsh_Harrier/UDS_chuhi-IMGr7734-2085-1688-1074-349.JPG,5,Chuhi
tool_bird_class_train/Chuhi_Eastern_Marsh_Harrier/ext_inat_20260504/inat_424388900_d2c9165b.jpg,5,Chuhi
tool_bird_class_train/Chuhi_Eastern_Marsh_Harrier/ext_inat_20260504/inat_387167720_2e4ad5af.jpg,5,Chuhi
tool_bird_class_train/Chuhi_Eastern_Marsh_Harrier/UDS_chuhi-DSCr0444-2702-957-664-129.JPG,5,Chuhi
tool_bird_class_train/Chuhi_Eastern_Marsh_Harrier/UDS_chuhi-IMGr7748-2029-1356-440-268.JPG,5,Chuhi
tool_bird_class_train/Chuhi_Eastern_Marsh_Harrier/AAS1_chuhi-P1200544-1258-1064-169-96.JPG,5,Chuhi
tool_bird_class_train/Chuhi_Eastern_Marsh_Harrier/ext_inat_20260504/inat_587327203_5e6b6c8c.jpg,5,Chuhi
tool_bird_class_train/Chuhi_Eastern_Marsh_Harrier/AAS1_chuhi-IMGr2847-2436-1391-292-424.JPG,5,Chuhi
tool_bird_class_train/Chuhi_Eastern_Marsh_Harrier/UDS_chuhi-DSCr0513-2078-1104-671-321.JPG,5,Chuhi
tool_bird_class_train/Chuhi_Eastern_Marsh_Harrier/UDS_chuhi-DSCr0557-2884-1730-626-342.JPG,5,Chuhi
tool_bird_class_train/Chuhi_Eastern_Marsh_Harrier/ext_inat_20260504/inat_428427516_9bf01825.jpg,5,Chuhi
tool_bird_class_train/Chuhi_Eastern_Marsh_Harrier/AAS1_chuhi-IMGr2818-2207-1502-425-335.JPG,5,Chuhi
tool_bird_class_train/Chuhi_Eastern_Marsh_Harrier/UDS_chuhi-DSCr0646-1503-1403-979-532.JPG,5,Chuhi
tool_bird_class_train/Chuhi_Eastern_Marsh_Harrier/UDS_chuhi-IMGr7788-3130-974-157-133.JPG,5,Chuhi
tool_bird_class_train/Chuhi_Eastern_Marsh_Harrier/UDS_chuhi-DSCr0191-1594-1445-707-506.JPG,5,Chuhi
tool_bird_class_train/Chuhi_Eastern_Marsh_Harrier/AAS1_chuhi-IMGr8386-1728-1152-1728-1152.JPG,5,Chuhi
tool_bird_class_train/Chuhi_Eastern_Marsh_Harrier/UDS_chuhi-DSCr6529-2696-1466-397-200.JPG,5,Chuhi
tool_bird_class_train/Chuhi_Eastern_Marsh_Harrier/UDS_chuhi-DSCr0120r00005-2516-1726-310-286.JPG,5,Chuhi
tool_bird_class_train/Chuhi_Eastern_Marsh_Harrier/UDS_chuhi-DSCr0680-2158-1449-960-530.JPG,5,Chuhi
tool_bird_class_train/Chuhi_Eastern_Marsh_Harrier/UDS_chuhi-DSCr0658-2673-1164-1157-549.JPG,5,Chuhi
tool_bird_class_train/Chuhi_Eastern_Marsh_Harrier/ext_inat_20260504/inat_345666406_dce5c572.png,5,Chuhi
tool_bird_class_train/Chuhi_Eastern_Marsh_Harrier/UDS_chuhi-DSCr0702-1206-389-864-411.JPG,5,Chuhi
tool_bird_class_train/Chuhi_Eastern_Marsh_Harrier/UDS_chuhi-DSCr0524-1748-1250-606-378.JPG,5,Chuhi
tool_bird_class_train/Chuhi_Eastern_Marsh_Harrier/UDS_chuhi-IMGr8781-2069-1070-1137-1234.JPG,5,Chuhi
tool_bird_class_train/Chuhi_Eastern_Marsh_Harrier/UDS_chuhi-DSCr0718-1488-1234-630-464.JPG,5,Chuhi
tool_bird_class_train/Chuhi_Eastern_Marsh_Harrier/UDS_chuhi-IMGr7754-2275-1383-337-277.JPG,5,Chuhi
tool_bird_class_train/Chuhi_Eastern_Marsh_Harrier/UDS_chuhi-DSCr0683-3126-1600-455-292.JPG,5,Chuhi
tool_bird_class_train/Chuhi_Eastern_Marsh_Harrier/UDS_chuhi-DSCr0279-1750-1377-424-311.JPG,5,Chuhi
tool_bird_class_train/Chuhi_Eastern_Marsh_Harrier/AAS1_chuhi-IMGr9621-2606-1818-194-128.JPG,5,Chuhi
tool_bird_class_train/Chuhi_Eastern_Marsh_Harrier/ext_inat_20260504/inat_428177358_e8d3c634.jpg,5,Chuhi
tool_bird_class_train/Chuhi_Eastern_Marsh_Harrier/ext_inat_20260504/inat_507167068_072cf17e.jpg,5,Chuhi
tool_bird_class_train/Chuhi_Eastern_Marsh_Harrier/ext_inat_20260504/inat_226344302_d6c940ec.jpg,5,Chuhi
tool_bird_class_train/Chuhi_Eastern_Marsh_Harrier/v5_train_v5_inat/324495255.jpg,5,Chuhi
tool_bird_class_train/Chuhi_Eastern_Marsh_Harrier/UDS_chuhi-DSCr0709-2866-1565-690-462.JPG,5,Chuhi
tool_bird_class_train/Chuhi_Eastern_Marsh_Harrier/UDS_chuhi-DSCr0705-3194-1480-565-458.JPG,5,Chuhi
tool_bird_class_train/Chuhi_Eastern_Marsh_Harrier/AAS1_chuhi-IMGr9829-1-397-347-720-560.JPG,5,Chuhi
tool_bird_class_train/Chuhi_Eastern_Marsh_Harrier/UDS_chuhi-DSCr0489-2893-845-456-275.JPG,5,Chuhi
tool_bird_class_train/Chuhi_Eastern_Marsh_Harrier/UDS_chuhi-IMGr8238-2064-1581-312-220.JPG,5,Chuhi
tool_bird_class_train/Chuhi_Eastern_Marsh_Harrier/ext_inat_20260504/inat_423193830_b16cc75e.jpg,5,Chuhi
tool_bird_class_train/Chuhi_Eastern_Marsh_Harrier/AAS1_chuhi-IMGr8363-1-343-250-162-123.JPG,5,Chuhi
tool_bird_class_train/Chuhi_Eastern_Marsh_Harrier/AAS1_chuhi-P1200559-1077-630-195-120.JPG,5,Chuhi
tool_bird_class_train/Chuhi_Eastern_Marsh_Harrier/AAS1_chuhi-P1200072-1005-906-129-72.JPG,5,Chuhi
tool_bird_class_train/Chuhi_Eastern_Marsh_Harrier/UDS_chuhi-DSCr0095-3574-1711-521-358.JPG,5,Chuhi
tool_bird_class_train/Chuhi_Eastern_Marsh_Harrier/UDS_chuhi-IMGr7745-2376-1199-473-364.JPG,5,Chuhi
tool_bird_class_train/Chuhi_Eastern_Marsh_Harrier/AAS1_chuhi-P1200552-1138-863-132-150.JPG,5,Chuhi
tool_bird_class_train/Chuhi_Eastern_Marsh_Harrier/AAS1_chuhi-IMGr8365-2417-1744-177-99.JPG,5,Chuhi
tool_bird_class_train/Chuhi_Eastern_Marsh_Harrier/AAS1_chuhi-IMGr6058-2125-1859-416-500.JPG,5,Chuhi
tool_bird_class_train/Chuhi_Eastern_Marsh_Harrier/UDS_chuhi-DSCr0399-3009-646-295-241.JPG,5,Chuhi
tool_bird_class_train/Chuhi_Eastern_Marsh_Harrier/UDS_chuhi-DSCr0440-2912-1732-683-217.JPG,5,Chuhi
tool_bird_class_train/Chuhi_Eastern_Marsh_Harrier/UDS_chuhi-DSCr0239-2206-1222-484-386.JPG,5,Chuhi
tool_bird_class_train/Chuhi_Eastern_Marsh_Harrier/UDS_chuhi-DSCr0222r00034-2857-1938-238-228.JPG,5,Chuhi
tool_bird_class_train/Chuhi_Eastern_Marsh_Harrier/UDS_chuhi-IMGr2799-2544-1691-218-136.JPG,5,Chuhi
tool_bird_class_train/Chuhi_Eastern_Marsh_Harrier/AAS1_chuhi-7D2M9675-1-315-269-579-300.JPG,5,Chuhi
tool_bird_class_train/Chuhi_Eastern_Marsh_Harrier/v5_train_v5_inat/312872332.jpg,5,Chuhi
tool_bird_class_train/Chuhi_Eastern_Marsh_Harrier/ext_inat_20260504/inat_184850665_8e9e7401.jpg,5,Chuhi
tool_bird_class_train/Chuhi_Eastern_Marsh_Harrier/UDS_chuhi-DSCr0409-2211-1261-294-227.JPG,5,Chuhi
tool_bird_class_train/Chuhi_Eastern_Marsh_Harrier/UDS_chuhi-DSCr0211r00023-2660-1495-354-238.JPG,5,Chuhi
tool_bird_class_train/Chuhi_Eastern_Marsh_Harrier/v5_train_v5_inat/321492930.jpg,5,Chuhi
tool_bird_class_train/Chuhi_Eastern_Marsh_Harrier/AAS1_chuhi-IMGr7606-2617-1634-661-348.JPG,5,Chuhi
tool_bird_class_train/Chuhi_Eastern_Marsh_Harrier/UDS_chuhi-DSCr0443-2574-891-720-169.JPG,5,Chuhi
tool_bird_class_train/Chuhi_Eastern_Marsh_Harrier/UDS_chuhi-DSCr0508-2891-1443-567-185.JPG,5,Chuhi
tool_bird_class_train/Chuhi_Eastern_Marsh_Harrier/UDS_chuhi-DSCr0539-3381-2080-530-302.JPG,5,Chuhi
tool_bird_class_train/Chuhi_Eastern_Marsh_Harrier/UDS_chuhi-DSCr0569-3085-1060-719-401.JPG,5,Chuhi
tool_bird_class_train/Chuhi_Eastern_Marsh_Harrier/UDS_chuhi-IMGr7742-2522-1503-493-235.JPG,5,Chuhi
tool_bird_class_train/Chuhi_Eastern_Marsh_Harrier/UDS_chuhi-IMGr6440-2509-1507-254-268.JPG,5,Chuhi
tool_bird_class_train/Chuhi_Eastern_Marsh_Harrier/UDS_chuhi-IMGr2764-2515-1540-151-120.JPG,5,Chuhi
tool_bird_class_train/Chuhi_Eastern_Marsh_Harrier/UDS_chuhi-IMGr8229-2381-1362-320-259.JPG,5,Chuhi
tool_bird_class_train/Chuhi_Eastern_Marsh_Harrier/UDS_chuhi-DSCr0041-2716-1861-757-315.JPG,5,Chuhi
tool_bird_class_train/Chuhi_Eastern_Marsh_Harrier/AAS1_chuhi-IMGr1435-2549-1521-872-604.JPG,5,Chuhi
tool_bird_class_train/Chuhi_Eastern_Marsh_Harrier/UDS_chuhi-IMGr2729-2520-1521-358-316.JPG,5,Chuhi
tool_bird_class_train/Chuhi_Eastern_Marsh_Harrier/UDS_chuhi-IMGr7727-2355-1418-704-453.JPG,5,Chuhi
tool_bird_class_train/Chuhi_Eastern_Marsh_Harrier/AAS1_chuhi-IMGr7614-2073-1637-363-340.JPG,5,Chuhi
tool_bird_class_train/Chuhi_Eastern_Marsh_Harrier/ext_inat_20260504/inat_428427301_5f338500.jpg,5,Chuhi
tool_bird_class_train/Chuhi_Eastern_Marsh_Harrier/ext_inat_20260504/inat_570993954_c3645686.jpg,5,Chuhi
tool_bird_class_train/Chuhi_Eastern_Marsh_Harrier/UDS_chuhi-DSCr1371-2227-1730-184-170.JPG,5,Chuhi
tool_bird_class_train/Chuhi_Eastern_Marsh_Harrier/ext_inat_20260504/inat_198823957_6320ab5c.jpg,5,Chuhi
tool_bird_class_train/Chuhi_Eastern_Marsh_Harrier/ext_inat_20260504/inat_387166827_8cc7aa02.jpg,5,Chuhi
tool_bird_class_train/Chuhi_Eastern_Marsh_Harrier/UDS_chuhi-IMGr7759-2112-1372-555-576.JPG,5,Chuhi
tool_bird_class_train/Chuhi_Eastern_Marsh_Harrier/UDS_chuhi-DSCr0109-3237-1650-653-409.JPG,5,Chuhi
tool_bird_class_train/Chuhi_Eastern_Marsh_Harrier/UDS_chuhi-IMGr2781-2213-1406-473-648.JPG,5,Chuhi
tool_bird_class_train/Chuhi_Eastern_Marsh_Harrier/UDS_chuhi-A69Q3104-831-337-473-214.JPG,5,Chuhi
tool_bird_class_train/Chuhi_Eastern_Marsh_Harrier/UDS_chuhi-DSCr0214-2350-300-361-307.JPG,5,Chuhi
tool_bird_class_train/Chuhi_Eastern_Marsh_Harrier/UDS_chuhi-DSCr6560-3086-1950-332-322.JPG,5,Chuhi
tool_bird_class_train/Chuhi_Eastern_Marsh_Harrier/UDS_chuhi-DSCr0484-1354-2321-502-191.JPG,5,Chuhi
tool_bird_class_train/Chuhi_Eastern_Marsh_Harrier/UDS_chuhi-IMGr7750-2281-1230-529-441.JPG,5,Chuhi
tool_bird_class_train/Chuhi_Eastern_Marsh_Harrier/ext_inat_20260504/inat_581417822_739edd3e.jpg,5,Chuhi
tool_bird_class_train/Chuhi_Eastern_Marsh_Harrier/AAS1_chuhi-P1210230r-1077-795-92-88.JPG,5,Chuhi
tool_bird_class_train/Chuhi_Eastern_Marsh_Harrier/UDS_chuhi-DSCr0672-2819-1375-730-319.JPG,5,Chuhi
tool_bird_class_train/Chuhi_Eastern_Marsh_Harrier/UDS_chuhi-A69Q3088-180-175-1910-848.JPG,5,Chuhi
tool_bird_class_train/Chuhi_Eastern_Marsh_Harrier/UDS_chuhi-DSCr0535-1970-1990-512-297.JPG,5,Chuhi
tool_bird_class_train/Chuhi_Eastern_Marsh_Harrier/UDS_chuhi-DSCr0198-2908-155-875-458.JPG,5,Chuhi
tool_bird_class_train/Chuhi_Eastern_Marsh_Harrier/ext_inat_20260504/inat_439716734_62b6f23d.jpg,5,Chuhi
tool_bird_class_train/Chuhi_Eastern_Marsh_Harrier/UDS_chuhi-DSCr0397-1951-1391-262-251.JPG,5,Chuhi
tool_bird_class_train/Chuhi_Eastern_Marsh_Harrier/v5_train_v5_inat/303423003.jpg,5,Chuhi
tool_bird_class_train/Chuhi_Eastern_Marsh_Harrier/UDS_chuhi-DSCr0154-2596-1965-556-538.JPG,5,Chuhi
tool_bird_class_train/Chuhi_Eastern_Marsh_Harrier/AAS1_chuhi-IMGr6616-2592-1469-233-296.JPG,5,Chuhi
tool_bird_class_train/Chuhi_Eastern_Marsh_Harrier/ext_inat_20260504/inat_508594870_3f71324a.jpg,5,Chuhi
tool_bird_class_train/Chuhi_Eastern_Marsh_Harrier/AAS1_chuhi-P1200554-1209-850-134-123.JPG,5,Chuhi
tool_bird_class_train/Chuhi_Eastern_Marsh_Harrier/UDS_chuhi-DSCr0152-3206-1659-481-310.JPG,5,Chuhi
tool_bird_class_train/Chuhi_Eastern_Marsh_Harrier/UDS_chuhi-DSCr0379-2471-1559-366-400.JPG,5,Chuhi
tool_bird_class_train/Chuhi_Eastern_Marsh_Harrier/AAS1_chuhi-IMGr5456-2583-1505-334-528.JPG,5,Chuhi
tool_bird_class_train/Chuhi_Eastern_Marsh_Harrier/UDS_chuhi-DSCr0465-3129-1510-405-192.JPG,5,Chuhi
tool_bird_class_train/Chuhi_Eastern_Marsh_Harrier/UDS_chuhi-IMGr8249-2423-1260-388-294.JPG,5,Chuhi
tool_bird_class_train/Chuhi_Eastern_Marsh_Harrier/UDS_chuhi-DSCr0669-3504-1619-792-334.JPG,5,Chuhi
tool_bird_class_train/Chuhi_Eastern_Marsh_Harrier/AAS1_chuhi-IMGr9615-2501-1752-233-143.JPG,5,Chuhi
tool_bird_class_train/Chuhi_Eastern_Marsh_Harrier/UDS_chuhi-DSCr0503-2898-1011-607-314.JPG,5,Chuhi
tool_bird_class_train/Chuhi_Eastern_Marsh_Harrier/ext_inat_20260504/inat_295040330_ec323334.jpg,5,Chuhi
tool_bird_class_train/Chuhi_Eastern_Marsh_Harrier/AAS1_chuhi-IMGP3124-1370-1012-420-216.JPG,5,Chuhi
tool_bird_class_train/Chuhi_Eastern_Marsh_Harrier/UDS_chuhi-DSCr0473-2527-1744-819-219.JPG,5,Chuhi
tool_bird_class_train/Chuhi_Eastern_Marsh_Harrier/ext_inat_20260504/inat_87066738_a46fb93d.jpg,5,Chuhi
tool_bird_class_train/Chuhi_Eastern_Marsh_Harrier/UDS_chuhi-A69Q3115-684-223-458-309.JPG,5,Chuhi
tool_bird_class_train/Chuhi_Eastern_Marsh_Harrier/ext_inat_20260504/inat_569409413_ef25622f.jpg,5,Chuhi
tool_bird_class_train/Chuhi_Eastern_Marsh_Harrier/UDS_chuhi-DSCr0267-2405-1700-334-344.JPG,5,Chuhi
tool_bird_class_train/Chuhi_Eastern_Marsh_Harrier/UDS_chuhi-DSCr0322-2932-1333-459-153.JPG,5,Chuhi
tool_bird_class_train/Chuhi_Eastern_Marsh_Harrier/AAS1_chuhi-IMGr5450-1-811-407-471-641.JPG,5,Chuhi
tool_bird_class_train/Chuhi_Eastern_Marsh_Harrier/UDS_chuhi-DSCr0510-212-1030-689-173.JPG,5,Chuhi
tool_bird_class_train/Chuhi_Eastern_Marsh_Harrier/AAS1_chuhi-IMGr6059-1953-1531-315-339.JPG,5,Chuhi
tool_bird_class_train/Chuhi_Eastern_Marsh_Harrier/v5_train_v5_inat/316267818.jpg,5,Chuhi
tool_bird_class_train/Chuhi_Eastern_Marsh_Harrier/UDS_chuhi-DSCr0098-3201-2251-448-290.JPG,5,Chuhi
tool_bird_class_train/Chuhi_Eastern_Marsh_Harrier/UDS_chuhi-DSCr0634-4106-1444-728-206.JPG,5,Chuhi
tool_bird_class_train/Chuhi_Eastern_Marsh_Harrier/UDS_chuhi-DSCr0456-2092-1155-528-159.JPG,5,Chuhi
tool_bird_class_train/Chuhi_Eastern_Marsh_Harrier/UDS_chuhi-DSCr0032-2600-1880-592-387.JPG,5,Chuhi
tool_bird_class_train/Chuhi_Eastern_Marsh_Harrier/UDS_chuhi-DSCr0114-3034-1100-1487-537.JPG,5,Chuhi
tool_bird_class_train/Chuhi_Eastern_Marsh_Harrier/UDS_chuhi-DSCr0386-3215-1289-557-364.JPG,5,Chuhi
tool_bird_class_train/Chuhi_Eastern_Marsh_Harrier/UDS_chuhi-DSCr0515-1532-1027-566-319.JPG,5,Chuhi
tool_bird_class_train/Chuhi_Eastern_Marsh_Harrier/ext_inat_20260504/inat_131520133_9c89f7d2.jpg,5,Chuhi
tool_bird_class_train/Chuhi_Eastern_Marsh_Harrier/UDS_chuhi-IMGr2966-2369-1616-179-118.JPG,5,Chuhi
tool_bird_class_train/Chuhi_Eastern_Marsh_Harrier/UDS_chuhi-DSCr0655-3655-1929-1097-572.JPG,5,Chuhi
tool_bird_class_train/Chuhi_Eastern_Marsh_Harrier/AAS1_chuhi-IMGr7612-2674-1473-368-307.JPG,5,Chuhi
tool_bird_class_train/Chuhi_Eastern_Marsh_Harrier/AAS1_chuhi-IMGr5462-2596-2015-483-623.JPG,5,Chuhi
tool_bird_class_train/Chuhi_Eastern_Marsh_Harrier/UDS_chuhi-DSCr0141-2185-1338-1825-1056.JPG,5,Chuhi
tool_bird_class_train/Chuhi_Eastern_Marsh_Harrier/ext_inat_20260504/inat_128632392_ee9e48bf.jpg,5,Chuhi
tool_bird_class_train/Chuhi_Eastern_Marsh_Harrier/UDS_chuhi-DSCr0176-2896-1851-279-190.JPG,5,Chuhi
tool_bird_class_train/Chuhi_Eastern_Marsh_Harrier/UDS_chuhi-IMGr9785-2016-1698-738-360.JPG,5,Chuhi
tool_bird_class_train/Chuhi_Eastern_Marsh_Harrier/UDS_chuhi-DSCr0512-2222-1423-685-227.JPG,5,Chuhi
tool_bird_class_train/Chuhi_Eastern_Marsh_Harrier/UDS_chuhi-DSCr0315-2331-1805-117-55.JPG,5,Chuhi
tool_bird_class_train/Chuhi_Eastern_Marsh_Harrier/v4_gt/345982761.jpg,5,Chuhi
tool_bird_class_train/Chuhi_Eastern_Marsh_Harrier/UDS_chuhi-DSCr0294-2629-1219-829-450.JPG,5,Chuhi
tool_bird_class_train/Chuhi_Eastern_Marsh_Harrier/UDS_chuhi-DSCr0297-2097-1488-845-316.JPG,5,Chuhi
tool_bird_class_train/Chuhi_Eastern_Marsh_Harrier/ext_inat_20260504/inat_346348359_74111800.jpg,5,Chuhi
tool_bird_class_train/Chuhi_Eastern_Marsh_Harrier/UDS_chuhi-DSCr0521-2090-2055-586-270.JPG,5,Chuhi
tool_bird_class_train/Chuhi_Eastern_Marsh_Harrier/UDS_chuhi-DSCr1553-2659-1796-643-435.JPG,5,Chuhi
tool_bird_class_train/Chuhi_Eastern_Marsh_Harrier/ext_inat_20260504/inat_198066140_c5e010d0.jpg,5,Chuhi
tool_bird_class_train/Chuhi_Eastern_Marsh_Harrier/UDS_chuhi-DSCr0640-2124-1927-907-535.JPG,5,Chuhi
tool_bird_class_train/Chuhi_Eastern_Marsh_Harrier/AAS1_chuhi-IMGr2826-2131-1562-596-453.JPG,5,Chuhi
tool_bird_class_train/Chuhi_Eastern_Marsh_Harrier/AAS1_chuhi-IMGr8364-2640-1477-202-140.JPG,5,Chuhi
tool_bird_class_train/Chuhi_Eastern_Marsh_Harrier/ext_inat_20260504/inat_565293226_89212f24.jpg,5,Chuhi
tool_bird_class_train/Chuhi_Eastern_Marsh_Harrier/UDS_chuhi-A69Q3111-406-184-466-200.JPG,5,Chuhi
tool_bird_class_train/Chuhi_Eastern_Marsh_Harrier/AAS1_chuhi-rrrrr140121r1-1625-1298-498-302.JPG,5,Chuhi
tool_bird_class_train/Chuhi_Eastern_Marsh_Harrier/AAS1_chuhi-P1200547-1337-767-117-51.JPG,5,Chuhi
tool_bird_class_train/Chuhi_Eastern_Marsh_Harrier/ext_inat_20260504/inat_408062063_3a9108bb.jpg,5,Chuhi
tool_bird_class_train/Chuhi_Eastern_Marsh_Harrier/UDS_chuhi-DSCr0245-3277-1587-463-271.JPG,5,Chuhi
tool_bird_class_train/Chuhi_Eastern_Marsh_Harrier/AAS1_chuhi-IMGr6614-2537-1582-344-158.JPG,5,Chuhi
tool_bird_class_train/Chuhi_Eastern_Marsh_Harrier/ext_inat_20260504/inat_2618787_befb97a5.jpg,5,Chuhi
tool_bird_class_train/Chuhi_Eastern_Marsh_Harrier/UDS_chuhi-DSCr0153-2293-2149-610-333.JPG,5,Chuhi
tool_bird_class_train/Chuhi_Eastern_Marsh_Harrier/UDS_chuhi-DSCr0173-1853-1734-383-264.JPG,5,Chuhi
tool_bird_class_train/Chuhi_Eastern_Marsh_Harrier/UDS_chuhi-DSCr0412-2773-1448-384-214.JPG,5,Chuhi
tool_bird_class_train/Chuhi_Eastern_Marsh_Harrier/UDS_chuhi-DSCr0146r00016-2744-1945-243-231.JPG,5,Chuhi
tool_bird_class_train/Chuhi_Eastern_Marsh_Harrier/UDS_chuhi-DSCr0373-2024-1703-479-187.JPG,5,Chuhi
tool_bird_class_train/Chuhi_Eastern_Marsh_Harrier/UDS_chuhi-DSCr0436-1504-890-733-287.JPG,5,Chuhi
tool_bird_class_train/Chuhi_Eastern_Marsh_Harrier/UDS_chuhi-DSCr0324-2751-1828-338-177.JPG,5,Chuhi
tool_bird_class_train/Chuhi_Eastern_Marsh_Harrier/ext_inat_20260504/inat_398264441_e9f5b227.jpg,5,Chuhi
tool_bird_class_train/Chuhi_Eastern_Marsh_Harrier/UDS_chuhi-DSCr0181-2427-1884-303-224.JPG,5,Chuhi
tool_bird_class_train/Chuhi_Eastern_Marsh_Harrier/ext_inat_20260504/inat_172146135_d60059d1.jpg,5,Chuhi
tool_bird_class_train/Chuhi_Eastern_Marsh_Harrier/ext_inat_20260504/inat_392414595_655962bd.jpg,5,Chuhi
tool_bird_class_train/Chuhi_Eastern_Marsh_Harrier/UDS_chuhi-A69Q7703-2560-1555-353-249.JPG,5,Chuhi
tool_bird_class_train/Chuhi_Eastern_Marsh_Harrier/UDS_chuhi-DSCr0673-3278-1474-720-282.JPG,5,Chuhi
tool_bird_class_train/Chuhi_Eastern_Marsh_Harrier/UDS_chuhi-DSCr0701-1524-821-848-401.JPG,5,Chuhi
tool_bird_class_train/Chuhi_Eastern_Marsh_Harrier/UDS_chuhi-DSCr0657-2537-1225-1121-574.JPG,5,Chuhi
tool_bird_class_train/Chuhi_Eastern_Marsh_Harrier/UDS_chuhi-DSCr1543-2913-2412-218-168.JPG,5,Chuhi
tool_bird_class_train/Chuhi_Eastern_Marsh_Harrier/AAS1_chuhi-IMGr7618-2287-1721-536-239.JPG,5,Chuhi
tool_bird_class_train/Chuhi_Eastern_Marsh_Harrier/v5_train_v5_inat/315212190.jpg,5,Chuhi
tool_bird_class_train/Chuhi_Eastern_Marsh_Harrier/UDS_chuhi-DSCr0429-2757-2456-278-118.JPG,5,Chuhi
tool_bird_class_train/Chuhi_Eastern_Marsh_Harrier/ext_inat_20260504/inat_581417711_a2bb2c3a.jpg,5,Chuhi
tool_bird_class_train/Chuhi_Eastern_Marsh_Harrier/UDS_chuhi-IMGr8733-2378-879-542-379.JPG,5,Chuhi
tool_bird_class_train/Chuhi_Eastern_Marsh_Harrier/ext_inat_20260504/inat_605062351_1a0f7b49.jpg,5,Chuhi
tool_bird_class_train/Chuhi_Eastern_Marsh_Harrier/UDS_chuhi-IMGr9476-2254-1281-596-446.JPG,5,Chuhi
tool_bird_class_train/Chuhi_Eastern_Marsh_Harrier/UDS_chuhi-IMGr6443-2487-1502-276-254.JPG,5,Chuhi
tool_bird_class_train/Chuhi_Eastern_Marsh_Harrier/UDS_chuhi-DSCr0681-2740-1892-412-330.JPG,5,Chuhi
tool_bird_class_train/Chuhi_Eastern_Marsh_Harrier/UDS_chuhi-DSCr0209r00021-1835-953-346-248.JPG,5,Chuhi
tool_bird_class_train/Chuhi_Eastern_Marsh_Harrier/ext_inat_20260504/inat_182561227_8a190e40.jpg,5,Chuhi
tool_bird_class_train/Chuhi_Eastern_Marsh_Harrier/UDS_chuhi-DSCr0520-2218-1355-552-398.JPG,5,Chuhi
tool_bird_class_train/Chuhi_Eastern_Marsh_Harrier/UDS_chuhi-DSCr0381-1622-1107-404-458.JPG,5,Chuhi
tool_bird_class_train/Chuhi_Eastern_Marsh_Harrier/UDS_chuhi-DSCr0242-2617-1165-541-422.JPG,5,Chuhi
tool_bird_class_train/Chuhi_Eastern_Marsh_Harrier/UDS_chuhi-IMGr2777-2150-1477-440-384.JPG,5,Chuhi
tool_bird_class_train/Chuhi_Eastern_Marsh_Harrier/UDS_chuhi-DSCr0123r00007-2366-1544-277-123.JPG,5,Chuhi
tool_bird_class_train/Chuhi_Eastern_Marsh_Harrier/UDS_chuhi-DSCr0140-2480-1153-1075-474.JPG,5,Chuhi
tool_bird_class_train/Chuhi_Eastern_Marsh_Harrier/AAS1_chuhi-P1210222-840-861-484-111.JPG,5,Chuhi
tool_bird_class_train/Chuhi_Eastern_Marsh_Harrier/UDS_chuhi-DSCr0030-2534-1964-783-495.JPG,5,Chuhi
tool_bird_class_train/Chuhi_Eastern_Marsh_Harrier/ext_inat_20260504/inat_122958164_4a483cd6.jpg,5,Chuhi
tool_bird_class_train/Chuhi_Eastern_Marsh_Harrier/UDS_chuhi-DSCr0249-3286-1897-591-252.JPG,5,Chuhi
tool_bird_class_train/Chuhi_Eastern_Marsh_Harrier/UDS_chuhi-DSCr0556-2043-1569-837-275.JPG,5,Chuhi
tool_bird_class_train/Chuhi_Eastern_Marsh_Harrier/ext_inat_20260504/inat_330514802_770da699.jpg,5,Chuhi
tool_bird_class_train/Chuhi_Eastern_Marsh_Harrier/UDS_chuhi-A69Q1864-749-325-999-579.JPG,5,Chuhi
tool_bird_class_train/Chuhi_Eastern_Marsh_Harrier/UDS_chuhi-DSCr0190-2206-1453-851-537.JPG,5,Chuhi
tool_bird_class_train/Chuhi_Eastern_Marsh_Harrier/UDS_chuhi-DSCr0487-3474-811-708-405.JPG,5,Chuhi
tool_bird_class_train/Chuhi_Eastern_Marsh_Harrier/UDS_chuhi-DSCr0023-2360-1520-630-598.JPG,5,Chuhi
tool_bird_class_train/Chuhi_Eastern_Marsh_Harrier/ext_inat_20260504/inat_630835386_af45490d.jpg,5,Chuhi
tool_bird_class_train/Chuhi_Eastern_Marsh_Harrier/UDS_chuhi-DSCr0298-2014-1405-837-348.JPG,5,Chuhi
tool_bird_class_train/Chuhi_Eastern_Marsh_Harrier/AAS1_chuhi-IMGr1433-2630-1727-565-355.JPG,5,Chuhi
tool_bird_class_train/Chuhi_Eastern_Marsh_Harrier/AAS1_chuhi-P1200068-1445-785-164-103.JPG,5,Chuhi
tool_bird_class_train/Chuhi_Eastern_Marsh_Harrier/ext_inat_20260504/inat_112340323_089d02ca.jpg,5,Chuhi
tool_bird_class_train/Chuhi_Eastern_Marsh_Harrier/UDS_chuhi-IMGr8266-2208-1338-497-355.JPG,5,Chuhi
tool_bird_class_train/Chuhi_Eastern_Marsh_Harrier/UDS_chuhi-DSCr0637-2432-1406-740-210.JPG,5,Chuhi
tool_bird_class_train/Chuhi_Eastern_Marsh_Harrier/UDS_chuhi-IMGr6457-2107-1291-906-561.JPG,5,Chuhi
tool_bird_class_train/Chuhi_Eastern_Marsh_Harrier/UDS_chuhi-DSCr6559-3163-2038-438-277.JPG,5,Chuhi
tool_bird_class_train/Chuhi_Eastern_Marsh_Harrier/AAS1_chuhi-IMGr9617-2739-1422-144-132.JPG,5,Chuhi
tool_bird_class_train/Chuhi_Eastern_Marsh_Harrier/AAS1_chuhi-IMGr7482-2772-1725-196-159.JPG,5,Chuhi
tool_bird_class_train/Chuhi_Eastern_Marsh_Harrier/UDS_chuhi-DSCr0720-2401-752-848-624.JPG,5,Chuhi
tool_bird_class_train/Chuhi_Eastern_Marsh_Harrier/ext_inat_20260504/inat_199089964_67a021c7.jpg,5,Chuhi
tool_bird_class_train/Chuhi_Eastern_Marsh_Harrier/UDS_chuhi-DSCr0241-1745-869-462-408.JPG,5,Chuhi
tool_bird_class_train/Chuhi_Eastern_Marsh_Harrier/AAS1_chuhi-IMGr9594-2529-1479-196-191.JPG,5,Chuhi
tool_bird_class_train/Chuhi_Eastern_Marsh_Harrier/ext_inat_20260504/inat_512694213_0cae8160.jpg,5,Chuhi
tool_bird_class_train/Chuhi_Eastern_Marsh_Harrier/AAS1_chuhi-IMGr7479-2371-1402-330-209.JPG,5,Chuhi
tool_bird_class_train/Chuhi_Eastern_Marsh_Harrier/UDS_chuhi-IMGr3069-2376-1358-401-345.JPG,5,Chuhi
tool_bird_class_train/Chuhi_Eastern_Marsh_Harrier/UDS_chuhi-DSCr0033-3259-1488-606-315.JPG,5,Chuhi
tool_bird_class_train/Chuhi_Eastern_Marsh_Harrier/UDS_chuhi-A69Q3087-234-222-1811-869.JPG,5,Chuhi
tool_bird_class_train/Chuhi_Eastern_Marsh_Harrier/AAS1_chuhi-P1200545-1331-600-134-128.JPG,5,Chuhi
tool_bird_class_train/Chuhi_Eastern_Marsh_Harrier/AAS1_chuhi-P1210228-1310-908-144-107.JPG,5,Chuhi
tool_bird_class_train/Chuhi_Eastern_Marsh_Harrier/UDS_chuhi-DSCr0143-2033-1589-1514-942.JPG,5,Chuhi
tool_bird_class_train/Chuhi_Eastern_Marsh_Harrier/UDS_chuhi-DSCr0542-3103-1859-596-271.JPG,5,Chuhi
tool_bird_class_train/Chuhi_Eastern_Marsh_Harrier/ext_inat_20260504/inat_447947175_7f61655c.png,5,Chuhi
tool_bird_class_train/Chuhi_Eastern_Marsh_Harrier/ext_inat_20260504/inat_2720409_77a29233.jpg,5,Chuhi
tool_bird_class_train/Chuhi_Eastern_Marsh_Harrier/UDS_chuhi-DSCr0531-2897-1085-578-398.JPG,5,Chuhi
tool_bird_class_train/Chuhi_Eastern_Marsh_Harrier/UDS_chuhi-DSCr1373-2855-1420-241-201.JPG,5,Chuhi
tool_bird_class_train/Chuhi_Eastern_Marsh_Harrier/UDS_chuhi-DSCr0113-2005-1338-1961-505.JPG,5,Chuhi
tool_bird_class_train/Chuhi_Eastern_Marsh_Harrier/UDS_chuhi-DSCr0498-2024-891-438-376.JPG,5,Chuhi
tool_bird_class_train/Chuhi_Eastern_Marsh_Harrier/UDS_chuhi-DSCr0729-3123-498-562-480.JPG,5,Chuhi
tool_bird_class_train/Chuhi_Eastern_Marsh_Harrier/UDS_chuhi-DSCr0642-1870-2038-970-480.JPG,5,Chuhi
tool_bird_class_train/Chuhi_Eastern_Marsh_Harrier/ext_inat_20260504/inat_156438150_a7d1c3a7.jpg,5,Chuhi
tool_bird_class_train/Chuhi_Eastern_Marsh_Harrier/v4_gt/342199154.jpg,5,Chuhi
tool_bird_class_train/Chuhi_Eastern_Marsh_Harrier/UDS_chuhi-DSCr0375-1823-1695-500-199.JPG,5,Chuhi
tool_bird_class_train/Chuhi_Eastern_Marsh_Harrier/UDS_chuhi-DSCr0320-3163-2019-474-156.JPG,5,Chuhi
tool_bird_class_train/Chuhi_Eastern_Marsh_Harrier/UDS_chuhi-DSCr0448-2401-1093-588-157.JPG,5,Chuhi
tool_bird_class_train/Chuhi_Eastern_Marsh_Harrier/ext_inat_20260504/inat_503731356_6705eb65.jpg,5,Chuhi
tool_bird_class_train/Chuhi_Eastern_Marsh_Harrier/UDS_chuhi-IMGr9480-2195-1400-328-249.JPG,5,Chuhi
tool_bird_class_train/Chuhi_Eastern_Marsh_Harrier/UDS_chuhi-IMGr6453-2275-1458-295-211.JPG,5,Chuhi
tool_bird_class_train/Chuhi_Eastern_Marsh_Harrier/UDS_chuhi-DSCr0175-2579-1779-332-228.JPG,5,Chuhi
tool_bird_class_train/Chuhi_Eastern_Marsh_Harrier/AAS1_chuhi-rrrrr140121r3-1797-1355-522-304.JPG,5,Chuhi
tool_bird_class_train/Chuhi_Eastern_Marsh_Harrier/UDS_chuhi-IMGr6461-1992-1195-723-464.JPG,5,Chuhi
tool_bird_class_train/Chuhi_Eastern_Marsh_Harrier/UDS_chuhi-DSCr0722-3029-718-827-599.JPG,5,Chuhi
tool_bird_class_train/Chuhi_Eastern_Marsh_Harrier/ext_inat_20260504/inat_587327092_07032989.jpg,5,Chuhi
tool_bird_class_train/Chuhi_Eastern_Marsh_Harrier/ext_inat_20260504/inat_639496914_eeffae19.jpg,5,Chuhi
tool_bird_class_train/Chuhi_Eastern_Marsh_Harrier/UDS_chuhi-DSCr0693-2019-1624-661-363.JPG,5,Chuhi
tool_bird_class_train/Chuhi_Eastern_Marsh_Harrier/ext_inat_20260504/inat_428089802_c375f657.jpg,5,Chuhi
tool_bird_class_train/Chuhi_Eastern_Marsh_Harrier/UDS_chuhi-DSCr0460-3004-2001-274-292.JPG,5,Chuhi
tool_bird_class_train/Chuhi_Eastern_Marsh_Harrier/UDS_chuhi-IMGr9482-2189-1310-522-575.JPG,5,Chuhi
tool_bird_class_train/Chuhi_Eastern_Marsh_Harrier/UDS_chuhi-DSCr0147r00017-2785-2164-234-204.JPG,5,Chuhi
tool_bird_class_train/Chuhi_Eastern_Marsh_Harrier/AAS1_chuhi-IMGr6620-2516-1495-283-215.JPG,5,Chuhi
tool_bird_class_train/Chuhi_Eastern_Marsh_Harrier/UDS_chuhi-DSCr0276-2443-1661-547-306.JPG,5,Chuhi
tool_bird_class_train/Chuhi_Eastern_Marsh_Harrier/UDS_chuhi-IMGr6441-2530-1458-310-278.JPG,5,Chuhi
tool_bird_class_train/Chuhi_Eastern_Marsh_Harrier/UDS_chuhi-DSCr1557-2909-1457-477-386.JPG,5,Chuhi
tool_bird_class_train/Chuhi_Eastern_Marsh_Harrier/ext_inat_20260504/inat_583182650_2ef1bb4c.jpg,5,Chuhi
tool_bird_class_train/Chuhi_Eastern_Marsh_Harrier/AAS1_chuhi-IMGr6618-2436-1553-299-329.JPG,5,Chuhi
tool_bird_class_train/Chuhi_Eastern_Marsh_Harrier/AAS1_chuhi-IMGr6025-2616-1808-97-113.JPG,5,Chuhi
tool_bird_class_train/Chuhi_Eastern_Marsh_Harrier/UDS_chuhi-DSCr0385-2797-1472-520-433.JPG,5,Chuhi
tool_bird_class_train/Chuhi_Eastern_Marsh_Harrier/AAS1_chuhi-IMGr9619-2611-1979-228-185.JPG,5,Chuhi
tool_bird_class_train/Chuhi_Eastern_Marsh_Harrier/UDS_chuhi-DSCr0410-2346-1461-313-218.JPG,5,Chuhi
tool_bird_class_train/Chuhi_Eastern_Marsh_Harrier/UDS_chuhi-IMGr2792-2376-1727-329-182.JPG,5,Chuhi
tool_bird_class_train/Chuhi_Eastern_Marsh_Harrier/UDS_chuhi-DSCr0664-3268-961-1262-385.JPG,5,Chuhi
tool_bird_class_train/Chuhi_Eastern_Marsh_Harrier/AAS1_chuhi-IMGP3136-1361-916-432-293.JPG,5,Chuhi
tool_bird_class_train/Chuhi_Eastern_Marsh_Harrier/UDS_chuhi-DSCr0527-2437-1349-564-295.JPG,5,Chuhi
tool_bird_class_train/Chuhi_Eastern_Marsh_Harrier/ext_inat_20260504/inat_570992250_4da1fca7.jpg,5,Chuhi
tool_bird_class_train/Chuhi_Eastern_Marsh_Harrier/UDS_chuhi-DSCr0549-2574-1629-532-270.JPG,5,Chuhi
tool_bird_class_train/Chuhi_Eastern_Marsh_Harrier/UDS_chuhi-IMGr7769-2059-1230-726-482.JPG,5,Chuhi
tool_bird_class_train/Chuhi_Eastern_Marsh_Harrier/UDS_chuhi-DSCr0121r00006-2247-1548-452-224.JPG,5,Chuhi
tool_bird_class_train/Chuhi_Eastern_Marsh_Harrier/AAS1_chuhi-r083A4763-529-46-687-719.JPG,5,Chuhi
tool_bird_class_train/Chuhi_Eastern_Marsh_Harrier/AAS1_chuhi-P1200064-1578-1017-207-96.JPG,5,Chuhi
tool_bird_class_train/Chuhi_Eastern_Marsh_Harrier/AAS1_chuhi-IMGr2838-2261-1439-379-583.JPG,5,Chuhi
tool_bird_class_train/Chuhi_Eastern_Marsh_Harrier/ext_inat_20260504/inat_456479651_b1371daf.jpg,5,Chuhi
tool_bird_class_train/Chuhi_Eastern_Marsh_Harrier/ext_inat_20260504/inat_71230746_d9354dc7.jpg,5,Chuhi
tool_bird_class_train/Chuhi_Eastern_Marsh_Harrier/v5_train_v5_inat/330147664.jpg,5,Chuhi
tool_bird_class_train/Chuhi_Eastern_Marsh_Harrier/UDS_chuhi-DSCr0704-3266-1330-550-544.JPG,5,Chuhi
tool_bird_class_train/Chuhi_Eastern_Marsh_Harrier/ext_inat_20260504/inat_170843010_b27cf767.jpg,5,Chuhi
tool_bird_class_train/Chuhi_Eastern_Marsh_Harrier/UDS_chuhi-A69Q3109-563-277-503-233.JPG,5,Chuhi
tool_bird_class_train/Chuhi_Eastern_Marsh_Harrier/v4_gt/343670577.jpg,5,Chuhi
tool_bird_class_train/Chuhi_Eastern_Marsh_Harrier/UDS_chuhi-DSCr0285-3349-1789-862-512.JPG,5,Chuhi
tool_bird_class_train/Chuhi_Eastern_Marsh_Harrier/ext_inat_20260504/inat_73717160_585f70a2.jpg,5,Chuhi
tool_bird_class_train/Chuhi_Eastern_Marsh_Harrier/UDS_chuhi-IMGr2731-2095-1508-419-320.JPG,5,Chuhi
tool_bird_class_train/Chuhi_Eastern_Marsh_Harrier/UDS_chuhi-IMGr1058-1640-1461-343-265.JPG,5,Chuhi
tool_bird_class_train/Chuhi_Eastern_Marsh_Harrier/UDS_chuhi-DSCr0257-1312-1737-754-311.JPG,5,Chuhi
tool_bird_class_train/Chuhi_Eastern_Marsh_Harrier/UDS_chuhi-IMGr7749-2194-1338-502-331.JPG,5,Chuhi
tool_bird_class_train/Chuhi_Eastern_Marsh_Harrier/UDS_chuhi-IMGr9741-2453-1487-372-446.JPG,5,Chuhi
tool_bird_class_train/Chuhi_Eastern_Marsh_Harrier/UDS_chuhi-DSCr0094-3388-1347-438-291.JPG,5,Chuhi
tool_bird_class_train/Chuhi_Eastern_Marsh_Harrier/UDS_chuhi-A69Q1855-783-546-661-258.JPG,5,Chuhi
tool_bird_class_train/Chuhi_Eastern_Marsh_Harrier/AAS1_chuhi-IMGr6617-2657-1427-171-264.JPG,5,Chuhi
tool_bird_class_train/Chuhi_Eastern_Marsh_Harrier/UDS_chuhi-IMGr6450-2225-1447-243-280.JPG,5,Chuhi
tool_bird_class_train/Chuhi_Eastern_Marsh_Harrier/UDS_chuhi-DSCr0491-3604-1251-521-290.JPG,5,Chuhi
tool_bird_class_train/Chuhi_Eastern_Marsh_Harrier/UDS_chuhi-IMGr8248-2394-1574-286-207.JPG,5,Chuhi
tool_bird_class_train/Chuhi_Eastern_Marsh_Harrier/AAS1_chuhi-IMGr8368-2310-1611-157-96.JPG,5,Chuhi
tool_bird_class_train/Chuhi_Eastern_Marsh_Harrier/UDS_chuhi-DSCr0118r00003-2463-1567-363-248.JPG,5,Chuhi
tool_bird_class_train/Chuhi_Eastern_Marsh_Harrier/UDS_chuhi-DSCr0110-2048-1284-1994-679.JPG,5,Chuhi
tool_bird_class_train/Chuhi_Eastern_Marsh_Harrier/UDS_chuhi-DSCr0149-3021-2008-649-639.JPG,5,Chuhi
tool_bird_class_train/Chuhi_Eastern_Marsh_Harrier/UDS_chuhi-DSCr6530-2642-1477-426-279.JPG,5,Chuhi
tool_bird_class_train/Chuhi_Eastern_Marsh_Harrier/v5_train_v5_inat/321492811.jpg,5,Chuhi
tool_bird_class_train/Chuhi_Eastern_Marsh_Harrier/AAS1_chuhi-IMGr7480-2751-1645-305-197.JPG,5,Chuhi
tool_bird_class_train/Chuhi_Eastern_Marsh_Harrier/AAS1_chuhi-IMGr7617-2246-1146-358-461.JPG,5,Chuhi
tool_bird_class_train/Chuhi_Eastern_Marsh_Harrier/UDS_chuhi-DSCr0208r00020-2406-1173-315-202.JPG,5,Chuhi
tool_bird_class_train/Chuhi_Eastern_Marsh_Harrier/AAS1_chuhi-IMGr2837-2620-1761-348-191.JPG,5,Chuhi
tool_bird_class_train/Chuhi_Eastern_Marsh_Harrier/AAS1_chuhi-IMGr5464-1966-1178-742-436.JPG,5,Chuhi
tool_bird_class_train/Chuhi_Eastern_Marsh_Harrier/UDS_chuhi-IMGr7756-2415-1324-232-319.JPG,5,Chuhi
tool_bird_class_train/Chuhi_Eastern_Marsh_Harrier/UDS_chuhi-DSCr0696-2344-1598-779-342.JPG,5,Chuhi
tool_bird_class_train/Chuhi_Eastern_Marsh_Harrier/UDS_chuhi-DSCr0441-2943-1738-552-257.JPG,5,Chuhi
tool_bird_class_train/Chuhi_Eastern_Marsh_Harrier/AAS1_chuhi-rrrrr131226-1838-1194-117-80.JPG,5,Chuhi
tool_bird_class_train/Chuhi_Eastern_Marsh_Harrier/UDS_chuhi-DSCr0209-3518-1662-458-322.JPG,5,Chuhi
tool_bird_class_train/Chuhi_Eastern_Marsh_Harrier/UDS_chuhi-DSCr0262-3161-1475-431-257.JPG,5,Chuhi
tool_bird_class_train/Chuhi_Eastern_Marsh_Harrier/v5_train_v5_inat/312644629.jpg,5,Chuhi
tool_bird_class_train/Chuhi_Eastern_Marsh_Harrier/UDS_chuhi-DSCr0413-2752-1450-306-184.JPG,5,Chuhi
tool_bird_class_train/Chuhi_Eastern_Marsh_Harrier/UDS_chuhi-DSCr0647-3102-1969-963-749.JPG,5,Chuhi
tool_bird_class_train/Chuhi_Eastern_Marsh_Harrier/UDS_chuhi-IMGr8226-2283-1389-307-201.JPG,5,Chuhi
tool_bird_class_train/Chuhi_Eastern_Marsh_Harrier/AAS1_chuhi-r083A4650-549-356-397-347.JPG,5,Chuhi
tool_bird_class_train/Chuhi_Eastern_Marsh_Harrier/AAS1_chuhi-IMGr2834-2208-1502-333-407.JPG,5,Chuhi
tool_bird_class_train/Chuhi_Eastern_Marsh_Harrier/v4_gt/333300319.jpg,5,Chuhi
tool_bird_class_train/Chuhi_Eastern_Marsh_Harrier/AAS1_chuhi-IMGr8362-2557-1631-177-150.JPG,5,Chuhi
tool_bird_class_train/Chuhi_Eastern_Marsh_Harrier/UDS_chuhi-DSCr0565-1677-738-876-518.JPG,5,Chuhi
tool_bird_class_train/Chuhi_Eastern_Marsh_Harrier/UDS_chuhi-IMGr8247-2513-1266-279-331.JPG,5,Chuhi
tool_bird_class_train/Chuhi_Eastern_Marsh_Harrier/UDS_chuhi-DSCr0514-1860-1073-717-265.JPG,5,Chuhi
tool_bird_class_train/Chuhi_Eastern_Marsh_Harrier/AAS1_chuhi-IMGr1437-2603-1417-612-512.JPG,5,Chuhi
tool_bird_class_train/Chuhi_Eastern_Marsh_Harrier/ext_inat_20260504/inat_2735635_a413ac34.jpg,5,Chuhi
tool_bird_class_train/Chuhi_Eastern_Marsh_Harrier/UDS_chuhi-DSCr0401-3731-778-305-258.JPG,5,Chuhi
tool_bird_class_train/Chuhi_Eastern_Marsh_Harrier/AAS1_chuhi-IMGr2839-2326-1577-351-525.JPG,5,Chuhi
tool_bird_class_train/Chuhi_Eastern_Marsh_Harrier/ext_inat_20260504/inat_2653063_035858aa.jpg,5,Chuhi
tool_bird_class_train/Chuhi_Eastern_Marsh_Harrier/AAS1_chuhi-IMGr2845-2443-1401-276-224.JPG,5,Chuhi
tool_bird_class_train/Chuhi_Eastern_Marsh_Harrier/UDS_chuhi-DSCr0022-3032-1780-815-647.JPG,5,Chuhi
tool_bird_class_train/Chuhi_Eastern_Marsh_Harrier/AAS1_chuhi-IMGr5452-2299-1506-484-658.JPG,5,Chuhi
tool_bird_class_train/Chuhi_Eastern_Marsh_Harrier/UDS_chuhi-IMGr9477-2554-1122-454-273.JPG,5,Chuhi
tool_bird_class_train/Chuhi_Eastern_Marsh_Harrier/UDS_chuhi-IMGr9500-2838-1223-223-163.JPG,5,Chuhi
tool_bird_class_train/Chuhi_Eastern_Marsh_Harrier/UDS_chuhi-IMGr1054-1044-1475-271-203.JPG,5,Chuhi
tool_bird_class_train/Chuhi_Eastern_Marsh_Harrier/UDS_chuhi-DSCr0177-2567-1964-375-243.JPG,5,Chuhi
tool_bird_class_train/Chuhi_Eastern_Marsh_Harrier/AAS1_chuhi-IMGr9620-2493-1771-200-145.JPG,5,Chuhi
tool_bird_class_train/Chuhi_Eastern_Marsh_Harrier/AAS1_chuhi-P1200059-1177-934-214-111.JPG,5,Chuhi
tool_bird_class_train/Chuhi_Eastern_Marsh_Harrier/UDS_chuhi-DSCr0037-2502-1691-794-401.JPG,5,Chuhi
tool_bird_class_train/Chuhi_Eastern_Marsh_Harrier/UDS_chuhi-DSCr0728-2854-376-587-539.JPG,5,Chuhi
tool_bird_class_train/Chuhi_Eastern_Marsh_Harrier/ext_inat_20260504/inat_440721122_a8fa1dcf.png,5,Chuhi
tool_bird_class_train/Chuhi_Eastern_Marsh_Harrier/UDS_chuhi-DSCr0555-2491-1412-881-435.JPG,5,Chuhi
tool_bird_class_train/Chuhi_Eastern_Marsh_Harrier/UDS_chuhi-IMGr8227-2429-1423-279-230.JPG,5,Chuhi
tool_bird_class_train/Chuhi_Eastern_Marsh_Harrier/UDS_chuhi-IMGr7775-2362-1302-553-324.JPG,5,Chuhi
tool_bird_class_train/Chuhi_Eastern_Marsh_Harrier/UDS_chuhi-DSCr0201-3336-1597-707-334.JPG,5,Chuhi
tool_bird_class_train/Chuhi_Eastern_Marsh_Harrier/UDS_chuhi-A69Q7693-2458-1381-257-235.JPG,5,Chuhi
tool_bird_class_train/Chuhi_Eastern_Marsh_Harrier/AAS1_chuhi-IMGr7611-2391-1843-363-321.JPG,5,Chuhi
tool_bird_class_train/Chuhi_Eastern_Marsh_Harrier/v4_gt/339382891.jpg,5,Chuhi
tool_bird_class_train/Chuhi_Eastern_Marsh_Harrier/UDS_chuhi-DSCr0411-2231-1751-354-209.JPG,5,Chuhi
tool_bird_class_train/Chuhi_Eastern_Marsh_Harrier/AAS1_chuhi-P1200546-1447-1071-117-130.JPG,5,Chuhi
tool_bird_class_train/Chuhi_Eastern_Marsh_Harrier/UDS_chuhi-DSCr0167-2293-1784-635-478.JPG,5,Chuhi
tool_bird_class_train/Chuhi_Eastern_Marsh_Harrier/UDS_chuhi-DSCr6562-3482-2051-290-315.JPG,5,Chuhi
tool_bird_class_train/Chuhi_Eastern_Marsh_Harrier/UDS_chuhi-DSCr0142-2005-1338-2005-1338.JPG,5,Chuhi
tool_bird_class_train/Chuhi_Eastern_Marsh_Harrier/UDS_chuhi-DSCr0519-2444-1179-548-372.JPG,5,Chuhi
tool_bird_class_train/Chuhi_Eastern_Marsh_Harrier/UDS_chuhi-DSCr0690-3834-1998-619-352.JPG,5,Chuhi
tool_bird_class_train/Chuhi_Eastern_Marsh_Harrier/UDS_chuhi-DSCr0396-2354-1327-274-275.JPG,5,Chuhi
tool_bird_class_train/Chuhi_Eastern_Marsh_Harrier/ext_inat_20260504/inat_129050491_790becdd.jpg,5,Chuhi
tool_bird_class_train/Chuhi_Eastern_Marsh_Harrier/ext_inat_20260504/inat_199085880_c67c5b9c.jpg,5,Chuhi
tool_bird_class_train/Chuhi_Eastern_Marsh_Harrier/AAS1_chuhi-IMGr6165-2644-1741-334-226.JPG,5,Chuhi
tool_bird_class_train/Chuhi_Eastern_Marsh_Harrier/UDS_chuhi-IMGr8206-2138-1427-219-163.JPG,5,Chuhi
tool_bird_class_train/Chuhi_Eastern_Marsh_Harrier/UDS_chuhi-DSCr0518-2385-970-527-470.JPG,5,Chuhi
tool_bird_class_train/Chuhi_Eastern_Marsh_Harrier/UDS_chuhi-DSCr0459-2682-1640-270-315.JPG,5,Chuhi
tool_bird_class_train/Chuhi_Eastern_Marsh_Harrier/UDS_chuhi-DSCr6558-3172-1979-383-322.JPG,5,Chuhi
tool_bird_class_train/Chuhi_Eastern_Marsh_Harrier/UDS_chuhi-IMGr7746-2424-1328-473-288.JPG,5,Chuhi
tool_bird_class_train/Chuhi_Eastern_Marsh_Harrier/ext_inat_20260504/inat_123178366_55e49250.jpg,5,Chuhi
tool_bird_class_train/Chuhi_Eastern_Marsh_Harrier/UDS_chuhi-DSCr0099-1752-840-534-372.JPG,5,Chuhi
tool_bird_class_train/Chuhi_Eastern_Marsh_Harrier/UDS_chuhi-DSCr6534-2456-1606-265-185.JPG,5,Chuhi
tool_bird_class_train/Chuhi_Eastern_Marsh_Harrier/AAS1_chuhi-IMGr2827-2273-1709-327-143.JPG,5,Chuhi
tool_bird_class_train/Chuhi_Eastern_Marsh_Harrier/UDS_chuhi-DSCr0323-2999-1677-443-171.JPG,5,Chuhi
tool_bird_class_train/Chuhi_Eastern_Marsh_Harrier/AAS1_chuhi-IMGr7799-2564-1565-262-215.JPG,5,Chuhi
tool_bird_class_train/Chuhi_Eastern_Marsh_Harrier/AAS1_chuhi-IMGr9622-2549-1776-181-108.JPG,5,Chuhi
tool_bird_class_train/Chuhi_Eastern_Marsh_Harrier/UDS_chuhi-DSCr0243-2949-984-491-278.JPG,5,Chuhi
tool_bird_class_train/Chuhi_Eastern_Marsh_Harrier/UDS_chuhi-DSCr0677-1691-1766-746-503.JPG,5,Chuhi
