rel_path,species_idx,species_key
inaturalist/additional_ebird/Ootaka_Eurasian_Goshawk/ebird_171235621.jpg,4,Ootaka
inaturalist/additional_ebird/Ootaka_Eurasian_Goshawk/ebird_209779601.jpg,4,Ootaka
inaturalist/additional_ebird/Ootaka_Eurasian_Goshawk/ebird_247190591.jpg,4,Ootaka
inaturalist/additional_ebird/Ootaka_Eurasian_Goshawk/ebird_451035691.jpg,4,Ootaka
inaturalist/additional_ebird/Ootaka_Eurasian_Goshawk/ebird_508106351.jpg,4,Ootaka
inaturalist/additional_ebird/Ootaka_Eurasian_Goshawk/ebird_525954311.jpg,4,Ootaka
inaturalist/additional_ebird/Ootaka_Eurasian_Goshawk/ebird_527708641.jpg,4,Ootaka
inaturalist/additional_ebird/Ootaka_Eurasian_Goshawk/ebird_551681591.jpg,4,Ootaka
inaturalist/additional_ebird/Ootaka_Eurasian_Goshawk/ebird_612773717.jpg,4,Ootaka
inaturalist/additional_ebird/Ootaka_Eurasian_Goshawk/ebird_613156950.jpg,4,Ootaka
inaturalist/additional_ebird/Ootaka_Eurasian_Goshawk/ebird_614625273.jpg,4,Ootaka
inaturalist/additional_ebird/Ootaka_Eurasian_Goshawk/ebird_615579355.jpg,4,Ootaka
inaturalist/additional_ebird/Ootaka_Eurasian_Goshawk/ebird_616666214.jpg,4,Ootaka
inaturalist/additional_ebird/Ootaka_Eurasian_Goshawk/ebird_617704124.jpg,4,Ootaka
inaturalist/additional_ebird/Ootaka_Eurasian_Goshawk/ebird_618786227.jpg,4,Ootaka
inaturalist/additional_ebird/Ootaka_Eurasian_Goshawk/ebird_624636329.jpg,4,Ootaka
inaturalist/additional_ebird/Ootaka_Eurasian_Goshawk/ebird_627990125.jpg,4,Ootaka
inaturalist/additional_ebird/Ootaka_Eurasian_Goshawk/ebird_637568762.jpg,4,Ootaka
inaturalist/additional_ebird/Ootaka_Eurasian_Goshawk/ebird_645153364.jpg,4,Ootaka
inaturalist/additional_ebird/Ootaka_Eurasian_Goshawk/ebird_645597173.jpg,4,Ootaka
inaturalist/additional_ebird/Ootaka_Eurasian_Goshawk/ebird_647940029.jpg,4,Ootaka
tool_bird_class_train/Chuhi_Eastern_Marsh_Harrier/AAS1_chuhi-7D2M9675-1-315-269-579-300.JPG,5,Chuhi
tool_bird_class_train/Chuhi_Eastern_Marsh_Harrier/AAS1_chuhi-IMGP3123-1538-958-358-167.JPG,5,Chuhi
tool_bird_class_train/Chuhi_Eastern_Marsh_Harrier/AAS1_chuhi-IMGP3124-1370-1012-420-216.JPG,5,Chuhi
tool_bird_class_train/Chuhi_Eastern_Marsh_Harrier/AAS1_chuhi-IMGP3125-1270-774-327-196.JPG,5,Chuhi
tool_bird_class_train/Chuhi_Eastern_Marsh_Harrier/AAS1_chuhi-IMGP3126-1481-1137-254-145.JPG,5,Chuhi
tool_bird_class_train/Chuhi_Eastern_Marsh_Harrier/AAS1_chuhi-IMGP3136-1361-916-432-293.JPG,5,Chuhi
tool_bird_class_train/Chuhi_Eastern_Marsh_Harrier/AAS1_chuhi-IMGP3138-1718-613-443-346.JPG,5,Chuhi
tool_bird_class_train/Chuhi_Eastern_Marsh_Harrier/AAS1_chuhi-IMGr1427-2224-1002-606-286.JPG,5,Chuhi
tool_bird_class_train/Chuhi_Eastern_Marsh_Harrier/AAS1_chuhi-IMGr1428-2799-1310-507-469.JPG,5,Chuhi
tool_bird_class_train/Chuhi_Eastern_Marsh_Harrier/AAS1_chuhi-IMGr1429-2568-1233-602-469.JPG,5,Chuhi
tool_bird_class_train/Chuhi_Eastern_Marsh_Harrier/AAS1_chuhi-IMGr1430-1r-339-111-521-800.JPG,5,Chuhi
tool_bird_class_train/Chuhi_Eastern_Marsh_Harrier/AAS1_chuhi-IMGr1430-2016-1419-598-812.JPG,5,Chuhi
tool_bird_class_train/Chuhi_Eastern_Marsh_Harrier/AAS1_chuhi-IMGr1431-2259-1193-565-398.JPG,5,Chuhi
tool_bird_class_train/Chuhi_Eastern_Marsh_Harrier/AAS1_chuhi-IMGr1432-1991-1745-540-512.JPG,5,Chuhi
tool_bird_class_train/Chuhi_Eastern_Marsh_Harrier/AAS1_chuhi-IMGr1434-2243-1168-509-712.JPG,5,Chuhi
tool_bird_class_train/Chuhi_Eastern_Marsh_Harrier/AAS1_chuhi-IMGr1435-2549-1521-872-604.JPG,5,Chuhi
tool_bird_class_train/Chuhi_Eastern_Marsh_Harrier/AAS1_chuhi-IMGr1438-2024-1780-507-532.JPG,5,Chuhi
tool_bird_class_train/Chuhi_Eastern_Marsh_Harrier/AAS1_chuhi-IMGr1439-2655-1358-545-580.JPG,5,Chuhi
tool_bird_class_train/Chuhi_Eastern_Marsh_Harrier/AAS1_chuhi-IMGr2818-2207-1502-425-335.JPG,5,Chuhi
tool_bird_class_train/Chuhi_Eastern_Marsh_Harrier/AAS1_chuhi-IMGr2819-2328-1627-363-263.JPG,5,Chuhi
tool_bird_class_train/Chuhi_Eastern_Marsh_Harrier/AAS1_chuhi-IMGr2826-2131-1562-596-453.JPG,5,Chuhi
tool_bird_class_train/Chuhi_Eastern_Marsh_Harrier/AAS1_chuhi-IMGr2827-2273-1709-327-143.JPG,5,Chuhi
tool_bird_class_train/Chuhi_Eastern_Marsh_Harrier/AAS1_chuhi-IMGr2828-2367-1598-320-195.JPG,5,Chuhi
tool_bird_class_train/Chuhi_Eastern_Marsh_Harrier/AAS1_chuhi-IMGr2834-2208-1502-333-407.JPG,5,Chuhi
tool_bird_class_train/Chuhi_Eastern_Marsh_Harrier/AAS1_chuhi-IMGr2836-2380-1241-334-325.JPG,5,Chuhi
tool_bird_class_train/Chuhi_Eastern_Marsh_Harrier/AAS1_chuhi-IMGr2837-2620-1761-348-191.JPG,5,Chuhi
tool_bird_class_train/Chuhi_Eastern_Marsh_Harrier/AAS1_chuhi-IMGr2838-2261-1439-379-583.JPG,5,Chuhi
tool_bird_class_train/Chuhi_Eastern_Marsh_Harrier/AAS1_chuhi-IMGr2839-2326-1577-351-525.JPG,5,Chuhi
tool_bird_class_train/Chuhi_Eastern_Marsh_Harrier/AAS1_chuhi-IMGr2840r-1-490-262-264-532.JPG,5,Chuhi
tool_bird_class_train/Chuhi_Eastern_Marsh_Harrier/AAS1_chuhi-IMGr2840r-2444-1546-333-551.JPG,5,Chuhi
tool_bird_class_train/Chuhi_Eastern_Marsh_Harrier/AAS1_chuhi-IMGr2847-2436-1391-292-424.JPG,5,Chuhi
tool_bird_class_train/Chuhi_Eastern_Marsh_Harrier/AAS1_chuhi-IMGr5449-2693-1751-590-432.JPG,5,Chuhi
tool_bird_class_train/Chuhi_Eastern_Marsh_Harrier/AAS1_chuhi-IMGr5450-1-811-407-471-641.JPG,5,Chuhi
tool_bird_class_train/Chuhi_Eastern_Marsh_Harrier/AAS1_chuhi-IMGr5450-2269-1384-507-733.JPG,5,Chuhi
tool_bird_class_train/Chuhi_Eastern_Marsh_Harrier/AAS1_chuhi-IMGr5451-2227-1421-493-450.JPG,5,Chuhi
tool_bird_class_train/Chuhi_Eastern_Marsh_Harrier/AAS1_chuhi-IMGr5452-2299-1506-484-658.JPG,5,Chuhi
tool_bird_class_train/Chuhi_Eastern_Marsh_Harrier/AAS1_chuhi-IMGr5463-2354-1750-466-596.JPG,5,Chuhi
tool_bird_class_train/Chuhi_Eastern_Marsh_Harrier/AAS1_chuhi-IMGr5464-1966-1178-742-436.JPG,5,Chuhi
tool_bird_class_train/Chuhi_Eastern_Marsh_Harrier/AAS1_chuhi-IMGr5668-2428-1388-241-219.JPG,5,Chuhi
tool_bird_class_train/Chuhi_Eastern_Marsh_Harrier/AAS1_chuhi-IMGr6025-2616-1808-97-113.JPG,5,Chuhi
tool_bird_class_train/Chuhi_Eastern_Marsh_Harrier/AAS1_chuhi-IMGr6043-2265-1646-276-258.JPG,5,Chuhi
tool_bird_class_train/Chuhi_Eastern_Marsh_Harrier/AAS1_chuhi-IMGr6058-1-259-156-373-439.JPG,5,Chuhi
tool_bird_class_train/Chuhi_Eastern_Marsh_Harrier/AAS1_chuhi-IMGr6061-2659-1741-295-201.JPG,5,Chuhi
tool_bird_class_train/Chuhi_Eastern_Marsh_Harrier/AAS1_chuhi-IMGr6159-1-2563-1609-488-303.JPG,5,Chuhi
tool_bird_class_train/Chuhi_Eastern_Marsh_Harrier/AAS1_chuhi-IMGr6159-2549-1594-502-313.JPG,5,Chuhi
tool_bird_class_train/Chuhi_Eastern_Marsh_Harrier/AAS1_chuhi-IMGr6164-2538-1644-314-271.JPG,5,Chuhi
tool_bird_class_train/Chuhi_Eastern_Marsh_Harrier/AAS1_chuhi-IMGr6165-2644-1741-334-226.JPG,5,Chuhi
tool_bird_class_train/Chuhi_Eastern_Marsh_Harrier/AAS1_chuhi-IMGr6321-2432-1677-221-283.JPG,5,Chuhi
tool_bird_class_train/Chuhi_Eastern_Marsh_Harrier/AAS1_chuhi-IMGr6612-2455-1674-228-174.JPG,5,Chuhi
tool_bird_class_train/Chuhi_Eastern_Marsh_Harrier/AAS1_chuhi-IMGr6613-2251-1295-257-344.JPG,5,Chuhi
tool_bird_class_train/Chuhi_Eastern_Marsh_Harrier/AAS1_chuhi-IMGr6614-2537-1582-344-158.JPG,5,Chuhi
tool_bird_class_train/Chuhi_Eastern_Marsh_Harrier/AAS1_chuhi-IMGr6616-2592-1469-233-296.JPG,5,Chuhi
tool_bird_class_train/Chuhi_Eastern_Marsh_Harrier/AAS1_chuhi-IMGr6618-2436-1553-299-329.JPG,5,Chuhi
tool_bird_class_train/Chuhi_Eastern_Marsh_Harrier/AAS1_chuhi-IMGr6620-2516-1495-283-215.JPG,5,Chuhi
tool_bird_class_train/Chuhi_Eastern_Marsh_Harrier/AAS1_chuhi-IMGr6621-2426-1529-312-198.JPG,5,Chuhi
tool_bird_class_train/Chuhi_Eastern_Marsh_Harrier/AAS1_chuhi-IMGr7479-2371-1402-330-209.JPG,5,Chuhi
tool_bird_class_train/Chuhi_Eastern_Marsh_Harrier/AAS1_chuhi-IMGr7480-2751-1645-305-197.JPG,5,Chuhi
tool_bird_class_train/Chuhi_Eastern_Marsh_Harrier/AAS1_chuhi-IMGr7481-2650-1737-300-172.JPG,5,Chuhi
tool_bird_class_train/Chuhi_Eastern_Marsh_Harrier/AAS1_chuhi-IMGr7482-2772-1725-196-159.JPG,5,Chuhi
tool_bird_class_train/Chuhi_Eastern_Marsh_Harrier/AAS1_chuhi-IMGr7606-2617-1634-661-348.JPG,5,Chuhi
tool_bird_class_train/Chuhi_Eastern_Marsh_Harrier/AAS1_chuhi-IMGr7608-1-152-217-477-243.JPG,5,Chuhi
tool_bird_class_train/Chuhi_Eastern_Marsh_Harrier/AAS1_chuhi-IMGr7608-2222-1734-481-272.JPG,5,Chuhi
tool_bird_class_train/Chuhi_Eastern_Marsh_Harrier/AAS1_chuhi-IMGr7609-2580-1618-574-150.JPG,5,Chuhi
tool_bird_class_train/Chuhi_Eastern_Marsh_Harrier/AAS1_chuhi-IMGr7611-2391-1843-363-321.JPG,5,Chuhi
tool_bird_class_train/Chuhi_Eastern_Marsh_Harrier/AAS1_chuhi-IMGr7613-2261-1944-401-254.JPG,5,Chuhi
tool_bird_class_train/Chuhi_Eastern_Marsh_Harrier/AAS1_chuhi-IMGr7614-2073-1637-363-340.JPG,5,Chuhi
tool_bird_class_train/Chuhi_Eastern_Marsh_Harrier/AAS1_chuhi-IMGr7615-2464-1271-353-263.JPG,5,Chuhi
tool_bird_class_train/Chuhi_Eastern_Marsh_Harrier/AAS1_chuhi-IMGr7616-2506-1252-320-331.JPG,5,Chuhi
tool_bird_class_train/Chuhi_Eastern_Marsh_Harrier/AAS1_chuhi-IMGr7617-2246-1146-358-461.JPG,5,Chuhi
tool_bird_class_train/Chuhi_Eastern_Marsh_Harrier/AAS1_chuhi-IMGr7619-2515-1440-478-556.JPG,5,Chuhi
tool_bird_class_train/Chuhi_Eastern_Marsh_Harrier/AAS1_chuhi-IMGr7620-2588-1595-318-396.JPG,5,Chuhi
tool_bird_class_train/Chuhi_Eastern_Marsh_Harrier/AAS1_chuhi-IMGr7799-2564-1565-262-215.JPG,5,Chuhi
tool_bird_class_train/Chuhi_Eastern_Marsh_Harrier/AAS1_chuhi-IMGr7800-2641-1642-209-167.JPG,5,Chuhi
tool_bird_class_train/Chuhi_Eastern_Marsh_Harrier/AAS1_chuhi-IMGr7801-2717-1491-142-172.JPG,5,Chuhi
tool_bird_class_train/Chuhi_Eastern_Marsh_Harrier/AAS1_chuhi-IMGr8362-2557-1631-177-150.JPG,5,Chuhi
tool_bird_class_train/Chuhi_Eastern_Marsh_Harrier/AAS1_chuhi-IMGr8363-1-343-250-162-123.JPG,5,Chuhi
tool_bird_class_train/Chuhi_Eastern_Marsh_Harrier/AAS1_chuhi-IMGr8363-2598-1550-174-122.JPG,5,Chuhi
tool_bird_class_train/Chuhi_Eastern_Marsh_Harrier/AAS1_chuhi-IMGr8365-2417-1744-177-99.JPG,5,Chuhi
tool_bird_class_train/Chuhi_Eastern_Marsh_Harrier/AAS1_chuhi-IMGr8366-2484-1695-183-83.JPG,5,Chuhi
tool_bird_class_train/Chuhi_Eastern_Marsh_Harrier/AAS1_chuhi-IMGr8367-2500-1660-167-115.JPG,5,Chuhi
tool_bird_class_train/Chuhi_Eastern_Marsh_Harrier/AAS1_chuhi-IMGr8368-2310-1611-157-96.JPG,5,Chuhi
tool_bird_class_train/Chuhi_Eastern_Marsh_Harrier/AAS1_chuhi-IMGr8371-2568-1646-171-124.JPG,5,Chuhi
tool_bird_class_train/Chuhi_Eastern_Marsh_Harrier/AAS1_chuhi-IMGr8377-2574-1617-160-173.JPG,5,Chuhi
tool_bird_class_train/Chuhi_Eastern_Marsh_Harrier/AAS1_chuhi-IMGr8379-2612-1673-142-166.JPG,5,Chuhi
tool_bird_class_train/Chuhi_Eastern_Marsh_Harrier/AAS1_chuhi-IMGr8386-1728-1152-1728-1152.JPG,5,Chuhi
tool_bird_class_train/Chuhi_Eastern_Marsh_Harrier/AAS1_chuhi-IMGr8511-2460-1575-127-62.JPG,5,Chuhi
tool_bird_class_train/Chuhi_Eastern_Marsh_Harrier/AAS1_chuhi-IMGr8512-2516-1492-219-225.JPG,5,Chuhi
tool_bird_class_train/Chuhi_Eastern_Marsh_Harrier/AAS1_chuhi-IMGr8514-2307-1644-118-102.JPG,5,Chuhi
tool_bird_class_train/Chuhi_Eastern_Marsh_Harrier/AAS1_chuhi-IMGr8515-2576-1571-115-140.JPG,5,Chuhi
tool_bird_class_train/Chuhi_Eastern_Marsh_Harrier/AAS1_chuhi-IMGr8516-2490-1707-144-130.JPG,5,Chuhi
tool_bird_class_train/Chuhi_Eastern_Marsh_Harrier/AAS1_chuhi-IMGr8531-2834-1890-458-224.JPG,5,Chuhi
tool_bird_class_train/Chuhi_Eastern_Marsh_Harrier/AAS1_chuhi-IMGr8537-1-1182-508-471-609.JPG,5,Chuhi
tool_bird_class_train/Chuhi_Eastern_Marsh_Harrier/AAS1_chuhi-IMGr8537-2126-1301-464-621.JPG,5,Chuhi
tool_bird_class_train/Chuhi_Eastern_Marsh_Harrier/AAS1_chuhi-IMGr9587-2602-1711-176-154.JPG,5,Chuhi
tool_bird_class_train/Chuhi_Eastern_Marsh_Harrier/AAS1_chuhi-IMGr9594-2529-1479-196-191.JPG,5,Chuhi
tool_bird_class_train/Chuhi_Eastern_Marsh_Harrier/AAS1_chuhi-IMGr9597-2395-1503-160-288.JPG,5,Chuhi
tool_bird_class_train/Chuhi_Eastern_Marsh_Harrier/AAS1_chuhi-IMGr9615-2501-1752-233-143.JPG,5,Chuhi
tool_bird_class_train/Chuhi_Eastern_Marsh_Harrier/AAS1_chuhi-IMGr9616-2492-1731-242-73.JPG,5,Chuhi
tool_bird_class_train/Chuhi_Eastern_Marsh_Harrier/AAS1_chuhi-IMGr9618-2618-1975-209-220.JPG,5,Chuhi
tool_bird_class_train/Chuhi_Eastern_Marsh_Harrier/AAS1_chuhi-IMGr9619-2611-1979-228-185.JPG,5,Chuhi
tool_bird_class_train/Chuhi_Eastern_Marsh_Harrier/AAS1_chuhi-IMGr9620-2493-1771-200-145.JPG,5,Chuhi
tool_bird_class_train/Chuhi_Eastern_Marsh_Harrier/AAS1_chuhi-IMGr9621-2606-1818-194-128.JPG,5,Chuhi
tool_bird_class_train/Chuhi_Eastern_Marsh_Harrier/AAS1_chuhi-IMGr9622-2549-1776-181-108.JPG,5,Chuhi
tool_bird_class_train/Chuhi_Eastern_Marsh_Harrier/AAS1_chuhi-IMGr9624r-1-316-264-196-154.JPG,5,Chuhi
tool_bird_class_train/Chuhi_Eastern_Marsh_Harrier/AAS1_chuhi-IMGr9625-2481-1467-188-164.JPG,5,Chuhi
tool_bird_class_train/Chuhi_Eastern_Marsh_Harrier/AAS1_chuhi-IMGr9626r-1-1568-1980-203-163.JPG,5,Chuhi
tool_bird_class_train/Chuhi_Eastern_Marsh_Harrier/AAS1_chuhi-IMGr9626r-2651-1982-186-160.JPG,5,Chuhi
tool_bird_class_train/Chuhi_Eastern_Marsh_Harrier/AAS1_chuhi-IMGr9627-2303-1662-155-110.JPG,5,Chuhi
tool_bird_class_train/Chuhi_Eastern_Marsh_Harrier/AAS1_chuhi-IMGr9829-1-397-347-720-560.JPG,5,Chuhi
tool_bird_class_train/Chuhi_Eastern_Marsh_Harrier/AAS1_chuhi-IMGr9829-2003-1272-724-557.JPG,5,Chuhi
tool_bird_class_train/Chuhi_Eastern_Marsh_Harrier/AAS1_chuhi-P1200059-1177-934-214-111.JPG,5,Chuhi
tool_bird_class_train/Chuhi_Eastern_Marsh_Harrier/AAS1_chuhi-P1200061-1365-810-175-147.JPG,5,Chuhi
tool_bird_class_train/Chuhi_Eastern_Marsh_Harrier/AAS1_chuhi-P1200062-920-1043-328-134.JPG,5,Chuhi
tool_bird_class_train/Chuhi_Eastern_Marsh_Harrier/AAS1_chuhi-P1200063-965-959-237-131.JPG,5,Chuhi
tool_bird_class_train/Chuhi_Eastern_Marsh_Harrier/AAS1_chuhi-P1200064-1578-1017-207-96.JPG,5,Chuhi
tool_bird_class_train/Chuhi_Eastern_Marsh_Harrier/AAS1_chuhi-P1200066-1017-742-161-130.JPG,5,Chuhi
tool_bird_class_train/Chuhi_Eastern_Marsh_Harrier/AAS1_chuhi-P1200067-839-792-174-130.JPG,5,Chuhi
tool_bird_class_train/Chuhi_Eastern_Marsh_Harrier/AAS1_chuhi-P1200068-1445-785-164-103.JPG,5,Chuhi
tool_bird_class_train/Chuhi_Eastern_Marsh_Harrier/AAS1_chuhi-P1200070-1116-950-139-58.JPG,5,Chuhi
tool_bird_class_train/Chuhi_Eastern_Marsh_Harrier/AAS1_chuhi-P1200072-1005-906-129-72.JPG,5,Chuhi
tool_bird_class_train/Chuhi_Eastern_Marsh_Harrier/AAS1_chuhi-P1200073-1144-907-157-103.JPG,5,Chuhi
tool_bird_class_train/Chuhi_Eastern_Marsh_Harrier/AAS1_chuhi-P1200543-1471-856-119-53.JPG,5,Chuhi
tool_bird_class_train/Chuhi_Eastern_Marsh_Harrier/AAS1_chuhi-P1200544-1258-1064-169-96.JPG,5,Chuhi
tool_bird_class_train/Chuhi_Eastern_Marsh_Harrier/AAS1_chuhi-P1200547-1337-767-117-51.JPG,5,Chuhi
tool_bird_class_train/Chuhi_Eastern_Marsh_Harrier/AAS1_chuhi-P1200548-998-710-113-144.JPG,5,Chuhi
tool_bird_class_train/Chuhi_Eastern_Marsh_Harrier/AAS1_chuhi-P1200551-959-666-135-127.JPG,5,Chuhi
tool_bird_class_train/Chuhi_Eastern_Marsh_Harrier/AAS1_chuhi-P1200552-1138-863-132-150.JPG,5,Chuhi
tool_bird_class_train/Chuhi_Eastern_Marsh_Harrier/AAS1_chuhi-P1200555-1402-896-161-73.JPG,5,Chuhi
tool_bird_class_train/Chuhi_Eastern_Marsh_Harrier/AAS1_chuhi-P1200557-902-1212-118-107.JPG,5,Chuhi
tool_bird_class_train/Chuhi_Eastern_Marsh_Harrier/AAS1_chuhi-P1200558-1156-679-144-155.JPG,5,Chuhi
tool_bird_class_train/Chuhi_Eastern_Marsh_Harrier/AAS1_chuhi-P1200559-1077-630-195-120.JPG,5,Chuhi
tool_bird_class_train/Chuhi_Eastern_Marsh_Harrier/AAS1_chuhi-P1210218-974-895-520-248.JPG,5,Chuhi
tool_bird_class_train/Chuhi_Eastern_Marsh_Harrier/AAS1_chuhi-P1210221-859-876-594-346.JPG,5,Chuhi
tool_bird_class_train/Chuhi_Eastern_Marsh_Harrier/AAS1_chuhi-P1210222-840-861-484-111.JPG,5,Chuhi
tool_bird_class_train/Chuhi_Eastern_Marsh_Harrier/AAS1_chuhi-P1210223-1006-842-432-151.JPG,5,Chuhi
tool_bird_class_train/Chuhi_Eastern_Marsh_Harrier/AAS1_chuhi-P1210225-1129-849-186-90.JPG,5,Chuhi
tool_bird_class_train/Chuhi_Eastern_Marsh_Harrier/AAS1_chuhi-P1210227-1282-1052-153-74.JPG,5,Chuhi
tool_bird_class_train/Chuhi_Eastern_Marsh_Harrier/AAS1_chuhi-P1210228-1310-908-144-107.JPG,5,Chuhi
tool_bird_class_train/Chuhi_Eastern_Marsh_Harrier/AAS1_chuhi-P1210230r-1-307-264-91-90.JPG,5,Chuhi
tool_bird_class_train/Chuhi_Eastern_Marsh_Harrier/AAS1_chuhi-P1210230r-1077-795-92-88.JPG,5,Chuhi
tool_bird_class_train/Chuhi_Eastern_Marsh_Harrier/AAS1_chuhi-r083A4046a-681-300-370-439.JPG,5,Chuhi
tool_bird_class_train/Chuhi_Eastern_Marsh_Harrier/AAS1_chuhi-r083A4650-549-356-397-347.JPG,5,Chuhi
tool_bird_class_train/Chuhi_Eastern_Marsh_Harrier/AAS1_chuhi-r083A4763-529-46-687-719.JPG,5,Chuhi
tool_bird_class_train/Chuhi_Eastern_Marsh_Harrier/AAS1_chuhi-r083A4783-370-144-204-282.JPG,5,Chuhi
tool_bird_class_train/Chuhi_Eastern_Marsh_Harrier/AAS1_chuhi-r083A4969-203-191-260-170.JPG,5,Chuhi
tool_bird_class_train/Chuhi_Eastern_Marsh_Harrier/AAS1_chuhi-r083A5181-541-326-643-816.JPG,5,Chuhi
tool_bird_class_train/Chuhi_Eastern_Marsh_Harrier/AAS1_chuhi-rrrrr120221r1-1581-1027-293-246.JPG,5,Chuhi
tool_bird_class_train/Chuhi_Eastern_Marsh_Harrier/AAS1_chuhi-rrrrr131226-1838-1194-117-80.JPG,5,Chuhi
tool_bird_class_train/Chuhi_Eastern_Marsh_Harrier/AAS1_chuhi-rrrrr140121r1-1625-1298-498-302.JPG,5,Chuhi
tool_bird_class_train/Chuhi_Eastern_Marsh_Harrier/AAS1_chuhi-rrrrr140121r3-1797-1355-522-304.JPG,5,Chuhi
tool_bird_class_train/Chuhi_Eastern_Marsh_Harrier/AAS1_chuhi-rrrrr140217-320-285-255-124.JPG,5,Chuhi
tool_bird_class_train/Chuhi_Eastern_Marsh_Harrier/UDS_chuhi-A69Q1841-928-297-545-530.JPG,5,Chuhi
tool_bird_class_train/Chuhi_Eastern_Marsh_Harrier/UDS_chuhi-A69Q1854-961-428-706-251.JPG,5,Chuhi
tool_bird_class_train/Chuhi_Eastern_Marsh_Harrier/UDS_chuhi-A69Q1855-783-546-661-258.JPG,5,Chuhi
tool_bird_class_train/Chuhi_Eastern_Marsh_Harrier/UDS_chuhi-A69Q1856-721-364-615-630.JPG,5,Chuhi
tool_bird_class_train/Chuhi_Eastern_Marsh_Harrier/UDS_chuhi-A69Q1860-631-252-888-461.JPG,5,Chuhi
tool_bird_class_train/Chuhi_Eastern_Marsh_Harrier/UDS_chuhi-A69Q1866-1280-393-862-845.JPG,5,Chuhi
tool_bird_class_train/Chuhi_Eastern_Marsh_Harrier/UDS_chuhi-A69Q3077-760-263-921-584.JPG,5,Chuhi
tool_bird_class_train/Chuhi_Eastern_Marsh_Harrier/UDS_chuhi-A69Q3078-882-134-1016-817.JPG,5,Chuhi
tool_bird_class_train/Chuhi_Eastern_Marsh_Harrier/UDS_chuhi-A69Q3082-631-158-1183-725.JPG,5,Chuhi
tool_bird_class_train/Chuhi_Eastern_Marsh_Harrier/UDS_chuhi-A69Q3084-367-557-1962-699.JPG,5,Chuhi
tool_bird_class_train/Chuhi_Eastern_Marsh_Harrier/UDS_chuhi-A69Q3085-454-409-1962-625.JPG,5,Chuhi
tool_bird_class_train/Chuhi_Eastern_Marsh_Harrier/UDS_chuhi-A69Q3087-234-222-1811-869.JPG,5,Chuhi
tool_bird_class_train/Chuhi_Eastern_Marsh_Harrier/UDS_chuhi-A69Q3088-180-175-1910-848.JPG,5,Chuhi
tool_bird_class_train/Chuhi_Eastern_Marsh_Harrier/UDS_chuhi-A69Q3104-831-337-473-214.JPG,5,Chuhi
tool_bird_class_train/Chuhi_Eastern_Marsh_Harrier/UDS_chuhi-A69Q3105-457-318-457-318.JPG,5,Chuhi
tool_bird_class_train/Chuhi_Eastern_Marsh_Harrier/UDS_chuhi-A69Q3108-671-343-556-249.JPG,5,Chuhi
tool_bird_class_train/Chuhi_Eastern_Marsh_Harrier/UDS_chuhi-A69Q3111-406-184-466-200.JPG,5,Chuhi
tool_bird_class_train/Chuhi_Eastern_Marsh_Harrier/UDS_chuhi-A69Q3116-385-251-482-208.JPG,5,Chuhi
tool_bird_class_train/Chuhi_Eastern_Marsh_Harrier/UDS_chuhi-A69Q7693-2458-1381-257-235.JPG,5,Chuhi
tool_bird_class_train/Chuhi_Eastern_Marsh_Harrier/UDS_chuhi-A69Q7701-2471-1421-280-263.JPG,5,Chuhi
tool_bird_class_train/Chuhi_Eastern_Marsh_Harrier/UDS_chuhi-A69Q7703-2560-1555-353-249.JPG,5,Chuhi
tool_bird_class_train/Chuhi_Eastern_Marsh_Harrier/UDS_chuhi-A69Q7708-2531-1799-247-214.JPG,5,Chuhi
tool_bird_class_train/Chuhi_Eastern_Marsh_Harrier/UDS_chuhi-A69Q7709-2323-1530-292-278.JPG,5,Chuhi
tool_bird_class_train/Chuhi_Eastern_Marsh_Harrier/UDS_chuhi-DSCr0021-2772-1218-988-636.JPG,5,Chuhi
tool_bird_class_train/Chuhi_Eastern_Marsh_Harrier/UDS_chuhi-DSCr0022-3032-1780-815-647.JPG,5,Chuhi
tool_bird_class_train/Chuhi_Eastern_Marsh_Harrier/UDS_chuhi-DSCr0027-2660-2122-556-618.JPG,5,Chuhi
tool_bird_class_train/Chuhi_Eastern_Marsh_Harrier/UDS_chuhi-DSCr0028-3079-1502-967-755.JPG,5,Chuhi
tool_bird_class_train/Chuhi_Eastern_Marsh_Harrier/UDS_chuhi-DSCr0029-3021-1985-765-337.JPG,5,Chuhi
tool_bird_class_train/Chuhi_Eastern_Marsh_Harrier/UDS_chuhi-DSCr0030-2534-1964-783-495.JPG,5,Chuhi
tool_bird_class_train/Chuhi_Eastern_Marsh_Harrier/UDS_chuhi-DSCr0031-2456-1654-572-411.JPG,5,Chuhi
tool_bird_class_train/Chuhi_Eastern_Marsh_Harrier/UDS_chuhi-DSCr0032-2600-1880-592-387.JPG,5,Chuhi
tool_bird_class_train/Chuhi_Eastern_Marsh_Harrier/UDS_chuhi-DSCr0033-3259-1488-606-315.JPG,5,Chuhi
tool_bird_class_train/Chuhi_Eastern_Marsh_Harrier/UDS_chuhi-DSCr0035-2567-1835-556-495.JPG,5,Chuhi
tool_bird_class_train/Chuhi_Eastern_Marsh_Harrier/UDS_chuhi-DSCr0036-2680-1473-548-474.JPG,5,Chuhi
tool_bird_class_train/Chuhi_Eastern_Marsh_Harrier/UDS_chuhi-DSCr0037-2502-1691-794-401.JPG,5,Chuhi
tool_bird_class_train/Chuhi_Eastern_Marsh_Harrier/UDS_chuhi-DSCr0040-2725-2043-628-387.JPG,5,Chuhi
tool_bird_class_train/Chuhi_Eastern_Marsh_Harrier/UDS_chuhi-DSCr0041-2716-1861-757-315.JPG,5,Chuhi
tool_bird_class_train/Chuhi_Eastern_Marsh_Harrier/UDS_chuhi-DSCr0071-1952-1376-524-281.JPG,5,Chuhi
tool_bird_class_train/Chuhi_Eastern_Marsh_Harrier/UDS_chuhi-DSCr0072-2059-1305-404-322.JPG,5,Chuhi
tool_bird_class_train/Chuhi_Eastern_Marsh_Harrier/UDS_chuhi-DSCr0085-2588-1877-1017-416.JPG,5,Chuhi
tool_bird_class_train/Chuhi_Eastern_Marsh_Harrier/UDS_chuhi-DSCr0087-2588-1704-1010-510.JPG,5,Chuhi
tool_bird_class_train/Chuhi_Eastern_Marsh_Harrier/UDS_chuhi-DSCr0088-2480-1828-952-365.JPG,5,Chuhi
tool_bird_class_train/Chuhi_Eastern_Marsh_Harrier/UDS_chuhi-DSCr0089-3075-2061-826-344.JPG,5,Chuhi
tool_bird_class_train/Chuhi_Eastern_Marsh_Harrier/UDS_chuhi-DSCr0090-2920-1423-736-315.JPG,5,Chuhi
tool_bird_class_train/Chuhi_Eastern_Marsh_Harrier/UDS_chuhi-DSCr0092-2733-1338-678-328.JPG,5,Chuhi
tool_bird_class_train/Chuhi_Eastern_Marsh_Harrier/UDS_chuhi-DSCr0093-3191-1635-515-339.JPG,5,Chuhi
tool_bird_class_train/Chuhi_Eastern_Marsh_Harrier/UDS_chuhi-DSCr0095-3574-1711-521-358.JPG,5,Chuhi
tool_bird_class_train/Chuhi_Eastern_Marsh_Harrier/UDS_chuhi-DSCr0096-3417-1758-419-339.JPG,5,Chuhi
tool_bird_class_train/Chuhi_Eastern_Marsh_Harrier/UDS_chuhi-DSCr0098-3201-2251-448-290.JPG,5,Chuhi
tool_bird_class_train/Chuhi_Eastern_Marsh_Harrier/UDS_chuhi-DSCr0098r-1432-1621-488-317.JPG,5,Chuhi
tool_bird_class_train/Chuhi_Eastern_Marsh_Harrier/UDS_chuhi-DSCr0099-1752-840-534-372.JPG,5,Chuhi
tool_bird_class_train/Chuhi_Eastern_Marsh_Harrier/UDS_chuhi-DSCr0100-3139-1823-433-507.JPG,5,Chuhi
tool_bird_class_train/Chuhi_Eastern_Marsh_Harrier/UDS_chuhi-DSCr0101-3878-1741-542-512.JPG,5,Chuhi
tool_bird_class_train/Chuhi_Eastern_Marsh_Harrier/UDS_chuhi-DSCr0106-1781-1755-916-387.JPG,5,Chuhi
tool_bird_class_train/Chuhi_Eastern_Marsh_Harrier/UDS_chuhi-DSCr0107-2523-1196-912-571.JPG,5,Chuhi
tool_bird_class_train/Chuhi_Eastern_Marsh_Harrier/UDS_chuhi-DSCr0111-1998-1646-1716-517.JPG,5,Chuhi
tool_bird_class_train/Chuhi_Eastern_Marsh_Harrier/UDS_chuhi-DSCr0113-2005-1338-1961-505.JPG,5,Chuhi
tool_bird_class_train/Chuhi_Eastern_Marsh_Harrier/UDS_chuhi-DSCr0114-3034-1100-1487-537.JPG,5,Chuhi
tool_bird_class_train/Chuhi_Eastern_Marsh_Harrier/UDS_chuhi-DSCr0117r00002-2189-1648-334-198.JPG,5,Chuhi
tool_bird_class_train/Chuhi_Eastern_Marsh_Harrier/UDS_chuhi-DSCr0118r00003-2463-1567-363-248.JPG,5,Chuhi
tool_bird_class_train/Chuhi_Eastern_Marsh_Harrier/UDS_chuhi-DSCr0119r00004-2383-1509-224-195.JPG,5,Chuhi
tool_bird_class_train/Chuhi_Eastern_Marsh_Harrier/UDS_chuhi-DSCr0120r00005-2516-1726-310-286.JPG,5,Chuhi
tool_bird_class_train/Chuhi_Eastern_Marsh_Harrier/UDS_chuhi-DSCr0121r00006-2247-1548-452-224.JPG,5,Chuhi
tool_bird_class_train/Chuhi_Eastern_Marsh_Harrier/UDS_chuhi-DSCr0123r00007-2366-1544-277-123.JPG,5,Chuhi
tool_bird_class_train/Chuhi_Eastern_Marsh_Harrier/UDS_chuhi-DSCr0139-2343-1914-1031-660.JPG,5,Chuhi
tool_bird_class_train/Chuhi_Eastern_Marsh_Harrier/UDS_chuhi-DSCr0140-2480-1153-1075-474.JPG,5,Chuhi
tool_bird_class_train/Chuhi_Eastern_Marsh_Harrier/UDS_chuhi-DSCr0140r00010-1432-2363-424-280.JPG,5,Chuhi
tool_bird_class_train/Chuhi_Eastern_Marsh_Harrier/UDS_chuhi-DSCr0141-2185-1338-1825-1056.JPG,5,Chuhi
tool_bird_class_train/Chuhi_Eastern_Marsh_Harrier/UDS_chuhi-DSCr0142-2005-1338-2005-1338.JPG,5,Chuhi
tool_bird_class_train/Chuhi_Eastern_Marsh_Harrier/UDS_chuhi-DSCr0142r00012-2800-839-320-198.JPG,5,Chuhi
tool_bird_class_train/Chuhi_Eastern_Marsh_Harrier/UDS_chuhi-DSCr0143-2033-1589-1514-942.JPG,5,Chuhi
tool_bird_class_train/Chuhi_Eastern_Marsh_Harrier/UDS_chuhi-DSCr0144r00014-3336-1485-281-334.JPG,5,Chuhi
tool_bird_class_train/Chuhi_Eastern_Marsh_Harrier/UDS_chuhi-DSCr0145r00015-2348-1404-464-339.JPG,5,Chuhi
tool_bird_class_train/Chuhi_Eastern_Marsh_Harrier/UDS_chuhi-DSCr0146-2761-1835-708-603.JPG,5,Chuhi
tool_bird_class_train/Chuhi_Eastern_Marsh_Harrier/UDS_chuhi-DSCr0146r00016-2744-1945-243-231.JPG,5,Chuhi
tool_bird_class_train/Chuhi_Eastern_Marsh_Harrier/UDS_chuhi-DSCr0148-3410-1651-621-549.JPG,5,Chuhi
tool_bird_class_train/Chuhi_Eastern_Marsh_Harrier/UDS_chuhi-DSCr0148r00018-2598-1885-277-238.JPG,5,Chuhi
tool_bird_class_train/Chuhi_Eastern_Marsh_Harrier/UDS_chuhi-DSCr0149-3021-2008-649-639.JPG,5,Chuhi
tool_bird_class_train/Chuhi_Eastern_Marsh_Harrier/UDS_chuhi-DSCr0150-2408-1856-628-452.JPG,5,Chuhi
tool_bird_class_train/Chuhi_Eastern_Marsh_Harrier/UDS_chuhi-DSCr0155-2718-1768-399-291.JPG,5,Chuhi
tool_bird_class_train/Chuhi_Eastern_Marsh_Harrier/UDS_chuhi-DSCr0168-2509-1683-601-550.JPG,5,Chuhi
tool_bird_class_train/Chuhi_Eastern_Marsh_Harrier/UDS_chuhi-DSCr0173-1853-1734-383-264.JPG,5,Chuhi
tool_bird_class_train/Chuhi_Eastern_Marsh_Harrier/UDS_chuhi-DSCr0180-2682-1798-332-279.JPG,5,Chuhi
tool_bird_class_train/Chuhi_Eastern_Marsh_Harrier/UDS_chuhi-DSCr0181-2427-1884-303-224.JPG,5,Chuhi
tool_bird_class_train/Chuhi_Eastern_Marsh_Harrier/UDS_chuhi-DSCr0184-2999-1975-523-311.JPG,5,Chuhi
tool_bird_class_train/Chuhi_Eastern_Marsh_Harrier/UDS_chuhi-DSCr0185-2956-1866-572-315.JPG,5,Chuhi
tool_bird_class_train/Chuhi_Eastern_Marsh_Harrier/UDS_chuhi-DSCr0187-2567-1813-875-267.JPG,5,Chuhi
tool_bird_class_train/Chuhi_Eastern_Marsh_Harrier/UDS_chuhi-DSCr0189-2660-1942-505-474.JPG,5,Chuhi
tool_bird_class_train/Chuhi_Eastern_Marsh_Harrier/UDS_chuhi-DSCr0190-2206-1453-851-537.JPG,5,Chuhi
tool_bird_class_train/Chuhi_Eastern_Marsh_Harrier/UDS_chuhi-DSCr0191-1594-1445-707-506.JPG,5,Chuhi
tool_bird_class_train/Chuhi_Eastern_Marsh_Harrier/UDS_chuhi-DSCr0193-3220-2204-567-466.JPG,5,Chuhi
tool_bird_class_train/Chuhi_Eastern_Marsh_Harrier/UDS_chuhi-DSCr0194-2884-2555-613-430.JPG,5,Chuhi
tool_bird_class_train/Chuhi_Eastern_Marsh_Harrier/UDS_chuhi-DSCr0195-2664-1608-718-548.JPG,5,Chuhi
tool_bird_class_train/Chuhi_Eastern_Marsh_Harrier/UDS_chuhi-DSCr0196-2729-1889-599-322.JPG,5,Chuhi
tool_bird_class_train/Chuhi_Eastern_Marsh_Harrier/UDS_chuhi-DSCr0197-2021-742-448-325.JPG,5,Chuhi
tool_bird_class_train/Chuhi_Eastern_Marsh_Harrier/UDS_chuhi-DSCr0198-2908-155-875-458.JPG,5,Chuhi
tool_bird_class_train/Chuhi_Eastern_Marsh_Harrier/UDS_chuhi-DSCr0200-2934-754-851-400.JPG,5,Chuhi
tool_bird_class_train/Chuhi_Eastern_Marsh_Harrier/UDS_chuhi-DSCr0201-3336-1597-707-334.JPG,5,Chuhi
tool_bird_class_train/Chuhi_Eastern_Marsh_Harrier/UDS_chuhi-DSCr0202-3331-1214-772-301.JPG,5,Chuhi
tool_bird_class_train/Chuhi_Eastern_Marsh_Harrier/UDS_chuhi-DSCr0204-3497-1224-630-349.JPG,5,Chuhi
tool_bird_class_train/Chuhi_Eastern_Marsh_Harrier/UDS_chuhi-DSCr0206-3438-1546-665-214.JPG,5,Chuhi
tool_bird_class_train/Chuhi_Eastern_Marsh_Harrier/UDS_chuhi-DSCr0209-3518-1662-458-322.JPG,5,Chuhi
tool_bird_class_train/Chuhi_Eastern_Marsh_Harrier/UDS_chuhi-DSCr0209r00021-1835-953-346-248.JPG,5,Chuhi
tool_bird_class_train/Chuhi_Eastern_Marsh_Harrier/UDS_chuhi-DSCr0210-3206-1923-438-272.JPG,5,Chuhi
tool_bird_class_train/Chuhi_Eastern_Marsh_Harrier/UDS_chuhi-DSCr0211-2520-2058-329-182.JPG,5,Chuhi
tool_bird_class_train/Chuhi_Eastern_Marsh_Harrier/UDS_chuhi-DSCr0211r00023-2660-1495-354-238.JPG,5,Chuhi
tool_bird_class_train/Chuhi_Eastern_Marsh_Harrier/UDS_chuhi-DSCr0212r00024-2132-1656-459-310.JPG,5,Chuhi
tool_bird_class_train/Chuhi_Eastern_Marsh_Harrier/UDS_chuhi-DSCr0213r00025-2283-1469-474-346.JPG,5,Chuhi
tool_bird_class_train/Chuhi_Eastern_Marsh_Harrier/UDS_chuhi-DSCr0214-2350-300-361-307.JPG,5,Chuhi
tool_bird_class_train/Chuhi_Eastern_Marsh_Harrier/UDS_chuhi-DSCr0214r00026-1776-1533-358-248.JPG,5,Chuhi
tool_bird_class_train/Chuhi_Eastern_Marsh_Harrier/UDS_chuhi-DSCr0217r00029-2359-1634-312-179.JPG,5,Chuhi
tool_bird_class_train/Chuhi_Eastern_Marsh_Harrier/UDS_chuhi-DSCr0219r00031-2788-1231-604-411.JPG,5,Chuhi
tool_bird_class_train/Chuhi_Eastern_Marsh_Harrier/UDS_chuhi-DSCr0220r00032-2701-1275-575-245.JPG,5,Chuhi
tool_bird_class_train/Chuhi_Eastern_Marsh_Harrier/UDS_chuhi-DSCr0221r00033-2658-1390-524-267.JPG,5,Chuhi
tool_bird_class_train/Chuhi_Eastern_Marsh_Harrier/UDS_chuhi-DSCr0222-2675-1585-372-236.JPG,5,Chuhi
tool_bird_class_train/Chuhi_Eastern_Marsh_Harrier/UDS_chuhi-DSCr0222r00034-2857-1938-238-228.JPG,5,Chuhi
tool_bird_class_train/Chuhi_Eastern_Marsh_Harrier/UDS_chuhi-DSCr0223-2966-1654-294-166.JPG,5,Chuhi
tool_bird_class_train/Chuhi_Eastern_Marsh_Harrier/UDS_chuhi-DSCr0224r00036-1696-1487-798-451.JPG,5,Chuhi
tool_bird_class_train/Chuhi_Eastern_Marsh_Harrier/UDS_chuhi-DSCr0231-1867-1315-628-350.JPG,5,Chuhi
tool_bird_class_train/Chuhi_Eastern_Marsh_Harrier/UDS_chuhi-DSCr0236-2523-2346-498-250.JPG,5,Chuhi
tool_bird_class_train/Chuhi_Eastern_Marsh_Harrier/UDS_chuhi-DSCr0237-2423-2270-433-257.JPG,5,Chuhi
tool_bird_class_train/Chuhi_Eastern_Marsh_Harrier/UDS_chuhi-DSCr0238-2134-1935-498-286.JPG,5,Chuhi
tool_bird_class_train/Chuhi_Eastern_Marsh_Harrier/UDS_chuhi-DSCr0239-2206-1222-484-386.JPG,5,Chuhi
tool_bird_class_train/Chuhi_Eastern_Marsh_Harrier/UDS_chuhi-DSCr0241-1745-869-462-408.JPG,5,Chuhi
tool_bird_class_train/Chuhi_Eastern_Marsh_Harrier/UDS_chuhi-DSCr0245-3277-1587-463-271.JPG,5,Chuhi
tool_bird_class_train/Chuhi_Eastern_Marsh_Harrier/UDS_chuhi-DSCr0246-2797-1438-501-237.JPG,5,Chuhi
tool_bird_class_train/Chuhi_Eastern_Marsh_Harrier/UDS_chuhi-DSCr0247-2177-891-541-227.JPG,5,Chuhi
tool_bird_class_train/Chuhi_Eastern_Marsh_Harrier/UDS_chuhi-DSCr0250-2990-1773-609-220.JPG,5,Chuhi
tool_bird_class_train/Chuhi_Eastern_Marsh_Harrier/UDS_chuhi-DSCr0254-2797-1626-414-276.JPG,5,Chuhi
tool_bird_class_train/Chuhi_Eastern_Marsh_Harrier/UDS_chuhi-DSCr0256-2587-1379-358-325.JPG,5,Chuhi
tool_bird_class_train/Chuhi_Eastern_Marsh_Harrier/UDS_chuhi-DSCr0258-1543-1172-1493-501.JPG,5,Chuhi
tool_bird_class_train/Chuhi_Eastern_Marsh_Harrier/UDS_chuhi-DSCr0260-1884-2178-1274-411.JPG,5,Chuhi
tool_bird_class_train/Chuhi_Eastern_Marsh_Harrier/UDS_chuhi-DSCr0262-3161-1475-431-257.JPG,5,Chuhi
tool_bird_class_train/Chuhi_Eastern_Marsh_Harrier/UDS_chuhi-DSCr0264-2690-1493-332-272.JPG,5,Chuhi
tool_bird_class_train/Chuhi_Eastern_Marsh_Harrier/UDS_chuhi-DSCr0265-2825-1321-379-324.JPG,5,Chuhi
tool_bird_class_train/Chuhi_Eastern_Marsh_Harrier/UDS_chuhi-DSCr0266-3063-1192-329-305.JPG,5,Chuhi
tool_bird_class_train/Chuhi_Eastern_Marsh_Harrier/UDS_chuhi-DSCr0268-2167-1689-332-360.JPG,5,Chuhi
tool_bird_class_train/Chuhi_Eastern_Marsh_Harrier/UDS_chuhi-DSCr0270-2620-1716-316-339.JPG,5,Chuhi
tool_bird_class_train/Chuhi_Eastern_Marsh_Harrier/UDS_chuhi-DSCr0271-2891-1768-354-352.JPG,5,Chuhi
tool_bird_class_train/Chuhi_Eastern_Marsh_Harrier/UDS_chuhi-DSCr0274-2729-1847-777-197.JPG,5,Chuhi
tool_bird_class_train/Chuhi_Eastern_Marsh_Harrier/UDS_chuhi-DSCr0276-2443-1661-547-306.JPG,5,Chuhi
tool_bird_class_train/Chuhi_Eastern_Marsh_Harrier/UDS_chuhi-DSCr0277-2610-1687-547-322.JPG,5,Chuhi
tool_bird_class_train/Chuhi_Eastern_Marsh_Harrier/UDS_chuhi-DSCr0278-2139-1773-438-290.JPG,5,Chuhi
tool_bird_class_train/Chuhi_Eastern_Marsh_Harrier/UDS_chuhi-DSCr0279-1750-1377-424-311.JPG,5,Chuhi
tool_bird_class_train/Chuhi_Eastern_Marsh_Harrier/UDS_chuhi-DSCr0281-2418-1238-796-321.JPG,5,Chuhi
tool_bird_class_train/Chuhi_Eastern_Marsh_Harrier/UDS_chuhi-DSCr0282-2411-1629-1168-466.JPG,5,Chuhi
tool_bird_class_train/Chuhi_Eastern_Marsh_Harrier/UDS_chuhi-DSCr0283-2461-1501-909-453.JPG,5,Chuhi
tool_bird_class_train/Chuhi_Eastern_Marsh_Harrier/UDS_chuhi-DSCr0285-3349-1789-862-512.JPG,5,Chuhi
tool_bird_class_train/Chuhi_Eastern_Marsh_Harrier/UDS_chuhi-DSCr0286-3128-1699-1032-621.JPG,5,Chuhi
tool_bird_class_train/Chuhi_Eastern_Marsh_Harrier/UDS_chuhi-DSCr0288-2912-1597-679-746.JPG,5,Chuhi
tool_bird_class_train/Chuhi_Eastern_Marsh_Harrier/UDS_chuhi-DSCr0289-2951-1525-631-780.JPG,5,Chuhi
tool_bird_class_train/Chuhi_Eastern_Marsh_Harrier/UDS_chuhi-DSCr0292-3629-1424-573-722.JPG,5,Chuhi
tool_bird_class_train/Chuhi_Eastern_Marsh_Harrier/UDS_chuhi-DSCr0293-2863-1642-781-437.JPG,5,Chuhi
tool_bird_class_train/Chuhi_Eastern_Marsh_Harrier/UDS_chuhi-DSCr0294-2629-1219-829-450.JPG,5,Chuhi
tool_bird_class_train/Chuhi_Eastern_Marsh_Harrier/UDS_chuhi-DSCr0296-2213-1423-855-320.JPG,5,Chuhi
tool_bird_class_train/Chuhi_Eastern_Marsh_Harrier/UDS_chuhi-DSCr0297-2097-1488-845-316.JPG,5,Chuhi
tool_bird_class_train/Chuhi_Eastern_Marsh_Harrier/UDS_chuhi-DSCr0298-2014-1405-837-348.JPG,5,Chuhi
tool_bird_class_train/Chuhi_Eastern_Marsh_Harrier/UDS_chuhi-DSCr0299-2644-1735-504-228.JPG,5,Chuhi
tool_bird_class_train/Chuhi_Eastern_Marsh_Harrier/UDS_chuhi-DSCr0314-2491-1743-120-54.JPG,5,Chuhi
tool_bird_class_train/Chuhi_Eastern_Marsh_Harrier/UDS_chuhi-DSCr0320-3163-2019-474-156.JPG,5,Chuhi
tool_bird_class_train/Chuhi_Eastern_Marsh_Harrier/UDS_chuhi-DSCr0326-2668-1559-208-141.JPG,5,Chuhi
tool_bird_class_train/Chuhi_Eastern_Marsh_Harrier/UDS_chuhi-DSCr0356-2219-2142-665-116.JPG,5,Chuhi
tool_bird_class_train/Chuhi_Eastern_Marsh_Harrier/UDS_chuhi-DSCr0357-2267-2029-678-130.JPG,5,Chuhi
tool_bird_class_train/Chuhi_Eastern_Marsh_Harrier/UDS_chuhi-DSCr0362-2197-1738-364-372.JPG,5,Chuhi
tool_bird_class_train/Chuhi_Eastern_Marsh_Harrier/UDS_chuhi-DSCr0364-2788-1828-370-390.JPG,5,Chuhi
tool_bird_class_train/Chuhi_Eastern_Marsh_Harrier/UDS_chuhi-DSCr0365-3129-1727-386-266.JPG,5,Chuhi
tool_bird_class_train/Chuhi_Eastern_Marsh_Harrier/UDS_chuhi-DSCr0366-3268-2644-468-320.JPG,5,Chuhi
tool_bird_class_train/Chuhi_Eastern_Marsh_Harrier/UDS_chuhi-DSCr0367-2288-2234-507-120.JPG,5,Chuhi
tool_bird_class_train/Chuhi_Eastern_Marsh_Harrier/UDS_chuhi-DSCr0371-2706-1732-311-231.JPG,5,Chuhi
tool_bird_class_train/Chuhi_Eastern_Marsh_Harrier/UDS_chuhi-DSCr0372-2581-1467-337-232.JPG,5,Chuhi
tool_bird_class_train/Chuhi_Eastern_Marsh_Harrier/UDS_chuhi-DSCr0373-2024-1703-479-187.JPG,5,Chuhi
tool_bird_class_train/Chuhi_Eastern_Marsh_Harrier/UDS_chuhi-DSCr0376-1998-1713-471-162.JPG,5,Chuhi
tool_bird_class_train/Chuhi_Eastern_Marsh_Harrier/UDS_chuhi-DSCr0378-2645-1642-399-380.JPG,5,Chuhi
tool_bird_class_train/Chuhi_Eastern_Marsh_Harrier/UDS_chuhi-DSCr0379-2471-1559-366-400.JPG,5,Chuhi
tool_bird_class_train/Chuhi_Eastern_Marsh_Harrier/UDS_chuhi-DSCr0380-2026-1128-397-473.JPG,5,Chuhi
tool_bird_class_train/Chuhi_Eastern_Marsh_Harrier/UDS_chuhi-DSCr0381-1622-1107-404-458.JPG,5,Chuhi
tool_bird_class_train/Chuhi_Eastern_Marsh_Harrier/UDS_chuhi-DSCr0382-1769-1020-472-511.JPG,5,Chuhi
tool_bird_class_train/Chuhi_Eastern_Marsh_Harrier/UDS_chuhi-DSCr0383-2190-1856-543-217.JPG,5,Chuhi
tool_bird_class_train/Chuhi_Eastern_Marsh_Harrier/UDS_chuhi-DSCr0384-2365-1664-505-337.JPG,5,Chuhi
tool_bird_class_train/Chuhi_Eastern_Marsh_Harrier/UDS_chuhi-DSCr0387-3138-1469-628-277.JPG,5,Chuhi
tool_bird_class_train/Chuhi_Eastern_Marsh_Harrier/UDS_chuhi-DSCr0393-2718-1957-989-279.JPG,5,Chuhi
tool_bird_class_train/Chuhi_Eastern_Marsh_Harrier/UDS_chuhi-DSCr0394-3266-2138-727-220.JPG,5,Chuhi
tool_bird_class_train/Chuhi_Eastern_Marsh_Harrier/UDS_chuhi-DSCr0395-3635-1927-953-196.JPG,5,Chuhi
tool_bird_class_train/Chuhi_Eastern_Marsh_Harrier/UDS_chuhi-DSCr0396-2354-1327-274-275.JPG,5,Chuhi
tool_bird_class_train/Chuhi_Eastern_Marsh_Harrier/UDS_chuhi-DSCr0398-1646-1216-264-295.JPG,5,Chuhi
tool_bird_class_train/Chuhi_Eastern_Marsh_Harrier/UDS_chuhi-DSCr0399-3009-646-295-241.JPG,5,Chuhi
tool_bird_class_train/Chuhi_Eastern_Marsh_Harrier/UDS_chuhi-DSCr0400-3198-433-300-246.JPG,5,Chuhi
tool_bird_class_train/Chuhi_Eastern_Marsh_Harrier/UDS_chuhi-DSCr0402-4678-1136-319-300.JPG,5,Chuhi
tool_bird_class_train/Chuhi_Eastern_Marsh_Harrier/UDS_chuhi-DSCr0403-4791-1273-323-302.JPG,5,Chuhi
tool_bird_class_train/Chuhi_Eastern_Marsh_Harrier/UDS_chuhi-DSCr0404-1889-1667-547-235.JPG,5,Chuhi
tool_bird_class_train/Chuhi_Eastern_Marsh_Harrier/UDS_chuhi-DSCr0405-1908-1427-560-226.JPG,5,Chuhi
tool_bird_class_train/Chuhi_Eastern_Marsh_Harrier/UDS_chuhi-DSCr0406-2636-1466-581-235.JPG,5,Chuhi
tool_bird_class_train/Chuhi_Eastern_Marsh_Harrier/UDS_chuhi-DSCr0408-2163-1323-293-227.JPG,5,Chuhi
tool_bird_class_train/Chuhi_Eastern_Marsh_Harrier/UDS_chuhi-DSCr0411-2231-1751-354-209.JPG,5,Chuhi
tool_bird_class_train/Chuhi_Eastern_Marsh_Harrier/UDS_chuhi-DSCr0412-2773-1448-384-214.JPG,5,Chuhi
tool_bird_class_train/Chuhi_Eastern_Marsh_Harrier/UDS_chuhi-DSCr0413-2752-1450-306-184.JPG,5,Chuhi
tool_bird_class_train/Chuhi_Eastern_Marsh_Harrier/UDS_chuhi-DSCr0415-3719-1217-372-290.JPG,5,Chuhi
tool_bird_class_train/Chuhi_Eastern_Marsh_Harrier/UDS_chuhi-DSCr0422-2467-1109-272-258.JPG,5,Chuhi
tool_bird_class_train/Chuhi_Eastern_Marsh_Harrier/UDS_chuhi-DSCr0428-2846-2404-278-169.JPG,5,Chuhi
tool_bird_class_train/Chuhi_Eastern_Marsh_Harrier/UDS_chuhi-DSCr0429-2757-2456-278-118.JPG,5,Chuhi
tool_bird_class_train/Chuhi_Eastern_Marsh_Harrier/UDS_chuhi-DSCr0432-2853-1469-419-293.JPG,5,Chuhi
tool_bird_class_train/Chuhi_Eastern_Marsh_Harrier/UDS_chuhi-DSCr0433-3359-1698-405-304.JPG,5,Chuhi
tool_bird_class_train/Chuhi_Eastern_Marsh_Harrier/UDS_chuhi-DSCr0434-4036-1952-425-272.JPG,5,Chuhi
tool_bird_class_train/Chuhi_Eastern_Marsh_Harrier/UDS_chuhi-DSCr0435-3640-1655-427-249.JPG,5,Chuhi
tool_bird_class_train/Chuhi_Eastern_Marsh_Harrier/UDS_chuhi-DSCr0436-1504-890-733-287.JPG,5,Chuhi
tool_bird_class_train/Chuhi_Eastern_Marsh_Harrier/UDS_chuhi-DSCr0438-1652-1223-781-207.JPG,5,Chuhi
tool_bird_class_train/Chuhi_Eastern_Marsh_Harrier/UDS_chuhi-DSCr0439-2738-1302-563-239.JPG,5,Chuhi
tool_bird_class_train/Chuhi_Eastern_Marsh_Harrier/UDS_chuhi-DSCr0440-2912-1732-683-217.JPG,5,Chuhi
tool_bird_class_train/Chuhi_Eastern_Marsh_Harrier/UDS_chuhi-DSCr0441-2943-1738-552-257.JPG,5,Chuhi
tool_bird_class_train/Chuhi_Eastern_Marsh_Harrier/UDS_chuhi-DSCr0442-2733-811-697-160.JPG,5,Chuhi
tool_bird_class_train/Chuhi_Eastern_Marsh_Harrier/UDS_chuhi-DSCr0444-2702-957-664-129.JPG,5,Chuhi
tool_bird_class_train/Chuhi_Eastern_Marsh_Harrier/UDS_chuhi-DSCr0447-2547-1079-596-145.JPG,5,Chuhi
tool_bird_class_train/Chuhi_Eastern_Marsh_Harrier/UDS_chuhi-DSCr0448-2401-1093-588-157.JPG,5,Chuhi
tool_bird_class_train/Chuhi_Eastern_Marsh_Harrier/UDS_chuhi-DSCr0449-2586-955-461-242.JPG,5,Chuhi
tool_bird_class_train/Chuhi_Eastern_Marsh_Harrier/UDS_chuhi-DSCr0450-3371-1282-372-102.JPG,5,Chuhi
tool_bird_class_train/Chuhi_Eastern_Marsh_Harrier/UDS_chuhi-DSCr0451-3258-1335-419-112.JPG,5,Chuhi
tool_bird_class_train/Chuhi_Eastern_Marsh_Harrier/UDS_chuhi-DSCr0452-3438-1406-483-126.JPG,5,Chuhi
tool_bird_class_train/Chuhi_Eastern_Marsh_Harrier/UDS_chuhi-DSCr0454-2963-981-504-172.JPG,5,Chuhi
tool_bird_class_train/Chuhi_Eastern_Marsh_Harrier/UDS_chuhi-DSCr0457-2221-1583-311-357.JPG,5,Chuhi
tool_bird_class_train/Chuhi_Eastern_Marsh_Harrier/UDS_chuhi-DSCr0458-2456-1539-284-319.JPG,5,Chuhi
tool_bird_class_train/Chuhi_Eastern_Marsh_Harrier/UDS_chuhi-DSCr0460-3004-2001-274-292.JPG,5,Chuhi
tool_bird_class_train/Chuhi_Eastern_Marsh_Harrier/UDS_chuhi-DSCr0461-3234-2077-278-268.JPG,5,Chuhi
tool_bird_class_train/Chuhi_Eastern_Marsh_Harrier/UDS_chuhi-DSCr0462-2773-2010-294-265.JPG,5,Chuhi
tool_bird_class_train/Chuhi_Eastern_Marsh_Harrier/UDS_chuhi-DSCr0463-2318-1459-295-260.JPG,5,Chuhi
tool_bird_class_train/Chuhi_Eastern_Marsh_Harrier/UDS_chuhi-DSCr0464-3143-1243-364-178.JPG,5,Chuhi
tool_bird_class_train/Chuhi_Eastern_Marsh_Harrier/UDS_chuhi-DSCr0466-3488-1517-355-161.JPG,5,Chuhi
tool_bird_class_train/Chuhi_Eastern_Marsh_Harrier/UDS_chuhi-DSCr0467-3466-1493-471-168.JPG,5,Chuhi
tool_bird_class_train/Chuhi_Eastern_Marsh_Harrier/UDS_chuhi-DSCr0468-2043-1594-722-154.JPG,5,Chuhi
tool_bird_class_train/Chuhi_Eastern_Marsh_Harrier/UDS_chuhi-DSCr0469-1634-1390-712-170.JPG,5,Chuhi
tool_bird_class_train/Chuhi_Eastern_Marsh_Harrier/UDS_chuhi-DSCr0470-1428-1520-739-160.JPG,5,Chuhi
tool_bird_class_train/Chuhi_Eastern_Marsh_Harrier/UDS_chuhi-DSCr0471-2521-1011-418-289.JPG,5,Chuhi
tool_bird_class_train/Chuhi_Eastern_Marsh_Harrier/UDS_chuhi-DSCr0472-2168-1056-456-267.JPG,5,Chuhi
tool_bird_class_train/Chuhi_Eastern_Marsh_Harrier/UDS_chuhi-DSCr0473-2527-1744-819-219.JPG,5,Chuhi
tool_bird_class_train/Chuhi_Eastern_Marsh_Harrier/UDS_chuhi-DSCr0476-988-689-525-321.JPG,5,Chuhi
tool_bird_class_train/Chuhi_Eastern_Marsh_Harrier/UDS_chuhi-DSCr0477-1077-980-523-217.JPG,5,Chuhi
tool_bird_class_train/Chuhi_Eastern_Marsh_Harrier/UDS_chuhi-DSCr0479-1896-1866-512-213.JPG,5,Chuhi
tool_bird_class_train/Chuhi_Eastern_Marsh_Harrier/UDS_chuhi-DSCr0482-1058-1559-472-189.JPG,5,Chuhi
tool_bird_class_train/Chuhi_Eastern_Marsh_Harrier/UDS_chuhi-DSCr0483-745-1294-486-203.JPG,5,Chuhi
tool_bird_class_train/Chuhi_Eastern_Marsh_Harrier/UDS_chuhi-DSCr0484-1354-2321-502-191.JPG,5,Chuhi
tool_bird_class_train/Chuhi_Eastern_Marsh_Harrier/UDS_chuhi-DSCr0485-2801-1884-563-373.JPG,5,Chuhi
tool_bird_class_train/Chuhi_Eastern_Marsh_Harrier/UDS_chuhi-DSCr0487-3474-811-708-405.JPG,5,Chuhi
tool_bird_class_train/Chuhi_Eastern_Marsh_Harrier/UDS_chuhi-DSCr0489-2893-845-456-275.JPG,5,Chuhi
tool_bird_class_train/Chuhi_Eastern_Marsh_Harrier/UDS_chuhi-DSCr0490-3449-1023-485-287.JPG,5,Chuhi
tool_bird_class_train/Chuhi_Eastern_Marsh_Harrier/UDS_chuhi-DSCr0492-3878-1145-564-319.JPG,5,Chuhi
tool_bird_class_train/Chuhi_Eastern_Marsh_Harrier/UDS_chuhi-DSCr0494-1841-357-487-307.JPG,5,Chuhi
tool_bird_class_train/Chuhi_Eastern_Marsh_Harrier/UDS_chuhi-DSCr0495-2084-574-464-321.JPG,5,Chuhi
tool_bird_class_train/Chuhi_Eastern_Marsh_Harrier/UDS_chuhi-DSCr0496-2105-646-448-362.JPG,5,Chuhi
tool_bird_class_train/Chuhi_Eastern_Marsh_Harrier/UDS_chuhi-DSCr0497-2065-934-438-383.JPG,5,Chuhi
tool_bird_class_train/Chuhi_Eastern_Marsh_Harrier/UDS_chuhi-DSCr0498-2024-891-438-376.JPG,5,Chuhi
tool_bird_class_train/Chuhi_Eastern_Marsh_Harrier/UDS_chuhi-DSCr0499-2399-775-419-372.JPG,5,Chuhi
tool_bird_class_train/Chuhi_Eastern_Marsh_Harrier/UDS_chuhi-DSCr0500-2855-963-408-340.JPG,5,Chuhi
tool_bird_class_train/Chuhi_Eastern_Marsh_Harrier/UDS_chuhi-DSCr0501-3042-822-419-360.JPG,5,Chuhi
tool_bird_class_train/Chuhi_Eastern_Marsh_Harrier/UDS_chuhi-DSCr0502-2585-689-574-300.JPG,5,Chuhi
tool_bird_class_train/Chuhi_Eastern_Marsh_Harrier/UDS_chuhi-DSCr0503-2898-1011-607-314.JPG,5,Chuhi
tool_bird_class_train/Chuhi_Eastern_Marsh_Harrier/UDS_chuhi-DSCr0506-2004-1997-599-256.JPG,5,Chuhi
tool_bird_class_train/Chuhi_Eastern_Marsh_Harrier/UDS_chuhi-DSCr0507-2464-1980-684-151.JPG,5,Chuhi
tool_bird_class_train/Chuhi_Eastern_Marsh_Harrier/UDS_chuhi-DSCr0508-2891-1443-567-185.JPG,5,Chuhi
tool_bird_class_train/Chuhi_Eastern_Marsh_Harrier/UDS_chuhi-DSCr0509-506-1056-708-157.JPG,5,Chuhi
tool_bird_class_train/Chuhi_Eastern_Marsh_Harrier/UDS_chuhi-DSCr0510-212-1030-689-173.JPG,5,Chuhi
tool_bird_class_train/Chuhi_Eastern_Marsh_Harrier/UDS_chuhi-DSCr0511-4448-1125-374-344.JPG,5,Chuhi
tool_bird_class_train/Chuhi_Eastern_Marsh_Harrier/UDS_chuhi-DSCr0512-2222-1423-685-227.JPG,5,Chuhi
tool_bird_class_train/Chuhi_Eastern_Marsh_Harrier/UDS_chuhi-DSCr0513-2078-1104-671-321.JPG,5,Chuhi
tool_bird_class_train/Chuhi_Eastern_Marsh_Harrier/UDS_chuhi-DSCr0514-1860-1073-717-265.JPG,5,Chuhi
tool_bird_class_train/Chuhi_Eastern_Marsh_Harrier/UDS_chuhi-DSCr0515-1532-1027-566-319.JPG,5,Chuhi
tool_bird_class_train/Chuhi_Eastern_Marsh_Harrier/UDS_chuhi-DSCr0516-1577-1244-712-307.JPG,5,Chuhi
tool_bird_class_train/Chuhi_Eastern_Marsh_Harrier/UDS_chuhi-DSCr0517-2005-1451-501-348.JPG,5,Chuhi
tool_bird_class_train/Chuhi_Eastern_Marsh_Harrier/UDS_chuhi-DSCr0519-2444-1179-548-372.JPG,5,Chuhi
tool_bird_class_train/Chuhi_Eastern_Marsh_Harrier/UDS_chuhi-DSCr0520-2218-1355-552-398.JPG,5,Chuhi
tool_bird_class_train/Chuhi_Eastern_Marsh_Harrier/UDS_chuhi-DSCr0521-2090-2055-586-270.JPG,5,Chuhi
tool_bird_class_train/Chuhi_Eastern_Marsh_Harrier/UDS_chuhi-DSCr0522-2581-1487-667-403.JPG,5,Chuhi
tool_bird_class_train/Chuhi_Eastern_Marsh_Harrier/UDS_chuhi-DSCr0523-2358-1102-509-369.JPG,5,Chuhi
tool_bird_class_train/Chuhi_Eastern_Marsh_Harrier/UDS_chuhi-DSCr0524-1748-1250-606-378.JPG,5,Chuhi
tool_bird_class_train/Chuhi_Eastern_Marsh_Harrier/UDS_chuhi-DSCr0527-2437-1349-564-295.JPG,5,Chuhi
tool_bird_class_train/Chuhi_Eastern_Marsh_Harrier/UDS_chuhi-DSCr0528-2036-1466-530-228.JPG,5,Chuhi
tool_bird_class_train/Chuhi_Eastern_Marsh_Harrier/UDS_chuhi-DSCr0529-2472-1602-547-261.JPG,5,Chuhi
tool_bird_class_train/Chuhi_Eastern_Marsh_Harrier/UDS_chuhi-DSCr0530-2735-1406-556-475.JPG,5,Chuhi
tool_bird_class_train/Chuhi_Eastern_Marsh_Harrier/UDS_chuhi-DSCr0531-2897-1085-578-398.JPG,5,Chuhi
tool_bird_class_train/Chuhi_Eastern_Marsh_Harrier/UDS_chuhi-DSCr0532-2812-1286-594-422.JPG,5,Chuhi
tool_bird_class_train/Chuhi_Eastern_Marsh_Harrier/UDS_chuhi-DSCr0534-2124-2105-583-326.JPG,5,Chuhi
tool_bird_class_train/Chuhi_Eastern_Marsh_Harrier/UDS_chuhi-DSCr0535-1970-1990-512-297.JPG,5,Chuhi
tool_bird_class_train/Chuhi_Eastern_Marsh_Harrier/UDS_chuhi-DSCr0536-2427-1582-535-265.JPG,5,Chuhi
tool_bird_class_train/Chuhi_Eastern_Marsh_Harrier/UDS_chuhi-DSCr0538-3587-1756-501-199.JPG,5,Chuhi
tool_bird_class_train/Chuhi_Eastern_Marsh_Harrier/UDS_chuhi-DSCr0539-3381-2080-530-302.JPG,5,Chuhi
tool_bird_class_train/Chuhi_Eastern_Marsh_Harrier/UDS_chuhi-DSCr0541-2744-1831-563-248.JPG,5,Chuhi
tool_bird_class_train/Chuhi_Eastern_Marsh_Harrier/UDS_chuhi-DSCr0542-3103-1859-596-271.JPG,5,Chuhi
tool_bird_class_train/Chuhi_Eastern_Marsh_Harrier/UDS_chuhi-DSCr0543-3541-1910-542-229.JPG,5,Chuhi
tool_bird_class_train/Chuhi_Eastern_Marsh_Harrier/UDS_chuhi-DSCr0545-3324-1226-548-274.JPG,5,Chuhi
tool_bird_class_train/Chuhi_Eastern_Marsh_Harrier/UDS_chuhi-DSCr0546-3058-1602-552-259.JPG,5,Chuhi
tool_bird_class_train/Chuhi_Eastern_Marsh_Harrier/UDS_chuhi-DSCr0547-2961-1809-533-290.JPG,5,Chuhi
tool_bird_class_train/Chuhi_Eastern_Marsh_Harrier/UDS_chuhi-DSCr0549-2574-1629-532-270.JPG,5,Chuhi
tool_bird_class_train/Chuhi_Eastern_Marsh_Harrier/UDS_chuhi-DSCr0551-2862-1529-737-534.JPG,5,Chuhi
tool_bird_class_train/Chuhi_Eastern_Marsh_Harrier/UDS_chuhi-DSCr0553-2464-1575-877-570.JPG,5,Chuhi
tool_bird_class_train/Chuhi_Eastern_Marsh_Harrier/UDS_chuhi-DSCr0554-1907-1858-1110-415.JPG,5,Chuhi
tool_bird_class_train/Chuhi_Eastern_Marsh_Harrier/UDS_chuhi-DSCr0555-2491-1412-881-435.JPG,5,Chuhi
tool_bird_class_train/Chuhi_Eastern_Marsh_Harrier/UDS_chuhi-DSCr0558-2929-1560-602-258.JPG,5,Chuhi
tool_bird_class_train/Chuhi_Eastern_Marsh_Harrier/UDS_chuhi-DSCr0560-2565-2095-596-315.JPG,5,Chuhi
tool_bird_class_train/Chuhi_Eastern_Marsh_Harrier/UDS_chuhi-DSCr0561-2684-1589-763-362.JPG,5,Chuhi
tool_bird_class_train/Chuhi_Eastern_Marsh_Harrier/UDS_chuhi-DSCr0562-3086-1510-615-345.JPG,5,Chuhi
tool_bird_class_train/Chuhi_Eastern_Marsh_Harrier/UDS_chuhi-DSCr0563-3513-1616-517-301.JPG,5,Chuhi
tool_bird_class_train/Chuhi_Eastern_Marsh_Harrier/UDS_chuhi-DSCr0564-3023-1263-539-267.JPG,5,Chuhi
tool_bird_class_train/Chuhi_Eastern_Marsh_Harrier/UDS_chuhi-DSCr0565-1677-738-876-518.JPG,5,Chuhi
tool_bird_class_train/Chuhi_Eastern_Marsh_Harrier/UDS_chuhi-DSCr0566-1936-639-1068-515.JPG,5,Chuhi
tool_bird_class_train/Chuhi_Eastern_Marsh_Harrier/UDS_chuhi-DSCr0567-2777-1019-769-422.JPG,5,Chuhi
tool_bird_class_train/Chuhi_Eastern_Marsh_Harrier/UDS_chuhi-DSCr0568-2733-1359-675-446.JPG,5,Chuhi
tool_bird_class_train/Chuhi_Eastern_Marsh_Harrier/UDS_chuhi-DSCr0569-3085-1060-719-401.JPG,5,Chuhi
tool_bird_class_train/Chuhi_Eastern_Marsh_Harrier/UDS_chuhi-DSCr0573-2602-794-499-358.JPG,5,Chuhi
tool_bird_class_train/Chuhi_Eastern_Marsh_Harrier/UDS_chuhi-DSCr0575-1031-796-763-429.JPG,5,Chuhi
tool_bird_class_train/Chuhi_Eastern_Marsh_Harrier/UDS_chuhi-DSCr0576-858-817-587-576.JPG,5,Chuhi
tool_bird_class_train/Chuhi_Eastern_Marsh_Harrier/UDS_chuhi-DSCr0579-2158-1597-863-597.JPG,5,Chuhi
tool_bird_class_train/Chuhi_Eastern_Marsh_Harrier/UDS_chuhi-DSCr0580-2588-1086-903-695.JPG,5,Chuhi
tool_bird_class_train/Chuhi_Eastern_Marsh_Harrier/UDS_chuhi-DSCr0581-2354-880-962-774.JPG,5,Chuhi
tool_bird_class_train/Chuhi_Eastern_Marsh_Harrier/UDS_chuhi-DSCr0633-3604-1303-687-210.JPG,5,Chuhi
tool_bird_class_train/Chuhi_Eastern_Marsh_Harrier/UDS_chuhi-DSCr0634-4106-1444-728-206.JPG,5,Chuhi
tool_bird_class_train/Chuhi_Eastern_Marsh_Harrier/UDS_chuhi-DSCr0635-3856-1455-733-188.JPG,5,Chuhi
tool_bird_class_train/Chuhi_Eastern_Marsh_Harrier/UDS_chuhi-DSCr0637-2432-1406-740-210.JPG,5,Chuhi
tool_bird_class_train/Chuhi_Eastern_Marsh_Harrier/UDS_chuhi-DSCr0641-1960-1766-1120-602.JPG,5,Chuhi
tool_bird_class_train/Chuhi_Eastern_Marsh_Harrier/UDS_chuhi-DSCr0642-1870-2038-970-480.JPG,5,Chuhi
tool_bird_class_train/Chuhi_Eastern_Marsh_Harrier/UDS_chuhi-DSCr0643-1910-1891-1151-562.JPG,5,Chuhi
tool_bird_class_train/Chuhi_Eastern_Marsh_Harrier/UDS_chuhi-DSCr0644-2631-1623-989-728.JPG,5,Chuhi
tool_bird_class_train/Chuhi_Eastern_Marsh_Harrier/UDS_chuhi-DSCr0648-1619-1175-1001-855.JPG,5,Chuhi
tool_bird_class_train/Chuhi_Eastern_Marsh_Harrier/UDS_chuhi-DSCr0649-369-1468-1072-924.JPG,5,Chuhi
tool_bird_class_train/Chuhi_Eastern_Marsh_Harrier/UDS_chuhi-DSCr0651-1761-1187-1198-674.JPG,5,Chuhi
tool_bird_class_train/Chuhi_Eastern_Marsh_Harrier/UDS_chuhi-DSCr0653-3840-2135-1179-617.JPG,5,Chuhi
tool_bird_class_train/Chuhi_Eastern_Marsh_Harrier/UDS_chuhi-DSCr0654-3875-2099-1153-634.JPG,5,Chuhi
tool_bird_class_train/Chuhi_Eastern_Marsh_Harrier/UDS_chuhi-DSCr0655-3655-1929-1097-572.JPG,5,Chuhi
tool_bird_class_train/Chuhi_Eastern_Marsh_Harrier/UDS_chuhi-DSCr0656-3363-1922-1074-570.JPG,5,Chuhi
tool_bird_class_train/Chuhi_Eastern_Marsh_Harrier/UDS_chuhi-DSCr0658-2673-1164-1157-549.JPG,5,Chuhi
tool_bird_class_train/Chuhi_Eastern_Marsh_Harrier/UDS_chuhi-DSCr0660-2338-1716-1364-344.JPG,5,Chuhi
tool_bird_class_train/Chuhi_Eastern_Marsh_Harrier/UDS_chuhi-DSCr0661-2619-1636-1108-432.JPG,5,Chuhi
tool_bird_class_train/Chuhi_Eastern_Marsh_Harrier/UDS_chuhi-DSCr0662-2949-1189-932-512.JPG,5,Chuhi
tool_bird_class_train/Chuhi_Eastern_Marsh_Harrier/UDS_chuhi-DSCr0663-3288-931-1064-607.JPG,5,Chuhi
tool_bird_class_train/Chuhi_Eastern_Marsh_Harrier/UDS_chuhi-DSCr0664-3268-961-1262-385.JPG,5,Chuhi
tool_bird_class_train/Chuhi_Eastern_Marsh_Harrier/UDS_chuhi-DSCr0665-2308-1726-1165-349.JPG,5,Chuhi
tool_bird_class_train/Chuhi_Eastern_Marsh_Harrier/UDS_chuhi-DSCr0666-2450-1699-1177-350.JPG,5,Chuhi
tool_bird_class_train/Chuhi_Eastern_Marsh_Harrier/UDS_chuhi-DSCr0667-2798-1850-716-376.JPG,5,Chuhi
tool_bird_class_train/Chuhi_Eastern_Marsh_Harrier/UDS_chuhi-DSCr0669-3504-1619-792-334.JPG,5,Chuhi
tool_bird_class_train/Chuhi_Eastern_Marsh_Harrier/UDS_chuhi-DSCr0670-2310-1572-774-357.JPG,5,Chuhi
tool_bird_class_train/Chuhi_Eastern_Marsh_Harrier/UDS_chuhi-DSCr0671-2611-1286-741-291.JPG,5,Chuhi
tool_bird_class_train/Chuhi_Eastern_Marsh_Harrier/UDS_chuhi-DSCr0672-2819-1375-730-319.JPG,5,Chuhi
tool_bird_class_train/Chuhi_Eastern_Marsh_Harrier/UDS_chuhi-DSCr0673-3278-1474-720-282.JPG,5,Chuhi
tool_bird_class_train/Chuhi_Eastern_Marsh_Harrier/UDS_chuhi-DSCr0675-2943-1675-579-253.JPG,5,Chuhi
tool_bird_class_train/Chuhi_Eastern_Marsh_Harrier/UDS_chuhi-DSCr0676-2809-1797-596-253.JPG,5,Chuhi
tool_bird_class_train/Chuhi_Eastern_Marsh_Harrier/UDS_chuhi-DSCr0678-1684-1613-986-608.JPG,5,Chuhi
tool_bird_class_train/Chuhi_Eastern_Marsh_Harrier/UDS_chuhi-DSCr0679-2084-1690-737-484.JPG,5,Chuhi
tool_bird_class_train/Chuhi_Eastern_Marsh_Harrier/UDS_chuhi-DSCr0680-2158-1449-960-530.JPG,5,Chuhi
tool_bird_class_train/Chuhi_Eastern_Marsh_Harrier/UDS_chuhi-DSCr0681-2740-1892-412-330.JPG,5,Chuhi
tool_bird_class_train/Chuhi_Eastern_Marsh_Harrier/UDS_chuhi-DSCr0683-3126-1600-455-292.JPG,5,Chuhi
tool_bird_class_train/Chuhi_Eastern_Marsh_Harrier/UDS_chuhi-DSCr0684-3192-1447-481-338.JPG,5,Chuhi
tool_bird_class_train/Chuhi_Eastern_Marsh_Harrier/UDS_chuhi-DSCr0686-2543-1306-505-445.JPG,5,Chuhi
tool_bird_class_train/Chuhi_Eastern_Marsh_Harrier/UDS_chuhi-DSCr0687-2719-1811-544-347.JPG,5,Chuhi
tool_bird_class_train/Chuhi_Eastern_Marsh_Harrier/UDS_chuhi-DSCr0688-2806-1671-469-234.JPG,5,Chuhi
tool_bird_class_train/Chuhi_Eastern_Marsh_Harrier/UDS_chuhi-DSCr0689-3616-1850-653-359.JPG,5,Chuhi
tool_bird_class_train/Chuhi_Eastern_Marsh_Harrier/UDS_chuhi-DSCr0690-3834-1998-619-352.JPG,5,Chuhi
tool_bird_class_train/Chuhi_Eastern_Marsh_Harrier/UDS_chuhi-DSCr0691-4682-2026-596-377.JPG,5,Chuhi
tool_bird_class_train/Chuhi_Eastern_Marsh_Harrier/UDS_chuhi-DSCr0692-2671-1205-444-349.JPG,5,Chuhi
tool_bird_class_train/Chuhi_Eastern_Marsh_Harrier/UDS_chuhi-DSCr0693-2019-1624-661-363.JPG,5,Chuhi
tool_bird_class_train/Chuhi_Eastern_Marsh_Harrier/UDS_chuhi-DSCr0695-1931-1665-702-339.JPG,5,Chuhi
tool_bird_class_train/Chuhi_Eastern_Marsh_Harrier/UDS_chuhi-DSCr0696-2344-1598-779-342.JPG,5,Chuhi
tool_bird_class_train/Chuhi_Eastern_Marsh_Harrier/UDS_chuhi-DSCr0697-2935-1769-899-385.JPG,5,Chuhi
tool_bird_class_train/Chuhi_Eastern_Marsh_Harrier/UDS_chuhi-DSCr0698-2816-1652-871-402.JPG,5,Chuhi
tool_bird_class_train/Chuhi_Eastern_Marsh_Harrier/UDS_chuhi-DSCr0699-2388-1350-949-384.JPG,5,Chuhi
tool_bird_class_train/Chuhi_Eastern_Marsh_Harrier/UDS_chuhi-DSCr0700-2227-1239-847-415.JPG,5,Chuhi
tool_bird_class_train/Chuhi_Eastern_Marsh_Harrier/UDS_chuhi-DSCr0702-1206-389-864-411.JPG,5,Chuhi
tool_bird_class_train/Chuhi_Eastern_Marsh_Harrier/UDS_chuhi-DSCr0703-3298-1869-795-422.JPG,5,Chuhi
tool_bird_class_train/Chuhi_Eastern_Marsh_Harrier/UDS_chuhi-DSCr0705-3194-1480-565-458.JPG,5,Chuhi
tool_bird_class_train/Chuhi_Eastern_Marsh_Harrier/UDS_chuhi-DSCr0706-2921-1389-592-406.JPG,5,Chuhi
tool_bird_class_train/Chuhi_Eastern_Marsh_Harrier/UDS_chuhi-DSCr0708-3040-1358-607-366.JPG,5,Chuhi
tool_bird_class_train/Chuhi_Eastern_Marsh_Harrier/UDS_chuhi-DSCr0711-3894-1585-882-634.JPG,5,Chuhi
tool_bird_class_train/Chuhi_Eastern_Marsh_Harrier/UDS_chuhi-DSCr0712-4071-1657-912-440.JPG,5,Chuhi
tool_bird_class_train/Chuhi_Eastern_Marsh_Harrier/UDS_chuhi-DSCr0713-1897-1180-1024-665.JPG,5,Chuhi
tool_bird_class_train/Chuhi_Eastern_Marsh_Harrier/UDS_chuhi-DSCr0714-2022-1466-898-628.JPG,5,Chuhi
tool_bird_class_train/Chuhi_Eastern_Marsh_Harrier/UDS_chuhi-DSCr0715-1765-1034-668-534.JPG,5,Chuhi
tool_bird_class_train/Chuhi_Eastern_Marsh_Harrier/UDS_chuhi-DSCr0716-1423-1202-676-517.JPG,5,Chuhi
tool_bird_class_train/Chuhi_Eastern_Marsh_Harrier/UDS_chuhi-DSCr0717-1428-1301-723-537.JPG,5,Chuhi
tool_bird_class_train/Chuhi_Eastern_Marsh_Harrier/UDS_chuhi-DSCr0719-2805-248-677-641.JPG,5,Chuhi
tool_bird_class_train/Chuhi_Eastern_Marsh_Harrier/UDS_chuhi-DSCr0720-2401-752-848-624.JPG,5,Chuhi
tool_bird_class_train/Chuhi_Eastern_Marsh_Harrier/UDS_chuhi-DSCr0721-2704-408-817-689.JPG,5,Chuhi
tool_bird_class_train/Chuhi_Eastern_Marsh_Harrier/UDS_chuhi-DSCr0722-3029-718-827-599.JPG,5,Chuhi
tool_bird_class_train/Chuhi_Eastern_Marsh_Harrier/UDS_chuhi-DSCr0723-1991-1698-505-389.JPG,5,Chuhi
tool_bird_class_train/Chuhi_Eastern_Marsh_Harrier/UDS_chuhi-DSCr0724-2242-1438-479-382.JPG,5,Chuhi
tool_bird_class_train/Chuhi_Eastern_Marsh_Harrier/UDS_chuhi-DSCr0726-2840-900-627-492.JPG,5,Chuhi
tool_bird_class_train/Chuhi_Eastern_Marsh_Harrier/UDS_chuhi-DSCr0728-2854-376-587-539.JPG,5,Chuhi
tool_bird_class_train/Chuhi_Eastern_Marsh_Harrier/UDS_chuhi-DSCr0729-3123-498-562-480.JPG,5,Chuhi
tool_bird_class_train/Chuhi_Eastern_Marsh_Harrier/UDS_chuhi-DSCr0730-3009-972-679-539.JPG,5,Chuhi
tool_bird_class_train/Chuhi_Eastern_Marsh_Harrier/UDS_chuhi-DSCr1370-2733-1817-267-171.JPG,5,Chuhi
tool_bird_class_train/Chuhi_Eastern_Marsh_Harrier/UDS_chuhi-DSCr1371-2227-1730-184-170.JPG,5,Chuhi
tool_bird_class_train/Chuhi_Eastern_Marsh_Harrier/UDS_chuhi-DSCr1373-2855-1420-241-201.JPG,5,Chuhi
tool_bird_class_train/Chuhi_Eastern_Marsh_Harrier/UDS_chuhi-DSCr1375-3630-2504-231-214.JPG,5,Chuhi
tool_bird_class_train/Chuhi_Eastern_Marsh_Harrier/UDS_chuhi-DSCr1538-2886-1927-402-193.JPG,5,Chuhi
tool_bird_class_train/Chuhi_Eastern_Marsh_Harrier/UDS_chuhi-DSCr1539-3140-2076-345-176.JPG,5,Chuhi
tool_bird_class_train/Chuhi_Eastern_Marsh_Harrier/UDS_chuhi-DSCr1542-2826-1437-205-109.JPG,5,Chuhi
tool_bird_class_train/Chuhi_Eastern_Marsh_Harrier/UDS_chuhi-DSCr1544-2938-2501-209-152.JPG,5,Chuhi
tool_bird_class_train/Chuhi_Eastern_Marsh_Harrier/UDS_chuhi-DSCr1545-3633-1180-320-230.JPG,5,Chuhi
tool_bird_class_train/Chuhi_Eastern_Marsh_Harrier/UDS_chuhi-DSCr1546-2631-1557-886-207.JPG,5,Chuhi
tool_bird_class_train/Chuhi_Eastern_Marsh_Harrier/UDS_chuhi-DSCr1547-2499-2048-952-253.JPG,5,Chuhi
tool_bird_class_train/Chuhi_Eastern_Marsh_Harrier/UDS_chuhi-DSCr1548-2312-1942-951-308.JPG,5,Chuhi
tool_bird_class_train/Chuhi_Eastern_Marsh_Harrier/UDS_chuhi-DSCr1549-2128-1917-976-288.JPG,5,Chuhi
tool_bird_class_train/Chuhi_Eastern_Marsh_Harrier/UDS_chuhi-DSCr1550-2289-1707-953-271.JPG,5,Chuhi
tool_bird_class_train/Chuhi_Eastern_Marsh_Harrier/UDS_chuhi-DSCr1553-2659-1796-643-435.JPG,5,Chuhi
tool_bird_class_train/Chuhi_Eastern_Marsh_Harrier/UDS_chuhi-DSCr1554-2595-1385-506-411.JPG,5,Chuhi
tool_bird_class_train/Chuhi_Eastern_Marsh_Harrier/UDS_chuhi-DSCr1555-2766-1640-506-416.JPG,5,Chuhi
tool_bird_class_train/Chuhi_Eastern_Marsh_Harrier/UDS_chuhi-DSCr1557-2909-1457-477-386.JPG,5,Chuhi
tool_bird_class_train/Chuhi_Eastern_Marsh_Harrier/UDS_chuhi-DSCr6526-2543-1938-332-214.JPG,5,Chuhi
tool_bird_class_train/Chuhi_Eastern_Marsh_Harrier/UDS_chuhi-DSCr6527-2451-1664-383-256.JPG,5,Chuhi
tool_bird_class_train/Chuhi_Eastern_Marsh_Harrier/UDS_chuhi-DSCr6529-2696-1466-397-200.JPG,5,Chuhi
tool_bird_class_train/Chuhi_Eastern_Marsh_Harrier/UDS_chuhi-DSCr6530-2642-1477-426-279.JPG,5,Chuhi
tool_bird_class_train/Chuhi_Eastern_Marsh_Harrier/UDS_chuhi-DSCr6534-2456-1606-265-185.JPG,5,Chuhi
tool_bird_class_train/Chuhi_Eastern_Marsh_Harrier/UDS_chuhi-DSCr6536-3194-1950-217-250.JPG,5,Chuhi
tool_bird_class_train/Chuhi_Eastern_Marsh_Harrier/UDS_chuhi-DSCr6537-3124-1996-241-209.JPG,5,Chuhi
tool_bird_class_train/Chuhi_Eastern_Marsh_Harrier/UDS_chuhi-DSCr6554-2931-1385-592-358.JPG,5,Chuhi
tool_bird_class_train/Chuhi_Eastern_Marsh_Harrier/UDS_chuhi-DSCr6555-3076-1592-457-214.JPG,5,Chuhi
tool_bird_class_train/Chuhi_Eastern_Marsh_Harrier/UDS_chuhi-DSCr6556-2970-1632-404-243.JPG,5,Chuhi
tool_bird_class_train/Chuhi_Eastern_Marsh_Harrier/UDS_chuhi-DSCr6557-2934-2080-351-239.JPG,5,Chuhi
tool_bird_class_train/Chuhi_Eastern_Marsh_Harrier/UDS_chuhi-DSCr6558-3172-1979-383-322.JPG,5,Chuhi
tool_bird_class_train/Chuhi_Eastern_Marsh_Harrier/UDS_chuhi-DSCr6560-3086-1950-332-322.JPG,5,Chuhi
tool_bird_class_train/Chuhi_Eastern_Marsh_Harrier/UDS_chuhi-DSCr6561-3097-2061-307-290.JPG,5,Chuhi
tool_bird_class_train/Chuhi_Eastern_Marsh_Harrier/UDS_chuhi-DSCr6562-3482-2051-290-315.JPG,5,Chuhi
tool_bird_class_train/Chuhi_Eastern_Marsh_Harrier/UDS_chuhi-DSCr6563-3583-2570-282-214.JPG,5,Chuhi
tool_bird_class_train/Chuhi_Eastern_Marsh_Harrier/UDS_chuhi-DSCr6564-3946-2322-299-248.JPG,5,Chuhi
tool_bird_class_train/Chuhi_Eastern_Marsh_Harrier/UDS_chuhi-DSCr8866-1748-776-169-116.JPG,5,Chuhi
tool_bird_class_train/Chuhi_Eastern_Marsh_Harrier/UDS_chuhi-DSCr8867-1658-655-185-170.JPG,5,Chuhi
tool_bird_class_train/Chuhi_Eastern_Marsh_Harrier/UDS_chuhi-IMGr1052-1584-1435-251-158.JPG,5,Chuhi
tool_bird_class_train/Chuhi_Eastern_Marsh_Harrier/UDS_chuhi-IMGr1053-1887-1416-266-289.JPG,5,Chuhi
tool_bird_class_train/Chuhi_Eastern_Marsh_Harrier/UDS_chuhi-IMGr1054-1044-1475-271-203.JPG,5,Chuhi
tool_bird_class_train/Chuhi_Eastern_Marsh_Harrier/UDS_chuhi-IMGr1055-2479-1651-323-248.JPG,5,Chuhi
tool_bird_class_train/Chuhi_Eastern_Marsh_Harrier/UDS_chuhi-IMGr1056-1563-1403-302-222.JPG,5,Chuhi
tool_bird_class_train/Chuhi_Eastern_Marsh_Harrier/UDS_chuhi-IMGr1058-1640-1461-343-265.JPG,5,Chuhi
tool_bird_class_train/Chuhi_Eastern_Marsh_Harrier/UDS_chuhi-IMGr2727-2349-1577-331-230.JPG,5,Chuhi
tool_bird_class_train/Chuhi_Eastern_Marsh_Harrier/UDS_chuhi-IMGr2729-2520-1521-358-316.JPG,5,Chuhi
tool_bird_class_train/Chuhi_Eastern_Marsh_Harrier/UDS_chuhi-IMGr2743-2323-1500-292-304.JPG,5,Chuhi
tool_bird_class_train/Chuhi_Eastern_Marsh_Harrier/UDS_chuhi-IMGr2748-2540-1506-223-384.JPG,5,Chuhi
tool_bird_class_train/Chuhi_Eastern_Marsh_Harrier/UDS_chuhi-IMGr2762-2288-1718-257-188.JPG,5,Chuhi
tool_bird_class_train/Chuhi_Eastern_Marsh_Harrier/UDS_chuhi-IMGr2764-2515-1540-151-120.JPG,5,Chuhi
tool_bird_class_train/Chuhi_Eastern_Marsh_Harrier/UDS_chuhi-IMGr2766-2528-1561-145-135.JPG,5,Chuhi
tool_bird_class_train/Chuhi_Eastern_Marsh_Harrier/UDS_chuhi-IMGr2769-2275-1670-300-187.JPG,5,Chuhi
tool_bird_class_train/Chuhi_Eastern_Marsh_Harrier/UDS_chuhi-IMGr2775-2434-1651-223-196.JPG,5,Chuhi
tool_bird_class_train/Chuhi_Eastern_Marsh_Harrier/UDS_chuhi-IMGr2776-2492-1396-365-381.JPG,5,Chuhi
tool_bird_class_train/Chuhi_Eastern_Marsh_Harrier/UDS_chuhi-IMGr2777-2150-1477-440-384.JPG,5,Chuhi
tool_bird_class_train/Chuhi_Eastern_Marsh_Harrier/UDS_chuhi-IMGr2778-2167-1562-466-569.JPG,5,Chuhi
tool_bird_class_train/Chuhi_Eastern_Marsh_Harrier/UDS_chuhi-IMGr2781-2213-1406-473-648.JPG,5,Chuhi
tool_bird_class_train/Chuhi_Eastern_Marsh_Harrier/UDS_chuhi-IMGr2790-2333-1440-507-345.JPG,5,Chuhi
tool_bird_class_train/Chuhi_Eastern_Marsh_Harrier/UDS_chuhi-IMGr2792-2376-1727-329-182.JPG,5,Chuhi
tool_bird_class_train/Chuhi_Eastern_Marsh_Harrier/UDS_chuhi-IMGr2795-2355-1564-251-195.JPG,5,Chuhi
tool_bird_class_train/Chuhi_Eastern_Marsh_Harrier/UDS_chuhi-IMGr2867-2593-1459-257-223.JPG,5,Chuhi
tool_bird_class_train/Chuhi_Eastern_Marsh_Harrier/UDS_chuhi-IMGr2882-2544-1694-175-129.JPG,5,Chuhi
tool_bird_class_train/Chuhi_Eastern_Marsh_Harrier/UDS_chuhi-IMGr2946-2355-1343-300-225.JPG,5,Chuhi
tool_bird_class_train/Chuhi_Eastern_Marsh_Harrier/UDS_chuhi-IMGr2977-2583-1670-200-239.JPG,5,Chuhi
tool_bird_class_train/Chuhi_Eastern_Marsh_Harrier/UDS_chuhi-IMGr2979-2313-1521-210-283.JPG,5,Chuhi
tool_bird_class_train/Chuhi_Eastern_Marsh_Harrier/UDS_chuhi-IMGr2986-2398-1245-351-287.JPG,5,Chuhi
tool_bird_class_train/Chuhi_Eastern_Marsh_Harrier/UDS_chuhi-IMGr2988-2268-1620-322-201.JPG,5,Chuhi
tool_bird_class_train/Chuhi_Eastern_Marsh_Harrier/UDS_chuhi-IMGr3058-2295-1506-536-307.JPG,5,Chuhi
tool_bird_class_train/Chuhi_Eastern_Marsh_Harrier/UDS_chuhi-IMGr3067-2495-1670-408-331.JPG,5,Chuhi
tool_bird_class_train/Chuhi_Eastern_Marsh_Harrier/UDS_chuhi-IMGr3069-2376-1358-401-345.JPG,5,Chuhi
tool_bird_class_train/Chuhi_Eastern_Marsh_Harrier/UDS_chuhi-IMGr6422-2333-1576-243-223.JPG,5,Chuhi
tool_bird_class_train/Chuhi_Eastern_Marsh_Harrier/UDS_chuhi-IMGr6423-2333-1497-243-237.JPG,5,Chuhi
tool_bird_class_train/Chuhi_Eastern_Marsh_Harrier/UDS_chuhi-IMGr6424-2357-1559-262-201.JPG,5,Chuhi
tool_bird_class_train/Chuhi_Eastern_Marsh_Harrier/UDS_chuhi-IMGr6426-2263-1606-212-191.JPG,5,Chuhi
tool_bird_class_train/Chuhi_Eastern_Marsh_Harrier/UDS_chuhi-IMGr6427-2383-1504-264-230.JPG,5,Chuhi
tool_bird_class_train/Chuhi_Eastern_Marsh_Harrier/UDS_chuhi-IMGr6430-2381-1488-243-148.JPG,5,Chuhi
tool_bird_class_train/Chuhi_Eastern_Marsh_Harrier/UDS_chuhi-IMGr6431-2439-1372-271-196.JPG,5,Chuhi
tool_bird_class_train/Chuhi_Eastern_Marsh_Harrier/UDS_chuhi-IMGr6440-2509-1507-254-268.JPG,5,Chuhi
tool_bird_class_train/Chuhi_Eastern_Marsh_Harrier/UDS_chuhi-IMGr6443-2487-1502-276-254.JPG,5,Chuhi
tool_bird_class_train/Chuhi_Eastern_Marsh_Harrier/UDS_chuhi-IMGr6449-2195-1487-254-227.JPG,5,Chuhi
tool_bird_class_train/Chuhi_Eastern_Marsh_Harrier/UDS_chuhi-IMGr6450-2225-1447-243-280.JPG,5,Chuhi
tool_bird_class_train/Chuhi_Eastern_Marsh_Harrier/UDS_chuhi-IMGr6451-2266-1430-228-230.JPG,5,Chuhi
tool_bird_class_train/Chuhi_Eastern_Marsh_Harrier/UDS_chuhi-IMGr6453-2275-1458-295-211.JPG,5,Chuhi
tool_bird_class_train/Chuhi_Eastern_Marsh_Harrier/UDS_chuhi-IMGr6454-2323-1351-243-254.JPG,5,Chuhi
tool_bird_class_train/Chuhi_Eastern_Marsh_Harrier/UDS_chuhi-IMGr6456-2322-1137-864-518.JPG,5,Chuhi
tool_bird_class_train/Chuhi_Eastern_Marsh_Harrier/UDS_chuhi-IMGr6458-2106-1410-679-515.JPG,5,Chuhi
tool_bird_class_train/Chuhi_Eastern_Marsh_Harrier/UDS_chuhi-IMGr6459-2037-1281-632-504.JPG,5,Chuhi
tool_bird_class_train/Chuhi_Eastern_Marsh_Harrier/UDS_chuhi-IMGr6460-2355-1226-690-461.JPG,5,Chuhi
tool_bird_class_train/Chuhi_Eastern_Marsh_Harrier/UDS_chuhi-IMGr6461-1992-1195-723-464.JPG,5,Chuhi
tool_bird_class_train/Chuhi_Eastern_Marsh_Harrier/UDS_chuhi-IMGr7724-2327-1234-539-384.JPG,5,Chuhi
tool_bird_class_train/Chuhi_Eastern_Marsh_Harrier/UDS_chuhi-IMGr7727-2355-1418-704-453.JPG,5,Chuhi
tool_bird_class_train/Chuhi_Eastern_Marsh_Harrier/UDS_chuhi-IMGr7731-2271-897-1011-710.JPG,5,Chuhi
tool_bird_class_train/Chuhi_Eastern_Marsh_Harrier/UDS_chuhi-IMGr7732-1684-1533-985-641.JPG,5,Chuhi
tool_bird_class_train/Chuhi_Eastern_Marsh_Harrier/UDS_chuhi-IMGr7740-2319-1406-425-220.JPG,5,Chuhi
tool_bird_class_train/Chuhi_Eastern_Marsh_Harrier/UDS_chuhi-IMGr7742-2522-1503-493-235.JPG,5,Chuhi
tool_bird_class_train/Chuhi_Eastern_Marsh_Harrier/UDS_chuhi-IMGr7745-2376-1199-473-364.JPG,5,Chuhi
tool_bird_class_train/Chuhi_Eastern_Marsh_Harrier/UDS_chuhi-IMGr7746-2424-1328-473-288.JPG,5,Chuhi
tool_bird_class_train/Chuhi_Eastern_Marsh_Harrier/UDS_chuhi-IMGr7748-2029-1356-440-268.JPG,5,Chuhi
tool_bird_class_train/Chuhi_Eastern_Marsh_Harrier/UDS_chuhi-IMGr7749-2194-1338-502-331.JPG,5,Chuhi
tool_bird_class_train/Chuhi_Eastern_Marsh_Harrier/UDS_chuhi-IMGr7751-1856-1228-597-406.JPG,5,Chuhi
tool_bird_class_train/Chuhi_Eastern_Marsh_Harrier/UDS_chuhi-IMGr7752-1670-1123-991-778.JPG,5,Chuhi
tool_bird_class_train/Chuhi_Eastern_Marsh_Harrier/UDS_chuhi-IMGr7753-2573-748-1127-1786.JPG,5,Chuhi
tool_bird_class_train/Chuhi_Eastern_Marsh_Harrier/UDS_chuhi-IMGr7754-2275-1383-337-277.JPG,5,Chuhi
tool_bird_class_train/Chuhi_Eastern_Marsh_Harrier/UDS_chuhi-IMGr7756-2415-1324-232-319.JPG,5,Chuhi
tool_bird_class_train/Chuhi_Eastern_Marsh_Harrier/UDS_chuhi-IMGr7759-2112-1372-555-576.JPG,5,Chuhi
tool_bird_class_train/Chuhi_Eastern_Marsh_Harrier/UDS_chuhi-IMGr7760-2343-1238-510-396.JPG,5,Chuhi
tool_bird_class_train/Chuhi_Eastern_Marsh_Harrier/UDS_chuhi-IMGr7762-2347-1232-541-408.JPG,5,Chuhi
tool_bird_class_train/Chuhi_Eastern_Marsh_Harrier/UDS_chuhi-IMGr7770-1987-1338-1007-324.JPG,5,Chuhi
tool_bird_class_train/Chuhi_Eastern_Marsh_Harrier/UDS_chuhi-IMGr7772-2259-1532-347-265.JPG,5,Chuhi
tool_bird_class_train/Chuhi_Eastern_Marsh_Harrier/UDS_chuhi-IMGr7773-2439-1324-252-307.JPG,5,Chuhi
tool_bird_class_train/Chuhi_Eastern_Marsh_Harrier/UDS_chuhi-IMGr7775-2362-1302-553-324.JPG,5,Chuhi
tool_bird_class_train/Chuhi_Eastern_Marsh_Harrier/UDS_chuhi-IMGr7788-3130-974-157-133.JPG,5,Chuhi
tool_bird_class_train/Chuhi_Eastern_Marsh_Harrier/UDS_chuhi-IMGr7790-2515-1526-364-475.JPG,5,Chuhi
tool_bird_class_train/Chuhi_Eastern_Marsh_Harrier/UDS_chuhi-IMGr7791-2345-1666-354-155.JPG,5,Chuhi
tool_bird_class_train/Chuhi_Eastern_Marsh_Harrier/UDS_chuhi-IMGr7799-2424-910-454-509.JPG,5,Chuhi
tool_bird_class_train/Chuhi_Eastern_Marsh_Harrier/UDS_chuhi-IMGr7800-2222-1242-468-360.JPG,5,Chuhi
tool_bird_class_train/Chuhi_Eastern_Marsh_Harrier/UDS_chuhi-IMGr8218-2355-1692-462-320.JPG,5,Chuhi
tool_bird_class_train/Chuhi_Eastern_Marsh_Harrier/UDS_chuhi-IMGr8226-2283-1389-307-201.JPG,5,Chuhi
tool_bird_class_train/Chuhi_Eastern_Marsh_Harrier/UDS_chuhi-IMGr8228-2398-1439-320-259.JPG,5,Chuhi
tool_bird_class_train/Chuhi_Eastern_Marsh_Harrier/UDS_chuhi-IMGr8229-2381-1362-320-259.JPG,5,Chuhi
tool_bird_class_train/Chuhi_Eastern_Marsh_Harrier/UDS_chuhi-IMGr8231-2347-1526-228-201.JPG,5,Chuhi
tool_bird_class_train/Chuhi_Eastern_Marsh_Harrier/UDS_chuhi-IMGr8232-2477-1632-214-153.JPG,5,Chuhi
tool_bird_class_train/Chuhi_Eastern_Marsh_Harrier/UDS_chuhi-IMGr8234-2419-1373-281-263.JPG,5,Chuhi
tool_bird_class_train/Chuhi_Eastern_Marsh_Harrier/UDS_chuhi-IMGr8235-2019-1270-430-417.JPG,5,Chuhi
tool_bird_class_train/Chuhi_Eastern_Marsh_Harrier/UDS_chuhi-IMGr8237-2237-1435-315-244.JPG,5,Chuhi
tool_bird_class_train/Chuhi_Eastern_Marsh_Harrier/UDS_chuhi-IMGr8238-2064-1581-312-220.JPG,5,Chuhi
tool_bird_class_train/Chuhi_Eastern_Marsh_Harrier/UDS_chuhi-IMGr8245-2528-1526-262-235.JPG,5,Chuhi
tool_bird_class_train/Chuhi_Eastern_Marsh_Harrier/UDS_chuhi-IMGr8247-2513-1266-279-331.JPG,5,Chuhi
tool_bird_class_train/Chuhi_Eastern_Marsh_Harrier/UDS_chuhi-IMGr8248-2394-1574-286-207.JPG,5,Chuhi
tool_bird_class_train/Chuhi_Eastern_Marsh_Harrier/UDS_chuhi-IMGr8249-2423-1260-388-294.JPG,5,Chuhi
tool_bird_class_train/Chuhi_Eastern_Marsh_Harrier/UDS_chuhi-IMGr8266-2208-1338-497-355.JPG,5,Chuhi
tool_bird_class_train/Chuhi_Eastern_Marsh_Harrier/UDS_chuhi-IMGr8267-2170-1540-382-220.JPG,5,Chuhi
tool_bird_class_train/Chuhi_Eastern_Marsh_Harrier/UDS_chuhi-IMGr8268-2650-1139-484-255.JPG,5,Chuhi
tool_bird_class_train/Chuhi_Eastern_Marsh_Harrier/UDS_chuhi-IMGr8269-2772-1534-357-313.JPG,5,Chuhi
tool_bird_class_train/Chuhi_Eastern_Marsh_Harrier/UDS_chuhi-IMGr8270-2456-1742-473-403.JPG,5,Chuhi
tool_bird_class_train/Chuhi_Eastern_Marsh_Harrier/UDS_chuhi-IMGr8326-1401-1557-1069-747.JPG,5,Chuhi
tool_bird_class_train/Chuhi_Eastern_Marsh_Harrier/UDS_chuhi-IMGr8328-3025-1338-1022-713.JPG,5,Chuhi
tool_bird_class_train/Chuhi_Eastern_Marsh_Harrier/UDS_chuhi-IMGr8732-2244-1184-527-326.JPG,5,Chuhi
tool_bird_class_train/Chuhi_Eastern_Marsh_Harrier/UDS_chuhi-IMGr8733-2378-879-542-379.JPG,5,Chuhi
tool_bird_class_train/Chuhi_Eastern_Marsh_Harrier/UDS_chuhi-IMGr8734-1353-1415-1406-696.JPG,5,Chuhi
tool_bird_class_train/Chuhi_Eastern_Marsh_Harrier/UDS_chuhi-IMGr8783-1987-1444-772-999.JPG,5,Chuhi
tool_bird_class_train/Chuhi_Eastern_Marsh_Harrier/UDS_chuhi-IMGr8980-2268-1100-545-396.JPG,5,Chuhi
tool_bird_class_train/Chuhi_Eastern_Marsh_Harrier/UDS_chuhi-IMGr9108-2522-1471-283-233.JPG,5,Chuhi
tool_bird_class_train/Chuhi_Eastern_Marsh_Harrier/UDS_chuhi-IMGr9473-2275-1382-579-451.JPG,5,Chuhi
tool_bird_class_train/Chuhi_Eastern_Marsh_Harrier/UDS_chuhi-IMGr9474-2381-1352-637-422.JPG,5,Chuhi
tool_bird_class_train/Chuhi_Eastern_Marsh_Harrier/UDS_chuhi-IMGr9475-2689-1237-560-528.JPG,5,Chuhi
tool_bird_class_train/Chuhi_Eastern_Marsh_Harrier/UDS_chuhi-IMGr9477-2554-1122-454-273.JPG,5,Chuhi
tool_bird_class_train/Chuhi_Eastern_Marsh_Harrier/UDS_chuhi-IMGr9481-2439-1435-401-249.JPG,5,Chuhi
tool_bird_class_train/Chuhi_Eastern_Marsh_Harrier/UDS_chuhi-IMGr9482-2189-1310-522-575.JPG,5,Chuhi
tool_bird_class_train/Chuhi_Eastern_Marsh_Harrier/UDS_chuhi-IMGr9483-2319-1446-560-432.JPG,5,Chuhi
tool_bird_class_train/Chuhi_Eastern_Marsh_Harrier/UDS_chuhi-IMGr9484-2184-1064-589-456.JPG,5,Chuhi
tool_bird_class_train/Chuhi_Eastern_Marsh_Harrier/UDS_chuhi-IMGr9499-2612-1151-271-187.JPG,5,Chuhi
tool_bird_class_train/Chuhi_Eastern_Marsh_Harrier/UDS_chuhi-IMGr9500-2838-1223-223-163.JPG,5,Chuhi
tool_bird_class_train/Chuhi_Eastern_Marsh_Harrier/UDS_chuhi-IMGr9737-2326-1476-437-251.JPG,5,Chuhi
tool_bird_class_train/Chuhi_Eastern_Marsh_Harrier/UDS_chuhi-IMGr9741-2453-1487-372-446.JPG,5,Chuhi
tool_bird_class_train/Chuhi_Eastern_Marsh_Harrier/UDS_chuhi-IMGr9786-2049-1829-781-364.JPG,5,Chuhi
tool_bird_class_train/Chuhi_Eastern_Marsh_Harrier/UDS_chuhi-IMGr9787-1915-1719-786-412.JPG,5,Chuhi
tool_bird_class_train/Chuhi_Eastern_Marsh_Harrier/UDS_chuhi-IMGr9810-2275-1461-653-316.JPG,5,Chuhi
tool_bird_class_train/Chuhi_Eastern_Marsh_Harrier/UDS_chuhi-IMGr9813-2542-1475-322-259.JPG,5,Chuhi
tool_bird_class_train/Chuhi_Eastern_Marsh_Harrier/ext_inat_20260504/inat_105864960_8f4683a8.jpg,5,Chuhi
tool_bird_class_train/Chuhi_Eastern_Marsh_Harrier/ext_inat_20260504/inat_112340323_089d02ca.jpg,5,Chuhi
tool_bird_class_train/Chuhi_Eastern_Marsh_Harrier/ext_inat_20260504/inat_121996594_0e75806e.jpg,5,Chuhi
tool_bird_class_train/Chuhi_Eastern_Marsh_Harrier/ext_inat_20260504/inat_123178366_55e49250.jpg,5,Chuhi
tool_bird_class_train/Chuhi_Eastern_Marsh_Harrier/ext_inat_20260504/inat_127663648_74adfb0c.jpg,5,Chuhi
tool_bird_class_train/Chuhi_Eastern_Marsh_Harrier/ext_inat_20260504/inat_129050283_fc2039e0.jpg,5,Chuhi
tool_bird_class_train/Chuhi_Eastern_Marsh_Harrier/ext_inat_20260504/inat_129050491_790becdd.jpg,5,Chuhi
tool_bird_class_train/Chuhi_Eastern_Marsh_Harrier/ext_inat_20260504/inat_131520133_9c89f7d2.jpg,5,Chuhi
tool_bird_class_train/Chuhi_Eastern_Marsh_Harrier/ext_inat_20260504/inat_156438150_a7d1c3a7.jpg,5,Chuhi
tool_bird_class_train/Chuhi_Eastern_Marsh_Harrier/ext_inat_20260504/inat_170843010_b27cf767.jpg,5,Chuhi
tool_bird_class_train/Chuhi_Eastern_Marsh_Harrier/ext_inat_20260504/inat_180930614_bf255170.jpg,5,Chuhi
tool_bird_class_train/Chuhi_Eastern_Marsh_Harrier/ext_inat_20260504/inat_182561227_8a190e40.jpg,5,Chuhi
tool_bird_class_train/Chuhi_Eastern_Marsh_Harrier/ext_inat_20260504/inat_191269836_49d4422e.jpg,5,Chuhi
tool_bird_class_train/Chuhi_Eastern_Marsh_Harrier/ext_inat_20260504/inat_192262438_b87a158b.jpg,5,Chuhi
tool_bird_class_train/Chuhi_Eastern_Marsh_Harrier/ext_inat_20260504/inat_194616801_9945b3d7.jpg,5,Chuhi
tool_bird_class_train/Chuhi_Eastern_Marsh_Harrier/ext_inat_20260504/inat_198066140_c5e010d0.jpg,5,Chuhi
tool_bird_class_train/Chuhi_Eastern_Marsh_Harrier/ext_inat_20260504/inat_198823957_6320ab5c.jpg,5,Chuhi
tool_bird_class_train/Chuhi_Eastern_Marsh_Harrier/ext_inat_20260504/inat_199085880_c67c5b9c.jpg,5,Chuhi
tool_bird_class_train/Chuhi_Eastern_Marsh_Harrier/ext_inat_20260504/inat_199089741_8caeffa3.jpg,5,Chuhi
tool_bird_class_train/Chuhi_Eastern_Marsh_Harrier/ext_inat_20260504/inat_208708025_bead636a.jpg,5,Chuhi
tool_bird_class_train/Chuhi_Eastern_Marsh_Harrier/ext_inat_20260504/inat_215228420_17f3e3f4.jpg,5,Chuhi
tool_bird_class_train/Chuhi_Eastern_Marsh_Harrier/ext_inat_20260504/inat_226344302_d6c940ec.jpg,5,Chuhi
tool_bird_class_train/Chuhi_Eastern_Marsh_Harrier/ext_inat_20260504/inat_230353018_b07af9c4.jpg,5,Chuhi
tool_bird_class_train/Chuhi_Eastern_Marsh_Harrier/ext_inat_20260504/inat_230390433_4c65bcdc.jpg,5,Chuhi
tool_bird_class_train/Chuhi_Eastern_Marsh_Harrier/ext_inat_20260504/inat_230749494_a055316b.jpg,5,Chuhi
tool_bird_class_train/Chuhi_Eastern_Marsh_Harrier/ext_inat_20260504/inat_232045041_f07b331b.jpg,5,Chuhi
tool_bird_class_train/Chuhi_Eastern_Marsh_Harrier/ext_inat_20260504/inat_234411380_a44243c3.jpg,5,Chuhi
tool_bird_class_train/Chuhi_Eastern_Marsh_Harrier/ext_inat_20260504/inat_244165513_b21562c2.jpg,5,Chuhi
tool_bird_class_train/Chuhi_Eastern_Marsh_Harrier/ext_inat_20260504/inat_247320394_0dad4fc9.jpg,5,Chuhi
tool_bird_class_train/Chuhi_Eastern_Marsh_Harrier/ext_inat_20260504/inat_253319325_bc6a82a8.jpg,5,Chuhi
tool_bird_class_train/Chuhi_Eastern_Marsh_Harrier/ext_inat_20260504/inat_2618787_befb97a5.jpg,5,Chuhi
tool_bird_class_train/Chuhi_Eastern_Marsh_Harrier/ext_inat_20260504/inat_2653063_035858aa.jpg,5,Chuhi
tool_bird_class_train/Chuhi_Eastern_Marsh_Harrier/ext_inat_20260504/inat_2665475_9e1aadc8.jpg,5,Chuhi
tool_bird_class_train/Chuhi_Eastern_Marsh_Harrier/ext_inat_20260504/inat_266775148_64950675.jpg,5,Chuhi
tool_bird_class_train/Chuhi_Eastern_Marsh_Harrier/ext_inat_20260504/inat_267691072_59debb84.png,5,Chuhi
tool_bird_class_train/Chuhi_Eastern_Marsh_Harrier/ext_inat_20260504/inat_2678370_a05b3fce.jpg,5,Chuhi
tool_bird_class_train/Chuhi_Eastern_Marsh_Harrier/ext_inat_20260504/inat_268946706_c78a227c.jpg,5,Chuhi
tool_bird_class_train/Chuhi_Eastern_Marsh_Harrier/ext_inat_20260504/inat_2708094_28e07376.jpg,5,Chuhi
tool_bird_class_train/Chuhi_Eastern_Marsh_Harrier/ext_inat_20260504/inat_2720409_77a29233.jpg,5,Chuhi
tool_bird_class_train/Chuhi_Eastern_Marsh_Harrier/ext_inat_20260504/inat_2734719_b13207dd.jpg,5,Chuhi
tool_bird_class_train/Chuhi_Eastern_Marsh_Harrier/ext_inat_20260504/inat_2735635_a413ac34.jpg,5,Chuhi
tool_bird_class_train/Chuhi_Eastern_Marsh_Harrier/ext_inat_20260504/inat_290210683_0f90aee1.jpg,5,Chuhi
tool_bird_class_train/Chuhi_Eastern_Marsh_Harrier/ext_inat_20260504/inat_291874561_ae3d1843.jpg,5,Chuhi
tool_bird_class_train/Chuhi_Eastern_Marsh_Harrier/ext_inat_20260504/inat_292253665_db143b01.jpg,5,Chuhi
tool_bird_class_train/Chuhi_Eastern_Marsh_Harrier/ext_inat_20260504/inat_292253689_06dcbc0c.jpg,5,Chuhi
tool_bird_class_train/Chuhi_Eastern_Marsh_Harrier/ext_inat_20260504/inat_295040330_ec323334.jpg,5,Chuhi
tool_bird_class_train/Chuhi_Eastern_Marsh_Harrier/ext_inat_20260504/inat_295040500_52c9b1a2.jpg,5,Chuhi
tool_bird_class_train/Chuhi_Eastern_Marsh_Harrier/ext_inat_20260504/inat_330514802_770da699.jpg,5,Chuhi
tool_bird_class_train/Chuhi_Eastern_Marsh_Harrier/ext_inat_20260504/inat_343260326_d09822b6.jpg,5,Chuhi
tool_bird_class_train/Chuhi_Eastern_Marsh_Harrier/ext_inat_20260504/inat_343260328_08425b88.jpg,5,Chuhi
tool_bird_class_train/Chuhi_Eastern_Marsh_Harrier/ext_inat_20260504/inat_343261822_aa713e7f.jpg,5,Chuhi
tool_bird_class_train/Chuhi_Eastern_Marsh_Harrier/ext_inat_20260504/inat_343291144_669fcaf2.png,5,Chuhi
tool_bird_class_train/Chuhi_Eastern_Marsh_Harrier/ext_inat_20260504/inat_343890092_6d52c02f.jpg,5,Chuhi
tool_bird_class_train/Chuhi_Eastern_Marsh_Harrier/ext_inat_20260504/inat_345666406_dce5c572.png,5,Chuhi
tool_bird_class_train/Chuhi_Eastern_Marsh_Harrier/ext_inat_20260504/inat_346592764_da15328b.jpg,5,Chuhi
tool_bird_class_train/Chuhi_Eastern_Marsh_Harrier/ext_inat_20260504/inat_349693268_1b2f3ec2.png,5,Chuhi
tool_bird_class_train/Chuhi_Eastern_Marsh_Harrier/ext_inat_20260504/inat_351850413_428cb7ca.jpg,5,Chuhi
tool_bird_class_train/Chuhi_Eastern_Marsh_Harrier/ext_inat_20260504/inat_351850684_daab35a2.jpg,5,Chuhi
tool_bird_class_train/Chuhi_Eastern_Marsh_Harrier/ext_inat_20260504/inat_352571257_f75df408.jpg,5,Chuhi
tool_bird_class_train/Chuhi_Eastern_Marsh_Harrier/ext_inat_20260504/inat_367467508_a9118870.jpg,5,Chuhi
tool_bird_class_train/Chuhi_Eastern_Marsh_Harrier/ext_inat_20260504/inat_382475095_23685641.jpg,5,Chuhi
tool_bird_class_train/Chuhi_Eastern_Marsh_Harrier/ext_inat_20260504/inat_386743203_c3871f67.jpg,5,Chuhi
tool_bird_class_train/Chuhi_Eastern_Marsh_Harrier/ext_inat_20260504/inat_387166827_8cc7aa02.jpg,5,Chuhi
tool_bird_class_train/Chuhi_Eastern_Marsh_Harrier/ext_inat_20260504/inat_391433836_eb739714.jpg,5,Chuhi
tool_bird_class_train/Chuhi_Eastern_Marsh_Harrier/ext_inat_20260504/inat_392266112_46c06f94.jpg,5,Chuhi
tool_bird_class_train/Chuhi_Eastern_Marsh_Harrier/ext_inat_20260504/inat_392414595_655962bd.jpg,5,Chuhi
tool_bird_class_train/Chuhi_Eastern_Marsh_Harrier/ext_inat_20260504/inat_394421589_924c298f.jpg,5,Chuhi
tool_bird_class_train/Chuhi_Eastern_Marsh_Harrier/ext_inat_20260504/inat_402799179_ec04454a.jpg,5,Chuhi
tool_bird_class_train/Chuhi_Eastern_Marsh_Harrier/ext_inat_20260504/inat_413745485_d89ed1b0.jpg,5,Chuhi
tool_bird_class_train/Chuhi_Eastern_Marsh_Harrier/ext_inat_20260504/inat_424388900_d2c9165b.jpg,5,Chuhi
tool_bird_class_train/Chuhi_Eastern_Marsh_Harrier/ext_inat_20260504/inat_427821382_dfa420bd.jpg,5,Chuhi
tool_bird_class_train/Chuhi_Eastern_Marsh_Harrier/ext_inat_20260504/inat_428173757_ebde3ebc.jpg,5,Chuhi
tool_bird_class_train/Chuhi_Eastern_Marsh_Harrier/ext_inat_20260504/inat_428177358_e8d3c634.jpg,5,Chuhi
tool_bird_class_train/Chuhi_Eastern_Marsh_Harrier/ext_inat_20260504/inat_428427301_5f338500.jpg,5,Chuhi
tool_bird_class_train/Chuhi_Eastern_Marsh_Harrier/ext_inat_20260504/inat_431524190_37461d88.jpg,5,Chuhi
tool_bird_class_train/Chuhi_Eastern_Marsh_Harrier/ext_inat_20260504/inat_437749083_27830a4c.jpg,5,Chuhi
tool_bird_class_train/Chuhi_Eastern_Marsh_Harrier/ext_inat_20260504/inat_438396048_022b95a4.png,5,Chuhi
tool_bird_class_train/Chuhi_Eastern_Marsh_Harrier/ext_inat_20260504/inat_439716734_62b6f23d.jpg,5,Chuhi
tool_bird_class_train/Chuhi_Eastern_Marsh_Harrier/ext_inat_20260504/inat_445307181_17201af5.jpg,5,Chuhi
tool_bird_class_train/Chuhi_Eastern_Marsh_Harrier/ext_inat_20260504/inat_446801076_5f83a8bf.jpg,5,Chuhi
tool_bird_class_train/Chuhi_Eastern_Marsh_Harrier/ext_inat_20260504/inat_456192858_5b09711f.png,5,Chuhi
tool_bird_class_train/Chuhi_Eastern_Marsh_Harrier/ext_inat_20260504/inat_460855966_afa0a120.jpg,5,Chuhi
tool_bird_class_train/Chuhi_Eastern_Marsh_Harrier/ext_inat_20260504/inat_470511847_c1f96603.png,5,Chuhi
tool_bird_class_train/Chuhi_Eastern_Marsh_Harrier/ext_inat_20260504/inat_479839293_8c0cb5fc.jpg,5,Chuhi
tool_bird_class_train/Chuhi_Eastern_Marsh_Harrier/ext_inat_20260504/inat_497901388_1cca4168.jpg,5,Chuhi
tool_bird_class_train/Chuhi_Eastern_Marsh_Harrier/ext_inat_20260504/inat_499225596_c4a299df.jpg,5,Chuhi
tool_bird_class_train/Chuhi_Eastern_Marsh_Harrier/ext_inat_20260504/inat_503731366_813d088e.jpg,5,Chuhi
tool_bird_class_train/Chuhi_Eastern_Marsh_Harrier/ext_inat_20260504/inat_508594870_3f71324a.jpg,5,Chuhi
tool_bird_class_train/Chuhi_Eastern_Marsh_Harrier/ext_inat_20260504/inat_511803613_28c2aea8.jpg,5,Chuhi
tool_bird_class_train/Chuhi_Eastern_Marsh_Harrier/ext_inat_20260504/inat_516975687_39836177.jpg,5,Chuhi
tool_bird_class_train/Chuhi_Eastern_Marsh_Harrier/ext_inat_20260504/inat_517561768_e22311b7.jpg,5,Chuhi
tool_bird_class_train/Chuhi_Eastern_Marsh_Harrier/ext_inat_20260504/inat_521617326_7468eacf.jpg,5,Chuhi
tool_bird_class_train/Chuhi_Eastern_Marsh_Harrier/ext_inat_20260504/inat_529214387_aa815cd4.jpg,5,Chuhi
tool_bird_class_train/Chuhi_Eastern_Marsh_Harrier/ext_inat_20260504/inat_529216048_1a1746c2.jpg,5,Chuhi
tool_bird_class_train/Chuhi_Eastern_Marsh_Harrier/ext_inat_20260504/inat_532255781_c1b4d5db.jpg,5,Chuhi
tool_bird_class_train/Chuhi_Eastern_Marsh_Harrier/ext_inat_20260504/inat_546291385_ca8bfbcc.jpg,5,Chuhi
tool_bird_class_train/Chuhi_Eastern_Marsh_Harrier/ext_inat_20260504/inat_546885183_5e6d54d1.jpg,5,Chuhi
tool_bird_class_train/Chuhi_Eastern_Marsh_Harrier/ext_inat_20260504/inat_546885213_d5c8183d.jpg,5,Chuhi
tool_bird_class_train/Chuhi_Eastern_Marsh_Harrier/ext_inat_20260504/inat_547342280_843b3171.jpg,5,Chuhi
tool_bird_class_train/Chuhi_Eastern_Marsh_Harrier/ext_inat_20260504/inat_564507668_f111f1e4.jpg,5,Chuhi
tool_bird_class_train/Chuhi_Eastern_Marsh_Harrier/ext_inat_20260504/inat_564944102_aaf5014e.jpg,5,Chuhi
tool_bird_class_train/Chuhi_Eastern_Marsh_Harrier/ext_inat_20260504/inat_565293226_89212f24.jpg,5,Chuhi
tool_bird_class_train/Chuhi_Eastern_Marsh_Harrier/ext_inat_20260504/inat_566202188_1ab91f5d.jpg,5,Chuhi
tool_bird_class_train/Chuhi_Eastern_Marsh_Harrier/ext_inat_20260504/inat_569409413_ef25622f.jpg,5,Chuhi
tool_bird_class_train/Chuhi_Eastern_Marsh_Harrier/ext_inat_20260504/inat_570992153_be4c3a23.jpg,5,Chuhi
tool_bird_class_train/Chuhi_Eastern_Marsh_Harrier/ext_inat_20260504/inat_570992297_829338b5.jpg,5,Chuhi
tool_bird_class_train/Chuhi_Eastern_Marsh_Harrier/ext_inat_20260504/inat_570993777_1284dd66.jpg,5,Chuhi
tool_bird_class_train/Chuhi_Eastern_Marsh_Harrier/ext_inat_20260504/inat_570993954_c3645686.jpg,5,Chuhi
tool_bird_class_train/Chuhi_Eastern_Marsh_Harrier/ext_inat_20260504/inat_571399693_073d32b9.jpg,5,Chuhi
tool_bird_class_train/Chuhi_Eastern_Marsh_Harrier/ext_inat_20260504/inat_581417711_a2bb2c3a.jpg,5,Chuhi
tool_bird_class_train/Chuhi_Eastern_Marsh_Harrier/ext_inat_20260504/inat_581432740_b9b5d47a.jpg,5,Chuhi
tool_bird_class_train/Chuhi_Eastern_Marsh_Harrier/ext_inat_20260504/inat_583182646_84f48f9e.jpg,5,Chuhi
tool_bird_class_train/Chuhi_Eastern_Marsh_Harrier/ext_inat_20260504/inat_583182650_2ef1bb4c.jpg,5,Chuhi
tool_bird_class_train/Chuhi_Eastern_Marsh_Harrier/ext_inat_20260504/inat_583182700_ac64abcb.jpg,5,Chuhi
tool_bird_class_train/Chuhi_Eastern_Marsh_Harrier/ext_inat_20260504/inat_58758078_51494784.jpg,5,Chuhi
tool_bird_class_train/Chuhi_Eastern_Marsh_Harrier/ext_inat_20260504/inat_591851454_0c05fd00.jpg,5,Chuhi
tool_bird_class_train/Chuhi_Eastern_Marsh_Harrier/ext_inat_20260504/inat_598047846_445ed619.jpg,5,Chuhi
tool_bird_class_train/Chuhi_Eastern_Marsh_Harrier/ext_inat_20260504/inat_605062351_1a0f7b49.jpg,5,Chuhi
tool_bird_class_train/Chuhi_Eastern_Marsh_Harrier/ext_inat_20260504/inat_605076153_09dd9925.jpg,5,Chuhi
tool_bird_class_train/Chuhi_Eastern_Marsh_Harrier/ext_inat_20260504/inat_60832696_ac07d766.jpg,5,Chuhi
tool_bird_class_train/Chuhi_Eastern_Marsh_Harrier/ext_inat_20260504/inat_620817022_44620f5f.jpg,5,Chuhi
tool_bird_class_train/Chuhi_Eastern_Marsh_Harrier/ext_inat_20260504/inat_623093937_e285e7c2.jpg,5,Chuhi
tool_bird_class_train/Chuhi_Eastern_Marsh_Harrier/ext_inat_20260504/inat_626071231_e8663b7f.jpg,5,Chuhi
tool_bird_class_train/Chuhi_Eastern_Marsh_Harrier/ext_inat_20260504/inat_630601209_2a5de5af.jpg,5,Chuhi
tool_bird_class_train/Chuhi_Eastern_Marsh_Harrier/ext_inat_20260504/inat_630835386_af45490d.jpg,5,Chuhi
tool_bird_class_train/Chuhi_Eastern_Marsh_Harrier/ext_inat_20260504/inat_71232457_c4e9f214.jpg,5,Chuhi
tool_bird_class_train/Chuhi_Eastern_Marsh_Harrier/ext_inat_20260504/inat_73717160_585f70a2.jpg,5,Chuhi
tool_bird_class_train/Chuhi_Eastern_Marsh_Harrier/ext_inat_20260504/inat_74950089_b15fbfbb.jpg,5,Chuhi
tool_bird_class_train/Chuhi_Eastern_Marsh_Harrier/ext_inat_20260504/inat_86507080_b31cd691.jpg,5,Chuhi
tool_bird_class_train/Chuhi_Eastern_Marsh_Harrier/v4_gt/333300314.jpg,5,Chuhi
tool_bird_class_train/Chuhi_Eastern_Marsh_Harrier/v4_gt/333300319.jpg,5,Chuhi
tool_bird_class_train/Chuhi_Eastern_Marsh_Harrier/v4_gt/334407212.jpg,5,Chuhi
tool_bird_class_train/Chuhi_Eastern_Marsh_Harrier/v4_gt/339089412.jpg,5,Chuhi
tool_bird_class_train/Chuhi_Eastern_Marsh_Harrier/v4_gt/339382891.jpg,5,Chuhi
tool_bird_class_train/Chuhi_Eastern_Marsh_Harrier/v4_gt/341200816.jpg,5,Chuhi
tool_bird_class_train/Chuhi_Eastern_Marsh_Harrier/v4_gt/342199154.jpg,5,Chuhi
tool_bird_class_train/Chuhi_Eastern_Marsh_Harrier/v4_gt/343670577.jpg,5,Chuhi
tool_bird_class_train/Chuhi_Eastern_Marsh_Harrier/v4_gt/345982761.jpg,5,Chuhi
tool_bird_class_train/Chuhi_Eastern_Marsh_Harrier/v4_gt/350486029.jpg,5,Chuhi
tool_bird_class_train/Chuhi_Eastern_Marsh_Harrier/v5_train_v5_inat/303423003.jpg,5,Chuhi
tool_bird_class_train/Chuhi_Eastern_Marsh_Harrier/v5_train_v5_inat/311403355.jpg,5,Chuhi
tool_bird_class_train/Chuhi_Eastern_Marsh_Harrier/v5_train_v5_inat/312644629.jpg,5,Chuhi
tool_bird_class_train/Chuhi_Eastern_Marsh_Harrier/v5_train_v5_inat/312872332.jpg,5,Chuhi
tool_bird_class_train/Chuhi_Eastern_Marsh_Harrier/v5_train_v5_inat/313053020.jpg,5,Chuhi
tool_bird_class_train/Chuhi_Eastern_Marsh_Harrier/v5_train_v5_inat/315212190.jpg,5,Chuhi
tool_bird_class_train/Chuhi_Eastern_Marsh_Harrier/v5_train_v5_inat/316267819.jpg,5,Chuhi
tool_bird_class_train/Chuhi_Eastern_Marsh_Harrier/v5_train_v5_inat/321492848.jpg,5,Chuhi
tool_bird_class_train/Chuhi_Eastern_Marsh_Harrier/v5_train_v5_inat/321492930.jpg,5,Chuhi
tool_bird_class_train/Chuhi_Eastern_Marsh_Harrier/v5_train_v5_inat/322379875.jpg,5,Chuhi
tool_bird_class_train/Chuhi_Eastern_Marsh_Harrier/v5_train_v5_inat/322379876.jpg,5,Chuhi
tool_bird_class_train/Chuhi_Eastern_Marsh_Harrier/v5_train_v5_inat/329430050.jpg,5,Chuhi
tool_bird_class_train/Chuhi_Eastern_Marsh_Harrier/v5_train_v5_inat/330147664.jpg,5,Chuhi
tool_bird_class_train/Chuhi_Eastern_Marsh_Harrier/v5_train_v5_inat/333300310.jpg,5,Chuhi
tool_bird_class_train/Inuwashi_Golden_Eagle/AAS1_inuwashi-083A3074-1637-2392-166-232.JPG,0,Inuwashi
tool_bird_class_train/Inuwashi_Golden_Eagle/AAS1_inuwashi-083A3075-1946-2260-245-200.JPG,0,Inuwashi
tool_bird_class_train/Inuwashi_Golden_Eagle/AAS1_inuwashi-083A3076-2011-2210-271-231.JPG,0,Inuwashi
tool_bird_class_train/Inuwashi_Golden_Eagle/AAS1_inuwashi-083A3077-2552-978-228-178.JPG,0,Inuwashi
tool_bird_class_train/Inuwashi_Golden_Eagle/AAS1_inuwashi-083A3078-2553-1098-267-168.JPG,0,Inuwashi
tool_bird_class_train/Inuwashi_Golden_Eagle/AAS1_inuwashi-083A3079-2688-1207-238-168.JPG,0,Inuwashi
tool_bird_class_train/Inuwashi_Golden_Eagle/AAS1_inuwashi-083A3080-2069-672-252-254.JPG,0,Inuwashi
tool_bird_class_train/Inuwashi_Golden_Eagle/AAS1_inuwashi-083A3081-2823-2493-223-337.JPG,0,Inuwashi
tool_bird_class_train/Inuwashi_Golden_Eagle/AAS1_inuwashi-083A3082-2888-2441-267-400.JPG,0,Inuwashi
tool_bird_class_train/Inuwashi_Golden_Eagle/AAS1_inuwashi-083A3083-164-92-222-325.JPG,0,Inuwashi
tool_bird_class_train/Inuwashi_Golden_Eagle/AAS1_inuwashi-083A3084-167-147-181-269.JPG,0,Inuwashi
tool_bird_class_train/Inuwashi_Golden_Eagle/AAS1_inuwashi-083A3086-2016-299-339-471.JPG,0,Inuwashi
tool_bird_class_train/Inuwashi_Golden_Eagle/AAS1_inuwashi-083A3088-3164-1739-218-265.JPG,0,Inuwashi
tool_bird_class_train/Inuwashi_Golden_Eagle/AAS1_inuwashi-083A3090-3542-1702-247-252.JPG,0,Inuwashi
tool_bird_class_train/Inuwashi_Golden_Eagle/AAS1_inuwashi-083A3093-3489-3053-190-222.JPG,0,Inuwashi
tool_bird_class_train/Inuwashi_Golden_Eagle/AAS1_inuwashi-083A3094-2912-883-271-264.JPG,0,Inuwashi
tool_bird_class_train/Inuwashi_Golden_Eagle/AAS1_inuwashi-083A3095-1045-1821-228-202.JPG,0,Inuwashi
tool_bird_class_train/Inuwashi_Golden_Eagle/AAS1_inuwashi-083A3096-3157-1815-180-197.JPG,0,Inuwashi
tool_bird_class_train/Inuwashi_Golden_Eagle/AAS1_inuwashi-083A3097-3106-1813-223-192.JPG,0,Inuwashi
tool_bird_class_train/Inuwashi_Golden_Eagle/AAS1_inuwashi-083A3098-983-2061-363-260.JPG,0,Inuwashi
tool_bird_class_train/Inuwashi_Golden_Eagle/AAS1_inuwashi-083A3101-4033-2666-358-212.JPG,0,Inuwashi
tool_bird_class_train/Inuwashi_Golden_Eagle/AAS1_inuwashi-083A3103-2020-1696-339-418.JPG,0,Inuwashi
tool_bird_class_train/Inuwashi_Golden_Eagle/AAS1_inuwashi-083A3104-2251-1730-194-168.JPG,0,Inuwashi
tool_bird_class_train/Inuwashi_Golden_Eagle/AAS1_inuwashi-083A3105-2316-1693-202-162.JPG,0,Inuwashi
tool_bird_class_train/Inuwashi_Golden_Eagle/AAS1_inuwashi-083A3106-2537-2658-204-174.JPG,0,Inuwashi
tool_bird_class_train/Inuwashi_Golden_Eagle/AAS1_inuwashi-083A3107-1362-1122-252-278.JPG,0,Inuwashi
tool_bird_class_train/Inuwashi_Golden_Eagle/AAS1_inuwashi-083A3108-1247-1086-262-317.JPG,0,Inuwashi
tool_bird_class_train/Inuwashi_Golden_Eagle/AAS1_inuwashi-083A3110-3147-1561-223-307.JPG,0,Inuwashi
tool_bird_class_train/Inuwashi_Golden_Eagle/AAS1_inuwashi-083A3112-3085-1628-243-270.JPG,0,Inuwashi
tool_bird_class_train/Inuwashi_Golden_Eagle/AAS1_inuwashi-083A3113-2926-1814-216-163.JPG,0,Inuwashi
tool_bird_class_train/Inuwashi_Golden_Eagle/AAS1_inuwashi-083A3114-3193-1817-218-153.JPG,0,Inuwashi
tool_bird_class_train/Inuwashi_Golden_Eagle/AAS1_inuwashi-083A3115-3431-1813-216-157.JPG,0,Inuwashi
tool_bird_class_train/Inuwashi_Golden_Eagle/AAS1_inuwashi-083A3116-3038-1930-235-146.JPG,0,Inuwashi
tool_bird_class_train/Inuwashi_Golden_Eagle/AAS1_inuwashi-083A3117-3371-1727-243-145.JPG,0,Inuwashi
tool_bird_class_train/Inuwashi_Golden_Eagle/AAS1_inuwashi-083A3118-3690-1481-170-179.JPG,0,Inuwashi
tool_bird_class_train/Inuwashi_Golden_Eagle/AAS1_inuwashi-083A3119-3143-1838-473-150.JPG,0,Inuwashi
tool_bird_class_train/Inuwashi_Golden_Eagle/AAS1_inuwashi-083A3120-3172-1733-433-172.JPG,0,Inuwashi
tool_bird_class_train/Inuwashi_Golden_Eagle/AAS1_inuwashi-083A3121-3175-1648-444-198.JPG,0,Inuwashi
tool_bird_class_train/Inuwashi_Golden_Eagle/AAS1_inuwashi-083A3125-2540-1729-766-409.JPG,0,Inuwashi
tool_bird_class_train/Inuwashi_Golden_Eagle/AAS1_inuwashi-083A3126-2483-1529-800-438.JPG,0,Inuwashi
tool_bird_class_train/Inuwashi_Golden_Eagle/AAS1_inuwashi-083A3128-2272-1036-1007-600.JPG,0,Inuwashi
tool_bird_class_train/Inuwashi_Golden_Eagle/AAS1_inuwashi-083A3131-2184-1372-1088-635.JPG,0,Inuwashi
tool_bird_class_train/Inuwashi_Golden_Eagle/AAS1_inuwashi-083A3132-485-374-1116-714.JPG,0,Inuwashi
tool_bird_class_train/Inuwashi_Golden_Eagle/AAS1_inuwashi-083A3135-1825-1150-1192-745.JPG,0,Inuwashi
tool_bird_class_train/Inuwashi_Golden_Eagle/AAS1_inuwashi-083A3136-1670-865-1252-759.JPG,0,Inuwashi
tool_bird_class_train/Inuwashi_Golden_Eagle/AAS1_inuwashi-083A3139-1223-2466-1189-765.JPG,0,Inuwashi
tool_bird_class_train/Inuwashi_Golden_Eagle/AAS1_inuwashi-083A3141-1982-1825-1119-787.JPG,0,Inuwashi
tool_bird_class_train/Inuwashi_Golden_Eagle/AAS1_inuwashi-083A3142-1915-1417-1127-779.JPG,0,Inuwashi
tool_bird_class_train/Inuwashi_Golden_Eagle/AAS1_inuwashi-083A3143-1749-1113-1141-809.JPG,0,Inuwashi
tool_bird_class_train/Inuwashi_Golden_Eagle/AAS1_inuwashi-083A3144-1453-1932-874-1093.JPG,0,Inuwashi
tool_bird_class_train/Inuwashi_Golden_Eagle/AAS1_inuwashi-083A3147-1658-646-1128-831.JPG,0,Inuwashi
tool_bird_class_train/Inuwashi_Golden_Eagle/AAS1_inuwashi-083A3148-2273-2198-870-1127.JPG,0,Inuwashi
tool_bird_class_train/Inuwashi_Golden_Eagle/AAS1_inuwashi-083A3191-2545-1552-379-264.JPG,0,Inuwashi
tool_bird_class_train/Inuwashi_Golden_Eagle/AAS1_inuwashi-083A3192-2595-1568-497-409.JPG,0,Inuwashi
tool_bird_class_train/Inuwashi_Golden_Eagle/AAS1_inuwashi-083A3193-2660-1523-382-380.JPG,0,Inuwashi
tool_bird_class_train/Inuwashi_Golden_Eagle/AAS1_inuwashi-083A3196-2578-1441-337-328.JPG,0,Inuwashi
tool_bird_class_train/Inuwashi_Golden_Eagle/AAS1_inuwashi-083A3197-492-334-274-308.JPG,0,Inuwashi
tool_bird_class_train/Inuwashi_Golden_Eagle/AAS1_inuwashi-083A3198-2919-1541-424-444.JPG,0,Inuwashi
tool_bird_class_train/Inuwashi_Golden_Eagle/AAS1_inuwashi-083A3200-3157-1629-372-291.JPG,0,Inuwashi
tool_bird_class_train/Inuwashi_Golden_Eagle/AAS1_inuwashi-083A3202-3174-1820-334-525.JPG,0,Inuwashi
tool_bird_class_train/Inuwashi_Golden_Eagle/AAS1_inuwashi-083A3203-3078-1795-359-569.JPG,0,Inuwashi
tool_bird_class_train/Inuwashi_Golden_Eagle/AAS1_inuwashi-083A3204-758-350-327-500.JPG,0,Inuwashi
tool_bird_class_train/Inuwashi_Golden_Eagle/AAS1_inuwashi-083A3205-2938-1878-372-520.JPG,0,Inuwashi
tool_bird_class_train/Inuwashi_Golden_Eagle/AAS1_inuwashi-083A3206-556-214-305-490.JPG,0,Inuwashi
tool_bird_class_train/Inuwashi_Golden_Eagle/AAS1_inuwashi-083A3207-2840-1813-389-561.JPG,0,Inuwashi
tool_bird_class_train/Inuwashi_Golden_Eagle/AAS1_inuwashi-083A3210-2371-1647-475-496.JPG,0,Inuwashi
tool_bird_class_train/Inuwashi_Golden_Eagle/AAS1_inuwashi-083A3211-2402-1637-420-491.JPG,0,Inuwashi
tool_bird_class_train/Inuwashi_Golden_Eagle/AAS1_inuwashi-083A3212-2278-1426-395-515.JPG,0,Inuwashi
tool_bird_class_train/Inuwashi_Golden_Eagle/AAS1_inuwashi-083A3214-2794-1576-516-347.JPG,0,Inuwashi
tool_bird_class_train/Inuwashi_Golden_Eagle/AAS1_inuwashi-083A3215-2761-1669-536-352.JPG,0,Inuwashi
tool_bird_class_train/Inuwashi_Golden_Eagle/AAS1_inuwashi-083A3216-2739-1584-398-537.JPG,0,Inuwashi
tool_bird_class_train/Inuwashi_Golden_Eagle/AAS1_inuwashi-083A3218-3111-1689-372-528.JPG,0,Inuwashi
tool_bird_class_train/Inuwashi_Golden_Eagle/AAS1_inuwashi-083A3220-2203-1564-805-300.JPG,0,Inuwashi
tool_bird_class_train/Inuwashi_Golden_Eagle/AAS1_inuwashi-083A3221-2107-1496-846-287.JPG,0,Inuwashi
tool_bird_class_train/Inuwashi_Golden_Eagle/AAS1_inuwashi-083A3223-2223-1796-866-291.JPG,0,Inuwashi
tool_bird_class_train/Inuwashi_Golden_Eagle/AAS1_inuwashi-083A3224-2285-1413-984-351.JPG,0,Inuwashi
tool_bird_class_train/Inuwashi_Golden_Eagle/AAS1_inuwashi-083A3225-2145-1609-944-313.JPG,0,Inuwashi
tool_bird_class_train/Inuwashi_Golden_Eagle/AAS1_inuwashi-083A3226-1990-1134-1109-368.JPG,0,Inuwashi
tool_bird_class_train/Inuwashi_Golden_Eagle/AAS1_inuwashi-083A3228-1756-1062-1132-336.JPG,0,Inuwashi
tool_bird_class_train/Inuwashi_Golden_Eagle/AAS1_inuwashi-083A3229-202-303-1216-557.JPG,0,Inuwashi
tool_bird_class_train/Inuwashi_Golden_Eagle/AAS1_inuwashi-083A3230-2234-1741-1221-489.JPG,0,Inuwashi
tool_bird_class_train/Inuwashi_Golden_Eagle/AAS1_inuwashi-083A3234-2496-1263-1232-645.JPG,0,Inuwashi
tool_bird_class_train/Inuwashi_Golden_Eagle/AAS1_inuwashi-083A3235-280-234-1168-842.JPG,0,Inuwashi
tool_bird_class_train/Inuwashi_Golden_Eagle/AAS1_inuwashi-083A3236-2189-1398-1156-826.JPG,0,Inuwashi
tool_bird_class_train/Inuwashi_Golden_Eagle/AAS1_inuwashi-083A3239-569-433-1053-834.JPG,0,Inuwashi
tool_bird_class_train/Inuwashi_Golden_Eagle/AAS1_inuwashi-083A3240-2597-1344-1064-866.JPG,0,Inuwashi
tool_bird_class_train/Inuwashi_Golden_Eagle/AAS1_inuwashi-083A3241-2905-1216-1096-905.JPG,0,Inuwashi
tool_bird_class_train/Inuwashi_Golden_Eagle/AAS1_inuwashi-083A3242-2472-1337-1103-914.JPG,0,Inuwashi
tool_bird_class_train/Inuwashi_Golden_Eagle/AAS1_inuwashi-083A3243-1168-1374-1160-966.JPG,0,Inuwashi
tool_bird_class_train/Inuwashi_Golden_Eagle/AAS1_inuwashi-083A3244-1271-1523-1021-923.JPG,0,Inuwashi
tool_bird_class_train/Inuwashi_Golden_Eagle/AAS1_inuwashi-083A3245-1554-1369-1035-952.JPG,0,Inuwashi
tool_bird_class_train/Inuwashi_Golden_Eagle/AAS1_inuwashi-083A3247-2434-1268-1031-899.JPG,0,Inuwashi
tool_bird_class_train/Inuwashi_Golden_Eagle/AAS1_inuwashi-083A3248-2890-1216-997-927.JPG,0,Inuwashi
tool_bird_class_train/Inuwashi_Golden_Eagle/AAS1_inuwashi-083A3249-3049-1110-1093-1009.JPG,0,Inuwashi
tool_bird_class_train/Inuwashi_Golden_Eagle/AAS1_inuwashi-083A3250-2681-1043-1083-946.JPG,0,Inuwashi
tool_bird_class_train/Inuwashi_Golden_Eagle/AAS1_inuwashi-083A3251-2503-1189-1040-831.JPG,0,Inuwashi
tool_bird_class_train/Inuwashi_Golden_Eagle/AAS1_inuwashi-083A3254-3364-959-994-623.JPG,0,Inuwashi
tool_bird_class_train/Inuwashi_Golden_Eagle/AAS1_inuwashi-083A3256-2541-520-978-639.JPG,0,Inuwashi
tool_bird_class_train/Inuwashi_Golden_Eagle/AAS1_inuwashi-083A3355-2636-1734-665-251.JPG,0,Inuwashi
tool_bird_class_train/Inuwashi_Golden_Eagle/AAS1_inuwashi-083A3356-2172-1390-635-313.JPG,0,Inuwashi
tool_bird_class_train/Inuwashi_Golden_Eagle/AAS1_inuwashi-083A3357-2379-1529-619-319.JPG,0,Inuwashi
tool_bird_class_train/Inuwashi_Golden_Eagle/AAS1_inuwashi-083A3359-2371-1530-677-361.JPG,0,Inuwashi
tool_bird_class_train/Inuwashi_Golden_Eagle/AAS1_inuwashi-083A3361-2607-1345-550-452.JPG,0,Inuwashi
tool_bird_class_train/Inuwashi_Golden_Eagle/AAS1_inuwashi-083A3363-2470-1912-532-480.JPG,0,Inuwashi
tool_bird_class_train/Inuwashi_Golden_Eagle/AAS1_inuwashi-083A3365-2453-2037-560-476.JPG,0,Inuwashi
tool_bird_class_train/Inuwashi_Golden_Eagle/AAS1_inuwashi-083A3367-2299-1648-464-500.JPG,0,Inuwashi
tool_bird_class_train/Inuwashi_Golden_Eagle/AAS1_inuwashi-083A3368-2168-2017-555-550.JPG,0,Inuwashi
tool_bird_class_train/Inuwashi_Golden_Eagle/AAS1_inuwashi-083A3369-2333-2016-468-492.JPG,0,Inuwashi
tool_bird_class_train/Inuwashi_Golden_Eagle/AAS1_inuwashi-083A3370-2353-1599-539-416.JPG,0,Inuwashi
tool_bird_class_train/Inuwashi_Golden_Eagle/AAS1_inuwashi-083A3371-2515-1525-472-460.JPG,0,Inuwashi
tool_bird_class_train/Inuwashi_Golden_Eagle/AAS1_inuwashi-083A3372-2659-1585-440-404.JPG,0,Inuwashi
tool_bird_class_train/Inuwashi_Golden_Eagle/AAS1_inuwashi-083A3373-2624-1604-516-395.JPG,0,Inuwashi
tool_bird_class_train/Inuwashi_Golden_Eagle/AAS1_inuwashi-083A3374-2854-1834-440-499.JPG,0,Inuwashi
tool_bird_class_train/Inuwashi_Golden_Eagle/AAS1_inuwashi-083A3376-3034-1882-497-550.JPG,0,Inuwashi
tool_bird_class_train/Inuwashi_Golden_Eagle/AAS1_inuwashi-083A3377-2386-1576-456-560.JPG,0,Inuwashi
tool_bird_class_train/Inuwashi_Golden_Eagle/AAS1_inuwashi-083A3378-2184-1625-417-518.JPG,0,Inuwashi
tool_bird_class_train/Inuwashi_Golden_Eagle/AAS1_inuwashi-083A3380-2405-1734-420-400.JPG,0,Inuwashi
tool_bird_class_train/Inuwashi_Golden_Eagle/AAS1_inuwashi-083A3381-2198-1778-475-387.JPG,0,Inuwashi
tool_bird_class_train/Inuwashi_Golden_Eagle/AAS1_inuwashi-083A3383-2422-1509-939-404.JPG,0,Inuwashi
tool_bird_class_train/Inuwashi_Golden_Eagle/AAS1_inuwashi-083A3385-2136-1641-1099-627.JPG,0,Inuwashi
tool_bird_class_train/Inuwashi_Golden_Eagle/AAS1_inuwashi-083A3386-646-611-1214-809.JPG,0,Inuwashi
tool_bird_class_train/Inuwashi_Golden_Eagle/AAS1_inuwashi-083A3390-2741-1153-718-1235.JPG,0,Inuwashi
tool_bird_class_train/Inuwashi_Golden_Eagle/AAS1_inuwashi-083A3391-743-131-697-1228.JPG,0,Inuwashi
tool_bird_class_train/Inuwashi_Golden_Eagle/AAS1_inuwashi-083A3392-2986-1432-718-1264.JPG,0,Inuwashi
tool_bird_class_train/Inuwashi_Golden_Eagle/AAS1_inuwashi-083A3393-3229-1345-778-704.JPG,0,Inuwashi
tool_bird_class_train/Inuwashi_Golden_Eagle/AAS1_inuwashi-083A3394-2566-1388-843-855.JPG,0,Inuwashi
tool_bird_class_train/Inuwashi_Golden_Eagle/AAS1_inuwashi-083A3395-503-183-755-762.JPG,0,Inuwashi
tool_bird_class_train/Inuwashi_Golden_Eagle/AAS1_inuwashi-083A3396-2438-1609-888-837.JPG,0,Inuwashi
tool_bird_class_train/Inuwashi_Golden_Eagle/AAS1_inuwashi-083A3398-1953-1309-827-882.JPG,0,Inuwashi
tool_bird_class_train/Inuwashi_Golden_Eagle/AAS1_inuwashi-083A3399-2249-1598-1151-387.JPG,0,Inuwashi
tool_bird_class_train/Inuwashi_Golden_Eagle/AAS1_inuwashi-083A3400-2047-1605-1122-336.JPG,0,Inuwashi
tool_bird_class_train/Inuwashi_Golden_Eagle/AAS1_inuwashi-083A3401-2244-1579-1090-348.JPG,0,Inuwashi
tool_bird_class_train/Inuwashi_Golden_Eagle/AAS1_inuwashi-083A3402-707-172-695-931.JPG,0,Inuwashi
tool_bird_class_train/Inuwashi_Golden_Eagle/AAS1_inuwashi-083A3404-2554-1305-664-989.JPG,0,Inuwashi
tool_bird_class_train/Inuwashi_Golden_Eagle/AAS1_inuwashi-083A3405-774-171-611-1000.JPG,0,Inuwashi
tool_bird_class_train/Inuwashi_Golden_Eagle/AAS1_inuwashi-083A3406-2077-1389-742-1062.JPG,0,Inuwashi
tool_bird_class_train/Inuwashi_Golden_Eagle/AAS1_inuwashi-083A3407-1917-1425-737-1023.JPG,0,Inuwashi
tool_bird_class_train/Inuwashi_Golden_Eagle/AAS1_inuwashi-083A3408-2544-1275-782-691.JPG,0,Inuwashi
tool_bird_class_train/Inuwashi_Golden_Eagle/AAS1_inuwashi-083A3410-2176-1497-875-531.JPG,0,Inuwashi
tool_bird_class_train/Inuwashi_Golden_Eagle/AAS1_inuwashi-083A3411-1910-1482-983-582.JPG,0,Inuwashi
tool_bird_class_train/Inuwashi_Golden_Eagle/AAS1_inuwashi-083A3413-2494-1358-1061-1107.JPG,0,Inuwashi
tool_bird_class_train/Inuwashi_Golden_Eagle/AAS1_inuwashi-083A3414-451-188-959-1010.JPG,0,Inuwashi
tool_bird_class_train/Inuwashi_Golden_Eagle/AAS1_inuwashi-083A3415-444-183-933-1022.JPG,0,Inuwashi
tool_bird_class_train/Inuwashi_Golden_Eagle/AAS1_inuwashi-083A3417-2335-1641-747-1018.JPG,0,Inuwashi
tool_bird_class_train/Inuwashi_Golden_Eagle/AAS1_inuwashi-083A3418-2487-1725-646-980.JPG,0,Inuwashi
tool_bird_class_train/Inuwashi_Golden_Eagle/AAS1_inuwashi-083A3420-2739-1410-728-1052.JPG,0,Inuwashi
tool_bird_class_train/Inuwashi_Golden_Eagle/AAS1_inuwashi-083A3421-2645-1018-747-1197.JPG,0,Inuwashi
tool_bird_class_train/Inuwashi_Golden_Eagle/AAS1_inuwashi-083A3422-571-162-703-1078.JPG,0,Inuwashi
tool_bird_class_train/Inuwashi_Golden_Eagle/AAS1_inuwashi-083A3423-2506-835-795-1164.JPG,0,Inuwashi
tool_bird_class_train/Inuwashi_Golden_Eagle/AAS1_inuwashi-083A3424-2714-898-718-1079.JPG,0,Inuwashi
tool_bird_class_train/Inuwashi_Golden_Eagle/AAS1_inuwashi-083A3425-2880-968-689-1053.JPG,0,Inuwashi
tool_bird_class_train/Inuwashi_Golden_Eagle/AAS1_inuwashi-083A3426-1933-1359-1055-919.JPG,0,Inuwashi
tool_bird_class_train/Inuwashi_Golden_Eagle/AAS1_inuwashi-083A3430-2011-1546-1228-395.JPG,0,Inuwashi
tool_bird_class_train/Inuwashi_Golden_Eagle/AAS1_inuwashi-083A3431-1372-467-1450-338.JPG,0,Inuwashi
tool_bird_class_train/Inuwashi_Golden_Eagle/AAS1_inuwashi-083A3432-2227-1843-1397-329.JPG,0,Inuwashi
tool_bird_class_train/Inuwashi_Golden_Eagle/AAS1_inuwashi-083A3433-2357-1064-1485-510.JPG,0,Inuwashi
tool_bird_class_train/Inuwashi_Golden_Eagle/AAS1_inuwashi-083A3434-2325-972-1510-579.JPG,0,Inuwashi
tool_bird_class_train/Inuwashi_Golden_Eagle/AAS1_inuwashi-083A3435-2299-934-1398-553.JPG,0,Inuwashi
tool_bird_class_train/Inuwashi_Golden_Eagle/AAS1_inuwashi-083A3436-2381-1493-1114-559.JPG,0,Inuwashi
tool_bird_class_train/Inuwashi_Golden_Eagle/AAS1_inuwashi-083A3437-2232-1455-1141-544.JPG,0,Inuwashi
tool_bird_class_train/Inuwashi_Golden_Eagle/AAS1_inuwashi-083A3438-1968-1436-1132-525.JPG,0,Inuwashi
tool_bird_class_train/Inuwashi_Golden_Eagle/AAS1_inuwashi-083A3439-1771-1436-1127-616.JPG,0,Inuwashi
tool_bird_class_train/Inuwashi_Golden_Eagle/AAS1_inuwashi-083A3442-3020-1458-1045-750.JPG,0,Inuwashi
tool_bird_class_train/Inuwashi_Golden_Eagle/AAS1_inuwashi-083A3443-1475-743-1014-676.JPG,0,Inuwashi
tool_bird_class_train/Inuwashi_Golden_Eagle/AAS1_inuwashi-083A3444-2829-1315-1064-760.JPG,0,Inuwashi
tool_bird_class_train/Inuwashi_Golden_Eagle/AAS1_inuwashi-083A3445-1824-1216-1007-825.JPG,0,Inuwashi
tool_bird_class_train/Inuwashi_Golden_Eagle/AAS1_inuwashi-083A3446-1672-1223-959-661.JPG,0,Inuwashi
tool_bird_class_train/Inuwashi_Golden_Eagle/AAS1_inuwashi-083A3447-1521-1180-983-592.JPG,0,Inuwashi
tool_bird_class_train/Inuwashi_Golden_Eagle/AAS1_inuwashi-083A3449-1369-367-895-596.JPG,0,Inuwashi
tool_bird_class_train/Inuwashi_Golden_Eagle/AAS1_inuwashi-083A3450-2607-1537-968-448.JPG,0,Inuwashi
tool_bird_class_train/Inuwashi_Golden_Eagle/AAS1_inuwashi-083A3451-1149-313-967-484.JPG,0,Inuwashi
tool_bird_class_train/Inuwashi_Golden_Eagle/AAS1_inuwashi-083A3453-2121-1474-997-568.JPG,0,Inuwashi
tool_bird_class_train/Inuwashi_Golden_Eagle/AAS1_inuwashi-083A3454-2424-1494-984-649.JPG,0,Inuwashi
tool_bird_class_train/Inuwashi_Golden_Eagle/AAS1_inuwashi-083A3458-3000-877-267-173.JPG,0,Inuwashi
tool_bird_class_train/Inuwashi_Golden_Eagle/AAS1_inuwashi-083A3460-2315-1575-319-207.JPG,0,Inuwashi
tool_bird_class_train/Inuwashi_Golden_Eagle/AAS1_inuwashi-083A3461-2602-1672-281-183.JPG,0,Inuwashi
tool_bird_class_train/Inuwashi_Golden_Eagle/AAS1_inuwashi-083A3471-234-121-143-180.JPG,0,Inuwashi
tool_bird_class_train/Inuwashi_Golden_Eagle/AAS1_inuwashi-083A3472-2780-1331-209-274.JPG,0,Inuwashi
tool_bird_class_train/Inuwashi_Golden_Eagle/AAS1_inuwashi-083A3473-2982-1662-319-207.JPG,0,Inuwashi
tool_bird_class_train/Inuwashi_Golden_Eagle/AAS1_inuwashi-083A3474-3020-1820-263-114.JPG,0,Inuwashi
tool_bird_class_train/Inuwashi_Golden_Eagle/AAS1_inuwashi-083A3475-3006-1518-367-222.JPG,0,Inuwashi
tool_bird_class_train/Inuwashi_Golden_Eagle/AAS1_inuwashi-083A3476-3002-1494-363-191.JPG,0,Inuwashi
tool_bird_class_train/Inuwashi_Golden_Eagle/AAS1_inuwashi-083A3478-355-214-308-205.JPG,0,Inuwashi
tool_bird_class_train/Inuwashi_Golden_Eagle/AAS1_inuwashi-083A3486-2208-1680-366-255.JPG,0,Inuwashi
tool_bird_class_train/Inuwashi_Golden_Eagle/AAS1_inuwashi-083A3487-2288-1296-420-303.JPG,0,Inuwashi
tool_bird_class_train/Inuwashi_Golden_Eagle/AAS1_inuwashi-083A3488-319-212-319-212.JPG,0,Inuwashi
tool_bird_class_train/Inuwashi_Golden_Eagle/AAS1_inuwashi-083A3489-1737-1856-382-251.JPG,0,Inuwashi
tool_bird_class_train/Inuwashi_Golden_Eagle/AAS1_inuwashi-083A3491-2270-1690-353-198.JPG,0,Inuwashi
tool_bird_class_train/Inuwashi_Golden_Eagle/AAS1_inuwashi-083A3492-2234-1698-404-207.JPG,0,Inuwashi
tool_bird_class_train/Inuwashi_Golden_Eagle/AAS1_inuwashi-083A3493-1773-1900-441-207.JPG,0,Inuwashi
tool_bird_class_train/Inuwashi_Golden_Eagle/AAS1_inuwashi-083A3495-1891-2065-391-174.JPG,0,Inuwashi
tool_bird_class_train/Inuwashi_Golden_Eagle/AAS1_inuwashi-083A3545-321-220-311-207.JPG,0,Inuwashi
tool_bird_class_train/Inuwashi_Golden_Eagle/AAS1_inuwashi-083A3546-2618-1959-283-191.JPG,0,Inuwashi
tool_bird_class_train/Inuwashi_Golden_Eagle/AAS1_inuwashi-083A3558-2467-1619-142-135.JPG,0,Inuwashi
tool_bird_class_train/Inuwashi_Golden_Eagle/AAS1_inuwashi-083A3559-167-111-167-111.JPG,0,Inuwashi
tool_bird_class_train/Inuwashi_Golden_Eagle/AAS1_inuwashi-083A3562-2746-2147-185-212.JPG,0,Inuwashi
tool_bird_class_train/Inuwashi_Golden_Eagle/AAS1_inuwashi-083A3563-2278-2022-137-164.JPG,0,Inuwashi
tool_bird_class_train/Inuwashi_Golden_Eagle/AAS1_inuwashi-083A3564-232-98-99-122.JPG,0,Inuwashi
tool_bird_class_train/Inuwashi_Golden_Eagle/AAS1_inuwashi-083A3605-2710-2001-252-279.JPG,0,Inuwashi
tool_bird_class_train/Inuwashi_Golden_Eagle/AAS1_inuwashi-083A3606-2588-1926-262-419.JPG,0,Inuwashi
tool_bird_class_train/Inuwashi_Golden_Eagle/AAS1_inuwashi-083A3608-2813-1580-252-376.JPG,0,Inuwashi
tool_bird_class_train/Inuwashi_Golden_Eagle/AAS1_inuwashi-083A3609-323-148-203-239.JPG,0,Inuwashi
tool_bird_class_train/Inuwashi_Golden_Eagle/AAS1_inuwashi-083A3611-2544-1729-228-347.JPG,0,Inuwashi
tool_bird_class_train/Inuwashi_Golden_Eagle/AAS1_inuwashi-083A3612-303-152-217-286.JPG,0,Inuwashi
tool_bird_class_train/Inuwashi_Golden_Eagle/AAS1_inuwashi-083A3613-2352-1686-267-361.JPG,0,Inuwashi
tool_bird_class_train/Inuwashi_Golden_Eagle/AAS1_inuwashi-083A3614-2578-1614-233-366.JPG,0,Inuwashi
tool_bird_class_train/Inuwashi_Golden_Eagle/AAS1_inuwashi-083A3615-2530-1566-283-368.JPG,0,Inuwashi
tool_bird_class_train/Inuwashi_Golden_Eagle/AAS1_inuwashi-083A3616-2520-1522-300-395.JPG,0,Inuwashi
tool_bird_class_train/Inuwashi_Golden_Eagle/AAS1_inuwashi-083A3617-350-192-173-232.JPG,0,Inuwashi
tool_bird_class_train/Inuwashi_Golden_Eagle/AAS1_inuwashi-083A3619-2717-1276-281-336.JPG,0,Inuwashi
tool_bird_class_train/Inuwashi_Golden_Eagle/AAS1_inuwashi-083A3621-2998-1874-190-111.JPG,0,Inuwashi
tool_bird_class_train/Inuwashi_Golden_Eagle/AAS1_inuwashi-083A3623-2955-1747-193-108.JPG,0,Inuwashi
tool_bird_class_train/Inuwashi_Golden_Eagle/AAS1_inuwashi-083A3624-1977-2063-194-135.JPG,0,Inuwashi
tool_bird_class_train/Inuwashi_Golden_Eagle/AAS1_inuwashi-083A3627-2352-1359-295-188.JPG,0,Inuwashi
tool_bird_class_train/Inuwashi_Golden_Eagle/AAS1_inuwashi-083A3628-2321-1410-288-157.JPG,0,Inuwashi
tool_bird_class_train/Inuwashi_Golden_Eagle/AAS1_inuwashi-083A3631-1765-2011-134-73.JPG,0,Inuwashi
tool_bird_class_train/Inuwashi_Golden_Eagle/AAS1_inuwashi-083A3633-4051-2101-146-111.JPG,0,Inuwashi
tool_bird_class_train/Inuwashi_Golden_Eagle/AAS1_inuwashi-083A3634-805-1855-137-130.JPG,0,Inuwashi
tool_bird_class_train/Inuwashi_Golden_Eagle/AAS1_inuwashi-083A3635-2910-1926-251-204.JPG,0,Inuwashi
tool_bird_class_train/Inuwashi_Golden_Eagle/AAS1_inuwashi-083A3636-2840-1981-305-191.JPG,0,Inuwashi
tool_bird_class_train/Inuwashi_Golden_Eagle/AAS1_inuwashi-083A3638-3270-1821-195-144.JPG,0,Inuwashi
tool_bird_class_train/Inuwashi_Golden_Eagle/AAS1_inuwashi-083A3641-3409-1648-158-272.JPG,0,Inuwashi
tool_bird_class_train/Inuwashi_Golden_Eagle/AAS1_inuwashi-083A3642-1629-1272-180-179.JPG,0,Inuwashi
tool_bird_class_train/Inuwashi_Golden_Eagle/AAS1_inuwashi-083A3661-149-118-152-101.JPG,0,Inuwashi
tool_bird_class_train/Inuwashi_Golden_Eagle/AAS1_inuwashi-083A3663-2769-1673-209-182.JPG,0,Inuwashi
tool_bird_class_train/Inuwashi_Golden_Eagle/AAS1_inuwashi-083A3664-144-96-144-96.JPG,0,Inuwashi
tool_bird_class_train/Inuwashi_Golden_Eagle/AAS1_inuwashi-083A3665-147-111-145-128.JPG,0,Inuwashi
tool_bird_class_train/Inuwashi_Golden_Eagle/AAS1_inuwashi-083A3666-2840-1618-315-198.JPG,0,Inuwashi
tool_bird_class_train/Inuwashi_Golden_Eagle/AAS1_inuwashi-083A3667-133-63-116-124.JPG,0,Inuwashi
tool_bird_class_train/Inuwashi_Golden_Eagle/AAS1_inuwashi-083A3668-166-66-130-145.JPG,0,Inuwashi
tool_bird_class_train/Inuwashi_Golden_Eagle/AAS1_inuwashi-083A3669-2833-1689-175-151.JPG,0,Inuwashi
tool_bird_class_train/Inuwashi_Golden_Eagle/AAS1_inuwashi-083A3672-2703-1448-142-140.JPG,0,Inuwashi
tool_bird_class_train/Inuwashi_Golden_Eagle/AAS1_inuwashi-083A3673-2900-1767-180-198.JPG,0,Inuwashi
tool_bird_class_train/Inuwashi_Golden_Eagle/AAS1_inuwashi-083A3674-2912-1769-180-172.JPG,0,Inuwashi
tool_bird_class_train/Inuwashi_Golden_Eagle/AAS1_inuwashi-083A3676-2823-1871-209-150.JPG,0,Inuwashi
tool_bird_class_train/Inuwashi_Golden_Eagle/AAS1_inuwashi-083A3677-2926-1792-158-200.JPG,0,Inuwashi
tool_bird_class_train/Inuwashi_Golden_Eagle/AAS1_inuwashi-083A3678-2854-1520-161-169.JPG,0,Inuwashi
tool_bird_class_train/Inuwashi_Golden_Eagle/AAS1_inuwashi-083A3679-2930-1511-177-179.JPG,0,Inuwashi
tool_bird_class_train/Inuwashi_Golden_Eagle/AAS1_inuwashi-083A3681-195-65-106-161.JPG,0,Inuwashi
tool_bird_class_train/Inuwashi_Golden_Eagle/AAS1_inuwashi-083A3682-2672-1617-142-204.JPG,0,Inuwashi
tool_bird_class_train/Inuwashi_Golden_Eagle/AAS1_inuwashi-083A3683-2739-1607-156-212.JPG,0,Inuwashi
tool_bird_class_train/Inuwashi_Golden_Eagle/AAS1_inuwashi-083A3684-2768-1575-173-193.JPG,0,Inuwashi
tool_bird_class_train/Inuwashi_Golden_Eagle/AAS1_inuwashi-083A3685-194-106-135-90.JPG,0,Inuwashi
tool_bird_class_train/Inuwashi_Golden_Eagle/AAS1_inuwashi-083A3686-2900-1811-166-207.JPG,0,Inuwashi
tool_bird_class_train/Inuwashi_Golden_Eagle/AAS1_inuwashi-083A3687-2943-1757-180-156.JPG,0,Inuwashi
tool_bird_class_train/Inuwashi_Golden_Eagle/AAS1_inuwashi-083A3688-2885-1522-194-135.JPG,0,Inuwashi
tool_bird_class_train/Inuwashi_Golden_Eagle/AAS1_inuwashi-083A3690-3629-2090-175-169.JPG,0,Inuwashi
tool_bird_class_train/Inuwashi_Golden_Eagle/AAS1_inuwashi-083A3691-3770-2152-127-111.JPG,0,Inuwashi
tool_bird_class_train/Inuwashi_Golden_Eagle/AAS1_inuwashi-083A3692-2660-2158-230-173.JPG,0,Inuwashi
tool_bird_class_train/Inuwashi_Golden_Eagle/AAS1_inuwashi-083A3693-2613-2205-199-140.JPG,0,Inuwashi
tool_bird_class_train/Inuwashi_Golden_Eagle/AAS1_inuwashi-083A3696-2213-1617-233-159.JPG,0,Inuwashi
tool_bird_class_train/Inuwashi_Golden_Eagle/AAS1_inuwashi-083A3698-2592-1753-233-198.JPG,0,Inuwashi
tool_bird_class_train/Inuwashi_Golden_Eagle/AAS1_inuwashi-083A3704-2592-1739-276-140.JPG,0,Inuwashi
tool_bird_class_train/Inuwashi_Golden_Eagle/AAS1_inuwashi-083A3708-2636-1561-238-294.JPG,0,Inuwashi
tool_bird_class_train/Inuwashi_Golden_Eagle/AAS1_inuwashi-083A3709-269-170-227-247.JPG,0,Inuwashi
tool_bird_class_train/Inuwashi_Golden_Eagle/AAS1_inuwashi-083A3710-2890-1638-238-275.JPG,0,Inuwashi
tool_bird_class_train/Inuwashi_Golden_Eagle/AAS1_inuwashi-083A3712-2804-1612-231-373.JPG,0,Inuwashi
tool_bird_class_train/Inuwashi_Golden_Eagle/AAS1_inuwashi-083A3713-2919-1810-241-268.JPG,0,Inuwashi
tool_bird_class_train/Inuwashi_Golden_Eagle/AAS1_inuwashi-083A3714-2686-1831-252-236.JPG,0,Inuwashi
tool_bird_class_train/Inuwashi_Golden_Eagle/AAS1_inuwashi-083A3715-2696-1842-231-265.JPG,0,Inuwashi
tool_bird_class_train/Inuwashi_Golden_Eagle/AAS1_inuwashi-083A3718-2775-1496-223-265.JPG,0,Inuwashi
tool_bird_class_train/Inuwashi_Golden_Eagle/AAS1_inuwashi-083A3719-2775-1483-324-332.JPG,0,Inuwashi
tool_bird_class_train/Inuwashi_Golden_Eagle/AAS1_inuwashi-083A3720-2895-1465-247-299.JPG,0,Inuwashi
tool_bird_class_train/Inuwashi_Golden_Eagle/AAS1_inuwashi-083A3722-3006-1690-218-371.JPG,0,Inuwashi
tool_bird_class_train/Inuwashi_Golden_Eagle/AAS1_inuwashi-083A3723-2977-1695-190-366.JPG,0,Inuwashi
tool_bird_class_train/Inuwashi_Golden_Eagle/AAS1_inuwashi-083A3724-2890-1725-186-361.JPG,0,Inuwashi
tool_bird_class_train/Inuwashi_Golden_Eagle/AAS1_inuwashi-083A3725-3049-1998-174-102.JPG,0,Inuwashi
tool_bird_class_train/Inuwashi_Golden_Eagle/AAS1_inuwashi-083A3730-820-577-131-163.JPG,0,Inuwashi
tool_bird_class_train/Inuwashi_Golden_Eagle/AAS1_inuwashi-083A3731-2573-1547-170-231.JPG,0,Inuwashi
tool_bird_class_train/Inuwashi_Golden_Eagle/AAS1_inuwashi-083A3734-2775-1964-180-222.JPG,0,Inuwashi
tool_bird_class_train/Inuwashi_Golden_Eagle/AAS1_inuwashi-083A3735-182-57-97-155.JPG,0,Inuwashi
tool_bird_class_train/Inuwashi_Golden_Eagle/AAS1_inuwashi-083A3736-2573-1815-174-220.JPG,0,Inuwashi
tool_bird_class_train/Inuwashi_Golden_Eagle/AAS1_inuwashi-083A3737-2674-1576-142-159.JPG,0,Inuwashi
tool_bird_class_train/Inuwashi_Golden_Eagle/AAS1_inuwashi-083A3739-2448-1527-127-160.JPG,0,Inuwashi
tool_bird_class_train/Inuwashi_Golden_Eagle/AAS1_inuwashi-083A3740-2482-1508-151-198.JPG,0,Inuwashi
tool_bird_class_train/Inuwashi_Golden_Eagle/AAS1_inuwashi-083A3836-2674-1379-462-649.JPG,0,Inuwashi
tool_bird_class_train/Inuwashi_Golden_Eagle/AAS1_inuwashi-083A3838-2671-1891-603-400.JPG,0,Inuwashi
tool_bird_class_train/Inuwashi_Golden_Eagle/AAS1_inuwashi-083A3845-2552-2006-465-339.JPG,0,Inuwashi
tool_bird_class_train/Inuwashi_Golden_Eagle/AAS1_inuwashi-083A3847-2621-1928-343-268.JPG,0,Inuwashi
tool_bird_class_train/Inuwashi_Golden_Eagle/AAS1_inuwashi-083A3848-600-292-323-457.JPG,0,Inuwashi
tool_bird_class_train/Inuwashi_Golden_Eagle/AAS1_inuwashi-083A3849-2515-2032-391-558.JPG,0,Inuwashi
tool_bird_class_train/Inuwashi_Golden_Eagle/AAS1_inuwashi-083A3850-2951-1968-454-654.JPG,0,Inuwashi
tool_bird_class_train/Inuwashi_Golden_Eagle/AAS1_inuwashi-083A3852-2169-1062-483-629.JPG,0,Inuwashi
tool_bird_class_train/Inuwashi_Golden_Eagle/AAS1_inuwashi-083A3853-2405-913-459-576.JPG,0,Inuwashi
tool_bird_class_train/Inuwashi_Golden_Eagle/AAS1_inuwashi-083A3855-633-361-430-509.JPG,0,Inuwashi
tool_bird_class_train/Inuwashi_Golden_Eagle/AAS1_inuwashi-083A3857-2740-1820-504-464.JPG,0,Inuwashi
tool_bird_class_train/Inuwashi_Golden_Eagle/AAS1_inuwashi-083A3858-2342-1965-465-425.JPG,0,Inuwashi
tool_bird_class_train/Inuwashi_Golden_Eagle/AAS1_inuwashi-083A3862-2371-1936-488-265.JPG,0,Inuwashi
tool_bird_class_train/Inuwashi_Golden_Eagle/AAS1_inuwashi-083A3865-2645-2044-507-243.JPG,0,Inuwashi
tool_bird_class_train/Inuwashi_Golden_Eagle/AAS1_inuwashi-083A3868-231-224-422-208.JPG,0,Inuwashi
tool_bird_class_train/Inuwashi_Golden_Eagle/AAS1_inuwashi-083A3871-2390-1989-478-265.JPG,0,Inuwashi
tool_bird_class_train/Inuwashi_Golden_Eagle/AAS1_inuwashi-083A3872-2183-2016-388-236.JPG,0,Inuwashi
tool_bird_class_train/Inuwashi_Golden_Eagle/AAS1_inuwashi-083A3880-2612-1602-311-387.JPG,0,Inuwashi
tool_bird_class_train/Inuwashi_Golden_Eagle/AAS1_inuwashi-083A3883-2756-1769-244-432.JPG,0,Inuwashi
tool_bird_class_train/Inuwashi_Golden_Eagle/AAS1_inuwashi-083A3884-2733-1805-215-412.JPG,0,Inuwashi
tool_bird_class_train/Inuwashi_Golden_Eagle/AAS1_inuwashi-083A3885-2691-1920-228-409.JPG,0,Inuwashi
tool_bird_class_train/Inuwashi_Golden_Eagle/AAS1_inuwashi-083A3886-2756-1715-271-231.JPG,0,Inuwashi
tool_bird_class_train/Inuwashi_Golden_Eagle/AAS1_inuwashi-083A3887-2611-2002-235-220.JPG,0,Inuwashi
tool_bird_class_train/Inuwashi_Golden_Eagle/AAS1_inuwashi-083A3888-2393-2081-267-271.JPG,0,Inuwashi
tool_bird_class_train/Inuwashi_Golden_Eagle/AAS1_inuwashi-083A3924-2876-1850-170-185.JPG,0,Inuwashi
tool_bird_class_train/Inuwashi_Golden_Eagle/AAS1_inuwashi-083A3927-2285-1742-148-166.JPG,0,Inuwashi
tool_bird_class_train/Inuwashi_Golden_Eagle/AAS1_inuwashi-083A3928-2294-1577-174-191.JPG,0,Inuwashi
tool_bird_class_train/Inuwashi_Golden_Eagle/AAS1_inuwashi-083A3929-2471-1794-167-179.JPG,0,Inuwashi
tool_bird_class_train/Inuwashi_Golden_Eagle/AAS1_inuwashi-083A3931-2643-1622-104-145.JPG,0,Inuwashi
tool_bird_class_train/Inuwashi_Golden_Eagle/AAS1_inuwashi-083A3932-2662-1611-108-154.JPG,0,Inuwashi
tool_bird_class_train/Inuwashi_Golden_Eagle/AAS1_inuwashi-083A3933-2788-2027-145-179.JPG,0,Inuwashi
tool_bird_class_train/Inuwashi_Golden_Eagle/AAS1_inuwashi-083A3934-2818-2014-137-203.JPG,0,Inuwashi
tool_bird_class_train/Inuwashi_Golden_Eagle/AAS1_inuwashi-083A3935-2857-1951-180-207.JPG,0,Inuwashi
tool_bird_class_train/Inuwashi_Golden_Eagle/AAS1_inuwashi-083A3943-2544-2003-132-140.JPG,0,Inuwashi
tool_bird_class_train/Inuwashi_Golden_Eagle/AAS1_inuwashi-083A3944-2537-2001-108-164.JPG,0,Inuwashi
tool_bird_class_train/Inuwashi_Golden_Eagle/AAS1_inuwashi-083A3945-3480-2622-190-140.JPG,0,Inuwashi
tool_bird_class_train/Inuwashi_Golden_Eagle/AAS1_inuwashi-083A3946-2861-1574-113-150.JPG,0,Inuwashi
tool_bird_class_train/Inuwashi_Golden_Eagle/AAS1_inuwashi-083A3947-3519-2675-204-126.JPG,0,Inuwashi
tool_bird_class_train/Inuwashi_Golden_Eagle/AAS1_inuwashi-083A3959-2667-1911-206-124.JPG,0,Inuwashi
tool_bird_class_train/Inuwashi_Golden_Eagle/AAS1_inuwashi-083A3962-2861-1863-151-150.JPG,0,Inuwashi
tool_bird_class_train/Inuwashi_Golden_Eagle/AAS1_inuwashi-083A3975-2807-1371-186-217.JPG,0,Inuwashi
tool_bird_class_train/Inuwashi_Golden_Eagle/AAS1_inuwashi-083A3976-2717-1377-138-182.JPG,0,Inuwashi
tool_bird_class_train/Inuwashi_Golden_Eagle/AAS1_inuwashi-083A4020-2669-1571-151-130.JPG,0,Inuwashi
tool_bird_class_train/Inuwashi_Golden_Eagle/AAS1_inuwashi-083A4021-2559-1590-132-121.JPG,0,Inuwashi
tool_bird_class_train/Inuwashi_Golden_Eagle/AAS1_inuwashi-083A4022-2781-1833-84-89.JPG,0,Inuwashi
tool_bird_class_train/Inuwashi_Golden_Eagle/AAS1_inuwashi-083A4024-2740-1705-100-95.JPG,0,Inuwashi
tool_bird_class_train/Inuwashi_Golden_Eagle/AAS1_inuwashi-083A4025-2688-1681-127-111.JPG,0,Inuwashi
tool_bird_class_train/Inuwashi_Golden_Eagle/AAS1_inuwashi-083A4026-2609-1575-122-128.JPG,0,Inuwashi
tool_bird_class_train/Inuwashi_Golden_Eagle/AAS1_inuwashi-083A4055-3006-1749-142-159.JPG,0,Inuwashi
tool_bird_class_train/Inuwashi_Golden_Eagle/AAS1_inuwashi-083A4057-2621-1568-100-156.JPG,0,Inuwashi
tool_bird_class_train/Inuwashi_Golden_Eagle/AAS1_inuwashi-083A4058-2552-1525-148-243.JPG,0,Inuwashi
tool_bird_class_train/Inuwashi_Golden_Eagle/AAS1_inuwashi-083A4059-2523-1575-151-193.JPG,0,Inuwashi
tool_bird_class_train/Inuwashi_Golden_Eagle/AAS1_inuwashi-083A4060-193-108-95-117.JPG,0,Inuwashi
tool_bird_class_train/Inuwashi_Golden_Eagle/AAS1_inuwashi-083A4063-2727-1753-94-135.JPG,0,Inuwashi
tool_bird_class_train/Inuwashi_Golden_Eagle/AAS1_inuwashi-083A4083-2869-1987-161-127.JPG,0,Inuwashi
tool_bird_class_train/Inuwashi_Golden_Eagle/AAS1_inuwashi-083A4084-2833-1907-175-150.JPG,0,Inuwashi
tool_bird_class_train/Inuwashi_Golden_Eagle/AAS1_inuwashi-083A4085-2948-1967-180-140.JPG,0,Inuwashi
tool_bird_class_train/Inuwashi_Golden_Eagle/AAS1_inuwashi-083A4086-2984-2000-186-172.JPG,0,Inuwashi
tool_bird_class_train/Inuwashi_Golden_Eagle/AAS1_inuwashi-083A4087-2977-2015-202-157.JPG,0,Inuwashi
tool_bird_class_train/Inuwashi_Golden_Eagle/AAS1_inuwashi-083A4088-2984-2026-199-153.JPG,0,Inuwashi
tool_bird_class_train/Inuwashi_Golden_Eagle/AAS1_inuwashi-083A4134-2848-1683-236-203.JPG,0,Inuwashi
tool_bird_class_train/Inuwashi_Golden_Eagle/AAS1_inuwashi-083A4140-2782-1588-273-252.JPG,0,Inuwashi
tool_bird_class_train/Inuwashi_Golden_Eagle/AAS1_inuwashi-083A4142-3056-2008-222-163.JPG,0,Inuwashi
tool_bird_class_train/Inuwashi_Golden_Eagle/AAS1_inuwashi-083A4143-2775-1997-432-424.JPG,0,Inuwashi
tool_bird_class_train/Inuwashi_Golden_Eagle/AAS1_inuwashi-083A4144-2972-1792-277-366.JPG,0,Inuwashi
tool_bird_class_train/Inuwashi_Golden_Eagle/AAS1_inuwashi-083A4145-2679-1744-194-168.JPG,0,Inuwashi
tool_bird_class_train/Inuwashi_Golden_Eagle/AAS1_inuwashi-083A4147-2477-1316-492-270.JPG,0,Inuwashi
tool_bird_class_train/Inuwashi_Golden_Eagle/AAS1_inuwashi-083A4148-649-319-290-481.JPG,0,Inuwashi
tool_bird_class_train/Inuwashi_Golden_Eagle/AAS1_inuwashi-083A4149-1664-1834-377-525.JPG,0,Inuwashi
tool_bird_class_train/Inuwashi_Golden_Eagle/AAS1_inuwashi-083A4150-1852-1820-283-489.JPG,0,Inuwashi
tool_bird_class_train/Inuwashi_Golden_Eagle/AAS1_inuwashi-083A4153-3124-2013-337-222.JPG,0,Inuwashi
tool_bird_class_train/Inuwashi_Golden_Eagle/AAS1_inuwashi-083A4155-2261-1893-315-159.JPG,0,Inuwashi
tool_bird_class_train/Inuwashi_Golden_Eagle/AAS1_inuwashi-083A4156-2347-1874-327-163.JPG,0,Inuwashi
tool_bird_class_train/Inuwashi_Golden_Eagle/AAS1_inuwashi-083A4157-3063-2043-420-252.JPG,0,Inuwashi
tool_bird_class_train/Inuwashi_Golden_Eagle/AAS1_inuwashi-083A4158-3153-1961-416-308.JPG,0,Inuwashi
tool_bird_class_train/Inuwashi_Golden_Eagle/AAS1_inuwashi-083A4161-3587-1057-445-283.JPG,0,Inuwashi
tool_bird_class_train/Inuwashi_Golden_Eagle/AAS1_inuwashi-083A4165-2739-1720-512-301.JPG,0,Inuwashi
tool_bird_class_train/Inuwashi_Golden_Eagle/AAS1_inuwashi-083A4167-2739-1298-568-326.JPG,0,Inuwashi
tool_bird_class_train/Inuwashi_Golden_Eagle/AAS1_inuwashi-083A4168-2894-1238-603-404.JPG,0,Inuwashi
tool_bird_class_train/Inuwashi_Golden_Eagle/AAS1_inuwashi-083A4170-2896-1373-531-356.JPG,0,Inuwashi
tool_bird_class_train/Inuwashi_Golden_Eagle/AAS1_inuwashi-083A4171-2937-1752-762-366.JPG,0,Inuwashi
tool_bird_class_train/Inuwashi_Golden_Eagle/AAS1_inuwashi-083A4173-2861-1700-667-371.JPG,0,Inuwashi
tool_bird_class_train/Inuwashi_Golden_Eagle/AAS1_inuwashi-083A4175-2059-1565-771-376.JPG,0,Inuwashi
tool_bird_class_train/Inuwashi_Golden_Eagle/AAS1_inuwashi-083A4176-553-414-621-414.JPG,0,Inuwashi
tool_bird_class_train/Inuwashi_Golden_Eagle/AAS1_inuwashi-083A4178-1607-1458-766-505.JPG,0,Inuwashi
tool_bird_class_train/Inuwashi_Golden_Eagle/AAS1_inuwashi-083A4179-1218-1404-734-454.JPG,0,Inuwashi
tool_bird_class_train/Inuwashi_Golden_Eagle/AAS1_inuwashi-083A4361-2717-1570-214-155.JPG,0,Inuwashi
tool_bird_class_train/Inuwashi_Golden_Eagle/AAS1_inuwashi-083A4363-2968-1639-154-118.JPG,0,Inuwashi
tool_bird_class_train/Inuwashi_Golden_Eagle/AAS1_inuwashi-083A4364-3025-1619-132-145.JPG,0,Inuwashi
tool_bird_class_train/Inuwashi_Golden_Eagle/AAS1_inuwashi-083A4365-2739-2123-180-265.JPG,0,Inuwashi
tool_bird_class_train/Inuwashi_Golden_Eagle/AAS1_inuwashi-083A4366-2696-2178-214-284.JPG,0,Inuwashi
tool_bird_class_train/Inuwashi_Golden_Eagle/AAS1_inuwashi-083A4368-2537-1704-190-284.JPG,0,Inuwashi
tool_bird_class_train/Inuwashi_Golden_Eagle/AAS1_inuwashi-083A4369-3099-1846-327-239.JPG,0,Inuwashi
tool_bird_class_train/Inuwashi_Golden_Eagle/AAS1_inuwashi-083A4370-3240-1812-375-230.JPG,0,Inuwashi
tool_bird_class_train/Inuwashi_Golden_Eagle/AAS1_inuwashi-083A4372-3071-1393-193-217.JPG,0,Inuwashi
tool_bird_class_train/Inuwashi_Golden_Eagle/AAS1_inuwashi-083A4373-2912-1604-295-323.JPG,0,Inuwashi
tool_bird_class_train/Inuwashi_Golden_Eagle/AAS1_inuwashi-083A4376-3318-1745-198-109.JPG,0,Inuwashi
tool_bird_class_train/Inuwashi_Golden_Eagle/AAS1_inuwashi-083A4377-3222-1886-251-156.JPG,0,Inuwashi
tool_bird_class_train/Inuwashi_Golden_Eagle/AAS1_inuwashi-083A4378-3313-1955-228-159.JPG,0,Inuwashi
tool_bird_class_train/Inuwashi_Golden_Eagle/AAS1_inuwashi-083A4380-285-177-166-193.JPG,0,Inuwashi
tool_bird_class_train/Inuwashi_Golden_Eagle/AAS1_inuwashi-083A4382-349-262-232-204.JPG,0,Inuwashi
tool_bird_class_train/Inuwashi_Golden_Eagle/AAS1_inuwashi-083A4383-2910-2003-295-243.JPG,0,Inuwashi
tool_bird_class_train/Inuwashi_Golden_Eagle/AAS1_inuwashi-083A4384-2756-1746-347-227.JPG,0,Inuwashi
tool_bird_class_train/Inuwashi_Golden_Eagle/AAS1_inuwashi-083A4388-2693-1278-190-221.JPG,0,Inuwashi
tool_bird_class_train/Inuwashi_Golden_Eagle/AAS1_inuwashi-083A4389-2515-1283-170-179.JPG,0,Inuwashi
tool_bird_class_train/Inuwashi_Golden_Eagle/AAS1_inuwashi-083A4390-1789-251-209-134.JPG,0,Inuwashi
tool_bird_class_train/Inuwashi_Golden_Eagle/AAS1_inuwashi-083A4391-2977-3204-204-150.JPG,0,Inuwashi
tool_bird_class_train/Inuwashi_Golden_Eagle/AAS1_inuwashi-083A4392-2076-1309-187-221.JPG,0,Inuwashi
tool_bird_class_train/Inuwashi_Golden_Eagle/AAS1_inuwashi-083A4394-2818-2065-186-114.JPG,0,Inuwashi
tool_bird_class_train/Inuwashi_Golden_Eagle/AAS1_inuwashi-083A4395-2824-2089-180-73.JPG,0,Inuwashi
tool_bird_class_train/Inuwashi_Golden_Eagle/AAS1_inuwashi-083A4398-2226-3177-247-155.JPG,0,Inuwashi
tool_bird_class_train/Inuwashi_Golden_Eagle/AAS1_inuwashi-083A4399-2333-1523-180-188.JPG,0,Inuwashi
tool_bird_class_train/Inuwashi_Golden_Eagle/AAS1_inuwashi-083A4401-2753-1237-137-106.JPG,0,Inuwashi
tool_bird_class_train/Inuwashi_Golden_Eagle/AAS1_inuwashi-083A4403-3049-1287-144-121.JPG,0,Inuwashi
tool_bird_class_train/Inuwashi_Golden_Eagle/AAS1_inuwashi-083A4411-2959-1901-151-130.JPG,0,Inuwashi
tool_bird_class_train/Inuwashi_Golden_Eagle/AAS1_inuwashi-083A4412-3373-1659-190-124.JPG,0,Inuwashi
tool_bird_class_train/Inuwashi_Golden_Eagle/AAS1_inuwashi-083A4414-2688-1444-135-108.JPG,0,Inuwashi
tool_bird_class_train/Inuwashi_Golden_Eagle/AAS1_inuwashi-083A4415-2624-1302-173-99.JPG,0,Inuwashi
tool_bird_class_train/Inuwashi_Golden_Eagle/AAS1_inuwashi-083A4416-2591-1226-151-110.JPG,0,Inuwashi
tool_bird_class_train/Inuwashi_Golden_Eagle/AAS1_inuwashi-083A4417-212-131-120-89.JPG,0,Inuwashi
tool_bird_class_train/Inuwashi_Golden_Eagle/AAS1_inuwashi-083A4418-3016-1630-177-156.JPG,0,Inuwashi
tool_bird_class_train/Inuwashi_Golden_Eagle/AAS1_inuwashi-083A4420-3062-1966-161-114.JPG,0,Inuwashi
tool_bird_class_train/Inuwashi_Golden_Eagle/AAS1_inuwashi-083A4421-3049-1960-127-145.JPG,0,Inuwashi
tool_bird_class_train/Inuwashi_Golden_Eagle/AAS1_inuwashi-083A4422-2696-293-411-257.JPG,0,Inuwashi
tool_bird_class_train/Inuwashi_Golden_Eagle/AAS1_inuwashi-083A4423-2804-2673-366-342.JPG,0,Inuwashi
tool_bird_class_train/Inuwashi_Golden_Eagle/AAS1_inuwashi-083A4424-3065-166-324-141.JPG,0,Inuwashi
tool_bird_class_train/Inuwashi_Golden_Eagle/AAS1_inuwashi-083A4425-3073-2195-300-366.JPG,0,Inuwashi
tool_bird_class_train/Inuwashi_Golden_Eagle/AAS1_inuwashi-083A4434-2442-1763-244-252.JPG,0,Inuwashi
tool_bird_class_train/Inuwashi_Golden_Eagle/AAS1_inuwashi-083A4445-293-185-293-265.JPG,0,Inuwashi
tool_bird_class_train/Inuwashi_Golden_Eagle/AAS1_inuwashi-083A4446-2848-2055-303-364.JPG,0,Inuwashi
tool_bird_class_train/Inuwashi_Golden_Eagle/AAS1_inuwashi-083A4447-2797-1970-430-462.JPG,0,Inuwashi
tool_bird_class_train/Inuwashi_Golden_Eagle/AAS1_inuwashi-083A4451-2732-1979-346-409.JPG,0,Inuwashi
tool_bird_class_train/Inuwashi_Golden_Eagle/AAS1_inuwashi-083A4453-2924-1945-391-352.JPG,0,Inuwashi
tool_bird_class_train/Inuwashi_Golden_Eagle/AAS1_inuwashi-083A4454-3087-1916-329-347.JPG,0,Inuwashi
tool_bird_class_train/Inuwashi_Golden_Eagle/AAS1_inuwashi-083A4455-3226-2250-327-223.JPG,0,Inuwashi
tool_bird_class_train/Inuwashi_Golden_Eagle/AAS1_inuwashi-083A4456-3388-2216-356-259.JPG,0,Inuwashi
tool_bird_class_train/Inuwashi_Golden_Eagle/AAS1_inuwashi-083A4460-2584-1574-211-287.JPG,0,Inuwashi
tool_bird_class_train/Inuwashi_Golden_Eagle/AAS1_inuwashi-083A4463-2782-1783-311-233.JPG,0,Inuwashi
tool_bird_class_train/Inuwashi_Golden_Eagle/AAS1_inuwashi-083A4467-2694-1650-218-207.JPG,0,Inuwashi
tool_bird_class_train/Inuwashi_Golden_Eagle/AAS1_inuwashi-083A4468-2448-1657-238-193.JPG,0,Inuwashi
tool_bird_class_train/Inuwashi_Golden_Eagle/AAS1_inuwashi-083A4470-2889-1525-235-161.JPG,0,Inuwashi
tool_bird_class_train/Inuwashi_Golden_Eagle/AAS1_inuwashi-083A4471-3287-2255-193-191.JPG,0,Inuwashi
tool_bird_class_train/Inuwashi_Golden_Eagle/AAS1_inuwashi-083A4500-2869-2224-490-409.JPG,0,Inuwashi
tool_bird_class_train/Inuwashi_Golden_Eagle/AAS1_inuwashi-083A4502-2451-2332-430-395.JPG,0,Inuwashi
tool_bird_class_train/Inuwashi_Golden_Eagle/AAS1_inuwashi-8D4A2466-2740-1649-165-237.JPG,0,Inuwashi
tool_bird_class_train/Inuwashi_Golden_Eagle/AAS1_inuwashi-8D4A2467-2861-1491-138-258.JPG,0,Inuwashi
tool_bird_class_train/Inuwashi_Golden_Eagle/AAS1_inuwashi-8D4A2468-2902-1519-129-228.JPG,0,Inuwashi
tool_bird_class_train/Inuwashi_Golden_Eagle/AAS1_inuwashi-8D4A2472-3079-1504-118-192.JPG,0,Inuwashi
tool_bird_class_train/Inuwashi_Golden_Eagle/AAS1_inuwashi-8D4A2473-3073-1638-135-194.JPG,0,Inuwashi
tool_bird_class_train/Inuwashi_Golden_Eagle/AAS1_inuwashi-8D4A2474-2844-1837-123-190.JPG,0,Inuwashi
tool_bird_class_train/Inuwashi_Golden_Eagle/AAS1_inuwashi-8D4A3392-2344-1694-312-165.JPG,0,Inuwashi
tool_bird_class_train/Inuwashi_Golden_Eagle/AAS1_inuwashi-8D4A3396-2872-1326-333-378.JPG,0,Inuwashi
tool_bird_class_train/Inuwashi_Golden_Eagle/AAS1_inuwashi-8D4A3398-3352-2068-654-284.JPG,0,Inuwashi
tool_bird_class_train/Inuwashi_Golden_Eagle/AAS1_inuwashi-8D4A3400-2778-1465-590-210.JPG,0,Inuwashi
tool_bird_class_train/Inuwashi_Golden_Eagle/AAS1_inuwashi-8D4A3403-2376-1446-670-210.JPG,0,Inuwashi
tool_bird_class_train/Inuwashi_Golden_Eagle/AAS1_inuwashi-8D4A3404-2704-1933-770-267.JPG,0,Inuwashi
tool_bird_class_train/Inuwashi_Golden_Eagle/AAS1_inuwashi-8D4A3405-2275-1936-773-296.JPG,0,Inuwashi
tool_bird_class_train/Inuwashi_Golden_Eagle/AAS1_inuwashi-8D4A3406-1852-1907-759-331.JPG,0,Inuwashi
tool_bird_class_train/Inuwashi_Golden_Eagle/AAS1_inuwashi-8D4A3407-2397-1529-795-354.JPG,0,Inuwashi
tool_bird_class_train/Inuwashi_Golden_Eagle/AAS1_inuwashi-8D4A3410-2278-1226-850-277.JPG,0,Inuwashi
tool_bird_class_train/Inuwashi_Golden_Eagle/AAS1_inuwashi-8D4A3411-2515-1568-814-178.JPG,0,Inuwashi
tool_bird_class_train/Inuwashi_Golden_Eagle/AAS1_inuwashi-8D4A3412-2315-1335-753-206.JPG,0,Inuwashi
tool_bird_class_train/Inuwashi_Golden_Eagle/AAS1_inuwashi-8D4A3413-2189-1574-760-152.JPG,0,Inuwashi
tool_bird_class_train/Inuwashi_Golden_Eagle/AAS1_inuwashi-8D4A3414-2698-2106-782-165.JPG,0,Inuwashi
tool_bird_class_train/Inuwashi_Golden_Eagle/AAS1_inuwashi-8D4A3415-2925-1651-683-184.JPG,0,Inuwashi
tool_bird_class_train/Inuwashi_Golden_Eagle/AAS1_inuwashi-8D4A3416-2525-1440-670-238.JPG,0,Inuwashi
tool_bird_class_train/Inuwashi_Golden_Eagle/AAS1_inuwashi-8D4A3417-2166-1328-636-199.JPG,0,Inuwashi
tool_bird_class_train/Inuwashi_Golden_Eagle/AAS1_inuwashi-8D4A3418-2592-1734-641-174.JPG,0,Inuwashi
tool_bird_class_train/Inuwashi_Golden_Eagle/AAS1_inuwashi-8D4A3419-2733-1222-657-174.JPG,0,Inuwashi
tool_bird_class_train/Inuwashi_Golden_Eagle/AAS1_inuwashi-8D4A3420-2205-1417-655-304.JPG,0,Inuwashi
tool_bird_class_train/Inuwashi_Golden_Eagle/AAS1_inuwashi-8D4A3421-2256-1324-595-260.JPG,0,Inuwashi
tool_bird_class_train/Inuwashi_Golden_Eagle/AAS1_inuwashi-8D4A3423-2564-831-638-181.JPG,0,Inuwashi
tool_bird_class_train/Inuwashi_Golden_Eagle/AAS1_inuwashi-8D4A3425-2105-1779-559-136.JPG,0,Inuwashi
tool_bird_class_train/Inuwashi_Golden_Eagle/AAS1_inuwashi-8D4A3428-2189-1427-504-197.JPG,0,Inuwashi
tool_bird_class_train/Inuwashi_Golden_Eagle/AAS1_inuwashi-8D4A3429-2410-1526-494-168.JPG,0,Inuwashi
tool_bird_class_train/Inuwashi_Golden_Eagle/AAS1_inuwashi-8D4A3431-3132-1423-345-233.JPG,0,Inuwashi
tool_bird_class_train/Inuwashi_Golden_Eagle/AAS1_inuwashi-8D4A3432-2434-1038-393-178.JPG,0,Inuwashi
tool_bird_class_train/Inuwashi_Golden_Eagle/AAS1_inuwashi-8D4A3435-2018-2354-337-121.JPG,0,Inuwashi
tool_bird_class_train/Inuwashi_Golden_Eagle/AAS1_inuwashi-8D4A3436-2118-1933-308-124.JPG,0,Inuwashi
tool_bird_class_train/Inuwashi_Golden_Eagle/AAS1_inuwashi-8D4A3438-2805-2424-166-249.JPG,0,Inuwashi
tool_bird_class_train/Inuwashi_Golden_Eagle/AAS1_inuwashi-8D4A3439-2525-1802-184-233.JPG,0,Inuwashi
tool_bird_class_train/Inuwashi_Golden_Eagle/AAS1_inuwashi-8D4A3441-2948-1968-225-121.JPG,0,Inuwashi
tool_bird_class_train/Inuwashi_Golden_Eagle/AAS1_inuwashi-8D4A4387-2644-1718-221-77.JPG,0,Inuwashi
tool_bird_class_train/Inuwashi_Golden_Eagle/AAS1_inuwashi-8D4A4388-2692-1683-222-83.JPG,0,Inuwashi
tool_bird_class_train/Inuwashi_Golden_Eagle/AAS1_inuwashi-8D4A4389-2411-1646-226-78.JPG,0,Inuwashi
tool_bird_class_train/Inuwashi_Golden_Eagle/AAS1_inuwashi-8D4A4390-2413-1642-224-85.JPG,0,Inuwashi
tool_bird_class_train/Inuwashi_Golden_Eagle/AAS1_inuwashi-8D4A4391-2387-1821-302-101.JPG,0,Inuwashi
tool_bird_class_train/Inuwashi_Golden_Eagle/AAS1_inuwashi-8D4A4392-2602-1852-275-86.JPG,0,Inuwashi
tool_bird_class_train/Inuwashi_Golden_Eagle/AAS1_inuwashi-8D4A4393-2426-1805-266-85.JPG,0,Inuwashi
tool_bird_class_train/Inuwashi_Golden_Eagle/AAS1_inuwashi-8D4A4396-2203-1456-305-115.JPG,0,Inuwashi
tool_bird_class_train/Inuwashi_Golden_Eagle/AAS1_inuwashi-8D4A4397-2737-1557-324-107.JPG,0,Inuwashi
tool_bird_class_train/Inuwashi_Golden_Eagle/AAS1_inuwashi-8D4A4398-2503-1504-311-107.JPG,0,Inuwashi
tool_bird_class_train/Inuwashi_Golden_Eagle/AAS1_inuwashi-8D4A4399-2423-1667-292-107.JPG,0,Inuwashi
tool_bird_class_train/Inuwashi_Golden_Eagle/AAS1_inuwashi-8D4A4402-3095-1443-321-113.JPG,0,Inuwashi
tool_bird_class_train/Inuwashi_Golden_Eagle/AAS1_inuwashi-8D4A4403-2778-1622-331-107.JPG,0,Inuwashi
tool_bird_class_train/Inuwashi_Golden_Eagle/AAS1_inuwashi-8D4A4405-2712-1841-324-94.JPG,0,Inuwashi
tool_bird_class_train/Inuwashi_Golden_Eagle/AAS1_inuwashi-8D4A4407-2564-1427-350-117.JPG,0,Inuwashi
tool_bird_class_train/Inuwashi_Golden_Eagle/AAS1_inuwashi-8D4A4410-2603-1521-369-129.JPG,0,Inuwashi
tool_bird_class_train/Inuwashi_Golden_Eagle/AAS1_inuwashi-8D4A4411-2474-1616-388-113.JPG,0,Inuwashi
tool_bird_class_train/Inuwashi_Golden_Eagle/AAS1_inuwashi-8D4A4412-2685-1706-401-117.JPG,0,Inuwashi
tool_bird_class_train/Inuwashi_Golden_Eagle/AAS1_inuwashi-8D4A4413-2855-1584-388-123.JPG,0,Inuwashi
tool_bird_class_train/Inuwashi_Golden_Eagle/AAS1_inuwashi-8D4A4414-2781-1709-395-126.JPG,0,Inuwashi
tool_bird_class_train/Inuwashi_Golden_Eagle/AAS1_inuwashi-8D4A4415-2653-1638-427-139.JPG,0,Inuwashi
tool_bird_class_train/Inuwashi_Golden_Eagle/AAS1_inuwashi-8D4A4416-2884-1526-443-149.JPG,0,Inuwashi
tool_bird_class_train/Inuwashi_Golden_Eagle/AAS1_inuwashi-8D4A4417-2608-2068-472-152.JPG,0,Inuwashi
tool_bird_class_train/Inuwashi_Golden_Eagle/AAS1_inuwashi-8D4A4419-2656-2010-497-178.JPG,0,Inuwashi
tool_bird_class_train/Inuwashi_Golden_Eagle/AAS1_inuwashi-8D4A4420-2845-2172-495-163.JPG,0,Inuwashi
tool_bird_class_train/Inuwashi_Golden_Eagle/AAS1_inuwashi-8D4A4421-2858-2122-501-175.JPG,0,Inuwashi
tool_bird_class_train/Inuwashi_Golden_Eagle/AAS1_inuwashi-8D4A4422-2874-2304-514-185.JPG,0,Inuwashi
tool_bird_class_train/Inuwashi_Golden_Eagle/AAS1_inuwashi-8D4A4423-2740-1753-690-249.JPG,0,Inuwashi
tool_bird_class_train/Inuwashi_Golden_Eagle/AAS1_inuwashi-8D4A4424-2272-1799-699-258.JPG,0,Inuwashi
tool_bird_class_train/Inuwashi_Golden_Eagle/AAS1_inuwashi-8D4A4427-2365-1856-741-283.JPG,0,Inuwashi
tool_bird_class_train/Inuwashi_Golden_Eagle/AAS1_inuwashi-8D4A4428-2445-2038-757-286.JPG,0,Inuwashi
tool_bird_class_train/Inuwashi_Golden_Eagle/AAS1_inuwashi-8D4A4429-2512-2086-754-297.JPG,0,Inuwashi
tool_bird_class_train/Inuwashi_Golden_Eagle/AAS1_inuwashi-8D4A4430-2580-1738-782-296.JPG,0,Inuwashi
tool_bird_class_train/Inuwashi_Golden_Eagle/AAS1_inuwashi-8D4A4431-2698-1561-770-293.JPG,0,Inuwashi
tool_bird_class_train/Inuwashi_Golden_Eagle/AAS1_inuwashi-8D4A4432-2874-1718-774-293.JPG,0,Inuwashi
tool_bird_class_train/Inuwashi_Golden_Eagle/AAS1_inuwashi-8D4A4434-2679-1981-783-310.JPG,0,Inuwashi
tool_bird_class_train/Inuwashi_Golden_Eagle/AAS1_inuwashi-8D4A4436-2328-1843-789-322.JPG,0,Inuwashi
tool_bird_class_train/Inuwashi_Golden_Eagle/AAS1_inuwashi-8D4A4437-2426-1431-792-306.JPG,0,Inuwashi
tool_bird_class_train/Inuwashi_Golden_Eagle/AAS1_inuwashi-8D4A4438-2906-1340-815-344.JPG,0,Inuwashi
tool_bird_class_train/Inuwashi_Golden_Eagle/AAS1_inuwashi-8D4A4439-2928-1446-819-322.JPG,0,Inuwashi
tool_bird_class_train/Inuwashi_Golden_Eagle/AAS1_inuwashi-8D4A4440-2441-2086-803-323.JPG,0,Inuwashi
tool_bird_class_train/Inuwashi_Golden_Eagle/AAS1_inuwashi-8D4A4441-2714-1638-793-323.JPG,0,Inuwashi
tool_bird_class_train/Inuwashi_Golden_Eagle/AAS1_inuwashi-8D4A4442-2354-1881-792-315.JPG,0,Inuwashi
tool_bird_class_train/Inuwashi_Golden_Eagle/AAS1_inuwashi-8D4A4443-2041-1587-798-306.JPG,0,Inuwashi
tool_bird_class_train/Inuwashi_Golden_Eagle/AAS1_inuwashi-8D4A4444-2445-1534-837-335.JPG,0,Inuwashi
tool_bird_class_train/Inuwashi_Golden_Eagle/AAS1_inuwashi-8D4A4445-2230-1670-827-357.JPG,0,Inuwashi
tool_bird_class_train/Inuwashi_Golden_Eagle/AAS1_inuwashi-8D4A4447-1625-1965-820-334.JPG,0,Inuwashi
tool_bird_class_train/Inuwashi_Golden_Eagle/AAS1_inuwashi-8D4A4450-2694-1776-870-354.JPG,0,Inuwashi
tool_bird_class_train/Inuwashi_Golden_Eagle/AAS1_inuwashi-8D4A4451-2646-1414-873-351.JPG,0,Inuwashi
tool_bird_class_train/Inuwashi_Golden_Eagle/AAS1_inuwashi-8D4A4452-1932-1405-866-354.JPG,0,Inuwashi
tool_bird_class_train/Inuwashi_Golden_Eagle/AAS1_inuwashi-8D4A4454-2845-1900-911-403.JPG,0,Inuwashi
tool_bird_class_train/Inuwashi_Golden_Eagle/AAS1_inuwashi-8D4A4455-2708-2134-915-422.JPG,0,Inuwashi
tool_bird_class_train/Inuwashi_Golden_Eagle/AAS1_inuwashi-8D4A4456-2852-1504-940-413.JPG,0,Inuwashi
tool_bird_class_train/Inuwashi_Golden_Eagle/AAS1_inuwashi-8D4A4459-1794-749-965-475.JPG,0,Inuwashi
tool_bird_class_train/Inuwashi_Golden_Eagle/AAS1_inuwashi-8D4A4462-3183-985-974-514.JPG,0,Inuwashi
tool_bird_class_train/Inuwashi_Golden_Eagle/AAS1_inuwashi-8D4A4463-2794-1475-956-524.JPG,0,Inuwashi
tool_bird_class_train/Inuwashi_Golden_Eagle/AAS1_inuwashi-8D4A4464-2855-1369-527-1034.JPG,0,Inuwashi
tool_bird_class_train/Inuwashi_Golden_Eagle/AAS1_inuwashi-8D4A4466-2983-1359-514-1040.JPG,0,Inuwashi
tool_bird_class_train/Inuwashi_Golden_Eagle/AAS1_inuwashi-8D4A4468-2713-1244-505-1049.JPG,0,Inuwashi
tool_bird_class_train/Inuwashi_Golden_Eagle/AAS1_inuwashi-8D4A4469-2471-1408-510-1010.JPG,0,Inuwashi
tool_bird_class_train/Inuwashi_Golden_Eagle/AAS1_inuwashi-8D4A4470-2357-216-545-1004.JPG,0,Inuwashi
tool_bird_class_train/Inuwashi_Golden_Eagle/AAS1_inuwashi-8D4A4473-1756-624-520-975.JPG,0,Inuwashi
tool_bird_class_train/Inuwashi_Golden_Eagle/AAS1_inuwashi-8D4A4474-2246-1235-625-863.JPG,0,Inuwashi
tool_bird_class_train/Inuwashi_Golden_Eagle/AAS1_inuwashi-8D4A4475-1838-1408-645-850.JPG,0,Inuwashi
tool_bird_class_train/Inuwashi_Golden_Eagle/AAS1_inuwashi-8D4A4476-2121-1481-667-844.JPG,0,Inuwashi
tool_bird_class_train/Inuwashi_Golden_Eagle/AAS1_inuwashi-8D4A4477-2487-1078-658-847.JPG,0,Inuwashi
tool_bird_class_train/Inuwashi_Golden_Eagle/AAS1_inuwashi-8D4A4478-2592-1462-665-832.JPG,0,Inuwashi
tool_bird_class_train/Inuwashi_Golden_Eagle/AAS1_inuwashi-8D4A4479-2582-1449-697-781.JPG,0,Inuwashi
tool_bird_class_train/Inuwashi_Golden_Eagle/AAS1_inuwashi-8D4A4484-2949-1887-173-147.JPG,0,Inuwashi
tool_bird_class_train/Inuwashi_Golden_Eagle/AAS1_inuwashi-8D4A4486-3760-1747-163-156.JPG,0,Inuwashi
tool_bird_class_train/Inuwashi_Golden_Eagle/AAS1_inuwashi-8D4A4487-2391-2170-206-124.JPG,0,Inuwashi
tool_bird_class_train/Inuwashi_Golden_Eagle/AAS1_inuwashi-8D4A4489-2483-1961-183-153.JPG,0,Inuwashi
tool_bird_class_train/Inuwashi_Golden_Eagle/AAS1_inuwashi-8D4A4490-2669-2058-193-143.JPG,0,Inuwashi
tool_bird_class_train/Inuwashi_Golden_Eagle/AAS1_inuwashi-8D4A4491-2828-1936-199-168.JPG,0,Inuwashi
tool_bird_class_train/Inuwashi_Golden_Eagle/AAS1_inuwashi-8D4A4493-2977-1893-161-166.JPG,0,Inuwashi
tool_bird_class_train/Inuwashi_Golden_Eagle/AAS1_inuwashi-8D4A4494-2714-1821-174-174.JPG,0,Inuwashi
tool_bird_class_train/Inuwashi_Golden_Eagle/AAS1_inuwashi-8D4A4495-3024-1567-113-187.JPG,0,Inuwashi
tool_bird_class_train/Inuwashi_Golden_Eagle/AAS1_inuwashi-8D4A4496-3107-1465-127-187.JPG,0,Inuwashi
tool_bird_class_train/Inuwashi_Golden_Eagle/AAS1_inuwashi-8D4A4497-3341-1578-114-187.JPG,0,Inuwashi
tool_bird_class_train/Inuwashi_Golden_Eagle/AAS1_inuwashi-8D4A4498-3242-1568-117-194.JPG,0,Inuwashi
tool_bird_class_train/Inuwashi_Golden_Eagle/AAS1_inuwashi-8D4A4499-3303-1619-114-194.JPG,0,Inuwashi
tool_bird_class_train/Inuwashi_Golden_Eagle/AAS1_inuwashi-8D4A4501-2883-1411-114-206.JPG,0,Inuwashi
tool_bird_class_train/Inuwashi_Golden_Eagle/AAS1_inuwashi-8D4A4503-2695-1674-193-178.JPG,0,Inuwashi
tool_bird_class_train/Inuwashi_Golden_Eagle/AAS1_inuwashi-8D4A4505-2713-1427-183-174.JPG,0,Inuwashi
tool_bird_class_train/Inuwashi_Golden_Eagle/AAS1_inuwashi-8D4A4506-2685-1481-174-171.JPG,0,Inuwashi
tool_bird_class_train/Inuwashi_Golden_Eagle/AAS1_inuwashi-8D4A4507-3089-1683-171-171.JPG,0,Inuwashi
tool_bird_class_train/Inuwashi_Golden_Eagle/AAS1_inuwashi-8D4A4509-2599-2160-158-166.JPG,0,Inuwashi
tool_bird_class_train/Inuwashi_Golden_Eagle/AAS1_inuwashi-8D4A4511-2714-1621-140-175.JPG,0,Inuwashi
tool_bird_class_train/Inuwashi_Golden_Eagle/AAS1_inuwashi-8D4A4515-2656-1574-106-149.JPG,0,Inuwashi
tool_bird_class_train/Inuwashi_Golden_Eagle/AAS1_inuwashi-8D4A4516-2916-1561-103-142.JPG,0,Inuwashi
tool_bird_class_train/Inuwashi_Golden_Eagle/AAS1_inuwashi-8D4A4517-2304-1579-102-134.JPG,0,Inuwashi
tool_bird_class_train/Inuwashi_Golden_Eagle/AAS1_inuwashi-8D4A4518-2714-1738-260-97.JPG,0,Inuwashi
tool_bird_class_train/Inuwashi_Golden_Eagle/AAS1_inuwashi-8D4A4519-2640-1658-244-101.JPG,0,Inuwashi
tool_bird_class_train/Inuwashi_Golden_Eagle/AAS1_inuwashi-8D4A4520-2268-1878-238-97.JPG,0,Inuwashi
tool_bird_class_train/Inuwashi_Golden_Eagle/AAS1_inuwashi-8D4A4522-2525-1923-225-158.JPG,0,Inuwashi
tool_bird_class_train/Inuwashi_Golden_Eagle/AAS1_inuwashi-8D4A4523-2596-1955-222-156.JPG,0,Inuwashi
tool_bird_class_train/Inuwashi_Golden_Eagle/AAS1_inuwashi-8D4A4527-3037-1577-129-207.JPG,0,Inuwashi
tool_bird_class_train/Inuwashi_Golden_Eagle/AAS1_inuwashi-8D4A4529-2644-1260-119-211.JPG,0,Inuwashi
tool_bird_class_train/Inuwashi_Golden_Eagle/AAS1_inuwashi-8D4A4530-2301-1520-116-206.JPG,0,Inuwashi
tool_bird_class_train/Inuwashi_Golden_Eagle/AAS1_inuwashi-DSCr0575-2778-1863-246-190.JPG,0,Inuwashi
tool_bird_class_train/Inuwashi_Golden_Eagle/AAS1_inuwashi-DSCr0596-4695-540-487-287.JPG,0,Inuwashi
tool_bird_class_train/Inuwashi_Golden_Eagle/AAS1_inuwashi-DSCr0597-4853-1649-552-296.JPG,0,Inuwashi
tool_bird_class_train/Inuwashi_Golden_Eagle/AAS1_inuwashi-DSCr0598-4405-976-496-333.JPG,0,Inuwashi
tool_bird_class_train/Inuwashi_Golden_Eagle/AAS1_inuwashi-DSCr0601-3571-1822-318-517.JPG,0,Inuwashi
tool_bird_class_train/Inuwashi_Golden_Eagle/AAS1_inuwashi-DSCr0604-4148-1688-476-329.JPG,0,Inuwashi
tool_bird_class_train/Inuwashi_Golden_Eagle/AAS1_inuwashi-DSCr0607-4148-1404-493-281.JPG,0,Inuwashi
tool_bird_class_train/Inuwashi_Golden_Eagle/AAS1_inuwashi-DSCr0709rr2r-3304-2202-394-382.JPG,0,Inuwashi
tool_bird_class_train/Inuwashi_Golden_Eagle/AAS1_inuwashi-DSCr0711rr2r-2426-1755-434-357.JPG,0,Inuwashi
tool_bird_class_train/Inuwashi_Golden_Eagle/AAS1_inuwashi-DSCr0713rr2r-2511-1498-349-346.JPG,0,Inuwashi
tool_bird_class_train/Inuwashi_Golden_Eagle/AAS1_inuwashi-DSCr0714rr2r-2446-1801-385-281.JPG,0,Inuwashi
tool_bird_class_train/Inuwashi_Golden_Eagle/AAS1_inuwashi-DSCr0716-2836-1880-399-317.JPG,0,Inuwashi
tool_bird_class_train/Inuwashi_Golden_Eagle/AAS1_inuwashi-DSCr0717-3203-2471-334-216.JPG,0,Inuwashi
tool_bird_class_train/Inuwashi_Golden_Eagle/AAS1_inuwashi-DSCr0719-2216-1894-515-447.JPG,0,Inuwashi
tool_bird_class_train/Inuwashi_Golden_Eagle/AAS1_inuwashi-DSCr0723-2616-1561-346-502.JPG,0,Inuwashi
tool_bird_class_train/Inuwashi_Golden_Eagle/AAS1_inuwashi-DSCr0725-2835-1512-362-151.JPG,0,Inuwashi
tool_bird_class_train/Inuwashi_Golden_Eagle/AAS1_inuwashi-DSCr0726-2724-1767-370-401.JPG,0,Inuwashi
tool_bird_class_train/Inuwashi_Golden_Eagle/AAS1_inuwashi-DSCr0729-2400-1516-548-252.JPG,0,Inuwashi
tool_bird_class_train/Inuwashi_Golden_Eagle/AAS1_inuwashi-DSCr0730-3162-1962-421-382.JPG,0,Inuwashi
tool_bird_class_train/Inuwashi_Golden_Eagle/AAS1_inuwashi-DSCr0731-1599-1019-471-275.JPG,0,Inuwashi
tool_bird_class_train/Inuwashi_Golden_Eagle/AAS1_inuwashi-DSCr0732-2643-1111-404-313.JPG,0,Inuwashi
tool_bird_class_train/Inuwashi_Golden_Eagle/AAS1_inuwashi-DSCr0860-3731-2228-180-167.JPG,0,Inuwashi
tool_bird_class_train/Inuwashi_Golden_Eagle/AAS1_inuwashi-DSCr0861-3499-2033-164-181.JPG,0,Inuwashi
tool_bird_class_train/Inuwashi_Golden_Eagle/AAS1_inuwashi-DSCr0864-3809-1587-212-214.JPG,0,Inuwashi
tool_bird_class_train/Inuwashi_Golden_Eagle/AAS1_inuwashi-DSCr0865-3174-1711-154-142.JPG,0,Inuwashi
tool_bird_class_train/Inuwashi_Golden_Eagle/AAS1_inuwashi-DSCr0866-4013-2160-173-156.JPG,0,Inuwashi
tool_bird_class_train/Inuwashi_Golden_Eagle/AAS1_inuwashi-DSCr0867-3547-1918-173-219.JPG,0,Inuwashi
tool_bird_class_train/Inuwashi_Golden_Eagle/AAS1_inuwashi-DSCr0869-3030-1875-299-238.JPG,0,Inuwashi
tool_bird_class_train/Inuwashi_Golden_Eagle/AAS1_inuwashi-DSCr0870-2687-1592-149-141.JPG,0,Inuwashi
tool_bird_class_train/Inuwashi_Golden_Eagle/AAS1_inuwashi-DSCr0871-3495-1503-244-141.JPG,0,Inuwashi
tool_bird_class_train/Inuwashi_Golden_Eagle/AAS1_inuwashi-DSCr0873-2941-1409-154-136.JPG,0,Inuwashi
tool_bird_class_train/Inuwashi_Golden_Eagle/AAS1_inuwashi-DSCr0875-3427-2442-270-187.JPG,0,Inuwashi
tool_bird_class_train/Inuwashi_Golden_Eagle/AAS1_inuwashi-DSCr0876-3589-2348-226-209.JPG,0,Inuwashi
tool_bird_class_train/Inuwashi_Golden_Eagle/AAS1_inuwashi-DSCr0877-3283-2257-173-171.JPG,0,Inuwashi
tool_bird_class_train/Inuwashi_Golden_Eagle/AAS1_inuwashi-DSCr0878-3535-1649-262-159.JPG,0,Inuwashi
tool_bird_class_train/Inuwashi_Golden_Eagle/AAS1_inuwashi-DSCr0879-3528-1793-270-202.JPG,0,Inuwashi
tool_bird_class_train/Inuwashi_Golden_Eagle/AAS1_inuwashi-DSCr0880-3586-1879-392-223.JPG,0,Inuwashi
tool_bird_class_train/Inuwashi_Golden_Eagle/AAS1_inuwashi-DSCr0882-3221-2202-159-204.JPG,0,Inuwashi
tool_bird_class_train/Inuwashi_Golden_Eagle/AAS1_inuwashi-DSCr0883-3953-2017-205-234.JPG,0,Inuwashi
tool_bird_class_train/Inuwashi_Golden_Eagle/AAS1_inuwashi-DSCr0884-3319-1531-178-161.JPG,0,Inuwashi
tool_bird_class_train/Inuwashi_Golden_Eagle/AAS1_inuwashi-DSCr0885-3427-2010-270-223.JPG,0,Inuwashi
tool_bird_class_train/Inuwashi_Golden_Eagle/AAS1_inuwashi-DSCr0886-3535-2294-298-199.JPG,0,Inuwashi
tool_bird_class_train/Inuwashi_Golden_Eagle/AAS1_inuwashi-DSCr0891-3744-1803-308-213.JPG,0,Inuwashi
tool_bird_class_train/Inuwashi_Golden_Eagle/AAS1_inuwashi-DSCr0896-3930-1485-231-189.JPG,0,Inuwashi
tool_bird_class_train/Inuwashi_Golden_Eagle/AAS1_inuwashi-DSCr0897-3729-1735-173-142.JPG,0,Inuwashi
tool_bird_class_train/Inuwashi_Golden_Eagle/AAS1_inuwashi-DSCr0898-4003-2673-197-238.JPG,0,Inuwashi
tool_bird_class_train/Inuwashi_Golden_Eagle/AAS1_inuwashi-DSCr0922-3549-1556-202-151.JPG,0,Inuwashi
tool_bird_class_train/Inuwashi_Golden_Eagle/AAS1_inuwashi-DSCr0927-3892-1650-197-195.JPG,0,Inuwashi
tool_bird_class_train/Inuwashi_Golden_Eagle/AAS1_inuwashi-DSCr0930-3960-1704-193-212.JPG,0,Inuwashi
tool_bird_class_train/Inuwashi_Golden_Eagle/AAS1_inuwashi-DSCr0932-3358-1713-225-251.JPG,0,Inuwashi
tool_bird_class_train/Inuwashi_Golden_Eagle/AAS1_inuwashi-DSCr1432-2468-1395-358-288.JPG,0,Inuwashi
tool_bird_class_train/Inuwashi_Golden_Eagle/AAS1_inuwashi-DSCr1434-2673-1552-305-339.JPG,0,Inuwashi
tool_bird_class_train/Inuwashi_Golden_Eagle/AAS1_inuwashi-DSCr1435-2539-1495-280-329.JPG,0,Inuwashi
tool_bird_class_train/Inuwashi_Golden_Eagle/AAS1_inuwashi-DSCr1437-2770-1422-281-397.JPG,0,Inuwashi
tool_bird_class_train/Inuwashi_Golden_Eagle/AAS1_inuwashi-DSCr1438-2746-1469-434-359.JPG,0,Inuwashi
tool_bird_class_train/Inuwashi_Golden_Eagle/AAS1_inuwashi-DSCr1439-2798-1656-353-360.JPG,0,Inuwashi
tool_bird_class_train/Inuwashi_Golden_Eagle/AAS1_inuwashi-DSCr1441-2452-1421-310-225.JPG,0,Inuwashi
tool_bird_class_train/Inuwashi_Golden_Eagle/AAS1_inuwashi-DSCr1445-2673-1450-278-249.JPG,0,Inuwashi
tool_bird_class_train/Inuwashi_Golden_Eagle/AAS1_inuwashi-DSCr1446-2823-1414-304-253.JPG,0,Inuwashi
tool_bird_class_train/Inuwashi_Golden_Eagle/AAS1_inuwashi-DSCr1447-3072-1425-276-262.JPG,0,Inuwashi
tool_bird_class_train/Inuwashi_Golden_Eagle/AAS1_inuwashi-DSCr1449-2707-1455-363-273.JPG,0,Inuwashi
tool_bird_class_train/Inuwashi_Golden_Eagle/AAS1_inuwashi-DSCr1467-2898-1270-611-317.JPG,0,Inuwashi
tool_bird_class_train/Inuwashi_Golden_Eagle/AAS1_inuwashi-DSCr1468-2669-1209-607-320.JPG,0,Inuwashi
tool_bird_class_train/Inuwashi_Golden_Eagle/AAS1_inuwashi-DSCr1469-2650-1199-618-323.JPG,0,Inuwashi
tool_bird_class_train/Inuwashi_Golden_Eagle/AAS1_inuwashi-DSCr1472-2504-1263-758-362.JPG,0,Inuwashi
tool_bird_class_train/Inuwashi_Golden_Eagle/AAS1_inuwashi-DSCr1473-2421-1334-704-257.JPG,0,Inuwashi
tool_bird_class_train/Inuwashi_Golden_Eagle/AAS1_inuwashi-DSCr1474-2292-1504-694-220.JPG,0,Inuwashi
tool_bird_class_train/Inuwashi_Golden_Eagle/AAS1_inuwashi-DSCr1475-2478-1424-678-246.JPG,0,Inuwashi
tool_bird_class_train/Inuwashi_Golden_Eagle/AAS1_inuwashi-DSCr1476-2716-1576-671-202.JPG,0,Inuwashi
tool_bird_class_train/Inuwashi_Golden_Eagle/AAS1_inuwashi-DSCr1478-2380-1528-631-212.JPG,0,Inuwashi
tool_bird_class_train/Inuwashi_Golden_Eagle/AAS1_inuwashi-DSCr1480-2752-1765-671-283.JPG,0,Inuwashi
tool_bird_class_train/Inuwashi_Golden_Eagle/AAS1_inuwashi-DSCr1481-2701-1894-663-269.JPG,0,Inuwashi
tool_bird_class_train/Inuwashi_Golden_Eagle/AAS1_inuwashi-DSCr1527-498-566-416-550.JPG,0,Inuwashi
tool_bird_class_train/Inuwashi_Golden_Eagle/AAS1_inuwashi-DSCr1528-857-364-437-530.JPG,0,Inuwashi
tool_bird_class_train/Inuwashi_Golden_Eagle/AAS1_inuwashi-DSCr1529-905-152-335-524.JPG,0,Inuwashi
tool_bird_class_train/Inuwashi_Golden_Eagle/AAS1_inuwashi-DSCr1530-867-167-383-543.JPG,0,Inuwashi
tool_bird_class_train/Inuwashi_Golden_Eagle/AAS1_inuwashi-DSCr1531-527-293-354-530.JPG,0,Inuwashi
tool_bird_class_train/Inuwashi_Golden_Eagle/AAS1_inuwashi-DSCr1532-247-330-392-556.JPG,0,Inuwashi
tool_bird_class_train/Inuwashi_Golden_Eagle/AAS1_inuwashi-DSCr1563-549-906-766-427.JPG,0,Inuwashi
tool_bird_class_train/Inuwashi_Golden_Eagle/AAS1_inuwashi-DSCr1565-473-598-607-457.JPG,0,Inuwashi
tool_bird_class_train/Inuwashi_Golden_Eagle/AAS1_inuwashi-DSCr1566-610-421-620-511.JPG,0,Inuwashi
tool_bird_class_train/Inuwashi_Golden_Eagle/AAS1_inuwashi-DSCr1567-905-319-588-562.JPG,0,Inuwashi
tool_bird_class_train/Inuwashi_Golden_Eagle/AAS1_inuwashi-DSCr1568-1092-186-564-599.JPG,0,Inuwashi
tool_bird_class_train/Inuwashi_Golden_Eagle/AAS1_inuwashi-DSCr1570-1498-181-457-607.JPG,0,Inuwashi
tool_bird_class_train/Inuwashi_Golden_Eagle/AAS1_inuwashi-DSCr1571-1515-133-476-648.JPG,0,Inuwashi
tool_bird_class_train/Inuwashi_Golden_Eagle/AAS1_inuwashi-DSCr1572-1293-146-389-665.JPG,0,Inuwashi
tool_bird_class_train/Inuwashi_Golden_Eagle/AAS1_inuwashi-DSCr1573-1264-211-414-663.JPG,0,Inuwashi
tool_bird_class_train/Inuwashi_Golden_Eagle/AAS1_inuwashi-DSCr1575-963-338-444-674.JPG,0,Inuwashi
tool_bird_class_train/Inuwashi_Golden_Eagle/AAS1_inuwashi-DSCr1578-1150-359-708-570.JPG,0,Inuwashi
tool_bird_class_train/Inuwashi_Golden_Eagle/AAS1_inuwashi-DSCr1579-646-335-708-571.JPG,0,Inuwashi
tool_bird_class_train/Inuwashi_Golden_Eagle/AAS1_inuwashi-DSCr1580-583-477-627-466.JPG,0,Inuwashi
tool_bird_class_train/Inuwashi_Golden_Eagle/AAS1_inuwashi-DSCr1582-735-620-592-489.JPG,0,Inuwashi
tool_bird_class_train/Inuwashi_Golden_Eagle/AAS1_inuwashi-DSCr1583-687-514-639-537.JPG,0,Inuwashi
tool_bird_class_train/Inuwashi_Golden_Eagle/AAS1_inuwashi-DSCr1585-809-583-562-437.JPG,0,Inuwashi
tool_bird_class_train/Inuwashi_Golden_Eagle/AAS1_inuwashi-DSCr1586-738-588-546-518.JPG,0,Inuwashi
tool_bird_class_train/Inuwashi_Golden_Eagle/AAS1_inuwashi-DSCr1587-852-528-497-475.JPG,0,Inuwashi
tool_bird_class_train/Inuwashi_Golden_Eagle/AAS1_inuwashi-DSCr1590-1104-386-434-450.JPG,0,Inuwashi
tool_bird_class_train/Inuwashi_Golden_Eagle/AAS1_inuwashi-DSCr1665-1708-1102-486-275.JPG,0,Inuwashi
tool_bird_class_train/Inuwashi_Golden_Eagle/AAS1_inuwashi-DSCr1666-2502-1457-228-153.JPG,0,Inuwashi
tool_bird_class_train/Inuwashi_Golden_Eagle/AAS1_inuwashi-DSCr1666rr2r-1773-1161-527-294.JPG,0,Inuwashi
tool_bird_class_train/Inuwashi_Golden_Eagle/AAS1_inuwashi-DSCr1668rr2r-1473-1153-499-318.JPG,0,Inuwashi
tool_bird_class_train/Inuwashi_Golden_Eagle/AAS1_inuwashi-DSCr1669-2385-1436-145-114.JPG,0,Inuwashi
tool_bird_class_train/Inuwashi_Golden_Eagle/AAS1_inuwashi-DSCr1670-2528-1389-155-101.JPG,0,Inuwashi
tool_bird_class_train/Inuwashi_Golden_Eagle/AAS1_inuwashi-DSCr1670rr2r-1197-1148-428-246.JPG,0,Inuwashi
tool_bird_class_train/Inuwashi_Golden_Eagle/AAS1_inuwashi-DSCr1671-2628-1373-156-130.JPG,0,Inuwashi
tool_bird_class_train/Inuwashi_Golden_Eagle/AAS1_inuwashi-DSCr1671rr2r-888-1088-399-264.JPG,0,Inuwashi
tool_bird_class_train/Inuwashi_Golden_Eagle/AAS1_inuwashi-DSCr1672-2400-1632-121-116.JPG,0,Inuwashi
tool_bird_class_train/Inuwashi_Golden_Eagle/AAS1_inuwashi-DSCr1673rr2r-771-1098-371-231.JPG,0,Inuwashi
tool_bird_class_train/Inuwashi_Golden_Eagle/AAS1_inuwashi-DSCr1676-1736-1109-363-492.JPG,0,Inuwashi
tool_bird_class_train/Inuwashi_Golden_Eagle/AAS1_inuwashi-DSCr1677-1981-1352-396-491.JPG,0,Inuwashi
tool_bird_class_train/Inuwashi_Golden_Eagle/AAS1_inuwashi-DSCr1678-2178-1422-376-425.JPG,0,Inuwashi
tool_bird_class_train/Inuwashi_Golden_Eagle/AAS1_inuwashi-DSCr1683-963-1348-377-220.JPG,0,Inuwashi
tool_bird_class_train/Inuwashi_Golden_Eagle/AAS1_inuwashi-DSCr1684-617-1347-399-249.JPG,0,Inuwashi
tool_bird_class_train/Inuwashi_Golden_Eagle/AAS1_inuwashi-DSCr1685-328-1411-473-240.JPG,0,Inuwashi
tool_bird_class_train/Inuwashi_Golden_Eagle/AAS1_inuwashi-DSCr1686-230-1496-422-232.JPG,0,Inuwashi
tool_bird_class_train/Inuwashi_Golden_Eagle/AAS1_inuwashi-DSCr1688-992-1539-466-205.JPG,0,Inuwashi
tool_bird_class_train/Inuwashi_Golden_Eagle/AAS1_inuwashi-DSCr1689-1072-1501-476-236.JPG,0,Inuwashi
tool_bird_class_train/Inuwashi_Golden_Eagle/AAS1_inuwashi-DSCr1690-900-1483-569-331.JPG,0,Inuwashi
tool_bird_class_train/Inuwashi_Golden_Eagle/AAS1_inuwashi-DSCr1691-854-1463-444-216.JPG,0,Inuwashi
tool_bird_class_train/Inuwashi_Golden_Eagle/AAS1_inuwashi-DSCr1692-732-1484-469-205.JPG,0,Inuwashi
tool_bird_class_train/Inuwashi_Golden_Eagle/AAS1_inuwashi-DSCr1694-799-1459-402-203.JPG,0,Inuwashi
tool_bird_class_train/Inuwashi_Golden_Eagle/AAS1_inuwashi-DSCr1695-1501-1373-473-256.JPG,0,Inuwashi
tool_bird_class_train/Inuwashi_Golden_Eagle/AAS1_inuwashi-DSCr1696-1866-1363-385-232.JPG,0,Inuwashi
tool_bird_class_train/Inuwashi_Golden_Eagle/AAS1_inuwashi-DSCr1813-3277-1871-152-149.JPG,0,Inuwashi
tool_bird_class_train/Inuwashi_Golden_Eagle/AAS1_inuwashi-DSCr1814-3322-1690-218-118.JPG,0,Inuwashi
tool_bird_class_train/Inuwashi_Golden_Eagle/AAS1_inuwashi-DSCr1815-2049-1210-216-177.JPG,0,Inuwashi
tool_bird_class_train/Inuwashi_Golden_Eagle/AAS1_inuwashi-DSCr1816-2080-1437-220-159.JPG,0,Inuwashi
tool_bird_class_train/Inuwashi_Golden_Eagle/AAS1_inuwashi-DSCr1818-2382-1490-199-128.JPG,0,Inuwashi
tool_bird_class_train/Inuwashi_Golden_Eagle/AAS1_inuwashi-DSCr1819-2436-1491-192-140.JPG,0,Inuwashi
tool_bird_class_train/Inuwashi_Golden_Eagle/AAS1_inuwashi-DSCr1820-2827-1564-209-192.JPG,0,Inuwashi
tool_bird_class_train/Inuwashi_Golden_Eagle/AAS1_inuwashi-DSCr1822-1889-1643-220-142.JPG,0,Inuwashi
tool_bird_class_train/Inuwashi_Golden_Eagle/AAS1_inuwashi-DSCr1823-1904-1545-166-197.JPG,0,Inuwashi
tool_bird_class_train/Inuwashi_Golden_Eagle/AAS1_inuwashi-DSCr1824-1936-1503-213-198.JPG,0,Inuwashi
tool_bird_class_train/Inuwashi_Golden_Eagle/AAS1_inuwashi-DSCr1825-1904-1554-258-224.JPG,0,Inuwashi
tool_bird_class_train/Inuwashi_Golden_Eagle/AAS1_inuwashi-DSCr1827-3040-1384-189-170.JPG,0,Inuwashi
tool_bird_class_train/Inuwashi_Golden_Eagle/AAS1_inuwashi-DSCr1828-3279-1466-216-190.JPG,0,Inuwashi
tool_bird_class_train/Inuwashi_Golden_Eagle/AAS1_inuwashi-DSCr1829-2269-1314-206-137.JPG,0,Inuwashi
tool_bird_class_train/Inuwashi_Golden_Eagle/AAS1_inuwashi-DSCr1830-2359-1283-229-188.JPG,0,Inuwashi
tool_bird_class_train/Inuwashi_Golden_Eagle/AAS1_inuwashi-DSCr1833-2367-2247-282-161.JPG,0,Inuwashi
tool_bird_class_train/Inuwashi_Golden_Eagle/AAS1_inuwashi-DSCr1834-1882-1954-235-211.JPG,0,Inuwashi
tool_bird_class_train/Inuwashi_Golden_Eagle/AAS1_inuwashi-DSCr1837-1647-1733-136-174.JPG,0,Inuwashi
tool_bird_class_train/Inuwashi_Golden_Eagle/AAS1_inuwashi-DSCr1838-1462-1654-226-228.JPG,0,Inuwashi
tool_bird_class_train/Inuwashi_Golden_Eagle/AAS1_inuwashi-DSCr1839-2852-1243-150-235.JPG,0,Inuwashi
tool_bird_class_train/Inuwashi_Golden_Eagle/AAS1_inuwashi-DSCr1840-1619-1724-181-227.JPG,0,Inuwashi
tool_bird_class_train/Inuwashi_Golden_Eagle/AAS1_inuwashi-DSCr1841-1614-1790-123-234.JPG,0,Inuwashi
tool_bird_class_train/Inuwashi_Golden_Eagle/AAS1_inuwashi-DSCr1843-1843-1744-171-188.JPG,0,Inuwashi
tool_bird_class_train/Inuwashi_Golden_Eagle/AAS1_inuwashi-DSCr1844-2975-1366-171-148.JPG,0,Inuwashi
tool_bird_class_train/Inuwashi_Golden_Eagle/AAS1_inuwashi-DSCr1845-2855-1790-189-114.JPG,0,Inuwashi
tool_bird_class_train/Inuwashi_Golden_Eagle/AAS1_inuwashi-DSCr1846-3013-1603-225-105.JPG,0,Inuwashi
tool_bird_class_train/Inuwashi_Golden_Eagle/AAS1_inuwashi-DSCr1848-3365-1216-203-139.JPG,0,Inuwashi
tool_bird_class_train/Inuwashi_Golden_Eagle/AAS1_inuwashi-DSCr1849-3589-937-239-171.JPG,0,Inuwashi
tool_bird_class_train/Inuwashi_Golden_Eagle/AAS1_inuwashi-DSCr1851-2871-1869-252-169.JPG,0,Inuwashi
tool_bird_class_train/Inuwashi_Golden_Eagle/AAS1_inuwashi-DSCr1852-3016-1818-215-156.JPG,0,Inuwashi
tool_bird_class_train/Inuwashi_Golden_Eagle/AAS1_inuwashi-DSCr1853-3059-1777-216-127.JPG,0,Inuwashi
tool_bird_class_train/Inuwashi_Golden_Eagle/AAS1_inuwashi-DSCr1854-2862-982-200-239.JPG,0,Inuwashi
tool_bird_class_train/Inuwashi_Golden_Eagle/AAS1_inuwashi-DSCr1855-3014-713-135-193.JPG,0,Inuwashi
tool_bird_class_train/Inuwashi_Golden_Eagle/AAS1_inuwashi-DSCr1859-2899-1482-239-177.JPG,0,Inuwashi
tool_bird_class_train/Inuwashi_Golden_Eagle/AAS1_inuwashi-DSCr1861-2225-1284-170-197.JPG,0,Inuwashi
tool_bird_class_train/Inuwashi_Golden_Eagle/AAS1_inuwashi-DSCr1863-2297-1304-169-203.JPG,0,Inuwashi
tool_bird_class_train/Inuwashi_Golden_Eagle/AAS1_inuwashi-DSCr1865-2139-1241-154-198.JPG,0,Inuwashi
tool_bird_class_train/Inuwashi_Golden_Eagle/AAS1_inuwashi-DSCr1866-1910-1361-189-242.JPG,0,Inuwashi
tool_bird_class_train/Inuwashi_Golden_Eagle/AAS1_inuwashi-DSCr1867-3758-1660-201-153.JPG,0,Inuwashi
tool_bird_class_train/Inuwashi_Golden_Eagle/AAS1_inuwashi-DSCr1868-3993-1664-220-166.JPG,0,Inuwashi
tool_bird_class_train/Inuwashi_Golden_Eagle/AAS1_inuwashi-DSCr1869-1022-1928-286-204.JPG,0,Inuwashi
tool_bird_class_train/Inuwashi_Golden_Eagle/AAS1_inuwashi-DSCr1870-1137-1995-258-224.JPG,0,Inuwashi
tool_bird_class_train/Inuwashi_Golden_Eagle/AAS1_inuwashi-DSCr1871-1512-2139-301-224.JPG,0,Inuwashi
tool_bird_class_train/Inuwashi_Golden_Eagle/AAS1_inuwashi-DSCr1872-2068-1394-248-288.JPG,0,Inuwashi
tool_bird_class_train/Inuwashi_Golden_Eagle/AAS1_inuwashi-DSCr1875-2398-1375-229-288.JPG,0,Inuwashi
tool_bird_class_train/Inuwashi_Golden_Eagle/AAS1_inuwashi-DSCr1876-2279-1601-181-214.JPG,0,Inuwashi
tool_bird_class_train/Inuwashi_Golden_Eagle/AAS1_inuwashi-DSCr1878-2183-1529-187-195.JPG,0,Inuwashi
tool_bird_class_train/Inuwashi_Golden_Eagle/AAS1_inuwashi-DSCr1879-2156-1274-176-248.JPG,0,Inuwashi
tool_bird_class_train/Inuwashi_Golden_Eagle/AAS1_inuwashi-DSCr1880-2237-1260-190-218.JPG,0,Inuwashi
tool_bird_class_train/Inuwashi_Golden_Eagle/AAS1_inuwashi-DSCr1881-2117-1109-250-237.JPG,0,Inuwashi
tool_bird_class_train/Inuwashi_Golden_Eagle/AAS1_inuwashi-DSCr1882-2096-1181-250-237.JPG,0,Inuwashi
tool_bird_class_train/Inuwashi_Golden_Eagle/AAS1_inuwashi-DSCr2273-1727-1862-280-240.JPG,0,Inuwashi
tool_bird_class_train/Inuwashi_Golden_Eagle/AAS1_inuwashi-DSCr2274-1953-1800-328-273.JPG,0,Inuwashi
tool_bird_class_train/Inuwashi_Golden_Eagle/AAS1_inuwashi-DSCr2275-2058-1689-324-317.JPG,0,Inuwashi
tool_bird_class_train/Inuwashi_Golden_Eagle/AAS1_inuwashi-DSCr2276-1861-1526-405-336.JPG,0,Inuwashi
tool_bird_class_train/Inuwashi_Golden_Eagle/AAS1_inuwashi-DSCr2277-1787-1598-410-324.JPG,0,Inuwashi
tool_bird_class_train/Inuwashi_Golden_Eagle/AAS1_inuwashi-DSCr2278-2003-1598-439-266.JPG,0,Inuwashi
tool_bird_class_train/Inuwashi_Golden_Eagle/AAS1_inuwashi-DSCr2279-2490-1666-392-331.JPG,0,Inuwashi
tool_bird_class_train/Inuwashi_Golden_Eagle/AAS1_inuwashi-DSCr2280-2144-1815-392-258.JPG,0,Inuwashi
tool_bird_class_train/Inuwashi_Golden_Eagle/AAS1_inuwashi-DSCr2324-1828-1873-564-335.JPG,0,Inuwashi
tool_bird_class_train/Inuwashi_Golden_Eagle/AAS1_inuwashi-DSCr2326-2001-1421-545-407.JPG,0,Inuwashi
tool_bird_class_train/Inuwashi_Golden_Eagle/AAS1_inuwashi-DSCr2328-155-806-295-239.JPG,0,Inuwashi
tool_bird_class_train/Inuwashi_Golden_Eagle/AAS1_inuwashi-DSCr2329-602-868-228-167.JPG,0,Inuwashi
tool_bird_class_train/Inuwashi_Golden_Eagle/AAS1_inuwashi-DSCr2330-850-770-237-200.JPG,0,Inuwashi
tool_bird_class_train/Inuwashi_Golden_Eagle/AAS1_inuwashi-DSCr2333-2302-496-405-421.JPG,0,Inuwashi
tool_bird_class_train/Inuwashi_Golden_Eagle/AAS1_inuwashi-DSCr2336-1462-409-397-410.JPG,0,Inuwashi
tool_bird_class_train/Inuwashi_Golden_Eagle/AAS1_inuwashi-DSCr2377-2308-1306-286-458.JPG,0,Inuwashi
tool_bird_class_train/Inuwashi_Golden_Eagle/AAS1_inuwashi-DSCr2378-1758-1332-331-396.JPG,0,Inuwashi
tool_bird_class_train/Inuwashi_Golden_Eagle/AAS1_inuwashi-DSCr2379-1599-1145-303-417.JPG,0,Inuwashi
tool_bird_class_train/Inuwashi_Golden_Eagle/AAS1_inuwashi-DSCr2380-2001-1145-351-413.JPG,0,Inuwashi
tool_bird_class_train/Inuwashi_Golden_Eagle/AAS1_inuwashi-DSCr2383-2082-1008-469-374.JPG,0,Inuwashi
tool_bird_class_train/Inuwashi_Golden_Eagle/AAS1_inuwashi-DSCr2384-1953-1043-413-331.JPG,0,Inuwashi
tool_bird_class_train/Inuwashi_Golden_Eagle/AAS1_inuwashi-DSCr2385-1727-1099-382-297.JPG,0,Inuwashi
tool_bird_class_train/Inuwashi_Golden_Eagle/AAS1_inuwashi-DSCr2430-1895-691-316-453.JPG,0,Inuwashi
tool_bird_class_train/Inuwashi_Golden_Eagle/AAS1_inuwashi-DSCr2431-1808-695-328-441.JPG,0,Inuwashi
tool_bird_class_train/Inuwashi_Golden_Eagle/AAS1_inuwashi-DSCr2675-2227-1916-353-287.JPG,0,Inuwashi
tool_bird_class_train/Inuwashi_Golden_Eagle/AAS1_inuwashi-DSCr2677-2289-1946-255-201.JPG,0,Inuwashi
tool_bird_class_train/Inuwashi_Golden_Eagle/AAS1_inuwashi-DSCr2678-1981-1779-267-273.JPG,0,Inuwashi
tool_bird_class_train/Inuwashi_Golden_Eagle/AAS1_inuwashi-DSCr2679-2082-1563-296-208.JPG,0,Inuwashi
tool_bird_class_train/Inuwashi_Golden_Eagle/AAS1_inuwashi-DSCr2680-2592-1604-290-196.JPG,0,Inuwashi
tool_bird_class_train/Inuwashi_Golden_Eagle/AAS1_inuwashi-DSCr2683-2907-1533-294-198.JPG,0,Inuwashi
tool_bird_class_train/Inuwashi_Golden_Eagle/AAS1_inuwashi-DSCr2684-3128-1588-392-248.JPG,0,Inuwashi
tool_bird_class_train/Inuwashi_Golden_Eagle/AAS1_inuwashi-DSCr2685-2919-1671-217-133.JPG,0,Inuwashi
tool_bird_class_train/Inuwashi_Golden_Eagle/AAS1_inuwashi-DSCr2686-2917-1756-233-132.JPG,0,Inuwashi
tool_bird_class_train/Inuwashi_Golden_Eagle/AAS1_inuwashi-DSCr2689-2789-1113-247-225.JPG,0,Inuwashi
tool_bird_class_train/Inuwashi_Golden_Eagle/AAS1_inuwashi-DSCr2690-2524-1248-219-201.JPG,0,Inuwashi
tool_bird_class_train/Inuwashi_Golden_Eagle/AAS1_inuwashi-DSCr2692-3168-815-252-192.JPG,0,Inuwashi
tool_bird_class_train/Inuwashi_Golden_Eagle/AAS1_inuwashi-DSCr2693-3243-481-324-230.JPG,0,Inuwashi
tool_bird_class_train/Inuwashi_Golden_Eagle/AAS1_inuwashi-DSCr2694-2140-693-211-120.JPG,0,Inuwashi
tool_bird_class_train/Inuwashi_Golden_Eagle/AAS1_inuwashi-DSCr2695-2825-1044-245-172.JPG,0,Inuwashi
tool_bird_class_train/Inuwashi_Golden_Eagle/AAS1_inuwashi-DSCr2696-3373-1419-273-150.JPG,0,Inuwashi
tool_bird_class_train/Inuwashi_Golden_Eagle/AAS1_inuwashi-DSCr2698-3048-1707-288-183.JPG,0,Inuwashi
tool_bird_class_train/Inuwashi_Golden_Eagle/AAS1_inuwashi-DSCr2699-2789-1620-216-165.JPG,0,Inuwashi
tool_bird_class_train/Inuwashi_Golden_Eagle/AAS1_inuwashi-DSCr3190-2849-2229-254-183.JPG,0,Inuwashi
tool_bird_class_train/Inuwashi_Golden_Eagle/AAS1_inuwashi-DSCr3191-2764-1541-241-180.JPG,0,Inuwashi
tool_bird_class_train/Inuwashi_Golden_Eagle/AAS1_inuwashi-DSCr3192-2701-1923-255-204.JPG,0,Inuwashi
tool_bird_class_train/Inuwashi_Golden_Eagle/AAS1_inuwashi-DSCr3193-2908-2107-199-148.JPG,0,Inuwashi
tool_bird_class_train/Inuwashi_Golden_Eagle/AAS1_inuwashi-DSCr3194-2872-1613-248-159.JPG,0,Inuwashi
tool_bird_class_train/Inuwashi_Golden_Eagle/AAS1_inuwashi-DSCr3196-2576-1800-169-123.JPG,0,Inuwashi
tool_bird_class_train/Inuwashi_Golden_Eagle/AAS1_inuwashi-DSCr3197-4018-1664-212-173.JPG,0,Inuwashi
tool_bird_class_train/Inuwashi_Golden_Eagle/AAS1_inuwashi-DSCr3199-2540-2139-234-137.JPG,0,Inuwashi
tool_bird_class_train/Inuwashi_Golden_Eagle/AAS1_inuwashi-DSCr3200-2624-2245-231-156.JPG,0,Inuwashi
tool_bird_class_train/Inuwashi_Golden_Eagle/AAS1_inuwashi-DSCr3201-2893-2029-217-185.JPG,0,Inuwashi
tool_bird_class_train/Inuwashi_Golden_Eagle/AAS1_inuwashi-DSCr3203-2634-1866-250-180.JPG,0,Inuwashi
tool_bird_class_train/Inuwashi_Golden_Eagle/AAS1_inuwashi-DSCr3206-2908-1738-231-199.JPG,0,Inuwashi
tool_bird_class_train/Inuwashi_Golden_Eagle/AAS1_inuwashi-DSCr3207-3108-2088-154-119.JPG,0,Inuwashi
tool_bird_class_train/Inuwashi_Golden_Eagle/AAS1_inuwashi-DSCr3210-3069-1527-120-123.JPG,0,Inuwashi
tool_bird_class_train/Inuwashi_Golden_Eagle/AAS1_inuwashi-DSCr3214-3257-2469-194-130.JPG,0,Inuwashi
tool_bird_class_train/Inuwashi_Golden_Eagle/AAS1_inuwashi-DSCr3215-2432-1473-212-174.JPG,0,Inuwashi
tool_bird_class_train/Inuwashi_Golden_Eagle/AAS1_inuwashi-DSCr3216-2547-1770-183-131.JPG,0,Inuwashi
tool_bird_class_train/Inuwashi_Golden_Eagle/AAS1_inuwashi-DSCr3218-2832-2207-126-138.JPG,0,Inuwashi
tool_bird_class_train/Inuwashi_Golden_Eagle/AAS1_inuwashi-DSCr3219-2634-1376-183-208.JPG,0,Inuwashi
tool_bird_class_train/Inuwashi_Golden_Eagle/AAS1_inuwashi-DSCr3248-1852-1868-372-268.JPG,0,Inuwashi
tool_bird_class_train/Inuwashi_Golden_Eagle/AAS1_inuwashi-DSCr3249-2164-1940-358-302.JPG,0,Inuwashi
tool_bird_class_train/Inuwashi_Golden_Eagle/AAS1_inuwashi-DSCr3250-2279-1853-291-240.JPG,0,Inuwashi
tool_bird_class_train/Inuwashi_Golden_Eagle/AAS1_inuwashi-DSCr3251-2190-1783-287-204.JPG,0,Inuwashi
tool_bird_class_train/Inuwashi_Golden_Eagle/AAS1_inuwashi-DSCr3252-1981-1704-231-261.JPG,0,Inuwashi
tool_bird_class_train/Inuwashi_Golden_Eagle/AAS1_inuwashi-DSCr3253-1852-1678-338-302.JPG,0,Inuwashi
tool_bird_class_train/Inuwashi_Golden_Eagle/AAS1_inuwashi-DSCr3254-1369-1512-360-252.JPG,0,Inuwashi
tool_bird_class_train/Inuwashi_Golden_Eagle/AAS1_inuwashi-DSCr3255-1603-1418-367-258.JPG,0,Inuwashi
tool_bird_class_train/Inuwashi_Golden_Eagle/AAS1_inuwashi-DSCr3256-1472-1484-386-256.JPG,0,Inuwashi
tool_bird_class_train/Inuwashi_Golden_Eagle/AAS1_inuwashi-DSCr3257-1222-1517-449-249.JPG,0,Inuwashi
tool_bird_class_train/Inuwashi_Golden_Eagle/AAS1_inuwashi-DSCr3258-1117-1503-449-225.JPG,0,Inuwashi
tool_bird_class_train/Inuwashi_Golden_Eagle/AAS1_inuwashi-DSCr3259-1068-1690-516-230.JPG,0,Inuwashi
tool_bird_class_train/Inuwashi_Golden_Eagle/AAS1_inuwashi-DSCr3260-1506-1651-492-163.JPG,0,Inuwashi
tool_bird_class_train/Inuwashi_Golden_Eagle/AAS1_inuwashi-DSCr3261-1395-1891-261-192.JPG,0,Inuwashi
tool_bird_class_train/Inuwashi_Golden_Eagle/AAS1_inuwashi-DSCr3262-1241-1843-232-182.JPG,0,Inuwashi
tool_bird_class_train/Inuwashi_Golden_Eagle/AAS1_inuwashi-DSCr3264-1400-1869-358-244.JPG,0,Inuwashi
tool_bird_class_train/Inuwashi_Golden_Eagle/AAS1_inuwashi-DSCr3322-2063-1420-228-187.JPG,0,Inuwashi
tool_bird_class_train/Inuwashi_Golden_Eagle/AAS1_inuwashi-DSCr3323-1813-1659-200-160.JPG,0,Inuwashi
tool_bird_class_train/Inuwashi_Golden_Eagle/AAS1_inuwashi-DSCr3324-1708-1387-271-201.JPG,0,Inuwashi
tool_bird_class_train/Inuwashi_Golden_Eagle/AAS1_inuwashi-DSCr3325-1727-1492-266-216.JPG,0,Inuwashi
tool_bird_class_train/Inuwashi_Golden_Eagle/AAS1_inuwashi-DSCr3326-1736-1432-281-274.JPG,0,Inuwashi
tool_bird_class_train/Inuwashi_Golden_Eagle/AAS1_inuwashi-DSCr3327-1831-1430-271-240.JPG,0,Inuwashi
tool_bird_class_train/Inuwashi_Golden_Eagle/AAS1_inuwashi-DSCr3328-1994-1431-228-213.JPG,0,Inuwashi
tool_bird_class_train/Inuwashi_Golden_Eagle/AAS1_inuwashi-DSCr3329-1424-1382-300-249.JPG,0,Inuwashi
tool_bird_class_train/Inuwashi_Golden_Eagle/AAS1_inuwashi-DSCr3330-3033-906-253-324.JPG,0,Inuwashi
tool_bird_class_train/Inuwashi_Golden_Eagle/AAS1_inuwashi-DSCr3332-2667-957-167-226.JPG,0,Inuwashi
tool_bird_class_train/Inuwashi_Golden_Eagle/AAS1_inuwashi-DSCr3333-2632-947-175-249.JPG,0,Inuwashi
tool_bird_class_train/Inuwashi_Golden_Eagle/AAS1_inuwashi-DSCr3334-2688-914-209-287.JPG,0,Inuwashi
tool_bird_class_train/Inuwashi_Golden_Eagle/AAS1_inuwashi-DSCr3340-3279-1476-468-300.JPG,0,Inuwashi
tool_bird_class_train/Inuwashi_Golden_Eagle/AAS1_inuwashi-DSCr3341-3279-1469-329-244.JPG,0,Inuwashi
tool_bird_class_train/Inuwashi_Golden_Eagle/AAS1_inuwashi-DSCr3342-3289-1395-309-262.JPG,0,Inuwashi
tool_bird_class_train/Inuwashi_Golden_Eagle/AAS1_inuwashi-DSCr3345-3311-1475-351-230.JPG,0,Inuwashi
tool_bird_class_train/Inuwashi_Golden_Eagle/AAS1_inuwashi-DSCr3346-3329-1476-332-208.JPG,0,Inuwashi
tool_bird_class_train/Inuwashi_Golden_Eagle/AAS1_inuwashi-DSCr3347-3423-1522-310-201.JPG,0,Inuwashi
tool_bird_class_train/Inuwashi_Golden_Eagle/AAS1_inuwashi-DSCr3348-3430-1541-368-237.JPG,0,Inuwashi
tool_bird_class_train/Inuwashi_Golden_Eagle/BIRDS525/001.jpg,0,Inuwashi
tool_bird_class_train/Inuwashi_Golden_Eagle/BIRDS525/005.jpg,0,Inuwashi
tool_bird_class_train/Inuwashi_Golden_Eagle/BIRDS525/006.jpg,0,Inuwashi
tool_bird_class_train/Inuwashi_Golden_Eagle/BIRDS525/009.jpg,0,Inuwashi
tool_bird_class_train/Inuwashi_Golden_Eagle/BIRDS525/011.jpg,0,Inuwashi
tool_bird_class_train/Inuwashi_Golden_Eagle/BIRDS525/012.jpg,0,Inuwashi
tool_bird_class_train/Inuwashi_Golden_Eagle/BIRDS525/013.jpg,0,Inuwashi
tool_bird_class_train/Inuwashi_Golden_Eagle/BIRDS525/015.jpg,0,Inuwashi
tool_bird_class_train/Inuwashi_Golden_Eagle/BIRDS525/017.jpg,0,Inuwashi
tool_bird_class_train/Inuwashi_Golden_Eagle/BIRDS525/018.jpg,0,Inuwashi
tool_bird_class_train/Inuwashi_Golden_Eagle/BIRDS525/020.jpg,0,Inuwashi
tool_bird_class_train/Inuwashi_Golden_Eagle/BIRDS525/028.jpg,0,Inuwashi
tool_bird_class_train/Inuwashi_Golden_Eagle/BIRDS525/031.jpg,0,Inuwashi
tool_bird_class_train/Inuwashi_Golden_Eagle/BIRDS525/034.jpg,0,Inuwashi
tool_bird_class_train/Inuwashi_Golden_Eagle/BIRDS525/038.jpg,0,Inuwashi
tool_bird_class_train/Inuwashi_Golden_Eagle/BIRDS525/039.jpg,0,Inuwashi
tool_bird_class_train/Inuwashi_Golden_Eagle/BIRDS525/043.jpg,0,Inuwashi
tool_bird_class_train/Inuwashi_Golden_Eagle/BIRDS525/049.jpg,0,Inuwashi
tool_bird_class_train/Inuwashi_Golden_Eagle/BIRDS525/050.jpg,0,Inuwashi
tool_bird_class_train/Inuwashi_Golden_Eagle/BIRDS525/053.jpg,0,Inuwashi
tool_bird_class_train/Inuwashi_Golden_Eagle/BIRDS525/055.jpg,0,Inuwashi
tool_bird_class_train/Inuwashi_Golden_Eagle/BIRDS525/056.jpg,0,Inuwashi
tool_bird_class_train/Inuwashi_Golden_Eagle/BIRDS525/057.jpg,0,Inuwashi
tool_bird_class_train/Inuwashi_Golden_Eagle/BIRDS525/059.jpg,0,Inuwashi
tool_bird_class_train/Inuwashi_Golden_Eagle/BIRDS525/063.jpg,0,Inuwashi
tool_bird_class_train/Inuwashi_Golden_Eagle/BIRDS525/067.jpg,0,Inuwashi
tool_bird_class_train/Inuwashi_Golden_Eagle/BIRDS525/069.jpg,0,Inuwashi
tool_bird_class_train/Inuwashi_Golden_Eagle/BIRDS525/073.jpg,0,Inuwashi
tool_bird_class_train/Inuwashi_Golden_Eagle/BIRDS525/075.jpg,0,Inuwashi
tool_bird_class_train/Inuwashi_Golden_Eagle/BIRDS525/077.jpg,0,Inuwashi
tool_bird_class_train/Inuwashi_Golden_Eagle/BIRDS525/079.jpg,0,Inuwashi
tool_bird_class_train/Inuwashi_Golden_Eagle/BIRDS525/080.jpg,0,Inuwashi
tool_bird_class_train/Inuwashi_Golden_Eagle/BIRDS525/084.jpg,0,Inuwashi
tool_bird_class_train/Inuwashi_Golden_Eagle/BIRDS525/087.jpg,0,Inuwashi
tool_bird_class_train/Inuwashi_Golden_Eagle/BIRDS525/090.jpg,0,Inuwashi
tool_bird_class_train/Inuwashi_Golden_Eagle/BIRDS525/091.jpg,0,Inuwashi
tool_bird_class_train/Inuwashi_Golden_Eagle/BIRDS525/092.jpg,0,Inuwashi
tool_bird_class_train/Inuwashi_Golden_Eagle/BIRDS525/096.jpg,0,Inuwashi
tool_bird_class_train/Inuwashi_Golden_Eagle/BIRDS525/100.jpg,0,Inuwashi
tool_bird_class_train/Inuwashi_Golden_Eagle/BIRDS525/105.jpg,0,Inuwashi
tool_bird_class_train/Inuwashi_Golden_Eagle/BIRDS525/114.jpg,0,Inuwashi
tool_bird_class_train/Inuwashi_Golden_Eagle/BIRDS525/119.jpg,0,Inuwashi
tool_bird_class_train/Inuwashi_Golden_Eagle/BIRDS525/123.jpg,0,Inuwashi
tool_bird_class_train/Inuwashi_Golden_Eagle/BIRDS525/124.jpg,0,Inuwashi
tool_bird_class_train/Inuwashi_Golden_Eagle/BIRDS525/125.jpg,0,Inuwashi
tool_bird_class_train/Inuwashi_Golden_Eagle/BIRDS525/128.jpg,0,Inuwashi
tool_bird_class_train/Inuwashi_Golden_Eagle/BIRDS525/129.jpg,0,Inuwashi
tool_bird_class_train/Inuwashi_Golden_Eagle/BIRDS525/133.jpg,0,Inuwashi
tool_bird_class_train/Inuwashi_Golden_Eagle/BIRDS525/135.jpg,0,Inuwashi
tool_bird_class_train/Inuwashi_Golden_Eagle/BIRDS525/141.jpg,0,Inuwashi
tool_bird_class_train/Inuwashi_Golden_Eagle/BIRDS525/142.jpg,0,Inuwashi
tool_bird_class_train/Inuwashi_Golden_Eagle/BIRDS525/143.jpg,0,Inuwashi
tool_bird_class_train/Inuwashi_Golden_Eagle/BIRDS525/145.jpg,0,Inuwashi
tool_bird_class_train/Inuwashi_Golden_Eagle/BIRDS525/147.jpg,0,Inuwashi
tool_bird_class_train/Inuwashi_Golden_Eagle/BIRDS525/149.jpg,0,Inuwashi
tool_bird_class_train/Inuwashi_Golden_Eagle/BIRDS525/151.jpg,0,Inuwashi
tool_bird_class_train/Inuwashi_Golden_Eagle/BIRDS525/153.jpg,0,Inuwashi
tool_bird_class_train/Inuwashi_Golden_Eagle/BIRDS525/154.jpg,0,Inuwashi
tool_bird_class_train/Inuwashi_Golden_Eagle/BIRDS525/158.jpg,0,Inuwashi
tool_bird_class_train/Inuwashi_Golden_Eagle/ext_inat_20260504/inat_101149404_95768462.jpg,0,Inuwashi
tool_bird_class_train/Inuwashi_Golden_Eagle/ext_inat_20260504/inat_101510467_49128274.jpg,0,Inuwashi
tool_bird_class_train/Inuwashi_Golden_Eagle/ext_inat_20260504/inat_101699593_190e9d78.jpg,0,Inuwashi
tool_bird_class_train/Inuwashi_Golden_Eagle/ext_inat_20260504/inat_101785392_ad6d88d0.jpg,0,Inuwashi
tool_bird_class_train/Inuwashi_Golden_Eagle/ext_inat_20260504/inat_102407521_dce10c64.jpg,0,Inuwashi
tool_bird_class_train/Inuwashi_Golden_Eagle/ext_inat_20260504/inat_103225655_38a11d8f.jpg,0,Inuwashi
tool_bird_class_train/Inuwashi_Golden_Eagle/ext_inat_20260504/inat_103278379_27174eaf.jpg,0,Inuwashi
tool_bird_class_train/Inuwashi_Golden_Eagle/ext_inat_20260504/inat_103894536_623aabe8.jpg,0,Inuwashi
tool_bird_class_train/Inuwashi_Golden_Eagle/ext_inat_20260504/inat_104030630_e160e59f.jpg,0,Inuwashi
tool_bird_class_train/Inuwashi_Golden_Eagle/ext_inat_20260504/inat_105346855_2a1c8e59.jpg,0,Inuwashi
tool_bird_class_train/Inuwashi_Golden_Eagle/ext_inat_20260504/inat_105735097_207ad64d.jpg,0,Inuwashi
tool_bird_class_train/Inuwashi_Golden_Eagle/ext_inat_20260504/inat_105946786_6a61967b.jpg,0,Inuwashi
tool_bird_class_train/Inuwashi_Golden_Eagle/ext_inat_20260504/inat_106470486_5fa7c814.jpg,0,Inuwashi
tool_bird_class_train/Inuwashi_Golden_Eagle/ext_inat_20260504/inat_106839065_97fddc83.jpg,0,Inuwashi
tool_bird_class_train/Inuwashi_Golden_Eagle/ext_inat_20260504/inat_106995266_5dfe0638.jpg,0,Inuwashi
tool_bird_class_train/Inuwashi_Golden_Eagle/ext_inat_20260504/inat_106995274_b174d41b.jpg,0,Inuwashi
tool_bird_class_train/Inuwashi_Golden_Eagle/ext_inat_20260504/inat_107067681_7015d4a9.jpg,0,Inuwashi
tool_bird_class_train/Inuwashi_Golden_Eagle/ext_inat_20260504/inat_108080841_545ec0fa.jpg,0,Inuwashi
tool_bird_class_train/Inuwashi_Golden_Eagle/ext_inat_20260504/inat_108622_8de4ae07.jpg,0,Inuwashi
tool_bird_class_train/Inuwashi_Golden_Eagle/ext_inat_20260504/inat_108757328_62c8b45b.jpg,0,Inuwashi
tool_bird_class_train/Inuwashi_Golden_Eagle/ext_inat_20260504/inat_108792050_9f1ac847.jpg,0,Inuwashi
tool_bird_class_train/Inuwashi_Golden_Eagle/ext_inat_20260504/inat_109248191_49aa2bb0.jpg,0,Inuwashi
tool_bird_class_train/Inuwashi_Golden_Eagle/ext_inat_20260504/inat_109754979_1ef74391.jpg,0,Inuwashi
tool_bird_class_train/Inuwashi_Golden_Eagle/ext_inat_20260504/inat_109835559_9bfa1022.jpg,0,Inuwashi
tool_bird_class_train/Inuwashi_Golden_Eagle/ext_inat_20260504/inat_109841632_88864647.jpg,0,Inuwashi
tool_bird_class_train/Inuwashi_Golden_Eagle/ext_inat_20260504/inat_109856053_524c995c.jpg,0,Inuwashi
tool_bird_class_train/Inuwashi_Golden_Eagle/ext_inat_20260504/inat_110048040_88fa7c07.jpg,0,Inuwashi
tool_bird_class_train/Inuwashi_Golden_Eagle/ext_inat_20260504/inat_110796699_5d739d3d.jpg,0,Inuwashi
tool_bird_class_train/Inuwashi_Golden_Eagle/ext_inat_20260504/inat_110984638_6a611477.jpg,0,Inuwashi
tool_bird_class_train/Inuwashi_Golden_Eagle/ext_inat_20260504/inat_111676864_3fae143f.jpg,0,Inuwashi
tool_bird_class_train/Inuwashi_Golden_Eagle/ext_inat_20260504/inat_111832541_dc532af8.jpg,0,Inuwashi
tool_bird_class_train/Inuwashi_Golden_Eagle/ext_inat_20260504/inat_111946040_add6da3e.jpg,0,Inuwashi
tool_bird_class_train/Inuwashi_Golden_Eagle/ext_inat_20260504/inat_113017664_5293d839.jpg,0,Inuwashi
tool_bird_class_train/Inuwashi_Golden_Eagle/ext_inat_20260504/inat_113025987_acfc56ea.jpg,0,Inuwashi
tool_bird_class_train/Inuwashi_Golden_Eagle/ext_inat_20260504/inat_113664289_eec08547.jpg,0,Inuwashi
tool_bird_class_train/Inuwashi_Golden_Eagle/ext_inat_20260504/inat_113914157_3ea67460.jpg,0,Inuwashi
tool_bird_class_train/Inuwashi_Golden_Eagle/ext_inat_20260504/inat_114871008_5382b80c.jpg,0,Inuwashi
tool_bird_class_train/Inuwashi_Golden_Eagle/ext_inat_20260504/inat_115169295_28c1cd95.jpg,0,Inuwashi
tool_bird_class_train/Inuwashi_Golden_Eagle/ext_inat_20260504/inat_115351950_123096ce.jpg,0,Inuwashi
tool_bird_class_train/Inuwashi_Golden_Eagle/ext_inat_20260504/inat_117383863_d500e2c7.jpg,0,Inuwashi
tool_bird_class_train/Inuwashi_Golden_Eagle/ext_inat_20260504/inat_117389549_90a00c12.jpg,0,Inuwashi
tool_bird_class_train/Inuwashi_Golden_Eagle/ext_inat_20260504/inat_117841144_483615a2.jpg,0,Inuwashi
tool_bird_class_train/Inuwashi_Golden_Eagle/ext_inat_20260504/inat_117948870_740f7c17.jpg,0,Inuwashi
tool_bird_class_train/Inuwashi_Golden_Eagle/ext_inat_20260504/inat_118269871_b5009277.jpg,0,Inuwashi
tool_bird_class_train/Inuwashi_Golden_Eagle/ext_inat_20260504/inat_118375527_3b4b63f7.jpg,0,Inuwashi
tool_bird_class_train/Inuwashi_Golden_Eagle/ext_inat_20260504/inat_118574159_d9b7ef78.jpg,0,Inuwashi
tool_bird_class_train/Inuwashi_Golden_Eagle/ext_inat_20260504/inat_119263342_8fd17e2c.jpg,0,Inuwashi
tool_bird_class_train/Inuwashi_Golden_Eagle/ext_inat_20260504/inat_120823804_7516e6e8.jpg,0,Inuwashi
tool_bird_class_train/Inuwashi_Golden_Eagle/ext_inat_20260504/inat_120920312_4b3682b5.jpg,0,Inuwashi
tool_bird_class_train/Inuwashi_Golden_Eagle/ext_inat_20260504/inat_121568013_05c4f225.jpg,0,Inuwashi
tool_bird_class_train/Inuwashi_Golden_Eagle/ext_inat_20260504/inat_122149101_4f3b86c4.jpg,0,Inuwashi
tool_bird_class_train/Inuwashi_Golden_Eagle/ext_inat_20260504/inat_122486746_de43f32f.jpg,0,Inuwashi
tool_bird_class_train/Inuwashi_Golden_Eagle/ext_inat_20260504/inat_122564002_26f8d965.jpg,0,Inuwashi
tool_bird_class_train/Inuwashi_Golden_Eagle/ext_inat_20260504/inat_123622233_92998cc4.jpg,0,Inuwashi
tool_bird_class_train/Inuwashi_Golden_Eagle/ext_inat_20260504/inat_126163428_273d4235.jpg,0,Inuwashi
tool_bird_class_train/Inuwashi_Golden_Eagle/ext_inat_20260504/inat_127129301_beb4bc33.jpg,0,Inuwashi
tool_bird_class_train/Inuwashi_Golden_Eagle/ext_inat_20260504/inat_127332228_76fc0d7f.jpg,0,Inuwashi
tool_bird_class_train/Inuwashi_Golden_Eagle/ext_inat_20260504/inat_128320113_2b042198.jpg,0,Inuwashi
tool_bird_class_train/Inuwashi_Golden_Eagle/ext_inat_20260504/inat_128714364_a4902099.jpg,0,Inuwashi
tool_bird_class_train/Inuwashi_Golden_Eagle/ext_inat_20260504/inat_13001635_4c80fa70.jpg,0,Inuwashi
tool_bird_class_train/Inuwashi_Golden_Eagle/ext_inat_20260504/inat_13004372_0680cb57.jpg,0,Inuwashi
tool_bird_class_train/Inuwashi_Golden_Eagle/ext_inat_20260504/inat_13004420_fcf12426.jpg,0,Inuwashi
tool_bird_class_train/Inuwashi_Golden_Eagle/ext_inat_20260504/inat_13006143_9710d617.jpg,0,Inuwashi
tool_bird_class_train/Inuwashi_Golden_Eagle/ext_inat_20260504/inat_13031280_166e02ca.jpg,0,Inuwashi
tool_bird_class_train/Inuwashi_Golden_Eagle/ext_inat_20260504/inat_13048546_b97bd6ad.jpg,0,Inuwashi
tool_bird_class_train/Inuwashi_Golden_Eagle/ext_inat_20260504/inat_13091967_4f7a1b5a.jpg,0,Inuwashi
tool_bird_class_train/Inuwashi_Golden_Eagle/ext_inat_20260504/inat_131039238_72a54430.jpg,0,Inuwashi
tool_bird_class_train/Inuwashi_Golden_Eagle/ext_inat_20260504/inat_131060916_85e4c9ea.jpg,0,Inuwashi
tool_bird_class_train/Inuwashi_Golden_Eagle/ext_inat_20260504/inat_13116304_f76bfacf.jpg,0,Inuwashi
tool_bird_class_train/Inuwashi_Golden_Eagle/ext_inat_20260504/inat_132211460_c3226c08.jpg,0,Inuwashi
tool_bird_class_train/Inuwashi_Golden_Eagle/ext_inat_20260504/inat_132548337_12448149.jpg,0,Inuwashi
tool_bird_class_train/Inuwashi_Golden_Eagle/ext_inat_20260504/inat_135140503_63936f00.jpg,0,Inuwashi
tool_bird_class_train/Inuwashi_Golden_Eagle/ext_inat_20260504/inat_136548375_2e756da6.jpg,0,Inuwashi
tool_bird_class_train/Inuwashi_Golden_Eagle/ext_inat_20260504/inat_13683211_45b0f890.jpg,0,Inuwashi
tool_bird_class_train/Inuwashi_Golden_Eagle/ext_inat_20260504/inat_14119156_697ac780.jpg,0,Inuwashi
tool_bird_class_train/Inuwashi_Golden_Eagle/ext_inat_20260504/inat_141467389_bd3265c1.jpg,0,Inuwashi
tool_bird_class_train/Inuwashi_Golden_Eagle/ext_inat_20260504/inat_142541649_10c5b6f0.jpg,0,Inuwashi
tool_bird_class_train/Inuwashi_Golden_Eagle/ext_inat_20260504/inat_14279314_8464cacc.jpg,0,Inuwashi
tool_bird_class_train/Inuwashi_Golden_Eagle/ext_inat_20260504/inat_142802261_612a5061.jpg,0,Inuwashi
tool_bird_class_train/Inuwashi_Golden_Eagle/ext_inat_20260504/inat_143412920_a94513ea.jpg,0,Inuwashi
tool_bird_class_train/Inuwashi_Golden_Eagle/ext_inat_20260504/inat_143562520_adbe442f.jpg,0,Inuwashi
tool_bird_class_train/Inuwashi_Golden_Eagle/ext_inat_20260504/inat_143625983_8ec37bc2.jpg,0,Inuwashi
tool_bird_class_train/Inuwashi_Golden_Eagle/ext_inat_20260504/inat_14386757_14a4c20d.jpg,0,Inuwashi
tool_bird_class_train/Inuwashi_Golden_Eagle/ext_inat_20260504/inat_145381967_5af7dd3d.jpg,0,Inuwashi
tool_bird_class_train/Inuwashi_Golden_Eagle/ext_inat_20260504/inat_146262197_810c6fab.jpg,0,Inuwashi
tool_bird_class_train/Inuwashi_Golden_Eagle/ext_inat_20260504/inat_146763105_cd603050.jpg,0,Inuwashi
tool_bird_class_train/Inuwashi_Golden_Eagle/ext_inat_20260504/inat_146992594_2608a0fe.jpg,0,Inuwashi
tool_bird_class_train/Inuwashi_Golden_Eagle/ext_inat_20260504/inat_147327662_d7cc3ccb.jpg,0,Inuwashi
tool_bird_class_train/Inuwashi_Golden_Eagle/ext_inat_20260504/inat_148117354_d7d76af5.jpg,0,Inuwashi
tool_bird_class_train/Inuwashi_Golden_Eagle/ext_inat_20260504/inat_149247162_789bce1b.jpg,0,Inuwashi
tool_bird_class_train/Inuwashi_Golden_Eagle/ext_inat_20260504/inat_149439761_cacf74ea.jpg,0,Inuwashi
tool_bird_class_train/Inuwashi_Golden_Eagle/ext_inat_20260504/inat_149975640_d56490bb.jpg,0,Inuwashi
tool_bird_class_train/Inuwashi_Golden_Eagle/ext_inat_20260504/inat_150518881_7f99796b.jpg,0,Inuwashi
tool_bird_class_train/Inuwashi_Golden_Eagle/ext_inat_20260504/inat_150618037_f91ccf8f.jpg,0,Inuwashi
tool_bird_class_train/Inuwashi_Golden_Eagle/ext_inat_20260504/inat_152025961_67df75d4.jpg,0,Inuwashi
tool_bird_class_train/Inuwashi_Golden_Eagle/ext_inat_20260504/inat_152847900_6fcf3cf6.jpg,0,Inuwashi
tool_bird_class_train/Inuwashi_Golden_Eagle/ext_inat_20260504/inat_152858865_dbd48e8f.jpg,0,Inuwashi
tool_bird_class_train/Inuwashi_Golden_Eagle/ext_inat_20260504/inat_15332090_6bbca34e.jpg,0,Inuwashi
tool_bird_class_train/Inuwashi_Golden_Eagle/ext_inat_20260504/inat_15332359_39da36ba.jpg,0,Inuwashi
tool_bird_class_train/Inuwashi_Golden_Eagle/ext_inat_20260504/inat_155421910_884f7328.jpg,0,Inuwashi
tool_bird_class_train/Inuwashi_Golden_Eagle/ext_inat_20260504/inat_155719125_46364e82.jpg,0,Inuwashi
tool_bird_class_train/Inuwashi_Golden_Eagle/ext_inat_20260504/inat_158239899_b73ec5f7.jpg,0,Inuwashi
tool_bird_class_train/Inuwashi_Golden_Eagle/ext_inat_20260504/inat_158243739_1df67e83.jpg,0,Inuwashi
tool_bird_class_train/Inuwashi_Golden_Eagle/ext_inat_20260504/inat_159107438_d8959a23.jpg,0,Inuwashi
tool_bird_class_train/Inuwashi_Golden_Eagle/ext_inat_20260504/inat_160895125_df6ea000.jpg,0,Inuwashi
tool_bird_class_train/Inuwashi_Golden_Eagle/ext_inat_20260504/inat_160911331_b98b9419.jpg,0,Inuwashi
tool_bird_class_train/Inuwashi_Golden_Eagle/ext_inat_20260504/inat_160911353_3aff3227.jpg,0,Inuwashi
tool_bird_class_train/Inuwashi_Golden_Eagle/ext_inat_20260504/inat_162195656_c81fbe5d.jpg,0,Inuwashi
tool_bird_class_train/Inuwashi_Golden_Eagle/ext_inat_20260504/inat_162362024_9b689209.jpg,0,Inuwashi
tool_bird_class_train/Inuwashi_Golden_Eagle/ext_inat_20260504/inat_163117769_9fcbec34.jpg,0,Inuwashi
tool_bird_class_train/Inuwashi_Golden_Eagle/ext_inat_20260504/inat_16362417_8ff1333e.jpg,0,Inuwashi
tool_bird_class_train/Inuwashi_Golden_Eagle/ext_inat_20260504/inat_163630541_e4a6d1d2.jpg,0,Inuwashi
tool_bird_class_train/Inuwashi_Golden_Eagle/ext_inat_20260504/inat_16369669_918e4b4a.jpg,0,Inuwashi
tool_bird_class_train/Inuwashi_Golden_Eagle/ext_inat_20260504/inat_164185615_6e433c9d.jpg,0,Inuwashi
tool_bird_class_train/Inuwashi_Golden_Eagle/ext_inat_20260504/inat_164211073_c3b0d538.jpg,0,Inuwashi
tool_bird_class_train/Inuwashi_Golden_Eagle/ext_inat_20260504/inat_164225800_641f4f32.jpg,0,Inuwashi
tool_bird_class_train/Inuwashi_Golden_Eagle/ext_inat_20260504/inat_164225808_69c04673.jpg,0,Inuwashi
tool_bird_class_train/Inuwashi_Golden_Eagle/ext_inat_20260504/inat_164307665_f58ccd13.jpg,0,Inuwashi
tool_bird_class_train/Inuwashi_Golden_Eagle/ext_inat_20260504/inat_164307736_4fa3c585.jpg,0,Inuwashi
tool_bird_class_train/Inuwashi_Golden_Eagle/ext_inat_20260504/inat_165415166_b03e8ef6.jpg,0,Inuwashi
tool_bird_class_train/Inuwashi_Golden_Eagle/ext_inat_20260504/inat_166375306_4d60c4fc.jpg,0,Inuwashi
tool_bird_class_train/Inuwashi_Golden_Eagle/ext_inat_20260504/inat_166424194_fefcd5ab.jpg,0,Inuwashi
tool_bird_class_train/Inuwashi_Golden_Eagle/ext_inat_20260504/inat_166424883_73333d2d.jpg,0,Inuwashi
tool_bird_class_train/Inuwashi_Golden_Eagle/ext_inat_20260504/inat_16679104_0952ddd1.jpg,0,Inuwashi
tool_bird_class_train/Inuwashi_Golden_Eagle/ext_inat_20260504/inat_166912484_424caa1e.jpg,0,Inuwashi
tool_bird_class_train/Inuwashi_Golden_Eagle/ext_inat_20260504/inat_167054057_5f10f8a3.jpg,0,Inuwashi
tool_bird_class_train/Inuwashi_Golden_Eagle/ext_inat_20260504/inat_168017513_36d5d08f.jpg,0,Inuwashi
tool_bird_class_train/Inuwashi_Golden_Eagle/ext_inat_20260504/inat_168021364_f5602a84.jpg,0,Inuwashi
tool_bird_class_train/Inuwashi_Golden_Eagle/ext_inat_20260504/inat_168546524_a0c9c881.jpg,0,Inuwashi
tool_bird_class_train/Inuwashi_Golden_Eagle/ext_inat_20260504/inat_169868014_0350dc25.jpg,0,Inuwashi
tool_bird_class_train/Inuwashi_Golden_Eagle/ext_inat_20260504/inat_170411560_b4d90824.jpg,0,Inuwashi
tool_bird_class_train/Inuwashi_Golden_Eagle/ext_inat_20260504/inat_170667261_1d48ca59.jpg,0,Inuwashi
tool_bird_class_train/Inuwashi_Golden_Eagle/ext_inat_20260504/inat_171386476_4794b91e.jpg,0,Inuwashi
tool_bird_class_train/Inuwashi_Golden_Eagle/ext_inat_20260504/inat_171386515_0d8d81fc.jpg,0,Inuwashi
tool_bird_class_train/Inuwashi_Golden_Eagle/ext_inat_20260504/inat_171386850_f4f4ecfb.jpg,0,Inuwashi
tool_bird_class_train/Inuwashi_Golden_Eagle/ext_inat_20260504/inat_171386994_92475fdb.jpg,0,Inuwashi
tool_bird_class_train/Inuwashi_Golden_Eagle/ext_inat_20260504/inat_172764395_8b62db82.jpg,0,Inuwashi
tool_bird_class_train/Inuwashi_Golden_Eagle/ext_inat_20260504/inat_172958345_a2229e86.jpg,0,Inuwashi
tool_bird_class_train/Inuwashi_Golden_Eagle/ext_inat_20260504/inat_172974799_037bea71.jpg,0,Inuwashi
tool_bird_class_train/Inuwashi_Golden_Eagle/ext_inat_20260504/inat_172974951_82d58a68.jpg,0,Inuwashi
tool_bird_class_train/Inuwashi_Golden_Eagle/ext_inat_20260504/inat_173123486_07271e11.jpg,0,Inuwashi
tool_bird_class_train/Inuwashi_Golden_Eagle/ext_inat_20260504/inat_174537430_d4a5e56d.png,0,Inuwashi
tool_bird_class_train/Inuwashi_Golden_Eagle/ext_inat_20260504/inat_174724564_64fecbc1.jpg,0,Inuwashi
tool_bird_class_train/Inuwashi_Golden_Eagle/ext_inat_20260504/inat_175071077_b3a327c3.jpg,0,Inuwashi
tool_bird_class_train/Inuwashi_Golden_Eagle/ext_inat_20260504/inat_175158447_2a87c069.png,0,Inuwashi
tool_bird_class_train/Inuwashi_Golden_Eagle/ext_inat_20260504/inat_175158462_18fa7b9f.png,0,Inuwashi
tool_bird_class_train/Inuwashi_Golden_Eagle/ext_inat_20260504/inat_175441440_9ba53e33.jpg,0,Inuwashi
tool_bird_class_train/Inuwashi_Golden_Eagle/ext_inat_20260504/inat_175454195_35e8c831.jpg,0,Inuwashi
tool_bird_class_train/Inuwashi_Golden_Eagle/ext_inat_20260504/inat_175459344_f11bb9c6.jpg,0,Inuwashi
tool_bird_class_train/Inuwashi_Golden_Eagle/ext_inat_20260504/inat_175459548_3bc37552.jpg,0,Inuwashi
tool_bird_class_train/Inuwashi_Golden_Eagle/ext_inat_20260504/inat_175459778_fa35d52a.jpg,0,Inuwashi
tool_bird_class_train/Inuwashi_Golden_Eagle/ext_inat_20260504/inat_175459847_dba7d1c7.jpg,0,Inuwashi
tool_bird_class_train/Inuwashi_Golden_Eagle/ext_inat_20260504/inat_175515422_119e326c.jpg,0,Inuwashi
tool_bird_class_train/Inuwashi_Golden_Eagle/ext_inat_20260504/inat_175535349_f09f04bb.jpg,0,Inuwashi
tool_bird_class_train/Inuwashi_Golden_Eagle/ext_inat_20260504/inat_175803149_b3e3d021.jpg,0,Inuwashi
tool_bird_class_train/Inuwashi_Golden_Eagle/ext_inat_20260504/inat_176222666_e782697a.jpg,0,Inuwashi
tool_bird_class_train/Inuwashi_Golden_Eagle/ext_inat_20260504/inat_176448861_aa9ccdf3.jpg,0,Inuwashi
tool_bird_class_train/Inuwashi_Golden_Eagle/ext_inat_20260504/inat_176471777_66005925.jpg,0,Inuwashi
tool_bird_class_train/Inuwashi_Golden_Eagle/ext_inat_20260504/inat_176979653_2b0c1c77.jpg,0,Inuwashi
tool_bird_class_train/Inuwashi_Golden_Eagle/ext_inat_20260504/inat_177101691_43f1ef14.jpg,0,Inuwashi
tool_bird_class_train/Inuwashi_Golden_Eagle/ext_inat_20260504/inat_177436199_fca85fa6.jpg,0,Inuwashi
tool_bird_class_train/Inuwashi_Golden_Eagle/ext_inat_20260504/inat_177465330_e0aac7db.jpg,0,Inuwashi
tool_bird_class_train/Inuwashi_Golden_Eagle/ext_inat_20260504/inat_177641439_bb6e683d.jpg,0,Inuwashi
tool_bird_class_train/Inuwashi_Golden_Eagle/ext_inat_20260504/inat_177690445_7912a60b.jpg,0,Inuwashi
tool_bird_class_train/Inuwashi_Golden_Eagle/ext_inat_20260504/inat_177725079_478f1b80.jpg,0,Inuwashi
tool_bird_class_train/Inuwashi_Golden_Eagle/ext_inat_20260504/inat_177729675_855fc795.jpg,0,Inuwashi
tool_bird_class_train/Inuwashi_Golden_Eagle/ext_inat_20260504/inat_178212736_38a75683.jpg,0,Inuwashi
tool_bird_class_train/Inuwashi_Golden_Eagle/ext_inat_20260504/inat_178215609_d5cf2c35.jpg,0,Inuwashi
tool_bird_class_train/Inuwashi_Golden_Eagle/ext_inat_20260504/inat_178332883_c32d9b51.jpg,0,Inuwashi
tool_bird_class_train/Inuwashi_Golden_Eagle/ext_inat_20260504/inat_178355573_2febf4a9.jpg,0,Inuwashi
tool_bird_class_train/Inuwashi_Golden_Eagle/ext_inat_20260504/inat_179010631_cb80519c.jpg,0,Inuwashi
tool_bird_class_train/Inuwashi_Golden_Eagle/ext_inat_20260504/inat_179010787_23150eb2.jpg,0,Inuwashi
tool_bird_class_train/Inuwashi_Golden_Eagle/ext_inat_20260504/inat_179382884_bb90aa0b.jpg,0,Inuwashi
tool_bird_class_train/Inuwashi_Golden_Eagle/ext_inat_20260504/inat_179940880_fd0d2ec2.jpg,0,Inuwashi
tool_bird_class_train/Inuwashi_Golden_Eagle/ext_inat_20260504/inat_180264888_c3424ab2.jpg,0,Inuwashi
tool_bird_class_train/Inuwashi_Golden_Eagle/ext_inat_20260504/inat_18052411_8cec5f4f.jpg,0,Inuwashi
tool_bird_class_train/Inuwashi_Golden_Eagle/ext_inat_20260504/inat_180949633_294a69c1.jpg,0,Inuwashi
tool_bird_class_train/Inuwashi_Golden_Eagle/ext_inat_20260504/inat_181115617_f0213726.jpg,0,Inuwashi
tool_bird_class_train/Inuwashi_Golden_Eagle/ext_inat_20260504/inat_181187386_4be2424f.jpg,0,Inuwashi
tool_bird_class_train/Inuwashi_Golden_Eagle/ext_inat_20260504/inat_181334168_d7f9aeb1.jpg,0,Inuwashi
tool_bird_class_train/Inuwashi_Golden_Eagle/ext_inat_20260504/inat_181339627_66baa03a.jpg,0,Inuwashi
tool_bird_class_train/Inuwashi_Golden_Eagle/ext_inat_20260504/inat_181826293_a6996efd.jpg,0,Inuwashi
tool_bird_class_train/Inuwashi_Golden_Eagle/ext_inat_20260504/inat_181911683_f6d87388.jpg,0,Inuwashi
tool_bird_class_train/Inuwashi_Golden_Eagle/ext_inat_20260504/inat_182020144_57fa96a1.jpg,0,Inuwashi
tool_bird_class_train/Inuwashi_Golden_Eagle/ext_inat_20260504/inat_182062219_cc801738.jpg,0,Inuwashi
tool_bird_class_train/Inuwashi_Golden_Eagle/ext_inat_20260504/inat_182216905_b90fab96.jpg,0,Inuwashi
tool_bird_class_train/Inuwashi_Golden_Eagle/ext_inat_20260504/inat_182330993_97a0ebf8.jpg,0,Inuwashi
tool_bird_class_train/Inuwashi_Golden_Eagle/ext_inat_20260504/inat_183714729_1a948614.jpg,0,Inuwashi
tool_bird_class_train/Inuwashi_Golden_Eagle/ext_inat_20260504/inat_183714746_05158f24.jpg,0,Inuwashi
tool_bird_class_train/Inuwashi_Golden_Eagle/ext_inat_20260504/inat_183714815_99cde4b5.jpg,0,Inuwashi
tool_bird_class_train/Inuwashi_Golden_Eagle/ext_inat_20260504/inat_184171789_b97977cd.jpg,0,Inuwashi
tool_bird_class_train/Inuwashi_Golden_Eagle/ext_inat_20260504/inat_184992622_8b1a5184.jpg,0,Inuwashi
tool_bird_class_train/Inuwashi_Golden_Eagle/ext_inat_20260504/inat_185295014_effdd4e3.jpg,0,Inuwashi
tool_bird_class_train/Inuwashi_Golden_Eagle/ext_inat_20260504/inat_185455187_9cd0f8d3.jpg,0,Inuwashi
tool_bird_class_train/Inuwashi_Golden_Eagle/ext_inat_20260504/inat_185967160_fb8560c7.jpg,0,Inuwashi
tool_bird_class_train/Inuwashi_Golden_Eagle/ext_inat_20260504/inat_186661204_89374a81.jpg,0,Inuwashi
tool_bird_class_train/Inuwashi_Golden_Eagle/ext_inat_20260504/inat_187208511_66e85975.jpg,0,Inuwashi
tool_bird_class_train/Inuwashi_Golden_Eagle/ext_inat_20260504/inat_187211733_a26f4d1a.jpg,0,Inuwashi
tool_bird_class_train/Inuwashi_Golden_Eagle/ext_inat_20260504/inat_187613477_18765f0c.jpg,0,Inuwashi
tool_bird_class_train/Inuwashi_Golden_Eagle/ext_inat_20260504/inat_188457107_69c0202f.jpg,0,Inuwashi
tool_bird_class_train/Inuwashi_Golden_Eagle/ext_inat_20260504/inat_188938929_ce16b94a.jpg,0,Inuwashi
tool_bird_class_train/Inuwashi_Golden_Eagle/ext_inat_20260504/inat_188939847_0ae66ffc.jpg,0,Inuwashi
tool_bird_class_train/Inuwashi_Golden_Eagle/ext_inat_20260504/inat_190495732_04fc960a.jpg,0,Inuwashi
tool_bird_class_train/Inuwashi_Golden_Eagle/ext_inat_20260504/inat_194846034_e5e1f101.jpg,0,Inuwashi
tool_bird_class_train/Inuwashi_Golden_Eagle/ext_inat_20260504/inat_194846070_0920f375.jpg,0,Inuwashi
tool_bird_class_train/Inuwashi_Golden_Eagle/ext_inat_20260504/inat_196122311_d3a4b1e7.jpg,0,Inuwashi
tool_bird_class_train/Inuwashi_Golden_Eagle/ext_inat_20260504/inat_196986258_0bcb89ba.jpg,0,Inuwashi
tool_bird_class_train/Inuwashi_Golden_Eagle/ext_inat_20260504/inat_197363397_6fc17bd9.jpg,0,Inuwashi
tool_bird_class_train/Inuwashi_Golden_Eagle/ext_inat_20260504/inat_197828506_c5df901e.jpg,0,Inuwashi
tool_bird_class_train/Inuwashi_Golden_Eagle/ext_inat_20260504/inat_198414008_a427dee1.jpg,0,Inuwashi
tool_bird_class_train/Inuwashi_Golden_Eagle/ext_inat_20260504/inat_198742_749e3842.jpg,0,Inuwashi
tool_bird_class_train/Inuwashi_Golden_Eagle/ext_inat_20260504/inat_199211157_caaab9b2.jpg,0,Inuwashi
tool_bird_class_train/Inuwashi_Golden_Eagle/ext_inat_20260504/inat_201258754_260a9928.jpg,0,Inuwashi
tool_bird_class_train/Inuwashi_Golden_Eagle/ext_inat_20260504/inat_201781402_f5f9ab96.jpg,0,Inuwashi
tool_bird_class_train/Inuwashi_Golden_Eagle/ext_inat_20260504/inat_202048191_6f05c8fa.jpg,0,Inuwashi
tool_bird_class_train/Inuwashi_Golden_Eagle/ext_inat_20260504/inat_202220990_70caeb0b.jpg,0,Inuwashi
tool_bird_class_train/Inuwashi_Golden_Eagle/ext_inat_20260504/inat_202235954_9daa9a8b.jpg,0,Inuwashi
tool_bird_class_train/Inuwashi_Golden_Eagle/ext_inat_20260504/inat_203765994_97a85855.jpg,0,Inuwashi
tool_bird_class_train/Inuwashi_Golden_Eagle/ext_inat_20260504/inat_204058483_3bc6c324.jpg,0,Inuwashi
tool_bird_class_train/Inuwashi_Golden_Eagle/ext_inat_20260504/inat_205164133_4a8953a5.jpg,0,Inuwashi
tool_bird_class_train/Inuwashi_Golden_Eagle/ext_inat_20260504/inat_205942807_d7b7ed29.jpg,0,Inuwashi
tool_bird_class_train/Inuwashi_Golden_Eagle/ext_inat_20260504/inat_206415050_87f2bec6.jpg,0,Inuwashi
tool_bird_class_train/Inuwashi_Golden_Eagle/ext_inat_20260504/inat_206415057_d986b1ec.jpg,0,Inuwashi
tool_bird_class_train/Inuwashi_Golden_Eagle/ext_inat_20260504/inat_207269435_e0add8d9.jpg,0,Inuwashi
tool_bird_class_train/Inuwashi_Golden_Eagle/ext_inat_20260504/inat_208433632_18753be2.jpg,0,Inuwashi
tool_bird_class_train/Inuwashi_Golden_Eagle/ext_inat_20260504/inat_209011959_54863f3a.jpg,0,Inuwashi
tool_bird_class_train/Inuwashi_Golden_Eagle/ext_inat_20260504/inat_210352320_2dafe9f7.jpg,0,Inuwashi
tool_bird_class_train/Inuwashi_Golden_Eagle/ext_inat_20260504/inat_210352603_1822c123.jpg,0,Inuwashi
tool_bird_class_train/Inuwashi_Golden_Eagle/ext_inat_20260504/inat_211760181_cbea2359.jpg,0,Inuwashi
tool_bird_class_train/Inuwashi_Golden_Eagle/ext_inat_20260504/inat_212052857_a921317f.jpg,0,Inuwashi
tool_bird_class_train/Inuwashi_Golden_Eagle/ext_inat_20260504/inat_212442182_2543f763.jpg,0,Inuwashi
tool_bird_class_train/Inuwashi_Golden_Eagle/ext_inat_20260504/inat_212695866_1e328eca.jpg,0,Inuwashi
tool_bird_class_train/Inuwashi_Golden_Eagle/ext_inat_20260504/inat_21275113_82a9cacc.jpg,0,Inuwashi
tool_bird_class_train/Inuwashi_Golden_Eagle/ext_inat_20260504/inat_212898052_ffbf7c87.jpg,0,Inuwashi
tool_bird_class_train/Inuwashi_Golden_Eagle/ext_inat_20260504/inat_213591021_00c6d39f.jpg,0,Inuwashi
tool_bird_class_train/Inuwashi_Golden_Eagle/ext_inat_20260504/inat_213948584_6eae97ca.jpg,0,Inuwashi
tool_bird_class_train/Inuwashi_Golden_Eagle/ext_inat_20260504/inat_214056518_8dcd4c2f.jpg,0,Inuwashi
tool_bird_class_train/Inuwashi_Golden_Eagle/ext_inat_20260504/inat_214110613_ecf37bd5.jpg,0,Inuwashi
tool_bird_class_train/Inuwashi_Golden_Eagle/ext_inat_20260504/inat_214974123_ba57fbc0.jpg,0,Inuwashi
tool_bird_class_train/Inuwashi_Golden_Eagle/ext_inat_20260504/inat_215072388_a1e37f88.jpg,0,Inuwashi
tool_bird_class_train/Inuwashi_Golden_Eagle/ext_inat_20260504/inat_216788312_a9d2275e.jpg,0,Inuwashi
tool_bird_class_train/Inuwashi_Golden_Eagle/ext_inat_20260504/inat_217915_0bc281a7.jpg,0,Inuwashi
tool_bird_class_train/Inuwashi_Golden_Eagle/ext_inat_20260504/inat_218500679_dbfc9584.jpg,0,Inuwashi
tool_bird_class_train/Inuwashi_Golden_Eagle/ext_inat_20260504/inat_219774037_91ddd497.jpg,0,Inuwashi
tool_bird_class_train/Inuwashi_Golden_Eagle/ext_inat_20260504/inat_224249723_63efc6d0.jpg,0,Inuwashi
tool_bird_class_train/Inuwashi_Golden_Eagle/ext_inat_20260504/inat_224671085_cff576f8.jpg,0,Inuwashi
tool_bird_class_train/Inuwashi_Golden_Eagle/ext_inat_20260504/inat_225370591_d031d7dc.jpg,0,Inuwashi
tool_bird_class_train/Inuwashi_Golden_Eagle/ext_inat_20260504/inat_225655170_f33bda1b.jpg,0,Inuwashi
tool_bird_class_train/Inuwashi_Golden_Eagle/ext_inat_20260504/inat_226353019_5c30ea06.jpg,0,Inuwashi
tool_bird_class_train/Inuwashi_Golden_Eagle/ext_inat_20260504/inat_226855306_6d6b4f94.jpg,0,Inuwashi
tool_bird_class_train/Inuwashi_Golden_Eagle/ext_inat_20260504/inat_229006475_aa79b15c.jpg,0,Inuwashi
tool_bird_class_train/Inuwashi_Golden_Eagle/ext_inat_20260504/inat_229321479_51fb4300.jpg,0,Inuwashi
tool_bird_class_train/Inuwashi_Golden_Eagle/ext_inat_20260504/inat_229477353_743405d5.jpg,0,Inuwashi
tool_bird_class_train/Inuwashi_Golden_Eagle/ext_inat_20260504/inat_229595910_5025713e.jpg,0,Inuwashi
tool_bird_class_train/Inuwashi_Golden_Eagle/ext_inat_20260504/inat_229769470_e6f52a7a.jpg,0,Inuwashi
tool_bird_class_train/Inuwashi_Golden_Eagle/ext_inat_20260504/inat_22982431_105efe4a.jpg,0,Inuwashi
tool_bird_class_train/Inuwashi_Golden_Eagle/ext_inat_20260504/inat_230173287_837476b1.jpg,0,Inuwashi
tool_bird_class_train/Inuwashi_Golden_Eagle/ext_inat_20260504/inat_231658570_f4920727.jpg,0,Inuwashi
tool_bird_class_train/Inuwashi_Golden_Eagle/ext_inat_20260504/inat_232773255_18b6471d.jpg,0,Inuwashi
tool_bird_class_train/Inuwashi_Golden_Eagle/ext_inat_20260504/inat_233460403_5c34954f.jpg,0,Inuwashi
tool_bird_class_train/Inuwashi_Golden_Eagle/ext_inat_20260504/inat_234062429_86d55893.jpg,0,Inuwashi
tool_bird_class_train/Inuwashi_Golden_Eagle/ext_inat_20260504/inat_234328001_5aea6c76.jpg,0,Inuwashi
tool_bird_class_train/Inuwashi_Golden_Eagle/ext_inat_20260504/inat_235676739_81888aef.jpg,0,Inuwashi
tool_bird_class_train/Inuwashi_Golden_Eagle/ext_inat_20260504/inat_236242084_c5278b98.jpg,0,Inuwashi
tool_bird_class_train/Inuwashi_Golden_Eagle/ext_inat_20260504/inat_236691823_9dfdb176.jpg,0,Inuwashi
tool_bird_class_train/Inuwashi_Golden_Eagle/ext_inat_20260504/inat_236949413_f6f64b22.jpg,0,Inuwashi
tool_bird_class_train/Inuwashi_Golden_Eagle/ext_inat_20260504/inat_236950637_9e54a557.jpg,0,Inuwashi
tool_bird_class_train/Inuwashi_Golden_Eagle/ext_inat_20260504/inat_237105769_71d9aa41.jpg,0,Inuwashi
tool_bird_class_train/Inuwashi_Golden_Eagle/ext_inat_20260504/inat_237260712_2bb66fcf.jpg,0,Inuwashi
tool_bird_class_train/Inuwashi_Golden_Eagle/ext_inat_20260504/inat_239132509_cebdce79.jpg,0,Inuwashi
tool_bird_class_train/Inuwashi_Golden_Eagle/ext_inat_20260504/inat_239132775_9787b255.jpg,0,Inuwashi
tool_bird_class_train/Inuwashi_Golden_Eagle/ext_inat_20260504/inat_239948672_79d8bace.jpg,0,Inuwashi
tool_bird_class_train/Inuwashi_Golden_Eagle/ext_inat_20260504/inat_240190530_a7cd5b72.jpg,0,Inuwashi
tool_bird_class_train/Inuwashi_Golden_Eagle/ext_inat_20260504/inat_240474779_b751ac24.jpg,0,Inuwashi
tool_bird_class_train/Inuwashi_Golden_Eagle/ext_inat_20260504/inat_24075546_ac76c87d.jpg,0,Inuwashi
tool_bird_class_train/Inuwashi_Golden_Eagle/ext_inat_20260504/inat_241157603_0a86f6ed.jpg,0,Inuwashi
tool_bird_class_train/Inuwashi_Golden_Eagle/ext_inat_20260504/inat_241199510_07f89748.jpg,0,Inuwashi
tool_bird_class_train/Inuwashi_Golden_Eagle/ext_inat_20260504/inat_241199663_7eb96be5.jpg,0,Inuwashi
tool_bird_class_train/Inuwashi_Golden_Eagle/ext_inat_20260504/inat_2416491_06062366.jpg,0,Inuwashi
tool_bird_class_train/Inuwashi_Golden_Eagle/ext_inat_20260504/inat_241780574_ffbc831c.jpg,0,Inuwashi
tool_bird_class_train/Inuwashi_Golden_Eagle/ext_inat_20260504/inat_242189735_9ee717ba.jpg,0,Inuwashi
tool_bird_class_train/Inuwashi_Golden_Eagle/ext_inat_20260504/inat_242223408_8da8b19f.jpg,0,Inuwashi
tool_bird_class_train/Inuwashi_Golden_Eagle/ext_inat_20260504/inat_242223506_99551892.jpg,0,Inuwashi
tool_bird_class_train/Inuwashi_Golden_Eagle/ext_inat_20260504/inat_242223571_79b335a2.jpg,0,Inuwashi
tool_bird_class_train/Inuwashi_Golden_Eagle/ext_inat_20260504/inat_242735125_d8c32f9d.jpg,0,Inuwashi
tool_bird_class_train/Inuwashi_Golden_Eagle/ext_inat_20260504/inat_243061245_0697c56f.png,0,Inuwashi
tool_bird_class_train/Inuwashi_Golden_Eagle/ext_inat_20260504/inat_243115192_7a1869b0.jpg,0,Inuwashi
tool_bird_class_train/Inuwashi_Golden_Eagle/ext_inat_20260504/inat_243348020_a9d9f843.jpg,0,Inuwashi
tool_bird_class_train/Inuwashi_Golden_Eagle/ext_inat_20260504/inat_243640333_5d0cec46.jpg,0,Inuwashi
tool_bird_class_train/Inuwashi_Golden_Eagle/ext_inat_20260504/inat_244582120_a385b7cf.jpg,0,Inuwashi
tool_bird_class_train/Inuwashi_Golden_Eagle/ext_inat_20260504/inat_245400_0166626d.jpg,0,Inuwashi
tool_bird_class_train/Inuwashi_Golden_Eagle/ext_inat_20260504/inat_245566124_dd5bf52d.jpg,0,Inuwashi
tool_bird_class_train/Inuwashi_Golden_Eagle/ext_inat_20260504/inat_246812156_506ad232.jpg,0,Inuwashi
tool_bird_class_train/Inuwashi_Golden_Eagle/ext_inat_20260504/inat_247530567_8ec0968f.jpg,0,Inuwashi
tool_bird_class_train/Inuwashi_Golden_Eagle/ext_inat_20260504/inat_247754231_06cf3a1b.jpg,0,Inuwashi
tool_bird_class_train/Inuwashi_Golden_Eagle/ext_inat_20260504/inat_248104911_a01b4d12.jpg,0,Inuwashi
tool_bird_class_train/Inuwashi_Golden_Eagle/ext_inat_20260504/inat_248104941_066d995c.jpg,0,Inuwashi
tool_bird_class_train/Inuwashi_Golden_Eagle/ext_inat_20260504/inat_248105053_3962992f.jpg,0,Inuwashi
tool_bird_class_train/Inuwashi_Golden_Eagle/ext_inat_20260504/inat_248985523_9d09ecf6.jpg,0,Inuwashi
tool_bird_class_train/Inuwashi_Golden_Eagle/ext_inat_20260504/inat_249024921_4acce03b.jpg,0,Inuwashi
tool_bird_class_train/Inuwashi_Golden_Eagle/ext_inat_20260504/inat_249038444_835ff552.jpg,0,Inuwashi
tool_bird_class_train/Inuwashi_Golden_Eagle/ext_inat_20260504/inat_24932439_aacea559.jpg,0,Inuwashi
tool_bird_class_train/Inuwashi_Golden_Eagle/ext_inat_20260504/inat_249818599_d0607a47.jpg,0,Inuwashi
tool_bird_class_train/Inuwashi_Golden_Eagle/ext_inat_20260504/inat_249885030_df83f09b.jpg,0,Inuwashi
tool_bird_class_train/Inuwashi_Golden_Eagle/ext_inat_20260504/inat_250588638_f570c4bd.jpg,0,Inuwashi
tool_bird_class_train/Inuwashi_Golden_Eagle/ext_inat_20260504/inat_250588654_c4d18803.jpg,0,Inuwashi
tool_bird_class_train/Inuwashi_Golden_Eagle/ext_inat_20260504/inat_250588658_c41b3581.jpg,0,Inuwashi
tool_bird_class_train/Inuwashi_Golden_Eagle/ext_inat_20260504/inat_250588801_8f92628b.jpg,0,Inuwashi
tool_bird_class_train/Inuwashi_Golden_Eagle/ext_inat_20260504/inat_250588808_9a88953f.jpg,0,Inuwashi
tool_bird_class_train/Inuwashi_Golden_Eagle/ext_inat_20260504/inat_250588816_e8aee7a0.jpg,0,Inuwashi
tool_bird_class_train/Inuwashi_Golden_Eagle/ext_inat_20260504/inat_250588818_41b1d043.jpg,0,Inuwashi
tool_bird_class_train/Inuwashi_Golden_Eagle/ext_inat_20260504/inat_250588968_55248130.jpg,0,Inuwashi
tool_bird_class_train/Inuwashi_Golden_Eagle/ext_inat_20260504/inat_250631799_c8b579bd.jpg,0,Inuwashi
tool_bird_class_train/Inuwashi_Golden_Eagle/ext_inat_20260504/inat_250864706_0a996fe5.jpg,0,Inuwashi
tool_bird_class_train/Inuwashi_Golden_Eagle/ext_inat_20260504/inat_250864713_e79274c0.jpg,0,Inuwashi
tool_bird_class_train/Inuwashi_Golden_Eagle/ext_inat_20260504/inat_250864726_eda62222.jpg,0,Inuwashi
tool_bird_class_train/Inuwashi_Golden_Eagle/ext_inat_20260504/inat_251023663_a053e667.jpg,0,Inuwashi
tool_bird_class_train/Inuwashi_Golden_Eagle/ext_inat_20260504/inat_251164688_2d2a993a.jpg,0,Inuwashi
tool_bird_class_train/Inuwashi_Golden_Eagle/ext_inat_20260504/inat_251260146_916cb299.jpg,0,Inuwashi
tool_bird_class_train/Inuwashi_Golden_Eagle/ext_inat_20260504/inat_251359267_22f5b719.jpg,0,Inuwashi
tool_bird_class_train/Inuwashi_Golden_Eagle/ext_inat_20260504/inat_251703982_976b5885.jpg,0,Inuwashi
tool_bird_class_train/Inuwashi_Golden_Eagle/ext_inat_20260504/inat_251703987_afafdc16.jpg,0,Inuwashi
tool_bird_class_train/Inuwashi_Golden_Eagle/ext_inat_20260504/inat_251708608_40adc1e2.jpg,0,Inuwashi
tool_bird_class_train/Inuwashi_Golden_Eagle/ext_inat_20260504/inat_251784249_ef83df4e.jpg,0,Inuwashi
tool_bird_class_train/Inuwashi_Golden_Eagle/ext_inat_20260504/inat_252225876_5d541893.jpg,0,Inuwashi
tool_bird_class_train/Inuwashi_Golden_Eagle/ext_inat_20260504/inat_252377666_a8547e9d.jpg,0,Inuwashi
tool_bird_class_train/Inuwashi_Golden_Eagle/ext_inat_20260504/inat_252377672_8bef461e.jpg,0,Inuwashi
tool_bird_class_train/Inuwashi_Golden_Eagle/ext_inat_20260504/inat_252766655_5dfa3541.jpg,0,Inuwashi
tool_bird_class_train/Inuwashi_Golden_Eagle/ext_inat_20260504/inat_252766661_a8454ea2.jpg,0,Inuwashi
tool_bird_class_train/Inuwashi_Golden_Eagle/ext_inat_20260504/inat_252919287_65f7568b.jpg,0,Inuwashi
tool_bird_class_train/Inuwashi_Golden_Eagle/ext_inat_20260504/inat_252919461_596b9572.jpg,0,Inuwashi
tool_bird_class_train/Inuwashi_Golden_Eagle/ext_inat_20260504/inat_252919464_8f48f5d7.jpg,0,Inuwashi
tool_bird_class_train/Inuwashi_Golden_Eagle/ext_inat_20260504/inat_252919476_023a390d.jpg,0,Inuwashi
tool_bird_class_train/Inuwashi_Golden_Eagle/ext_inat_20260504/inat_252919481_1caacc87.jpg,0,Inuwashi
tool_bird_class_train/Inuwashi_Golden_Eagle/ext_inat_20260504/inat_253209511_825b73fb.jpg,0,Inuwashi
tool_bird_class_train/Inuwashi_Golden_Eagle/ext_inat_20260504/inat_253209517_6cdccdad.jpg,0,Inuwashi
tool_bird_class_train/Inuwashi_Golden_Eagle/ext_inat_20260504/inat_253209520_8475427b.jpg,0,Inuwashi
tool_bird_class_train/Inuwashi_Golden_Eagle/ext_inat_20260504/inat_253360328_cb7833fd.jpg,0,Inuwashi
tool_bird_class_train/Inuwashi_Golden_Eagle/ext_inat_20260504/inat_253360343_ae789308.jpg,0,Inuwashi
tool_bird_class_train/Inuwashi_Golden_Eagle/ext_inat_20260504/inat_253360348_1563875e.jpg,0,Inuwashi
tool_bird_class_train/Inuwashi_Golden_Eagle/ext_inat_20260504/inat_25368912_c81595b9.jpg,0,Inuwashi
tool_bird_class_train/Inuwashi_Golden_Eagle/ext_inat_20260504/inat_253742582_d95dbbf0.jpg,0,Inuwashi
tool_bird_class_train/Inuwashi_Golden_Eagle/ext_inat_20260504/inat_253748282_3a17d5f5.jpg,0,Inuwashi
tool_bird_class_train/Inuwashi_Golden_Eagle/ext_inat_20260504/inat_253855822_2168589b.jpg,0,Inuwashi
tool_bird_class_train/Inuwashi_Golden_Eagle/ext_inat_20260504/inat_253920742_4ca219be.jpg,0,Inuwashi
tool_bird_class_train/Inuwashi_Golden_Eagle/ext_inat_20260504/inat_254157025_c71c30ce.jpg,0,Inuwashi
tool_bird_class_train/Inuwashi_Golden_Eagle/ext_inat_20260504/inat_254293631_d0752999.jpg,0,Inuwashi
tool_bird_class_train/Inuwashi_Golden_Eagle/ext_inat_20260504/inat_254506053_3a13b469.jpg,0,Inuwashi
tool_bird_class_train/Inuwashi_Golden_Eagle/ext_inat_20260504/inat_254608743_89f10000.jpg,0,Inuwashi
tool_bird_class_train/Inuwashi_Golden_Eagle/ext_inat_20260504/inat_255248229_e438e075.jpg,0,Inuwashi
tool_bird_class_train/Inuwashi_Golden_Eagle/ext_inat_20260504/inat_25529201_68bf459a.jpg,0,Inuwashi
tool_bird_class_train/Inuwashi_Golden_Eagle/ext_inat_20260504/inat_255370486_0055ee19.jpg,0,Inuwashi
tool_bird_class_train/Inuwashi_Golden_Eagle/ext_inat_20260504/inat_255583450_0ad9a4d3.jpg,0,Inuwashi
tool_bird_class_train/Inuwashi_Golden_Eagle/ext_inat_20260504/inat_255809782_c50475aa.png,0,Inuwashi
tool_bird_class_train/Inuwashi_Golden_Eagle/ext_inat_20260504/inat_255809816_73f0bd10.png,0,Inuwashi
tool_bird_class_train/Inuwashi_Golden_Eagle/ext_inat_20260504/inat_256087844_ef201242.jpg,0,Inuwashi
tool_bird_class_train/Inuwashi_Golden_Eagle/ext_inat_20260504/inat_256365045_ea7bea13.jpg,0,Inuwashi
tool_bird_class_train/Inuwashi_Golden_Eagle/ext_inat_20260504/inat_256545614_4670c739.jpg,0,Inuwashi
tool_bird_class_train/Inuwashi_Golden_Eagle/ext_inat_20260504/inat_256564618_e0521c4f.jpg,0,Inuwashi
tool_bird_class_train/Inuwashi_Golden_Eagle/ext_inat_20260504/inat_256658583_4174a979.jpg,0,Inuwashi
tool_bird_class_train/Inuwashi_Golden_Eagle/ext_inat_20260504/inat_257084426_441cff1b.jpg,0,Inuwashi
tool_bird_class_train/Inuwashi_Golden_Eagle/ext_inat_20260504/inat_257888462_c73303cb.jpg,0,Inuwashi
tool_bird_class_train/Inuwashi_Golden_Eagle/ext_inat_20260504/inat_258078770_6829aee2.jpg,0,Inuwashi
tool_bird_class_train/Inuwashi_Golden_Eagle/ext_inat_20260504/inat_258100555_c0a29166.jpg,0,Inuwashi
tool_bird_class_train/Inuwashi_Golden_Eagle/ext_inat_20260504/inat_258100945_3604deb1.jpg,0,Inuwashi
tool_bird_class_train/Inuwashi_Golden_Eagle/ext_inat_20260504/inat_258171972_40a393b4.jpg,0,Inuwashi
tool_bird_class_train/Inuwashi_Golden_Eagle/ext_inat_20260504/inat_258439036_5eee5ce5.jpg,0,Inuwashi
tool_bird_class_train/Inuwashi_Golden_Eagle/ext_inat_20260504/inat_258440636_4bde0405.jpg,0,Inuwashi
tool_bird_class_train/Inuwashi_Golden_Eagle/ext_inat_20260504/inat_258800154_1dc512b7.jpg,0,Inuwashi
tool_bird_class_train/Inuwashi_Golden_Eagle/ext_inat_20260504/inat_258850073_3ebf75cb.jpg,0,Inuwashi
tool_bird_class_train/Inuwashi_Golden_Eagle/ext_inat_20260504/inat_259101770_abbd0232.jpg,0,Inuwashi
tool_bird_class_train/Inuwashi_Golden_Eagle/ext_inat_20260504/inat_259962513_ae6be640.jpg,0,Inuwashi
tool_bird_class_train/Inuwashi_Golden_Eagle/ext_inat_20260504/inat_259962518_a980393b.jpg,0,Inuwashi
tool_bird_class_train/Inuwashi_Golden_Eagle/ext_inat_20260504/inat_259962529_dbb29562.jpg,0,Inuwashi
tool_bird_class_train/Inuwashi_Golden_Eagle/ext_inat_20260504/inat_259975052_394fd9fa.jpg,0,Inuwashi
tool_bird_class_train/Inuwashi_Golden_Eagle/ext_inat_20260504/inat_259987761_3a074ac3.jpg,0,Inuwashi
tool_bird_class_train/Inuwashi_Golden_Eagle/ext_inat_20260504/inat_259987774_83eddef9.jpg,0,Inuwashi
tool_bird_class_train/Inuwashi_Golden_Eagle/ext_inat_20260504/inat_260096206_0d162f7e.jpg,0,Inuwashi
tool_bird_class_train/Inuwashi_Golden_Eagle/ext_inat_20260504/inat_26035462_b0d9bb51.jpg,0,Inuwashi
tool_bird_class_train/Inuwashi_Golden_Eagle/ext_inat_20260504/inat_260416444_b4af066e.jpg,0,Inuwashi
tool_bird_class_train/Inuwashi_Golden_Eagle/ext_inat_20260504/inat_260419828_5fd07013.jpg,0,Inuwashi
tool_bird_class_train/Inuwashi_Golden_Eagle/ext_inat_20260504/inat_260483645_186ef6e9.jpg,0,Inuwashi
tool_bird_class_train/Inuwashi_Golden_Eagle/ext_inat_20260504/inat_260532758_28e352a1.jpg,0,Inuwashi
tool_bird_class_train/Inuwashi_Golden_Eagle/ext_inat_20260504/inat_261223724_99b15f75.jpg,0,Inuwashi
tool_bird_class_train/Inuwashi_Golden_Eagle/ext_inat_20260504/inat_261608058_fb3dc97d.jpg,0,Inuwashi
tool_bird_class_train/Inuwashi_Golden_Eagle/ext_inat_20260504/inat_261609570_088d2ab2.jpg,0,Inuwashi
tool_bird_class_train/Inuwashi_Golden_Eagle/ext_inat_20260504/inat_263226552_5d3d2862.jpg,0,Inuwashi
tool_bird_class_train/Inuwashi_Golden_Eagle/ext_inat_20260504/inat_263865893_fdfd1b81.jpg,0,Inuwashi
tool_bird_class_train/Inuwashi_Golden_Eagle/ext_inat_20260504/inat_263865904_16d4b0e5.jpg,0,Inuwashi
tool_bird_class_train/Inuwashi_Golden_Eagle/ext_inat_20260504/inat_263865933_2dbb76fb.jpg,0,Inuwashi
tool_bird_class_train/Inuwashi_Golden_Eagle/ext_inat_20260504/inat_263865956_4e66fbaf.jpg,0,Inuwashi
tool_bird_class_train/Inuwashi_Golden_Eagle/ext_inat_20260504/inat_263865961_cfead8cc.jpg,0,Inuwashi
tool_bird_class_train/Inuwashi_Golden_Eagle/ext_inat_20260504/inat_264002684_7953d886.jpg,0,Inuwashi
tool_bird_class_train/Inuwashi_Golden_Eagle/ext_inat_20260504/inat_2655374_3d98aa12.jpg,0,Inuwashi
tool_bird_class_train/Inuwashi_Golden_Eagle/ext_inat_20260504/inat_265832064_5b37ae12.jpg,0,Inuwashi
tool_bird_class_train/Inuwashi_Golden_Eagle/ext_inat_20260504/inat_265884367_06683f21.jpg,0,Inuwashi
tool_bird_class_train/Inuwashi_Golden_Eagle/ext_inat_20260504/inat_265923385_d3a3cb31.jpg,0,Inuwashi
tool_bird_class_train/Inuwashi_Golden_Eagle/ext_inat_20260504/inat_2673463_8912d481.jpg,0,Inuwashi
tool_bird_class_train/Inuwashi_Golden_Eagle/ext_inat_20260504/inat_267560862_99c7fc3f.jpg,0,Inuwashi
tool_bird_class_train/Inuwashi_Golden_Eagle/ext_inat_20260504/inat_268413575_0830c348.jpg,0,Inuwashi
tool_bird_class_train/Inuwashi_Golden_Eagle/ext_inat_20260504/inat_268413662_d9586173.jpg,0,Inuwashi
tool_bird_class_train/Inuwashi_Golden_Eagle/ext_inat_20260504/inat_268413678_faf4f31f.jpg,0,Inuwashi
tool_bird_class_train/Inuwashi_Golden_Eagle/ext_inat_20260504/inat_268595836_42f3fd21.jpg,0,Inuwashi
tool_bird_class_train/Inuwashi_Golden_Eagle/ext_inat_20260504/inat_268742303_bf6ad160.jpg,0,Inuwashi
tool_bird_class_train/Inuwashi_Golden_Eagle/ext_inat_20260504/inat_269612585_8ac7a77d.jpg,0,Inuwashi
tool_bird_class_train/Inuwashi_Golden_Eagle/ext_inat_20260504/inat_273693625_cdb60da0.jpg,0,Inuwashi
tool_bird_class_train/Inuwashi_Golden_Eagle/ext_inat_20260504/inat_273919921_4f59ffda.jpg,0,Inuwashi
tool_bird_class_train/Inuwashi_Golden_Eagle/ext_inat_20260504/inat_274493844_04b46dd1.jpg,0,Inuwashi
tool_bird_class_train/Inuwashi_Golden_Eagle/ext_inat_20260504/inat_275808403_0531e10b.jpg,0,Inuwashi
tool_bird_class_train/Inuwashi_Golden_Eagle/ext_inat_20260504/inat_275808427_56d1cd0a.jpg,0,Inuwashi
tool_bird_class_train/Inuwashi_Golden_Eagle/ext_inat_20260504/inat_27624740_5d70ea26.jpg,0,Inuwashi
tool_bird_class_train/Inuwashi_Golden_Eagle/ext_inat_20260504/inat_277586123_588a8add.jpg,0,Inuwashi
tool_bird_class_train/Inuwashi_Golden_Eagle/ext_inat_20260504/inat_278988921_159eb52d.jpg,0,Inuwashi
tool_bird_class_train/Inuwashi_Golden_Eagle/ext_inat_20260504/inat_27925767_609f8f13.jpg,0,Inuwashi
tool_bird_class_train/Inuwashi_Golden_Eagle/ext_inat_20260504/inat_279805261_fac0c338.jpg,0,Inuwashi
tool_bird_class_train/Inuwashi_Golden_Eagle/ext_inat_20260504/inat_28020627_5dbc8972.jpg,0,Inuwashi
tool_bird_class_train/Inuwashi_Golden_Eagle/ext_inat_20260504/inat_280339869_4641c8ad.jpg,0,Inuwashi
tool_bird_class_train/Inuwashi_Golden_Eagle/ext_inat_20260504/inat_28058510_17da584e.jpg,0,Inuwashi
tool_bird_class_train/Inuwashi_Golden_Eagle/ext_inat_20260504/inat_28116191_00b237b5.jpg,0,Inuwashi
tool_bird_class_train/Inuwashi_Golden_Eagle/ext_inat_20260504/inat_282226185_40ff4310.jpg,0,Inuwashi
tool_bird_class_train/Inuwashi_Golden_Eagle/ext_inat_20260504/inat_283312294_30d37535.jpg,0,Inuwashi
tool_bird_class_train/Inuwashi_Golden_Eagle/ext_inat_20260504/inat_283963944_8c70267a.jpg,0,Inuwashi
tool_bird_class_train/Inuwashi_Golden_Eagle/ext_inat_20260504/inat_28442634_6341e290.jpg,0,Inuwashi
tool_bird_class_train/Inuwashi_Golden_Eagle/ext_inat_20260504/inat_285096952_741276e5.jpg,0,Inuwashi
tool_bird_class_train/Inuwashi_Golden_Eagle/ext_inat_20260504/inat_285135010_44a65b14.jpg,0,Inuwashi
tool_bird_class_train/Inuwashi_Golden_Eagle/ext_inat_20260504/inat_285165748_0d3d4cdf.jpg,0,Inuwashi
tool_bird_class_train/Inuwashi_Golden_Eagle/ext_inat_20260504/inat_285166598_d3785bf7.jpg,0,Inuwashi
tool_bird_class_train/Inuwashi_Golden_Eagle/ext_inat_20260504/inat_285704166_17ef18e7.jpg,0,Inuwashi
tool_bird_class_train/Inuwashi_Golden_Eagle/ext_inat_20260504/inat_287215524_0b6d1733.jpg,0,Inuwashi
tool_bird_class_train/Inuwashi_Golden_Eagle/ext_inat_20260504/inat_287220310_1c6bac9b.jpg,0,Inuwashi
tool_bird_class_train/Inuwashi_Golden_Eagle/ext_inat_20260504/inat_28757074_60a07be7.jpg,0,Inuwashi
tool_bird_class_train/Inuwashi_Golden_Eagle/ext_inat_20260504/inat_287975551_19579102.jpg,0,Inuwashi
tool_bird_class_train/Inuwashi_Golden_Eagle/ext_inat_20260504/inat_288844606_19b9db82.jpg,0,Inuwashi
tool_bird_class_train/Inuwashi_Golden_Eagle/ext_inat_20260504/inat_288952911_1c46ca7c.jpg,0,Inuwashi
tool_bird_class_train/Inuwashi_Golden_Eagle/ext_inat_20260504/inat_289053527_31141c2c.jpg,0,Inuwashi
tool_bird_class_train/Inuwashi_Golden_Eagle/ext_inat_20260504/inat_28913814_938ac488.jpg,0,Inuwashi
tool_bird_class_train/Inuwashi_Golden_Eagle/ext_inat_20260504/inat_290156786_54760610.jpg,0,Inuwashi
tool_bird_class_train/Inuwashi_Golden_Eagle/ext_inat_20260504/inat_291304166_7aad8881.jpg,0,Inuwashi
tool_bird_class_train/Inuwashi_Golden_Eagle/ext_inat_20260504/inat_29170461_e010af76.jpg,0,Inuwashi
tool_bird_class_train/Inuwashi_Golden_Eagle/ext_inat_20260504/inat_29171182_5c48cd12.jpg,0,Inuwashi
tool_bird_class_train/Inuwashi_Golden_Eagle/ext_inat_20260504/inat_292647408_a0f7f515.jpg,0,Inuwashi
tool_bird_class_train/Inuwashi_Golden_Eagle/ext_inat_20260504/inat_292785292_425ad4bd.jpg,0,Inuwashi
tool_bird_class_train/Inuwashi_Golden_Eagle/ext_inat_20260504/inat_292925614_fd69ada8.jpg,0,Inuwashi
tool_bird_class_train/Inuwashi_Golden_Eagle/ext_inat_20260504/inat_29381823_505cd248.jpg,0,Inuwashi
tool_bird_class_train/Inuwashi_Golden_Eagle/ext_inat_20260504/inat_29611108_81790775.jpg,0,Inuwashi
tool_bird_class_train/Inuwashi_Golden_Eagle/ext_inat_20260504/inat_296113197_52c67af7.jpg,0,Inuwashi
tool_bird_class_train/Inuwashi_Golden_Eagle/ext_inat_20260504/inat_296113310_a0945cc2.jpg,0,Inuwashi
tool_bird_class_train/Inuwashi_Golden_Eagle/ext_inat_20260504/inat_297014224_b3951e6b.jpg,0,Inuwashi
tool_bird_class_train/Inuwashi_Golden_Eagle/ext_inat_20260504/inat_297226011_e71edf21.jpg,0,Inuwashi
tool_bird_class_train/Inuwashi_Golden_Eagle/ext_inat_20260504/inat_298347335_84b41b69.jpg,0,Inuwashi
tool_bird_class_train/Inuwashi_Golden_Eagle/ext_inat_20260504/inat_299580672_652550fb.jpg,0,Inuwashi
tool_bird_class_train/Inuwashi_Golden_Eagle/ext_inat_20260504/inat_299752819_f6e233d6.jpg,0,Inuwashi
tool_bird_class_train/Inuwashi_Golden_Eagle/ext_inat_20260504/inat_29982927_c0a4c835.jpg,0,Inuwashi
tool_bird_class_train/Inuwashi_Golden_Eagle/ext_inat_20260504/inat_300069927_388140cf.jpg,0,Inuwashi
tool_bird_class_train/Inuwashi_Golden_Eagle/ext_inat_20260504/inat_300668703_5ba08231.jpg,0,Inuwashi
tool_bird_class_train/Inuwashi_Golden_Eagle/ext_inat_20260504/inat_300669096_1ccdb0ba.jpg,0,Inuwashi
tool_bird_class_train/Inuwashi_Golden_Eagle/ext_inat_20260504/inat_302060930_f16ee713.jpg,0,Inuwashi
tool_bird_class_train/Inuwashi_Golden_Eagle/ext_inat_20260504/inat_302475283_4f78c51d.jpg,0,Inuwashi
tool_bird_class_train/Inuwashi_Golden_Eagle/ext_inat_20260504/inat_302855022_169c3fc5.jpg,0,Inuwashi
tool_bird_class_train/Inuwashi_Golden_Eagle/ext_inat_20260504/inat_308231799_cf2e78ff.jpg,0,Inuwashi
tool_bird_class_train/Inuwashi_Golden_Eagle/ext_inat_20260504/inat_308885533_91f4685e.jpg,0,Inuwashi
tool_bird_class_train/Inuwashi_Golden_Eagle/ext_inat_20260504/inat_30917172_9faf9e91.jpg,0,Inuwashi
tool_bird_class_train/Inuwashi_Golden_Eagle/ext_inat_20260504/inat_309805204_5e565279.jpg,0,Inuwashi
tool_bird_class_train/Inuwashi_Golden_Eagle/ext_inat_20260504/inat_310746051_6e2dbdb4.jpg,0,Inuwashi
tool_bird_class_train/Inuwashi_Golden_Eagle/ext_inat_20260504/inat_311313816_7d182c9e.jpg,0,Inuwashi
tool_bird_class_train/Inuwashi_Golden_Eagle/ext_inat_20260504/inat_311451739_bc12b9da.jpg,0,Inuwashi
tool_bird_class_train/Inuwashi_Golden_Eagle/ext_inat_20260504/inat_311750111_ae575cb6.jpg,0,Inuwashi
tool_bird_class_train/Inuwashi_Golden_Eagle/ext_inat_20260504/inat_311750121_a49d2746.jpg,0,Inuwashi
tool_bird_class_train/Inuwashi_Golden_Eagle/ext_inat_20260504/inat_312494911_5dfacb8d.jpg,0,Inuwashi
tool_bird_class_train/Inuwashi_Golden_Eagle/ext_inat_20260504/inat_31305433_269cb5ef.jpg,0,Inuwashi
tool_bird_class_train/Inuwashi_Golden_Eagle/ext_inat_20260504/inat_313612180_71c1a540.jpg,0,Inuwashi
tool_bird_class_train/Inuwashi_Golden_Eagle/ext_inat_20260504/inat_31396106_ed95a1d7.jpg,0,Inuwashi
tool_bird_class_train/Inuwashi_Golden_Eagle/ext_inat_20260504/inat_31492654_eeaafc74.jpg,0,Inuwashi
tool_bird_class_train/Inuwashi_Golden_Eagle/ext_inat_20260504/inat_31619416_7e97bd85.jpg,0,Inuwashi
tool_bird_class_train/Inuwashi_Golden_Eagle/ext_inat_20260504/inat_316369956_70b2ed25.jpg,0,Inuwashi
tool_bird_class_train/Inuwashi_Golden_Eagle/ext_inat_20260504/inat_318824382_5c690f62.jpg,0,Inuwashi
tool_bird_class_train/Inuwashi_Golden_Eagle/ext_inat_20260504/inat_318834953_dd09a66b.jpg,0,Inuwashi
tool_bird_class_train/Inuwashi_Golden_Eagle/ext_inat_20260504/inat_320316532_18d3a4c6.jpg,0,Inuwashi
tool_bird_class_train/Inuwashi_Golden_Eagle/ext_inat_20260504/inat_321745564_16069aed.jpg,0,Inuwashi
tool_bird_class_train/Inuwashi_Golden_Eagle/ext_inat_20260504/inat_322478556_a42322a1.jpg,0,Inuwashi
tool_bird_class_train/Inuwashi_Golden_Eagle/ext_inat_20260504/inat_322775250_c07438d5.jpg,0,Inuwashi
tool_bird_class_train/Inuwashi_Golden_Eagle/ext_inat_20260504/inat_322785844_7f714354.jpg,0,Inuwashi
tool_bird_class_train/Inuwashi_Golden_Eagle/ext_inat_20260504/inat_323267951_355d7063.jpg,0,Inuwashi
tool_bird_class_train/Inuwashi_Golden_Eagle/ext_inat_20260504/inat_323697784_50f441e8.jpg,0,Inuwashi
tool_bird_class_train/Inuwashi_Golden_Eagle/ext_inat_20260504/inat_324295292_9b87a53a.jpg,0,Inuwashi
tool_bird_class_train/Inuwashi_Golden_Eagle/ext_inat_20260504/inat_324298848_fe53b142.jpg,0,Inuwashi
tool_bird_class_train/Inuwashi_Golden_Eagle/ext_inat_20260504/inat_324299039_e2d77cd2.jpg,0,Inuwashi
tool_bird_class_train/Inuwashi_Golden_Eagle/ext_inat_20260504/inat_325755101_0a058aec.png,0,Inuwashi
tool_bird_class_train/Inuwashi_Golden_Eagle/ext_inat_20260504/inat_326600994_051090e1.jpg,0,Inuwashi
tool_bird_class_train/Inuwashi_Golden_Eagle/ext_inat_20260504/inat_32660237_2cf30789.jpg,0,Inuwashi
tool_bird_class_train/Inuwashi_Golden_Eagle/ext_inat_20260504/inat_328227685_599761a5.jpg,0,Inuwashi
tool_bird_class_train/Inuwashi_Golden_Eagle/ext_inat_20260504/inat_329360040_2f8e1c0d.jpg,0,Inuwashi
tool_bird_class_train/Inuwashi_Golden_Eagle/ext_inat_20260504/inat_329927896_716cbb15.jpg,0,Inuwashi
tool_bird_class_train/Inuwashi_Golden_Eagle/ext_inat_20260504/inat_32997394_a984eae9.jpg,0,Inuwashi
tool_bird_class_train/Inuwashi_Golden_Eagle/ext_inat_20260504/inat_330181007_6d030a29.jpg,0,Inuwashi
tool_bird_class_train/Inuwashi_Golden_Eagle/ext_inat_20260504/inat_330372970_32b4a784.jpg,0,Inuwashi
tool_bird_class_train/Inuwashi_Golden_Eagle/ext_inat_20260504/inat_330912989_77bacc52.jpg,0,Inuwashi
tool_bird_class_train/Inuwashi_Golden_Eagle/ext_inat_20260504/inat_33267835_79203623.jpg,0,Inuwashi
tool_bird_class_train/Inuwashi_Golden_Eagle/ext_inat_20260504/inat_333910652_d7517f5d.jpg,0,Inuwashi
tool_bird_class_train/Inuwashi_Golden_Eagle/ext_inat_20260504/inat_334170644_9ddd57eb.jpg,0,Inuwashi
tool_bird_class_train/Inuwashi_Golden_Eagle/ext_inat_20260504/inat_334360226_6a4eb247.jpg,0,Inuwashi
tool_bird_class_train/Inuwashi_Golden_Eagle/ext_inat_20260504/inat_334684279_5be30dd3.jpg,0,Inuwashi
tool_bird_class_train/Inuwashi_Golden_Eagle/ext_inat_20260504/inat_334684287_90fb49c1.jpg,0,Inuwashi
tool_bird_class_train/Inuwashi_Golden_Eagle/ext_inat_20260504/inat_334684340_95effd48.jpg,0,Inuwashi
tool_bird_class_train/Inuwashi_Golden_Eagle/ext_inat_20260504/inat_334684351_19648543.jpg,0,Inuwashi
tool_bird_class_train/Inuwashi_Golden_Eagle/ext_inat_20260504/inat_334684366_77bfe387.jpg,0,Inuwashi
tool_bird_class_train/Inuwashi_Golden_Eagle/ext_inat_20260504/inat_334684368_a416cba3.jpg,0,Inuwashi
tool_bird_class_train/Inuwashi_Golden_Eagle/ext_inat_20260504/inat_334684394_7a9b0e7a.jpg,0,Inuwashi
tool_bird_class_train/Inuwashi_Golden_Eagle/ext_inat_20260504/inat_334684412_35cb1864.jpg,0,Inuwashi
tool_bird_class_train/Inuwashi_Golden_Eagle/ext_inat_20260504/inat_334684423_cce4edb9.jpg,0,Inuwashi
tool_bird_class_train/Inuwashi_Golden_Eagle/ext_inat_20260504/inat_334773774_3848656f.jpg,0,Inuwashi
tool_bird_class_train/Inuwashi_Golden_Eagle/ext_inat_20260504/inat_335895043_a55edf25.jpg,0,Inuwashi
tool_bird_class_train/Inuwashi_Golden_Eagle/ext_inat_20260504/inat_336183441_448fc26a.jpg,0,Inuwashi
tool_bird_class_train/Inuwashi_Golden_Eagle/ext_inat_20260504/inat_33634574_a16438b8.jpg,0,Inuwashi
tool_bird_class_train/Inuwashi_Golden_Eagle/ext_inat_20260504/inat_336704622_6925fd30.jpg,0,Inuwashi
tool_bird_class_train/Inuwashi_Golden_Eagle/ext_inat_20260504/inat_336704633_44e1664e.jpg,0,Inuwashi
tool_bird_class_train/Inuwashi_Golden_Eagle/ext_inat_20260504/inat_336953876_22689ba5.jpg,0,Inuwashi
tool_bird_class_train/Inuwashi_Golden_Eagle/ext_inat_20260504/inat_337278783_e3956fa1.jpg,0,Inuwashi
tool_bird_class_train/Inuwashi_Golden_Eagle/ext_inat_20260504/inat_337430446_54f6040d.jpg,0,Inuwashi
tool_bird_class_train/Inuwashi_Golden_Eagle/ext_inat_20260504/inat_338364609_5b06628a.jpg,0,Inuwashi
tool_bird_class_train/Inuwashi_Golden_Eagle/ext_inat_20260504/inat_338399776_5509c6fb.jpg,0,Inuwashi
tool_bird_class_train/Inuwashi_Golden_Eagle/ext_inat_20260504/inat_338400064_e1e59798.jpg,0,Inuwashi
tool_bird_class_train/Inuwashi_Golden_Eagle/ext_inat_20260504/inat_338400079_a3b8fe12.jpg,0,Inuwashi
tool_bird_class_train/Inuwashi_Golden_Eagle/ext_inat_20260504/inat_338610358_76c4ae98.jpg,0,Inuwashi
tool_bird_class_train/Inuwashi_Golden_Eagle/ext_inat_20260504/inat_338904971_976eedaa.png,0,Inuwashi
tool_bird_class_train/Inuwashi_Golden_Eagle/ext_inat_20260504/inat_338945428_7b982e34.jpg,0,Inuwashi
tool_bird_class_train/Inuwashi_Golden_Eagle/ext_inat_20260504/inat_339380647_ee36074d.jpg,0,Inuwashi
tool_bird_class_train/Inuwashi_Golden_Eagle/ext_inat_20260504/inat_339544274_9cc21c3f.jpg,0,Inuwashi
tool_bird_class_train/Inuwashi_Golden_Eagle/ext_inat_20260504/inat_339578623_5e470cf3.jpg,0,Inuwashi
tool_bird_class_train/Inuwashi_Golden_Eagle/ext_inat_20260504/inat_339578651_0d45fab6.jpg,0,Inuwashi
tool_bird_class_train/Inuwashi_Golden_Eagle/ext_inat_20260504/inat_339584055_2060ab5a.jpg,0,Inuwashi
tool_bird_class_train/Inuwashi_Golden_Eagle/ext_inat_20260504/inat_339586336_4b7a2c4c.jpg,0,Inuwashi
tool_bird_class_train/Inuwashi_Golden_Eagle/ext_inat_20260504/inat_339586427_32725849.jpg,0,Inuwashi
tool_bird_class_train/Inuwashi_Golden_Eagle/ext_inat_20260504/inat_339620693_d1b63bb4.jpg,0,Inuwashi
tool_bird_class_train/Inuwashi_Golden_Eagle/ext_inat_20260504/inat_339862770_3451e0c4.jpg,0,Inuwashi
tool_bird_class_train/Inuwashi_Golden_Eagle/ext_inat_20260504/inat_339862821_7f2789a9.jpg,0,Inuwashi
tool_bird_class_train/Inuwashi_Golden_Eagle/ext_inat_20260504/inat_339862840_fbfb05ba.jpg,0,Inuwashi
tool_bird_class_train/Inuwashi_Golden_Eagle/ext_inat_20260504/inat_340177523_9949f306.jpg,0,Inuwashi
tool_bird_class_train/Inuwashi_Golden_Eagle/ext_inat_20260504/inat_341549328_859e9879.jpg,0,Inuwashi
tool_bird_class_train/Inuwashi_Golden_Eagle/ext_inat_20260504/inat_341832256_98fb6acd.jpg,0,Inuwashi
tool_bird_class_train/Inuwashi_Golden_Eagle/ext_inat_20260504/inat_341833418_4162fc92.jpg,0,Inuwashi
tool_bird_class_train/Inuwashi_Golden_Eagle/ext_inat_20260504/inat_341834113_b62538e7.jpg,0,Inuwashi
tool_bird_class_train/Inuwashi_Golden_Eagle/ext_inat_20260504/inat_341862350_ae905b52.jpg,0,Inuwashi
tool_bird_class_train/Inuwashi_Golden_Eagle/ext_inat_20260504/inat_34197811_f6e1d81f.jpg,0,Inuwashi
tool_bird_class_train/Inuwashi_Golden_Eagle/ext_inat_20260504/inat_342406963_9a9f6f25.jpg,0,Inuwashi
tool_bird_class_train/Inuwashi_Golden_Eagle/ext_inat_20260504/inat_342962123_ca4e4d0c.jpg,0,Inuwashi
tool_bird_class_train/Inuwashi_Golden_Eagle/ext_inat_20260504/inat_343459606_a0f28376.jpg,0,Inuwashi
tool_bird_class_train/Inuwashi_Golden_Eagle/ext_inat_20260504/inat_344111709_5fb87782.jpg,0,Inuwashi
tool_bird_class_train/Inuwashi_Golden_Eagle/ext_inat_20260504/inat_344192334_3914cbe0.jpg,0,Inuwashi
tool_bird_class_train/Inuwashi_Golden_Eagle/ext_inat_20260504/inat_344192444_77da0b8c.jpg,0,Inuwashi
tool_bird_class_train/Inuwashi_Golden_Eagle/ext_inat_20260504/inat_344198821_91d6b1f3.jpg,0,Inuwashi
tool_bird_class_train/Inuwashi_Golden_Eagle/ext_inat_20260504/inat_344293289_18cf4c93.jpg,0,Inuwashi
tool_bird_class_train/Inuwashi_Golden_Eagle/ext_inat_20260504/inat_344351578_0817de38.jpg,0,Inuwashi
tool_bird_class_train/Inuwashi_Golden_Eagle/ext_inat_20260504/inat_344753130_6389b35c.jpg,0,Inuwashi
tool_bird_class_train/Inuwashi_Golden_Eagle/ext_inat_20260504/inat_344894538_e8ce1810.jpg,0,Inuwashi
tool_bird_class_train/Inuwashi_Golden_Eagle/ext_inat_20260504/inat_345132259_b49d4c72.jpg,0,Inuwashi
tool_bird_class_train/Inuwashi_Golden_Eagle/ext_inat_20260504/inat_345154115_6bfaafaa.jpg,0,Inuwashi
tool_bird_class_train/Inuwashi_Golden_Eagle/ext_inat_20260504/inat_345333301_d7a35e43.jpg,0,Inuwashi
tool_bird_class_train/Inuwashi_Golden_Eagle/ext_inat_20260504/inat_345333458_60b856c4.jpg,0,Inuwashi
tool_bird_class_train/Inuwashi_Golden_Eagle/ext_inat_20260504/inat_345336160_e708dd60.jpg,0,Inuwashi
tool_bird_class_train/Inuwashi_Golden_Eagle/ext_inat_20260504/inat_345373883_d132d5cd.jpg,0,Inuwashi
tool_bird_class_train/Inuwashi_Golden_Eagle/ext_inat_20260504/inat_345687941_4ed06449.jpg,0,Inuwashi
tool_bird_class_train/Inuwashi_Golden_Eagle/ext_inat_20260504/inat_345687945_d3aa76b4.jpg,0,Inuwashi
tool_bird_class_train/Inuwashi_Golden_Eagle/ext_inat_20260504/inat_346400407_43939ad9.jpg,0,Inuwashi
tool_bird_class_train/Inuwashi_Golden_Eagle/ext_inat_20260504/inat_346400788_bd997e31.jpg,0,Inuwashi
tool_bird_class_train/Inuwashi_Golden_Eagle/ext_inat_20260504/inat_346814717_ef751fd7.jpg,0,Inuwashi
tool_bird_class_train/Inuwashi_Golden_Eagle/ext_inat_20260504/inat_347218105_7464c460.jpg,0,Inuwashi
tool_bird_class_train/Inuwashi_Golden_Eagle/ext_inat_20260504/inat_348127565_36737b58.jpg,0,Inuwashi
tool_bird_class_train/Inuwashi_Golden_Eagle/ext_inat_20260504/inat_348226477_ccf567f0.jpg,0,Inuwashi
tool_bird_class_train/Inuwashi_Golden_Eagle/ext_inat_20260504/inat_34892113_6687afa4.jpg,0,Inuwashi
tool_bird_class_train/Inuwashi_Golden_Eagle/ext_inat_20260504/inat_349909018_f09ef6d0.jpg,0,Inuwashi
tool_bird_class_train/Inuwashi_Golden_Eagle/ext_inat_20260504/inat_350255740_d4d55fee.jpg,0,Inuwashi
tool_bird_class_train/Inuwashi_Golden_Eagle/ext_inat_20260504/inat_350558033_72cbb309.jpg,0,Inuwashi
tool_bird_class_train/Inuwashi_Golden_Eagle/ext_inat_20260504/inat_350679815_83f494ce.jpg,0,Inuwashi
tool_bird_class_train/Inuwashi_Golden_Eagle/ext_inat_20260504/inat_350746629_d9e78077.jpg,0,Inuwashi
tool_bird_class_train/Inuwashi_Golden_Eagle/ext_inat_20260504/inat_350942537_33c09b89.jpg,0,Inuwashi
tool_bird_class_train/Inuwashi_Golden_Eagle/ext_inat_20260504/inat_350943740_ad04c78f.jpg,0,Inuwashi
tool_bird_class_train/Inuwashi_Golden_Eagle/ext_inat_20260504/inat_351140666_9fcb80ef.jpg,0,Inuwashi
tool_bird_class_train/Inuwashi_Golden_Eagle/ext_inat_20260504/inat_351337178_c8a64a48.jpg,0,Inuwashi
tool_bird_class_train/Inuwashi_Golden_Eagle/ext_inat_20260504/inat_351747201_b1c7f1e5.jpg,0,Inuwashi
tool_bird_class_train/Inuwashi_Golden_Eagle/ext_inat_20260504/inat_351747267_1bf44ea3.jpg,0,Inuwashi
tool_bird_class_train/Inuwashi_Golden_Eagle/ext_inat_20260504/inat_352068524_d7099d2f.jpg,0,Inuwashi
tool_bird_class_train/Inuwashi_Golden_Eagle/ext_inat_20260504/inat_353060701_3e5b189e.jpg,0,Inuwashi
tool_bird_class_train/Inuwashi_Golden_Eagle/ext_inat_20260504/inat_353069917_c8b2da5c.jpg,0,Inuwashi
tool_bird_class_train/Inuwashi_Golden_Eagle/ext_inat_20260504/inat_353349981_2b94cc88.jpg,0,Inuwashi
tool_bird_class_train/Inuwashi_Golden_Eagle/ext_inat_20260504/inat_353565357_b1a959fe.jpg,0,Inuwashi
tool_bird_class_train/Inuwashi_Golden_Eagle/ext_inat_20260504/inat_353756058_733e63c3.jpg,0,Inuwashi
tool_bird_class_train/Inuwashi_Golden_Eagle/ext_inat_20260504/inat_354739360_aefdd84a.jpg,0,Inuwashi
tool_bird_class_train/Inuwashi_Golden_Eagle/ext_inat_20260504/inat_354871792_b7fb311d.jpg,0,Inuwashi
tool_bird_class_train/Inuwashi_Golden_Eagle/ext_inat_20260504/inat_354872513_85604f48.jpg,0,Inuwashi
tool_bird_class_train/Inuwashi_Golden_Eagle/ext_inat_20260504/inat_354937655_11e57d16.jpg,0,Inuwashi
tool_bird_class_train/Inuwashi_Golden_Eagle/ext_inat_20260504/inat_355009744_1d7a0cdf.jpg,0,Inuwashi
tool_bird_class_train/Inuwashi_Golden_Eagle/ext_inat_20260504/inat_355176169_4a4299a7.jpg,0,Inuwashi
tool_bird_class_train/Inuwashi_Golden_Eagle/ext_inat_20260504/inat_355769614_0a0cb194.jpg,0,Inuwashi
tool_bird_class_train/Inuwashi_Golden_Eagle/ext_inat_20260504/inat_356012253_d837e22a.jpg,0,Inuwashi
tool_bird_class_train/Inuwashi_Golden_Eagle/ext_inat_20260504/inat_356049690_7099cab6.jpg,0,Inuwashi
tool_bird_class_train/Inuwashi_Golden_Eagle/ext_inat_20260504/inat_356049727_6f282919.jpg,0,Inuwashi
tool_bird_class_train/Inuwashi_Golden_Eagle/ext_inat_20260504/inat_356546633_eb8540dc.jpg,0,Inuwashi
tool_bird_class_train/Inuwashi_Golden_Eagle/ext_inat_20260504/inat_356957772_0f6845e6.jpg,0,Inuwashi
tool_bird_class_train/Inuwashi_Golden_Eagle/ext_inat_20260504/inat_357035177_b841de35.jpg,0,Inuwashi
tool_bird_class_train/Inuwashi_Golden_Eagle/ext_inat_20260504/inat_359289643_3d4b3590.jpg,0,Inuwashi
tool_bird_class_train/Inuwashi_Golden_Eagle/ext_inat_20260504/inat_359289920_7f44ea8b.jpg,0,Inuwashi
tool_bird_class_train/Inuwashi_Golden_Eagle/ext_inat_20260504/inat_360060261_4dd1aa9d.jpg,0,Inuwashi
tool_bird_class_train/Inuwashi_Golden_Eagle/ext_inat_20260504/inat_360333688_1f9514b5.jpg,0,Inuwashi
tool_bird_class_train/Inuwashi_Golden_Eagle/ext_inat_20260504/inat_360464404_c40eafa5.jpg,0,Inuwashi
tool_bird_class_train/Inuwashi_Golden_Eagle/ext_inat_20260504/inat_360791737_4e159a69.jpg,0,Inuwashi
tool_bird_class_train/Inuwashi_Golden_Eagle/ext_inat_20260504/inat_360870536_33814abb.jpg,0,Inuwashi
tool_bird_class_train/Inuwashi_Golden_Eagle/ext_inat_20260504/inat_362642967_19ed21e2.jpg,0,Inuwashi
tool_bird_class_train/Inuwashi_Golden_Eagle/ext_inat_20260504/inat_363298701_3adb6579.jpg,0,Inuwashi
tool_bird_class_train/Inuwashi_Golden_Eagle/ext_inat_20260504/inat_363777936_2de8befa.jpg,0,Inuwashi
tool_bird_class_train/Inuwashi_Golden_Eagle/ext_inat_20260504/inat_364198707_495eb302.jpg,0,Inuwashi
tool_bird_class_train/Inuwashi_Golden_Eagle/ext_inat_20260504/inat_364373301_5e769f65.jpg,0,Inuwashi
tool_bird_class_train/Inuwashi_Golden_Eagle/ext_inat_20260504/inat_364721692_5d43fe29.jpg,0,Inuwashi
tool_bird_class_train/Inuwashi_Golden_Eagle/ext_inat_20260504/inat_365825523_9342cce5.jpg,0,Inuwashi
tool_bird_class_train/Inuwashi_Golden_Eagle/ext_inat_20260504/inat_366597885_1a23eed0.jpg,0,Inuwashi
tool_bird_class_train/Inuwashi_Golden_Eagle/ext_inat_20260504/inat_369948835_de07f9f8.jpg,0,Inuwashi
tool_bird_class_train/Inuwashi_Golden_Eagle/ext_inat_20260504/inat_372292033_362e0e80.jpg,0,Inuwashi
tool_bird_class_train/Inuwashi_Golden_Eagle/ext_inat_20260504/inat_372709526_b8e5a1cd.jpg,0,Inuwashi
tool_bird_class_train/Inuwashi_Golden_Eagle/ext_inat_20260504/inat_373138363_42bd8e75.jpg,0,Inuwashi
tool_bird_class_train/Inuwashi_Golden_Eagle/ext_inat_20260504/inat_373138695_c4948eaa.jpg,0,Inuwashi
tool_bird_class_train/Inuwashi_Golden_Eagle/ext_inat_20260504/inat_373138696_233c2a84.jpg,0,Inuwashi
tool_bird_class_train/Inuwashi_Golden_Eagle/ext_inat_20260504/inat_377725605_99c2672c.jpg,0,Inuwashi
tool_bird_class_train/Inuwashi_Golden_Eagle/ext_inat_20260504/inat_37999276_4d236ec6.jpg,0,Inuwashi
tool_bird_class_train/Inuwashi_Golden_Eagle/ext_inat_20260504/inat_380141144_79a6c04c.jpg,0,Inuwashi
tool_bird_class_train/Inuwashi_Golden_Eagle/ext_inat_20260504/inat_382673349_a9afcf50.png,0,Inuwashi
tool_bird_class_train/Inuwashi_Golden_Eagle/ext_inat_20260504/inat_383677522_da069b28.jpg,0,Inuwashi
tool_bird_class_train/Inuwashi_Golden_Eagle/ext_inat_20260504/inat_384466001_7b98f4fc.jpg,0,Inuwashi
tool_bird_class_train/Inuwashi_Golden_Eagle/ext_inat_20260504/inat_384781856_e240fb95.jpg,0,Inuwashi
tool_bird_class_train/Inuwashi_Golden_Eagle/ext_inat_20260504/inat_385052478_39576a58.jpg,0,Inuwashi
tool_bird_class_train/Inuwashi_Golden_Eagle/ext_inat_20260504/inat_385650045_ed2557a1.jpg,0,Inuwashi
tool_bird_class_train/Inuwashi_Golden_Eagle/ext_inat_20260504/inat_385941921_7346f048.jpg,0,Inuwashi
tool_bird_class_train/Inuwashi_Golden_Eagle/ext_inat_20260504/inat_387502470_b312dcfd.jpg,0,Inuwashi
tool_bird_class_train/Inuwashi_Golden_Eagle/ext_inat_20260504/inat_387502525_fb0ef894.jpg,0,Inuwashi
tool_bird_class_train/Inuwashi_Golden_Eagle/ext_inat_20260504/inat_387502546_3c0dd577.jpg,0,Inuwashi
tool_bird_class_train/Inuwashi_Golden_Eagle/ext_inat_20260504/inat_387502580_bf47338e.jpg,0,Inuwashi
tool_bird_class_train/Inuwashi_Golden_Eagle/ext_inat_20260504/inat_387502721_d4059163.jpg,0,Inuwashi
tool_bird_class_train/Inuwashi_Golden_Eagle/ext_inat_20260504/inat_387747950_ed93ad7e.jpg,0,Inuwashi
tool_bird_class_train/Inuwashi_Golden_Eagle/ext_inat_20260504/inat_387897724_37206876.jpg,0,Inuwashi
tool_bird_class_train/Inuwashi_Golden_Eagle/ext_inat_20260504/inat_387897826_5f6b631d.jpg,0,Inuwashi
tool_bird_class_train/Inuwashi_Golden_Eagle/ext_inat_20260504/inat_389645184_1e026e1f.jpg,0,Inuwashi
tool_bird_class_train/Inuwashi_Golden_Eagle/ext_inat_20260504/inat_390828605_ac844b76.jpg,0,Inuwashi
tool_bird_class_train/Inuwashi_Golden_Eagle/ext_inat_20260504/inat_390828926_18cf7940.jpg,0,Inuwashi
tool_bird_class_train/Inuwashi_Golden_Eagle/ext_inat_20260504/inat_392621635_ba4244ab.jpg,0,Inuwashi
tool_bird_class_train/Inuwashi_Golden_Eagle/ext_inat_20260504/inat_395785650_e5e91060.jpg,0,Inuwashi
tool_bird_class_train/Inuwashi_Golden_Eagle/ext_inat_20260504/inat_397677127_ef6db0f4.jpg,0,Inuwashi
tool_bird_class_train/Inuwashi_Golden_Eagle/ext_inat_20260504/inat_397819652_0d7858b2.jpg,0,Inuwashi
tool_bird_class_train/Inuwashi_Golden_Eagle/ext_inat_20260504/inat_397821391_36eb095f.jpg,0,Inuwashi
tool_bird_class_train/Inuwashi_Golden_Eagle/ext_inat_20260504/inat_397954744_f393bad5.jpg,0,Inuwashi
tool_bird_class_train/Inuwashi_Golden_Eagle/ext_inat_20260504/inat_399677075_0e322897.jpg,0,Inuwashi
tool_bird_class_train/Inuwashi_Golden_Eagle/ext_inat_20260504/inat_401450994_5db3a753.jpg,0,Inuwashi
tool_bird_class_train/Inuwashi_Golden_Eagle/ext_inat_20260504/inat_402588889_ca54bf1a.jpg,0,Inuwashi
tool_bird_class_train/Inuwashi_Golden_Eagle/ext_inat_20260504/inat_403075998_3d61e4fa.jpg,0,Inuwashi
tool_bird_class_train/Inuwashi_Golden_Eagle/ext_inat_20260504/inat_403325797_2a914ce8.jpg,0,Inuwashi
tool_bird_class_train/Inuwashi_Golden_Eagle/ext_inat_20260504/inat_403326044_00f8c158.jpg,0,Inuwashi
tool_bird_class_train/Inuwashi_Golden_Eagle/ext_inat_20260504/inat_405293678_6dfee4b7.jpg,0,Inuwashi
tool_bird_class_train/Inuwashi_Golden_Eagle/ext_inat_20260504/inat_405295929_84c3b3ec.jpg,0,Inuwashi
tool_bird_class_train/Inuwashi_Golden_Eagle/ext_inat_20260504/inat_406233430_54deb0b2.jpg,0,Inuwashi
tool_bird_class_train/Inuwashi_Golden_Eagle/ext_inat_20260504/inat_406617274_caa222e1.jpg,0,Inuwashi
tool_bird_class_train/Inuwashi_Golden_Eagle/ext_inat_20260504/inat_407789463_d0cf7191.jpg,0,Inuwashi
tool_bird_class_train/Inuwashi_Golden_Eagle/ext_inat_20260504/inat_409927871_032a0762.jpg,0,Inuwashi
tool_bird_class_train/Inuwashi_Golden_Eagle/ext_inat_20260504/inat_41264317_0702cb1a.jpg,0,Inuwashi
tool_bird_class_train/Inuwashi_Golden_Eagle/ext_inat_20260504/inat_413109560_2381bc4d.jpg,0,Inuwashi
tool_bird_class_train/Inuwashi_Golden_Eagle/ext_inat_20260504/inat_414209795_96392944.jpg,0,Inuwashi
tool_bird_class_train/Inuwashi_Golden_Eagle/ext_inat_20260504/inat_415547213_488dc9ce.jpg,0,Inuwashi
tool_bird_class_train/Inuwashi_Golden_Eagle/ext_inat_20260504/inat_415960083_6fb1ca2a.jpg,0,Inuwashi
tool_bird_class_train/Inuwashi_Golden_Eagle/ext_inat_20260504/inat_416027516_82b96b52.jpg,0,Inuwashi
tool_bird_class_train/Inuwashi_Golden_Eagle/ext_inat_20260504/inat_417742654_97f73346.jpg,0,Inuwashi
tool_bird_class_train/Inuwashi_Golden_Eagle/ext_inat_20260504/inat_417896381_b807a271.jpg,0,Inuwashi
tool_bird_class_train/Inuwashi_Golden_Eagle/ext_inat_20260504/inat_418526498_de100c7a.jpg,0,Inuwashi
tool_bird_class_train/Inuwashi_Golden_Eagle/ext_inat_20260504/inat_418526536_63a8f8df.jpg,0,Inuwashi
tool_bird_class_train/Inuwashi_Golden_Eagle/ext_inat_20260504/inat_418912669_e440f965.jpg,0,Inuwashi
tool_bird_class_train/Inuwashi_Golden_Eagle/ext_inat_20260504/inat_419184918_f3ce7deb.jpg,0,Inuwashi
tool_bird_class_train/Inuwashi_Golden_Eagle/ext_inat_20260504/inat_419649766_32408b1a.jpg,0,Inuwashi
tool_bird_class_train/Inuwashi_Golden_Eagle/ext_inat_20260504/inat_420341285_4cea846d.jpg,0,Inuwashi
tool_bird_class_train/Inuwashi_Golden_Eagle/ext_inat_20260504/inat_421273912_2627ee77.jpg,0,Inuwashi
tool_bird_class_train/Inuwashi_Golden_Eagle/ext_inat_20260504/inat_422682180_fa9a5966.png,0,Inuwashi
tool_bird_class_train/Inuwashi_Golden_Eagle/ext_inat_20260504/inat_422685836_2bf65e9a.png,0,Inuwashi
tool_bird_class_train/Inuwashi_Golden_Eagle/ext_inat_20260504/inat_422883679_5e1b08ff.jpg,0,Inuwashi
tool_bird_class_train/Inuwashi_Golden_Eagle/ext_inat_20260504/inat_422891932_398fb0a1.jpg,0,Inuwashi
tool_bird_class_train/Inuwashi_Golden_Eagle/ext_inat_20260504/inat_423140636_4c134beb.jpg,0,Inuwashi
tool_bird_class_train/Inuwashi_Golden_Eagle/ext_inat_20260504/inat_423531255_e3fe2ac0.jpg,0,Inuwashi
tool_bird_class_train/Inuwashi_Golden_Eagle/ext_inat_20260504/inat_423701911_bd562580.jpg,0,Inuwashi
tool_bird_class_train/Inuwashi_Golden_Eagle/ext_inat_20260504/inat_424594358_bdfd78f9.jpg,0,Inuwashi
tool_bird_class_train/Inuwashi_Golden_Eagle/ext_inat_20260504/inat_42560256_e935be6d.jpg,0,Inuwashi
tool_bird_class_train/Inuwashi_Golden_Eagle/ext_inat_20260504/inat_427291264_9956e175.jpg,0,Inuwashi
tool_bird_class_train/Inuwashi_Golden_Eagle/ext_inat_20260504/inat_429138682_6036ce44.jpg,0,Inuwashi
tool_bird_class_train/Inuwashi_Golden_Eagle/ext_inat_20260504/inat_429138684_4e07461c.jpg,0,Inuwashi
tool_bird_class_train/Inuwashi_Golden_Eagle/ext_inat_20260504/inat_429518623_b469caa7.jpg,0,Inuwashi
tool_bird_class_train/Inuwashi_Golden_Eagle/ext_inat_20260504/inat_429518639_f7fe673c.jpg,0,Inuwashi
tool_bird_class_train/Inuwashi_Golden_Eagle/ext_inat_20260504/inat_429775329_3a1a887e.jpg,0,Inuwashi
tool_bird_class_train/Inuwashi_Golden_Eagle/ext_inat_20260504/inat_431103872_55eda572.jpg,0,Inuwashi
tool_bird_class_train/Inuwashi_Golden_Eagle/ext_inat_20260504/inat_431690532_490362f9.jpg,0,Inuwashi
tool_bird_class_train/Inuwashi_Golden_Eagle/ext_inat_20260504/inat_433063893_eb8a5c5f.jpg,0,Inuwashi
tool_bird_class_train/Inuwashi_Golden_Eagle/ext_inat_20260504/inat_434537047_dfbb909a.jpg,0,Inuwashi
tool_bird_class_train/Inuwashi_Golden_Eagle/ext_inat_20260504/inat_435382491_1134f4da.jpg,0,Inuwashi
tool_bird_class_train/Inuwashi_Golden_Eagle/ext_inat_20260504/inat_436228817_7a562123.jpg,0,Inuwashi
tool_bird_class_train/Inuwashi_Golden_Eagle/ext_inat_20260504/inat_436450406_f09ccae7.jpg,0,Inuwashi
tool_bird_class_train/Inuwashi_Golden_Eagle/ext_inat_20260504/inat_437302579_689bfa7d.jpg,0,Inuwashi
tool_bird_class_train/Inuwashi_Golden_Eagle/ext_inat_20260504/inat_440394981_3c76f213.jpg,0,Inuwashi
tool_bird_class_train/Inuwashi_Golden_Eagle/ext_inat_20260504/inat_440397540_dc4f819b.jpg,0,Inuwashi
tool_bird_class_train/Inuwashi_Golden_Eagle/ext_inat_20260504/inat_441334242_1ef63be8.jpg,0,Inuwashi
tool_bird_class_train/Inuwashi_Golden_Eagle/ext_inat_20260504/inat_441334887_4b55d87f.jpg,0,Inuwashi
tool_bird_class_train/Inuwashi_Golden_Eagle/ext_inat_20260504/inat_442089877_869c73e3.jpg,0,Inuwashi
tool_bird_class_train/Inuwashi_Golden_Eagle/ext_inat_20260504/inat_442475957_0dd7fe17.jpg,0,Inuwashi
tool_bird_class_train/Inuwashi_Golden_Eagle/ext_inat_20260504/inat_44284536_203475a8.jpg,0,Inuwashi
tool_bird_class_train/Inuwashi_Golden_Eagle/ext_inat_20260504/inat_444120329_2ae0b88f.jpg,0,Inuwashi
tool_bird_class_train/Inuwashi_Golden_Eagle/ext_inat_20260504/inat_444677053_fa4386aa.jpg,0,Inuwashi
tool_bird_class_train/Inuwashi_Golden_Eagle/ext_inat_20260504/inat_445084973_0bb07e7b.jpg,0,Inuwashi
tool_bird_class_train/Inuwashi_Golden_Eagle/ext_inat_20260504/inat_445731535_c07b0ba3.jpg,0,Inuwashi
tool_bird_class_train/Inuwashi_Golden_Eagle/ext_inat_20260504/inat_445736027_df2621a5.jpg,0,Inuwashi
tool_bird_class_train/Inuwashi_Golden_Eagle/ext_inat_20260504/inat_445736456_e3087237.jpg,0,Inuwashi
tool_bird_class_train/Inuwashi_Golden_Eagle/ext_inat_20260504/inat_445743181_5ee33330.jpg,0,Inuwashi
tool_bird_class_train/Inuwashi_Golden_Eagle/ext_inat_20260504/inat_445912073_980565fc.jpg,0,Inuwashi
tool_bird_class_train/Inuwashi_Golden_Eagle/ext_inat_20260504/inat_446622447_d428b191.jpg,0,Inuwashi
tool_bird_class_train/Inuwashi_Golden_Eagle/ext_inat_20260504/inat_447552272_8a9f6dd2.jpg,0,Inuwashi
tool_bird_class_train/Inuwashi_Golden_Eagle/ext_inat_20260504/inat_448675095_2872b010.png,0,Inuwashi
tool_bird_class_train/Inuwashi_Golden_Eagle/ext_inat_20260504/inat_449230628_bfa8e1b4.jpg,0,Inuwashi
tool_bird_class_train/Inuwashi_Golden_Eagle/ext_inat_20260504/inat_449647187_e25ac25a.jpg,0,Inuwashi
tool_bird_class_train/Inuwashi_Golden_Eagle/ext_inat_20260504/inat_449647767_849e14c2.jpg,0,Inuwashi
tool_bird_class_train/Inuwashi_Golden_Eagle/ext_inat_20260504/inat_450132986_f00b5ca7.jpg,0,Inuwashi
tool_bird_class_train/Inuwashi_Golden_Eagle/ext_inat_20260504/inat_450512350_1d557eac.jpg,0,Inuwashi
tool_bird_class_train/Inuwashi_Golden_Eagle/ext_inat_20260504/inat_450782288_8b0a0722.jpg,0,Inuwashi
tool_bird_class_train/Inuwashi_Golden_Eagle/ext_inat_20260504/inat_451049677_8c42764f.jpg,0,Inuwashi
tool_bird_class_train/Inuwashi_Golden_Eagle/ext_inat_20260504/inat_451110878_94cc61b5.jpg,0,Inuwashi
tool_bird_class_train/Inuwashi_Golden_Eagle/ext_inat_20260504/inat_451258270_eeb3d727.jpg,0,Inuwashi
tool_bird_class_train/Inuwashi_Golden_Eagle/ext_inat_20260504/inat_451525496_2963a12e.jpg,0,Inuwashi
tool_bird_class_train/Inuwashi_Golden_Eagle/ext_inat_20260504/inat_452258939_133260e6.jpg,0,Inuwashi
tool_bird_class_train/Inuwashi_Golden_Eagle/ext_inat_20260504/inat_452258944_bad8ed82.jpg,0,Inuwashi
tool_bird_class_train/Inuwashi_Golden_Eagle/ext_inat_20260504/inat_452258946_5a838e2a.jpg,0,Inuwashi
tool_bird_class_train/Inuwashi_Golden_Eagle/ext_inat_20260504/inat_452258960_c7d88343.jpg,0,Inuwashi
tool_bird_class_train/Inuwashi_Golden_Eagle/ext_inat_20260504/inat_454113715_82f7131b.jpg,0,Inuwashi
tool_bird_class_train/Inuwashi_Golden_Eagle/ext_inat_20260504/inat_454938362_2a022f75.jpg,0,Inuwashi
tool_bird_class_train/Inuwashi_Golden_Eagle/ext_inat_20260504/inat_455004131_291cdf9b.jpg,0,Inuwashi
tool_bird_class_train/Inuwashi_Golden_Eagle/ext_inat_20260504/inat_455409319_22a041a3.jpg,0,Inuwashi
tool_bird_class_train/Inuwashi_Golden_Eagle/ext_inat_20260504/inat_456392730_df2a2bbf.jpg,0,Inuwashi
tool_bird_class_train/Inuwashi_Golden_Eagle/ext_inat_20260504/inat_456485638_ad531f87.jpg,0,Inuwashi
tool_bird_class_train/Inuwashi_Golden_Eagle/ext_inat_20260504/inat_457293223_2437131a.jpg,0,Inuwashi
tool_bird_class_train/Inuwashi_Golden_Eagle/ext_inat_20260504/inat_45776301_b3c82333.jpg,0,Inuwashi
tool_bird_class_train/Inuwashi_Golden_Eagle/ext_inat_20260504/inat_458151155_b2ced70c.jpg,0,Inuwashi
tool_bird_class_train/Inuwashi_Golden_Eagle/ext_inat_20260504/inat_458286901_2f35490a.jpg,0,Inuwashi
tool_bird_class_train/Inuwashi_Golden_Eagle/ext_inat_20260504/inat_458755284_2dfad28b.jpg,0,Inuwashi
tool_bird_class_train/Inuwashi_Golden_Eagle/ext_inat_20260504/inat_458825751_bbbcc18b.jpg,0,Inuwashi
tool_bird_class_train/Inuwashi_Golden_Eagle/ext_inat_20260504/inat_458945618_5a10bc21.jpg,0,Inuwashi
tool_bird_class_train/Inuwashi_Golden_Eagle/ext_inat_20260504/inat_459064582_da13add3.jpg,0,Inuwashi
tool_bird_class_train/Inuwashi_Golden_Eagle/ext_inat_20260504/inat_459522088_9dee12f0.jpg,0,Inuwashi
tool_bird_class_train/Inuwashi_Golden_Eagle/ext_inat_20260504/inat_459924608_e956b98b.jpg,0,Inuwashi
tool_bird_class_train/Inuwashi_Golden_Eagle/ext_inat_20260504/inat_459924725_7f870385.jpg,0,Inuwashi
tool_bird_class_train/Inuwashi_Golden_Eagle/ext_inat_20260504/inat_459925103_5324fca0.jpg,0,Inuwashi
tool_bird_class_train/Inuwashi_Golden_Eagle/ext_inat_20260504/inat_45993012_9653ae36.jpg,0,Inuwashi
tool_bird_class_train/Inuwashi_Golden_Eagle/ext_inat_20260504/inat_460074246_1f6c279c.jpg,0,Inuwashi
tool_bird_class_train/Inuwashi_Golden_Eagle/ext_inat_20260504/inat_460457264_3512afcc.jpg,0,Inuwashi
tool_bird_class_train/Inuwashi_Golden_Eagle/ext_inat_20260504/inat_460457265_d5b85da7.jpg,0,Inuwashi
tool_bird_class_train/Inuwashi_Golden_Eagle/ext_inat_20260504/inat_460656827_a884742d.jpg,0,Inuwashi
tool_bird_class_train/Inuwashi_Golden_Eagle/ext_inat_20260504/inat_460890668_0dc4902e.jpg,0,Inuwashi
tool_bird_class_train/Inuwashi_Golden_Eagle/ext_inat_20260504/inat_460890720_e5c3947f.jpg,0,Inuwashi
tool_bird_class_train/Inuwashi_Golden_Eagle/ext_inat_20260504/inat_46142282_823f18e7.jpg,0,Inuwashi
tool_bird_class_train/Inuwashi_Golden_Eagle/ext_inat_20260504/inat_46142292_a6bd2e2a.jpg,0,Inuwashi
tool_bird_class_train/Inuwashi_Golden_Eagle/ext_inat_20260504/inat_46142298_1646b680.jpg,0,Inuwashi
tool_bird_class_train/Inuwashi_Golden_Eagle/ext_inat_20260504/inat_46142350_9c841d46.jpg,0,Inuwashi
tool_bird_class_train/Inuwashi_Golden_Eagle/ext_inat_20260504/inat_463092764_5db9cf30.jpg,0,Inuwashi
tool_bird_class_train/Inuwashi_Golden_Eagle/ext_inat_20260504/inat_463092846_15bdc93a.jpg,0,Inuwashi
tool_bird_class_train/Inuwashi_Golden_Eagle/ext_inat_20260504/inat_463092885_a86c3460.jpg,0,Inuwashi
tool_bird_class_train/Inuwashi_Golden_Eagle/ext_inat_20260504/inat_463098277_67f3fe2c.jpg,0,Inuwashi
tool_bird_class_train/Inuwashi_Golden_Eagle/ext_inat_20260504/inat_464095576_9451b24c.jpg,0,Inuwashi
tool_bird_class_train/Inuwashi_Golden_Eagle/ext_inat_20260504/inat_464472041_82faa29e.jpg,0,Inuwashi
tool_bird_class_train/Inuwashi_Golden_Eagle/ext_inat_20260504/inat_464554379_fc493f9f.jpg,0,Inuwashi
tool_bird_class_train/Inuwashi_Golden_Eagle/ext_inat_20260504/inat_464813509_8408052e.jpg,0,Inuwashi
tool_bird_class_train/Inuwashi_Golden_Eagle/ext_inat_20260504/inat_465052058_46461116.jpg,0,Inuwashi
tool_bird_class_train/Inuwashi_Golden_Eagle/ext_inat_20260504/inat_465394322_4d3446d9.jpg,0,Inuwashi
tool_bird_class_train/Inuwashi_Golden_Eagle/ext_inat_20260504/inat_465933187_931ba373.jpg,0,Inuwashi
tool_bird_class_train/Inuwashi_Golden_Eagle/ext_inat_20260504/inat_466167489_8402d1ed.jpg,0,Inuwashi
tool_bird_class_train/Inuwashi_Golden_Eagle/ext_inat_20260504/inat_467053667_82d821d3.jpg,0,Inuwashi
tool_bird_class_train/Inuwashi_Golden_Eagle/ext_inat_20260504/inat_467690361_5012e62a.jpg,0,Inuwashi
tool_bird_class_train/Inuwashi_Golden_Eagle/ext_inat_20260504/inat_467797794_cf14b8fc.jpg,0,Inuwashi
tool_bird_class_train/Inuwashi_Golden_Eagle/ext_inat_20260504/inat_467797831_38799ab1.jpg,0,Inuwashi
tool_bird_class_train/Inuwashi_Golden_Eagle/ext_inat_20260504/inat_468156644_a8a74383.jpg,0,Inuwashi
tool_bird_class_train/Inuwashi_Golden_Eagle/ext_inat_20260504/inat_468745986_57c3494b.jpg,0,Inuwashi
tool_bird_class_train/Inuwashi_Golden_Eagle/ext_inat_20260504/inat_468772056_0845bf23.jpg,0,Inuwashi
tool_bird_class_train/Inuwashi_Golden_Eagle/ext_inat_20260504/inat_468772071_c2e75576.jpg,0,Inuwashi
tool_bird_class_train/Inuwashi_Golden_Eagle/ext_inat_20260504/inat_470085384_45ac2584.jpg,0,Inuwashi
tool_bird_class_train/Inuwashi_Golden_Eagle/ext_inat_20260504/inat_470309900_9ca442ef.jpg,0,Inuwashi
tool_bird_class_train/Inuwashi_Golden_Eagle/ext_inat_20260504/inat_470786864_9598df50.jpg,0,Inuwashi
tool_bird_class_train/Inuwashi_Golden_Eagle/ext_inat_20260504/inat_470786917_4d8ff8c6.jpg,0,Inuwashi
tool_bird_class_train/Inuwashi_Golden_Eagle/ext_inat_20260504/inat_472070284_91901f7c.jpg,0,Inuwashi
tool_bird_class_train/Inuwashi_Golden_Eagle/ext_inat_20260504/inat_472764993_8e7f06d3.jpg,0,Inuwashi
tool_bird_class_train/Inuwashi_Golden_Eagle/ext_inat_20260504/inat_47292004_eda4029e.jpg,0,Inuwashi
tool_bird_class_train/Inuwashi_Golden_Eagle/ext_inat_20260504/inat_47321590_3979c3f0.jpg,0,Inuwashi
tool_bird_class_train/Inuwashi_Golden_Eagle/ext_inat_20260504/inat_473374793_b0f668b5.jpg,0,Inuwashi
tool_bird_class_train/Inuwashi_Golden_Eagle/ext_inat_20260504/inat_47384711_67c8c653.jpg,0,Inuwashi
tool_bird_class_train/Inuwashi_Golden_Eagle/ext_inat_20260504/inat_473996056_76a3f38a.jpg,0,Inuwashi
tool_bird_class_train/Inuwashi_Golden_Eagle/ext_inat_20260504/inat_475005351_544f123a.jpg,0,Inuwashi
tool_bird_class_train/Inuwashi_Golden_Eagle/ext_inat_20260504/inat_475057991_de8906c6.jpg,0,Inuwashi
tool_bird_class_train/Inuwashi_Golden_Eagle/ext_inat_20260504/inat_475451329_2ecbef99.jpg,0,Inuwashi
tool_bird_class_train/Inuwashi_Golden_Eagle/ext_inat_20260504/inat_475952448_10b9fbff.jpg,0,Inuwashi
tool_bird_class_train/Inuwashi_Golden_Eagle/ext_inat_20260504/inat_476077859_504f4b73.jpg,0,Inuwashi
tool_bird_class_train/Inuwashi_Golden_Eagle/ext_inat_20260504/inat_476272340_d445a27b.png,0,Inuwashi
tool_bird_class_train/Inuwashi_Golden_Eagle/ext_inat_20260504/inat_47632707_1b846516.jpg,0,Inuwashi
tool_bird_class_train/Inuwashi_Golden_Eagle/ext_inat_20260504/inat_47642221_93775246.jpg,0,Inuwashi
tool_bird_class_train/Inuwashi_Golden_Eagle/ext_inat_20260504/inat_476718089_6d82fa19.jpg,0,Inuwashi
tool_bird_class_train/Inuwashi_Golden_Eagle/ext_inat_20260504/inat_477045796_9a7813a8.jpg,0,Inuwashi
tool_bird_class_train/Inuwashi_Golden_Eagle/ext_inat_20260504/inat_477134513_b3052208.jpg,0,Inuwashi
tool_bird_class_train/Inuwashi_Golden_Eagle/ext_inat_20260504/inat_477134810_18f8acd1.jpg,0,Inuwashi
tool_bird_class_train/Inuwashi_Golden_Eagle/ext_inat_20260504/inat_477140139_0cf151a9.jpg,0,Inuwashi
tool_bird_class_train/Inuwashi_Golden_Eagle/ext_inat_20260504/inat_47819449_efa5d83c.jpg,0,Inuwashi
tool_bird_class_train/Inuwashi_Golden_Eagle/ext_inat_20260504/inat_478569512_9975d9d4.jpg,0,Inuwashi
tool_bird_class_train/Inuwashi_Golden_Eagle/ext_inat_20260504/inat_478700317_36a23d71.jpg,0,Inuwashi
tool_bird_class_train/Inuwashi_Golden_Eagle/ext_inat_20260504/inat_479208727_290cb19e.jpg,0,Inuwashi
tool_bird_class_train/Inuwashi_Golden_Eagle/ext_inat_20260504/inat_479213469_2670f5f2.jpg,0,Inuwashi
tool_bird_class_train/Inuwashi_Golden_Eagle/ext_inat_20260504/inat_479619245_f1b51e19.jpg,0,Inuwashi
tool_bird_class_train/Inuwashi_Golden_Eagle/ext_inat_20260504/inat_479763626_8f194f1c.jpg,0,Inuwashi
tool_bird_class_train/Inuwashi_Golden_Eagle/ext_inat_20260504/inat_480377971_e60a00b4.jpg,0,Inuwashi
tool_bird_class_train/Inuwashi_Golden_Eagle/ext_inat_20260504/inat_482318692_92437df6.jpg,0,Inuwashi
tool_bird_class_train/Inuwashi_Golden_Eagle/ext_inat_20260504/inat_482414473_906f7987.png,0,Inuwashi
tool_bird_class_train/Inuwashi_Golden_Eagle/ext_inat_20260504/inat_482414514_2f6200b9.png,0,Inuwashi
tool_bird_class_train/Inuwashi_Golden_Eagle/ext_inat_20260504/inat_483650144_42e96fd4.jpg,0,Inuwashi
tool_bird_class_train/Inuwashi_Golden_Eagle/ext_inat_20260504/inat_483923183_6d156767.jpg,0,Inuwashi
tool_bird_class_train/Inuwashi_Golden_Eagle/ext_inat_20260504/inat_483970128_84e5ec72.jpg,0,Inuwashi
tool_bird_class_train/Inuwashi_Golden_Eagle/ext_inat_20260504/inat_484260536_24768ffe.jpg,0,Inuwashi
tool_bird_class_train/Inuwashi_Golden_Eagle/ext_inat_20260504/inat_484648459_a39044d2.jpg,0,Inuwashi
tool_bird_class_train/Inuwashi_Golden_Eagle/ext_inat_20260504/inat_484693358_5ebbf1a5.jpg,0,Inuwashi
tool_bird_class_train/Inuwashi_Golden_Eagle/ext_inat_20260504/inat_484854063_0a7c85e6.jpg,0,Inuwashi
tool_bird_class_train/Inuwashi_Golden_Eagle/ext_inat_20260504/inat_485015983_bc893f3a.jpg,0,Inuwashi
tool_bird_class_train/Inuwashi_Golden_Eagle/ext_inat_20260504/inat_48508055_1df7982e.jpg,0,Inuwashi
tool_bird_class_train/Inuwashi_Golden_Eagle/ext_inat_20260504/inat_48515079_9febaee6.jpg,0,Inuwashi
tool_bird_class_train/Inuwashi_Golden_Eagle/ext_inat_20260504/inat_48712047_d364b6f6.jpg,0,Inuwashi
tool_bird_class_train/Inuwashi_Golden_Eagle/ext_inat_20260504/inat_487681553_731297ac.jpg,0,Inuwashi
tool_bird_class_train/Inuwashi_Golden_Eagle/ext_inat_20260504/inat_487756009_d20fd8a9.jpg,0,Inuwashi
tool_bird_class_train/Inuwashi_Golden_Eagle/ext_inat_20260504/inat_488664987_000f1f66.jpg,0,Inuwashi
tool_bird_class_train/Inuwashi_Golden_Eagle/ext_inat_20260504/inat_489488629_0c1b83e9.jpg,0,Inuwashi
tool_bird_class_train/Inuwashi_Golden_Eagle/ext_inat_20260504/inat_489857613_9adac229.jpg,0,Inuwashi
tool_bird_class_train/Inuwashi_Golden_Eagle/ext_inat_20260504/inat_49251482_dfb30fa3.jpg,0,Inuwashi
tool_bird_class_train/Inuwashi_Golden_Eagle/ext_inat_20260504/inat_493071370_168219c8.jpg,0,Inuwashi
tool_bird_class_train/Inuwashi_Golden_Eagle/ext_inat_20260504/inat_493178573_4dbbb5f9.jpg,0,Inuwashi
tool_bird_class_train/Inuwashi_Golden_Eagle/ext_inat_20260504/inat_493539226_8ea1681c.jpg,0,Inuwashi
tool_bird_class_train/Inuwashi_Golden_Eagle/ext_inat_20260504/inat_494311123_01882ac7.jpg,0,Inuwashi
tool_bird_class_train/Inuwashi_Golden_Eagle/ext_inat_20260504/inat_496737065_893187bf.jpg,0,Inuwashi
tool_bird_class_train/Inuwashi_Golden_Eagle/ext_inat_20260504/inat_496739371_1d0ddba5.jpg,0,Inuwashi
tool_bird_class_train/Inuwashi_Golden_Eagle/ext_inat_20260504/inat_496748446_e02e56ae.jpg,0,Inuwashi
tool_bird_class_train/Inuwashi_Golden_Eagle/ext_inat_20260504/inat_49705027_28052dae.jpg,0,Inuwashi
tool_bird_class_train/Inuwashi_Golden_Eagle/ext_inat_20260504/inat_497333231_f18647db.jpg,0,Inuwashi
tool_bird_class_train/Inuwashi_Golden_Eagle/ext_inat_20260504/inat_497333485_79db3f15.jpg,0,Inuwashi
tool_bird_class_train/Inuwashi_Golden_Eagle/ext_inat_20260504/inat_498312415_ae244d92.jpg,0,Inuwashi
tool_bird_class_train/Inuwashi_Golden_Eagle/ext_inat_20260504/inat_498324580_0980185c.jpg,0,Inuwashi
tool_bird_class_train/Inuwashi_Golden_Eagle/ext_inat_20260504/inat_498910242_9b4db98f.jpg,0,Inuwashi
tool_bird_class_train/Inuwashi_Golden_Eagle/ext_inat_20260504/inat_499592057_4ca41a3e.jpg,0,Inuwashi
tool_bird_class_train/Inuwashi_Golden_Eagle/ext_inat_20260504/inat_499592207_b23166c3.jpg,0,Inuwashi
tool_bird_class_train/Inuwashi_Golden_Eagle/ext_inat_20260504/inat_500038977_6d75b445.jpg,0,Inuwashi
tool_bird_class_train/Inuwashi_Golden_Eagle/ext_inat_20260504/inat_500100785_a3e97271.jpg,0,Inuwashi
tool_bird_class_train/Inuwashi_Golden_Eagle/ext_inat_20260504/inat_501433348_3192e1c1.jpg,0,Inuwashi
tool_bird_class_train/Inuwashi_Golden_Eagle/ext_inat_20260504/inat_501438035_1c40c645.jpg,0,Inuwashi
tool_bird_class_train/Inuwashi_Golden_Eagle/ext_inat_20260504/inat_501438079_2c8eee76.jpg,0,Inuwashi
tool_bird_class_train/Inuwashi_Golden_Eagle/ext_inat_20260504/inat_501445448_e4a7f8b2.jpg,0,Inuwashi
tool_bird_class_train/Inuwashi_Golden_Eagle/ext_inat_20260504/inat_501829888_d4e113d8.jpg,0,Inuwashi
tool_bird_class_train/Inuwashi_Golden_Eagle/ext_inat_20260504/inat_501831809_24ca7a44.jpg,0,Inuwashi
tool_bird_class_train/Inuwashi_Golden_Eagle/ext_inat_20260504/inat_503123069_6f28799c.jpg,0,Inuwashi
tool_bird_class_train/Inuwashi_Golden_Eagle/ext_inat_20260504/inat_503737595_efb1b2b3.jpg,0,Inuwashi
tool_bird_class_train/Inuwashi_Golden_Eagle/ext_inat_20260504/inat_504333261_98d99176.jpg,0,Inuwashi
tool_bird_class_train/Inuwashi_Golden_Eagle/ext_inat_20260504/inat_504920347_33f5476d.jpg,0,Inuwashi
tool_bird_class_train/Inuwashi_Golden_Eagle/ext_inat_20260504/inat_507294558_abcb12cf.jpg,0,Inuwashi
tool_bird_class_train/Inuwashi_Golden_Eagle/ext_inat_20260504/inat_510287450_5800b6c6.jpg,0,Inuwashi
tool_bird_class_train/Inuwashi_Golden_Eagle/ext_inat_20260504/inat_510640180_7f131ce1.jpg,0,Inuwashi
tool_bird_class_train/Inuwashi_Golden_Eagle/ext_inat_20260504/inat_511503105_66ed32cd.jpg,0,Inuwashi
tool_bird_class_train/Inuwashi_Golden_Eagle/ext_inat_20260504/inat_513304171_0e3570a6.jpg,0,Inuwashi
tool_bird_class_train/Inuwashi_Golden_Eagle/ext_inat_20260504/inat_513829592_666c1352.jpg,0,Inuwashi
tool_bird_class_train/Inuwashi_Golden_Eagle/ext_inat_20260504/inat_517809603_0935b4c7.jpg,0,Inuwashi
tool_bird_class_train/Inuwashi_Golden_Eagle/ext_inat_20260504/inat_519434149_86813c33.jpg,0,Inuwashi
tool_bird_class_train/Inuwashi_Golden_Eagle/ext_inat_20260504/inat_519654235_eb4c5391.jpg,0,Inuwashi
tool_bird_class_train/Inuwashi_Golden_Eagle/ext_inat_20260504/inat_521226776_c3fcbba7.jpg,0,Inuwashi
tool_bird_class_train/Inuwashi_Golden_Eagle/ext_inat_20260504/inat_521565493_b4388363.jpg,0,Inuwashi
tool_bird_class_train/Inuwashi_Golden_Eagle/ext_inat_20260504/inat_522817259_5ed63c2b.jpg,0,Inuwashi
tool_bird_class_train/Inuwashi_Golden_Eagle/ext_inat_20260504/inat_523195382_4ac31ca4.jpg,0,Inuwashi
tool_bird_class_train/Inuwashi_Golden_Eagle/ext_inat_20260504/inat_523763098_651879b2.jpg,0,Inuwashi
tool_bird_class_train/Inuwashi_Golden_Eagle/ext_inat_20260504/inat_524202112_a3769a1f.jpg,0,Inuwashi
tool_bird_class_train/Inuwashi_Golden_Eagle/ext_inat_20260504/inat_524644453_41997216.jpg,0,Inuwashi
tool_bird_class_train/Inuwashi_Golden_Eagle/ext_inat_20260504/inat_526200132_4e313cc5.jpg,0,Inuwashi
tool_bird_class_train/Inuwashi_Golden_Eagle/ext_inat_20260504/inat_527174913_15e00f95.jpg,0,Inuwashi
tool_bird_class_train/Inuwashi_Golden_Eagle/ext_inat_20260504/inat_527628626_0db3f262.jpg,0,Inuwashi
tool_bird_class_train/Inuwashi_Golden_Eagle/ext_inat_20260504/inat_527940709_b69226b9.jpg,0,Inuwashi
tool_bird_class_train/Inuwashi_Golden_Eagle/ext_inat_20260504/inat_528742556_6aaa5843.jpg,0,Inuwashi
tool_bird_class_train/Inuwashi_Golden_Eagle/ext_inat_20260504/inat_528832955_130a17a7.jpg,0,Inuwashi
tool_bird_class_train/Inuwashi_Golden_Eagle/ext_inat_20260504/inat_53060894_43da0301.jpg,0,Inuwashi
tool_bird_class_train/Inuwashi_Golden_Eagle/ext_inat_20260504/inat_531511594_572f32e9.jpg,0,Inuwashi
tool_bird_class_train/Inuwashi_Golden_Eagle/ext_inat_20260504/inat_532135218_24b34ca8.jpg,0,Inuwashi
tool_bird_class_train/Inuwashi_Golden_Eagle/ext_inat_20260504/inat_533180550_66aa8502.jpg,0,Inuwashi
tool_bird_class_train/Inuwashi_Golden_Eagle/ext_inat_20260504/inat_533332493_7a8b814a.jpg,0,Inuwashi
tool_bird_class_train/Inuwashi_Golden_Eagle/ext_inat_20260504/inat_537728351_af7289f1.jpg,0,Inuwashi
tool_bird_class_train/Inuwashi_Golden_Eagle/ext_inat_20260504/inat_539823880_5dfcfef1.jpg,0,Inuwashi
tool_bird_class_train/Inuwashi_Golden_Eagle/ext_inat_20260504/inat_540161926_d8085b5b.jpg,0,Inuwashi
tool_bird_class_train/Inuwashi_Golden_Eagle/ext_inat_20260504/inat_540845337_6dc0bee7.jpg,0,Inuwashi
tool_bird_class_train/Inuwashi_Golden_Eagle/ext_inat_20260504/inat_541659197_fd1dc977.jpg,0,Inuwashi
tool_bird_class_train/Inuwashi_Golden_Eagle/ext_inat_20260504/inat_542081150_f01bd0de.jpg,0,Inuwashi
tool_bird_class_train/Inuwashi_Golden_Eagle/ext_inat_20260504/inat_542081613_655dfe3d.jpg,0,Inuwashi
tool_bird_class_train/Inuwashi_Golden_Eagle/ext_inat_20260504/inat_542081765_96172881.jpg,0,Inuwashi
tool_bird_class_train/Inuwashi_Golden_Eagle/ext_inat_20260504/inat_543028498_bca75ba1.jpg,0,Inuwashi
tool_bird_class_train/Inuwashi_Golden_Eagle/ext_inat_20260504/inat_54332534_3c3e089f.jpg,0,Inuwashi
tool_bird_class_train/Inuwashi_Golden_Eagle/ext_inat_20260504/inat_545903915_011e9543.jpg,0,Inuwashi
tool_bird_class_train/Inuwashi_Golden_Eagle/ext_inat_20260504/inat_5477767_dabc76ac.jpg,0,Inuwashi
tool_bird_class_train/Inuwashi_Golden_Eagle/ext_inat_20260504/inat_547972816_2d8ea7bb.jpg,0,Inuwashi
tool_bird_class_train/Inuwashi_Golden_Eagle/ext_inat_20260504/inat_548024515_7b92e23b.jpg,0,Inuwashi
tool_bird_class_train/Inuwashi_Golden_Eagle/ext_inat_20260504/inat_548494664_384d7e13.jpg,0,Inuwashi
tool_bird_class_train/Inuwashi_Golden_Eagle/ext_inat_20260504/inat_548764398_7a69c0cf.jpg,0,Inuwashi
tool_bird_class_train/Inuwashi_Golden_Eagle/ext_inat_20260504/inat_548764399_faf39f7a.jpg,0,Inuwashi
tool_bird_class_train/Inuwashi_Golden_Eagle/ext_inat_20260504/inat_548764413_0ed4f9c5.jpg,0,Inuwashi
tool_bird_class_train/Inuwashi_Golden_Eagle/ext_inat_20260504/inat_548764417_ba7607bb.jpg,0,Inuwashi
tool_bird_class_train/Inuwashi_Golden_Eagle/ext_inat_20260504/inat_548834476_4c5f6a43.jpg,0,Inuwashi
tool_bird_class_train/Inuwashi_Golden_Eagle/ext_inat_20260504/inat_548834617_6030cb24.jpg,0,Inuwashi
tool_bird_class_train/Inuwashi_Golden_Eagle/ext_inat_20260504/inat_548983179_8bdd8d82.jpg,0,Inuwashi
tool_bird_class_train/Inuwashi_Golden_Eagle/ext_inat_20260504/inat_549624586_021fdae2.jpg,0,Inuwashi
tool_bird_class_train/Inuwashi_Golden_Eagle/ext_inat_20260504/inat_549860428_56b027ff.jpg,0,Inuwashi
tool_bird_class_train/Inuwashi_Golden_Eagle/ext_inat_20260504/inat_549860749_07edb643.jpg,0,Inuwashi
tool_bird_class_train/Inuwashi_Golden_Eagle/ext_inat_20260504/inat_549860904_2c44f554.jpg,0,Inuwashi
tool_bird_class_train/Inuwashi_Golden_Eagle/ext_inat_20260504/inat_549861006_2ac6623f.jpg,0,Inuwashi
tool_bird_class_train/Inuwashi_Golden_Eagle/ext_inat_20260504/inat_55127907_f27d6ce0.jpg,0,Inuwashi
tool_bird_class_train/Inuwashi_Golden_Eagle/ext_inat_20260504/inat_55148417_64a26d27.jpg,0,Inuwashi
tool_bird_class_train/Inuwashi_Golden_Eagle/ext_inat_20260504/inat_552331559_1c40a650.jpg,0,Inuwashi
tool_bird_class_train/Inuwashi_Golden_Eagle/ext_inat_20260504/inat_552849556_451369e6.jpg,0,Inuwashi
tool_bird_class_train/Inuwashi_Golden_Eagle/ext_inat_20260504/inat_553351453_7de3cf27.jpg,0,Inuwashi
tool_bird_class_train/Inuwashi_Golden_Eagle/ext_inat_20260504/inat_554329469_ae8ea755.jpg,0,Inuwashi
tool_bird_class_train/Inuwashi_Golden_Eagle/ext_inat_20260504/inat_554527499_3a2127fb.jpg,0,Inuwashi
tool_bird_class_train/Inuwashi_Golden_Eagle/ext_inat_20260504/inat_554527523_466dfbb6.jpg,0,Inuwashi
tool_bird_class_train/Inuwashi_Golden_Eagle/ext_inat_20260504/inat_55706112_8f4e0b6a.jpg,0,Inuwashi
tool_bird_class_train/Inuwashi_Golden_Eagle/ext_inat_20260504/inat_557191110_6e792a15.jpg,0,Inuwashi
tool_bird_class_train/Inuwashi_Golden_Eagle/ext_inat_20260504/inat_55905367_b028e733.jpg,0,Inuwashi
tool_bird_class_train/Inuwashi_Golden_Eagle/ext_inat_20260504/inat_559097052_e6168c0e.jpg,0,Inuwashi
tool_bird_class_train/Inuwashi_Golden_Eagle/ext_inat_20260504/inat_559569926_60449a45.jpg,0,Inuwashi
tool_bird_class_train/Inuwashi_Golden_Eagle/ext_inat_20260504/inat_559950449_43df23fe.jpg,0,Inuwashi
tool_bird_class_train/Inuwashi_Golden_Eagle/ext_inat_20260504/inat_560309806_eff0d023.jpg,0,Inuwashi
tool_bird_class_train/Inuwashi_Golden_Eagle/ext_inat_20260504/inat_560728648_f714cd1c.jpg,0,Inuwashi
tool_bird_class_train/Inuwashi_Golden_Eagle/ext_inat_20260504/inat_56085999_497bd32e.jpg,0,Inuwashi
tool_bird_class_train/Inuwashi_Golden_Eagle/ext_inat_20260504/inat_560915262_0929f237.jpg,0,Inuwashi
tool_bird_class_train/Inuwashi_Golden_Eagle/ext_inat_20260504/inat_562568084_7ecb4235.jpg,0,Inuwashi
tool_bird_class_train/Inuwashi_Golden_Eagle/ext_inat_20260504/inat_563067942_4ab2b114.jpg,0,Inuwashi
tool_bird_class_train/Inuwashi_Golden_Eagle/ext_inat_20260504/inat_56311156_3a68c1ea.jpg,0,Inuwashi
tool_bird_class_train/Inuwashi_Golden_Eagle/ext_inat_20260504/inat_56467205_4cc2a789.jpg,0,Inuwashi
tool_bird_class_train/Inuwashi_Golden_Eagle/ext_inat_20260504/inat_56592938_80ff9fad.jpg,0,Inuwashi
tool_bird_class_train/Inuwashi_Golden_Eagle/ext_inat_20260504/inat_56650031_e7ff2c48.jpg,0,Inuwashi
tool_bird_class_train/Inuwashi_Golden_Eagle/ext_inat_20260504/inat_56671594_c6a1628c.jpg,0,Inuwashi
tool_bird_class_train/Inuwashi_Golden_Eagle/ext_inat_20260504/inat_567526959_58969491.jpg,0,Inuwashi
tool_bird_class_train/Inuwashi_Golden_Eagle/ext_inat_20260504/inat_569243528_dd3cb96f.jpg,0,Inuwashi
tool_bird_class_train/Inuwashi_Golden_Eagle/ext_inat_20260504/inat_570324517_fdf93082.jpg,0,Inuwashi
tool_bird_class_train/Inuwashi_Golden_Eagle/ext_inat_20260504/inat_573100750_ce2e1a85.jpg,0,Inuwashi
tool_bird_class_train/Inuwashi_Golden_Eagle/ext_inat_20260504/inat_57331781_f4c8fbeb.jpg,0,Inuwashi
tool_bird_class_train/Inuwashi_Golden_Eagle/ext_inat_20260504/inat_57620573_f810c0b8.jpg,0,Inuwashi
tool_bird_class_train/Inuwashi_Golden_Eagle/ext_inat_20260504/inat_576503790_c9b8fb3f.jpg,0,Inuwashi
tool_bird_class_train/Inuwashi_Golden_Eagle/ext_inat_20260504/inat_576523386_cf18ce29.jpg,0,Inuwashi
tool_bird_class_train/Inuwashi_Golden_Eagle/ext_inat_20260504/inat_57717036_4b1491b7.jpg,0,Inuwashi
tool_bird_class_train/Inuwashi_Golden_Eagle/ext_inat_20260504/inat_57718620_3669b973.jpg,0,Inuwashi
tool_bird_class_train/Inuwashi_Golden_Eagle/ext_inat_20260504/inat_57792861_13a383fb.jpg,0,Inuwashi
tool_bird_class_train/Inuwashi_Golden_Eagle/ext_inat_20260504/inat_580400945_e7b3aa96.jpg,0,Inuwashi
tool_bird_class_train/Inuwashi_Golden_Eagle/ext_inat_20260504/inat_581439254_7e4fdf61.jpg,0,Inuwashi
tool_bird_class_train/Inuwashi_Golden_Eagle/ext_inat_20260504/inat_58752302_aeef0e3b.jpg,0,Inuwashi
tool_bird_class_train/Inuwashi_Golden_Eagle/ext_inat_20260504/inat_587866607_222feca5.jpg,0,Inuwashi
tool_bird_class_train/Inuwashi_Golden_Eagle/ext_inat_20260504/inat_587869862_c84ee898.jpg,0,Inuwashi
tool_bird_class_train/Inuwashi_Golden_Eagle/ext_inat_20260504/inat_588322562_8aa77fdb.jpg,0,Inuwashi
tool_bird_class_train/Inuwashi_Golden_Eagle/ext_inat_20260504/inat_588934757_8111b5aa.jpg,0,Inuwashi
tool_bird_class_train/Inuwashi_Golden_Eagle/ext_inat_20260504/inat_58961574_422091a4.jpg,0,Inuwashi
tool_bird_class_train/Inuwashi_Golden_Eagle/ext_inat_20260504/inat_589965503_98ae0e1f.jpg,0,Inuwashi
tool_bird_class_train/Inuwashi_Golden_Eagle/ext_inat_20260504/inat_590027623_64d3f9f1.jpg,0,Inuwashi
tool_bird_class_train/Inuwashi_Golden_Eagle/ext_inat_20260504/inat_590276055_dca229fa.jpg,0,Inuwashi
tool_bird_class_train/Inuwashi_Golden_Eagle/ext_inat_20260504/inat_591880469_295d0ee2.jpg,0,Inuwashi
tool_bird_class_train/Inuwashi_Golden_Eagle/ext_inat_20260504/inat_591919099_9ccaa408.jpg,0,Inuwashi
tool_bird_class_train/Inuwashi_Golden_Eagle/ext_inat_20260504/inat_59244893_0ea987d3.jpg,0,Inuwashi
tool_bird_class_train/Inuwashi_Golden_Eagle/ext_inat_20260504/inat_593141934_fc2ba416.jpg,0,Inuwashi
tool_bird_class_train/Inuwashi_Golden_Eagle/ext_inat_20260504/inat_593145776_b150c0b2.jpg,0,Inuwashi
tool_bird_class_train/Inuwashi_Golden_Eagle/ext_inat_20260504/inat_593168904_9fdc8db2.jpg,0,Inuwashi
tool_bird_class_train/Inuwashi_Golden_Eagle/ext_inat_20260504/inat_593171060_0ac7d309.jpg,0,Inuwashi
tool_bird_class_train/Inuwashi_Golden_Eagle/ext_inat_20260504/inat_594357468_82c4991b.jpg,0,Inuwashi
tool_bird_class_train/Inuwashi_Golden_Eagle/ext_inat_20260504/inat_594822436_b6c6e4a3.jpg,0,Inuwashi
tool_bird_class_train/Inuwashi_Golden_Eagle/ext_inat_20260504/inat_595631263_5c7789ce.jpg,0,Inuwashi
tool_bird_class_train/Inuwashi_Golden_Eagle/ext_inat_20260504/inat_597288061_1889eade.jpg,0,Inuwashi
tool_bird_class_train/Inuwashi_Golden_Eagle/ext_inat_20260504/inat_59930015_eef4ab78.jpg,0,Inuwashi
tool_bird_class_train/Inuwashi_Golden_Eagle/ext_inat_20260504/inat_599923677_e42a995a.jpg,0,Inuwashi
tool_bird_class_train/Inuwashi_Golden_Eagle/ext_inat_20260504/inat_600593413_a6830004.jpg,0,Inuwashi
tool_bird_class_train/Inuwashi_Golden_Eagle/ext_inat_20260504/inat_60105807_8b4a7bf5.jpg,0,Inuwashi
tool_bird_class_train/Inuwashi_Golden_Eagle/ext_inat_20260504/inat_601257843_d8384edd.jpg,0,Inuwashi
tool_bird_class_train/Inuwashi_Golden_Eagle/ext_inat_20260504/inat_601320734_5cdf843e.jpg,0,Inuwashi
tool_bird_class_train/Inuwashi_Golden_Eagle/ext_inat_20260504/inat_601364148_dabc05db.jpg,0,Inuwashi
tool_bird_class_train/Inuwashi_Golden_Eagle/ext_inat_20260504/inat_603661728_4f379ca3.jpg,0,Inuwashi
tool_bird_class_train/Inuwashi_Golden_Eagle/ext_inat_20260504/inat_604007654_993bf5ba.jpg,0,Inuwashi
tool_bird_class_train/Inuwashi_Golden_Eagle/ext_inat_20260504/inat_604804486_af70e9b9.jpg,0,Inuwashi
tool_bird_class_train/Inuwashi_Golden_Eagle/ext_inat_20260504/inat_605185177_15eef2d1.jpg,0,Inuwashi
tool_bird_class_train/Inuwashi_Golden_Eagle/ext_inat_20260504/inat_605185443_396b44ce.jpg,0,Inuwashi
tool_bird_class_train/Inuwashi_Golden_Eagle/ext_inat_20260504/inat_605185606_9f22b64c.jpg,0,Inuwashi
tool_bird_class_train/Inuwashi_Golden_Eagle/ext_inat_20260504/inat_605210637_5feda281.jpg,0,Inuwashi
tool_bird_class_train/Inuwashi_Golden_Eagle/ext_inat_20260504/inat_605699687_9001127c.jpg,0,Inuwashi
tool_bird_class_train/Inuwashi_Golden_Eagle/ext_inat_20260504/inat_60572910_7eb931e1.png,0,Inuwashi
tool_bird_class_train/Inuwashi_Golden_Eagle/ext_inat_20260504/inat_606783784_266433df.jpg,0,Inuwashi
tool_bird_class_train/Inuwashi_Golden_Eagle/ext_inat_20260504/inat_60744938_26ba05f7.jpg,0,Inuwashi
tool_bird_class_train/Inuwashi_Golden_Eagle/ext_inat_20260504/inat_608317831_a50b0c37.jpg,0,Inuwashi
tool_bird_class_train/Inuwashi_Golden_Eagle/ext_inat_20260504/inat_608317932_2605b837.jpg,0,Inuwashi
tool_bird_class_train/Inuwashi_Golden_Eagle/ext_inat_20260504/inat_608317934_4096cc50.jpg,0,Inuwashi
tool_bird_class_train/Inuwashi_Golden_Eagle/ext_inat_20260504/inat_608387885_ced3d852.jpg,0,Inuwashi
tool_bird_class_train/Inuwashi_Golden_Eagle/ext_inat_20260504/inat_609354885_8361f1d7.jpg,0,Inuwashi
tool_bird_class_train/Inuwashi_Golden_Eagle/ext_inat_20260504/inat_609645330_25e0d36e.jpg,0,Inuwashi
tool_bird_class_train/Inuwashi_Golden_Eagle/ext_inat_20260504/inat_609684690_b11c3b3d.jpg,0,Inuwashi
tool_bird_class_train/Inuwashi_Golden_Eagle/ext_inat_20260504/inat_610028024_a6f01820.jpg,0,Inuwashi
tool_bird_class_train/Inuwashi_Golden_Eagle/ext_inat_20260504/inat_610470420_bd20705a.jpg,0,Inuwashi
tool_bird_class_train/Inuwashi_Golden_Eagle/ext_inat_20260504/inat_610470441_daddf1fb.jpg,0,Inuwashi
tool_bird_class_train/Inuwashi_Golden_Eagle/ext_inat_20260504/inat_610824933_634abe01.jpg,0,Inuwashi
tool_bird_class_train/Inuwashi_Golden_Eagle/ext_inat_20260504/inat_611259821_df17a027.jpg,0,Inuwashi
tool_bird_class_train/Inuwashi_Golden_Eagle/ext_inat_20260504/inat_61225763_59e4aa4c.jpg,0,Inuwashi
tool_bird_class_train/Inuwashi_Golden_Eagle/ext_inat_20260504/inat_613179777_1b1f3bcf.jpg,0,Inuwashi
tool_bird_class_train/Inuwashi_Golden_Eagle/ext_inat_20260504/inat_613533_ec41ea93.jpg,0,Inuwashi
tool_bird_class_train/Inuwashi_Golden_Eagle/ext_inat_20260504/inat_614519879_7db807e5.jpg,0,Inuwashi
tool_bird_class_train/Inuwashi_Golden_Eagle/ext_inat_20260504/inat_614733146_93ce2cf9.jpg,0,Inuwashi
tool_bird_class_train/Inuwashi_Golden_Eagle/ext_inat_20260504/inat_615345040_ebcb4482.jpg,0,Inuwashi
tool_bird_class_train/Inuwashi_Golden_Eagle/ext_inat_20260504/inat_615406428_07b181e9.jpg,0,Inuwashi
tool_bird_class_train/Inuwashi_Golden_Eagle/ext_inat_20260504/inat_615498003_bc36ceea.jpg,0,Inuwashi
tool_bird_class_train/Inuwashi_Golden_Eagle/ext_inat_20260504/inat_61552353_c211dc1f.jpg,0,Inuwashi
tool_bird_class_train/Inuwashi_Golden_Eagle/ext_inat_20260504/inat_615991359_5fff8c39.jpg,0,Inuwashi
tool_bird_class_train/Inuwashi_Golden_Eagle/ext_inat_20260504/inat_616179815_b0d88bcc.jpg,0,Inuwashi
tool_bird_class_train/Inuwashi_Golden_Eagle/ext_inat_20260504/inat_616750230_57922548.jpg,0,Inuwashi
tool_bird_class_train/Inuwashi_Golden_Eagle/ext_inat_20260504/inat_617970979_4e76fc7d.jpg,0,Inuwashi
tool_bird_class_train/Inuwashi_Golden_Eagle/ext_inat_20260504/inat_618297121_2bd77742.jpg,0,Inuwashi
tool_bird_class_train/Inuwashi_Golden_Eagle/ext_inat_20260504/inat_61838245_6255b8b4.jpg,0,Inuwashi
tool_bird_class_train/Inuwashi_Golden_Eagle/ext_inat_20260504/inat_618813005_174931fb.jpg,0,Inuwashi
tool_bird_class_train/Inuwashi_Golden_Eagle/ext_inat_20260504/inat_618955184_b84b4b2f.jpg,0,Inuwashi
tool_bird_class_train/Inuwashi_Golden_Eagle/ext_inat_20260504/inat_619538320_38106b6c.jpg,0,Inuwashi
tool_bird_class_train/Inuwashi_Golden_Eagle/ext_inat_20260504/inat_620280571_2e83adae.jpg,0,Inuwashi
tool_bird_class_train/Inuwashi_Golden_Eagle/ext_inat_20260504/inat_620922905_3e9bcf4c.jpg,0,Inuwashi
tool_bird_class_train/Inuwashi_Golden_Eagle/ext_inat_20260504/inat_621538680_08e6ddc9.jpg,0,Inuwashi
tool_bird_class_train/Inuwashi_Golden_Eagle/ext_inat_20260504/inat_622400783_96a12808.jpg,0,Inuwashi
tool_bird_class_train/Inuwashi_Golden_Eagle/ext_inat_20260504/inat_623784130_dd8ffd66.jpg,0,Inuwashi
tool_bird_class_train/Inuwashi_Golden_Eagle/ext_inat_20260504/inat_624270307_f0121b04.jpg,0,Inuwashi
tool_bird_class_train/Inuwashi_Golden_Eagle/ext_inat_20260504/inat_624278564_5e69e3dc.jpg,0,Inuwashi
tool_bird_class_train/Inuwashi_Golden_Eagle/ext_inat_20260504/inat_625761330_8e8f304f.jpg,0,Inuwashi
tool_bird_class_train/Inuwashi_Golden_Eagle/ext_inat_20260504/inat_6258487_7a4e6628.jpg,0,Inuwashi
tool_bird_class_train/Inuwashi_Golden_Eagle/ext_inat_20260504/inat_626087727_2833ac8a.jpg,0,Inuwashi
tool_bird_class_train/Inuwashi_Golden_Eagle/ext_inat_20260504/inat_626497511_e8663660.jpg,0,Inuwashi
tool_bird_class_train/Inuwashi_Golden_Eagle/ext_inat_20260504/inat_627143285_7bd65678.jpg,0,Inuwashi
tool_bird_class_train/Inuwashi_Golden_Eagle/ext_inat_20260504/inat_628072737_bffc7eca.jpg,0,Inuwashi
tool_bird_class_train/Inuwashi_Golden_Eagle/ext_inat_20260504/inat_629505155_c5c33757.jpg,0,Inuwashi
tool_bird_class_train/Inuwashi_Golden_Eagle/ext_inat_20260504/inat_630797775_4f415fab.jpg,0,Inuwashi
tool_bird_class_train/Inuwashi_Golden_Eagle/ext_inat_20260504/inat_631265943_cad595e3.jpg,0,Inuwashi
tool_bird_class_train/Inuwashi_Golden_Eagle/ext_inat_20260504/inat_634318613_941b6a46.jpg,0,Inuwashi
tool_bird_class_train/Inuwashi_Golden_Eagle/ext_inat_20260504/inat_63445119_81f64f93.jpg,0,Inuwashi
tool_bird_class_train/Inuwashi_Golden_Eagle/ext_inat_20260504/inat_634452743_b94648a8.jpg,0,Inuwashi
tool_bird_class_train/Inuwashi_Golden_Eagle/ext_inat_20260504/inat_635102112_af77048b.jpg,0,Inuwashi
tool_bird_class_train/Inuwashi_Golden_Eagle/ext_inat_20260504/inat_635164456_4ab4408f.jpg,0,Inuwashi
tool_bird_class_train/Inuwashi_Golden_Eagle/ext_inat_20260504/inat_635703047_10b5ccf9.jpg,0,Inuwashi
tool_bird_class_train/Inuwashi_Golden_Eagle/ext_inat_20260504/inat_636726851_a851f62b.jpg,0,Inuwashi
tool_bird_class_train/Inuwashi_Golden_Eagle/ext_inat_20260504/inat_637233682_7ed0875a.jpg,0,Inuwashi
tool_bird_class_train/Inuwashi_Golden_Eagle/ext_inat_20260504/inat_63785326_ff0d449e.jpg,0,Inuwashi
tool_bird_class_train/Inuwashi_Golden_Eagle/ext_inat_20260504/inat_639515031_9be30707.jpg,0,Inuwashi
tool_bird_class_train/Inuwashi_Golden_Eagle/ext_inat_20260504/inat_640445992_41351d31.jpg,0,Inuwashi
tool_bird_class_train/Inuwashi_Golden_Eagle/ext_inat_20260504/inat_640593636_ad301619.jpg,0,Inuwashi
tool_bird_class_train/Inuwashi_Golden_Eagle/ext_inat_20260504/inat_640786804_bdc9123d.jpg,0,Inuwashi
tool_bird_class_train/Inuwashi_Golden_Eagle/ext_inat_20260504/inat_641209544_fc45b516.jpg,0,Inuwashi
tool_bird_class_train/Inuwashi_Golden_Eagle/ext_inat_20260504/inat_641209595_02db6cc1.jpg,0,Inuwashi
tool_bird_class_train/Inuwashi_Golden_Eagle/ext_inat_20260504/inat_641209754_2332d873.jpg,0,Inuwashi
tool_bird_class_train/Inuwashi_Golden_Eagle/ext_inat_20260504/inat_641209781_d60246b4.jpg,0,Inuwashi
tool_bird_class_train/Inuwashi_Golden_Eagle/ext_inat_20260504/inat_641838888_7cee3043.jpg,0,Inuwashi
tool_bird_class_train/Inuwashi_Golden_Eagle/ext_inat_20260504/inat_642485016_30e083c6.jpg,0,Inuwashi
tool_bird_class_train/Inuwashi_Golden_Eagle/ext_inat_20260504/inat_643551121_b4caaa4a.jpg,0,Inuwashi
tool_bird_class_train/Inuwashi_Golden_Eagle/ext_inat_20260504/inat_648478113_e2f8c799.jpg,0,Inuwashi
tool_bird_class_train/Inuwashi_Golden_Eagle/ext_inat_20260504/inat_651074514_b67df50b.jpg,0,Inuwashi
tool_bird_class_train/Inuwashi_Golden_Eagle/ext_inat_20260504/inat_651637946_d20f9ca0.jpg,0,Inuwashi
tool_bird_class_train/Inuwashi_Golden_Eagle/ext_inat_20260504/inat_65172939_1219b68d.jpg,0,Inuwashi
tool_bird_class_train/Inuwashi_Golden_Eagle/ext_inat_20260504/inat_652089711_cf2e04bb.jpg,0,Inuwashi
tool_bird_class_train/Inuwashi_Golden_Eagle/ext_inat_20260504/inat_652148877_10dc804a.jpg,0,Inuwashi
tool_bird_class_train/Inuwashi_Golden_Eagle/ext_inat_20260504/inat_65391491_5f2f6275.jpg,0,Inuwashi
tool_bird_class_train/Inuwashi_Golden_Eagle/ext_inat_20260504/inat_65663685_1d2e5d06.jpg,0,Inuwashi
tool_bird_class_train/Inuwashi_Golden_Eagle/ext_inat_20260504/inat_66256992_af1bedd0.jpg,0,Inuwashi
tool_bird_class_train/Inuwashi_Golden_Eagle/ext_inat_20260504/inat_66637947_c4925559.jpg,0,Inuwashi
tool_bird_class_train/Inuwashi_Golden_Eagle/ext_inat_20260504/inat_67043942_77c2912f.jpg,0,Inuwashi
tool_bird_class_train/Inuwashi_Golden_Eagle/ext_inat_20260504/inat_67327222_e8b94253.jpg,0,Inuwashi
tool_bird_class_train/Inuwashi_Golden_Eagle/ext_inat_20260504/inat_68221999_b1c69856.jpg,0,Inuwashi
tool_bird_class_train/Inuwashi_Golden_Eagle/ext_inat_20260504/inat_70094637_6a081e96.jpg,0,Inuwashi
tool_bird_class_train/Inuwashi_Golden_Eagle/ext_inat_20260504/inat_70255305_ecb0c432.jpg,0,Inuwashi
tool_bird_class_train/Inuwashi_Golden_Eagle/ext_inat_20260504/inat_72157415_a3bdfe3f.jpg,0,Inuwashi
tool_bird_class_train/Inuwashi_Golden_Eagle/ext_inat_20260504/inat_72544178_12fc480b.jpg,0,Inuwashi
tool_bird_class_train/Inuwashi_Golden_Eagle/ext_inat_20260504/inat_7400116_5e66e7c6.jpg,0,Inuwashi
tool_bird_class_train/Inuwashi_Golden_Eagle/ext_inat_20260504/inat_76464873_bf4842b4.jpg,0,Inuwashi
tool_bird_class_train/Inuwashi_Golden_Eagle/ext_inat_20260504/inat_78931100_0a741de8.jpg,0,Inuwashi
tool_bird_class_train/Inuwashi_Golden_Eagle/ext_inat_20260504/inat_80216074_0426ae1b.jpg,0,Inuwashi
tool_bird_class_train/Inuwashi_Golden_Eagle/ext_inat_20260504/inat_80222199_2dde1d5b.jpg,0,Inuwashi
tool_bird_class_train/Inuwashi_Golden_Eagle/ext_inat_20260504/inat_80304665_0d041a6a.jpg,0,Inuwashi
tool_bird_class_train/Inuwashi_Golden_Eagle/ext_inat_20260504/inat_80330788_583e185f.jpg,0,Inuwashi
tool_bird_class_train/Inuwashi_Golden_Eagle/ext_inat_20260504/inat_8048077_d02d3f7e.jpg,0,Inuwashi
tool_bird_class_train/Inuwashi_Golden_Eagle/ext_inat_20260504/inat_80915729_2eb38156.jpg,0,Inuwashi
tool_bird_class_train/Inuwashi_Golden_Eagle/ext_inat_20260504/inat_81191123_01698d53.png,0,Inuwashi
tool_bird_class_train/Inuwashi_Golden_Eagle/ext_inat_20260504/inat_82979371_0a5237ee.jpg,0,Inuwashi
tool_bird_class_train/Inuwashi_Golden_Eagle/ext_inat_20260504/inat_8413460_b963ab72.jpg,0,Inuwashi
tool_bird_class_train/Inuwashi_Golden_Eagle/ext_inat_20260504/inat_84701_b38c9576.jpg,0,Inuwashi
tool_bird_class_train/Inuwashi_Golden_Eagle/ext_inat_20260504/inat_84944_4525b40d.jpg,0,Inuwashi
tool_bird_class_train/Inuwashi_Golden_Eagle/ext_inat_20260504/inat_8547667_c3217bab.jpg,0,Inuwashi
tool_bird_class_train/Inuwashi_Golden_Eagle/ext_inat_20260504/inat_86212_c7b4c3e1.jpg,0,Inuwashi
tool_bird_class_train/Inuwashi_Golden_Eagle/ext_inat_20260504/inat_87049896_27c16964.jpg,0,Inuwashi
tool_bird_class_train/Inuwashi_Golden_Eagle/ext_inat_20260504/inat_89263818_7891c63b.jpg,0,Inuwashi
tool_bird_class_train/Inuwashi_Golden_Eagle/ext_inat_20260504/inat_89308207_43e57260.jpg,0,Inuwashi
tool_bird_class_train/Inuwashi_Golden_Eagle/ext_inat_20260504/inat_89833561_8af7c237.jpg,0,Inuwashi
tool_bird_class_train/Inuwashi_Golden_Eagle/ext_inat_20260504/inat_9030137_5d931368.jpg,0,Inuwashi
tool_bird_class_train/Inuwashi_Golden_Eagle/ext_inat_20260504/inat_90335687_75600b57.jpg,0,Inuwashi
tool_bird_class_train/Inuwashi_Golden_Eagle/ext_inat_20260504/inat_90422542_c7602982.jpg,0,Inuwashi
tool_bird_class_train/Inuwashi_Golden_Eagle/ext_inat_20260504/inat_90937103_fb2d4199.jpg,0,Inuwashi
tool_bird_class_train/Inuwashi_Golden_Eagle/ext_inat_20260504/inat_91096795_70bbc310.jpg,0,Inuwashi
tool_bird_class_train/Inuwashi_Golden_Eagle/ext_inat_20260504/inat_91853235_437712e7.jpg,0,Inuwashi
tool_bird_class_train/Inuwashi_Golden_Eagle/ext_inat_20260504/inat_91935146_4e1e47c5.jpg,0,Inuwashi
tool_bird_class_train/Inuwashi_Golden_Eagle/ext_inat_20260504/inat_91935252_9329c2ad.jpg,0,Inuwashi
tool_bird_class_train/Inuwashi_Golden_Eagle/ext_inat_20260504/inat_92490166_279b2058.jpg,0,Inuwashi
tool_bird_class_train/Inuwashi_Golden_Eagle/ext_inat_20260504/inat_92979962_10c30457.jpg,0,Inuwashi
tool_bird_class_train/Inuwashi_Golden_Eagle/ext_inat_20260504/inat_93375500_f179e0fb.jpg,0,Inuwashi
tool_bird_class_train/Inuwashi_Golden_Eagle/ext_inat_20260504/inat_93687803_141e3dae.jpg,0,Inuwashi
tool_bird_class_train/Inuwashi_Golden_Eagle/ext_inat_20260504/inat_94846407_2ed492fa.jpg,0,Inuwashi
tool_bird_class_train/Inuwashi_Golden_Eagle/ext_inat_20260504/inat_97496053_ec3020c0.jpg,0,Inuwashi
tool_bird_class_train/Inuwashi_Golden_Eagle/ext_inat_20260504/inat_97650757_1fcb67e0.jpg,0,Inuwashi
tool_bird_class_train/Inuwashi_Golden_Eagle/ext_inat_20260504/inat_98194751_9454d76c.jpg,0,Inuwashi
tool_bird_class_train/Inuwashi_Golden_Eagle/ext_inat_20260504/inat_98250986_9e244d96.jpg,0,Inuwashi
tool_bird_class_train/Inuwashi_Golden_Eagle/frame_000410_bb00_t0013.68_conf0.979.jpg,0,Inuwashi
tool_bird_class_train/Inuwashi_Golden_Eagle/frame_000570_bb00_t0019.02_conf0.994.jpg,0,Inuwashi
tool_bird_class_train/Inuwashi_Golden_Eagle/frame_000580_bb00_t0019.35_conf0.995.jpg,0,Inuwashi
tool_bird_class_train/Inuwashi_Golden_Eagle/frame_000590_bb00_t0019.69_conf0.998.jpg,0,Inuwashi
tool_bird_class_train/Inuwashi_Golden_Eagle/frame_000600_bb00_t0020.02_conf0.997.jpg,0,Inuwashi
tool_bird_class_train/Inuwashi_Golden_Eagle/frame_000610_bb00_t0020.35_conf0.995.jpg,0,Inuwashi
tool_bird_class_train/Inuwashi_Golden_Eagle/frame_001550_bb00_t0051.72_conf0.989.jpg,0,Inuwashi
tool_bird_class_train/Inuwashi_Golden_Eagle/frame_001570_bb00_t0052.39_conf0.974.jpg,0,Inuwashi
tool_bird_class_train/Inuwashi_Golden_Eagle/frame_001590_bb00_t0053.05_conf0.973.jpg,0,Inuwashi
tool_bird_class_train/Inuwashi_Golden_Eagle/frame_001610_bb00_t0053.72_conf0.973.jpg,0,Inuwashi
tool_bird_class_train/Inuwashi_Golden_Eagle/frame_001630_bb00_t0054.39_conf0.963.jpg,0,Inuwashi
tool_bird_class_train/Inuwashi_Golden_Eagle/frame_002270_bb00_t0075.74_conf0.997.jpg,0,Inuwashi
tool_bird_class_train/Inuwashi_Golden_Eagle/frame_002580_bb00_t0086.09_conf0.998.jpg,0,Inuwashi
tool_bird_class_train/Inuwashi_Golden_Eagle/frame_002720_bb00_t0090.76_conf0.986.jpg,0,Inuwashi
tool_bird_class_train/Inuwashi_Golden_Eagle/frame_007260_bb00_t0242.24_conf0.994.jpg,0,Inuwashi
tool_bird_class_train/Inuwashi_Golden_Eagle/frame_007410_bb00_t0247.25_conf0.992.jpg,0,Inuwashi
tool_bird_class_train/Inuwashi_Golden_Eagle/frame_007430_bb00_t0247.91_conf0.986.jpg,0,Inuwashi
tool_bird_class_train/Inuwashi_Golden_Eagle/frame_019390_bb00_t0646.98_conf0.987.jpg,0,Inuwashi
tool_bird_class_train/Inuwashi_Golden_Eagle/frame_019400_bb00_t0647.31_conf0.995.jpg,0,Inuwashi
tool_bird_class_train/Inuwashi_Golden_Eagle/frame_019410_bb00_t0647.65_conf0.960.jpg,0,Inuwashi
tool_bird_class_train/Inuwashi_Golden_Eagle/frame_019420_bb00_t0647.98_conf0.995.jpg,0,Inuwashi
tool_bird_class_train/Inuwashi_Golden_Eagle/frame_019440_bb00_t0648.65_conf0.971.jpg,0,Inuwashi
tool_bird_class_train/Inuwashi_Golden_Eagle/frame_019460_bb00_t0649.32_conf0.965.jpg,0,Inuwashi
tool_bird_class_train/Inuwashi_Golden_Eagle/frame_019470_bb00_t0649.65_conf0.970.jpg,0,Inuwashi
tool_bird_class_train/Inuwashi_Golden_Eagle/frame_019490_bb00_t0650.32_conf0.987.jpg,0,Inuwashi
tool_bird_class_train/Inuwashi_Golden_Eagle/frame_019500_bb00_t0650.65_conf0.992.jpg,0,Inuwashi
tool_bird_class_train/Inuwashi_Golden_Eagle/frame_019500_bb01_t0650.65_conf0.952.jpg,0,Inuwashi
tool_bird_class_train/Inuwashi_Golden_Eagle/frame_027770_bb00_t0926.59_conf0.992.jpg,0,Inuwashi
tool_bird_class_train/Inuwashi_Golden_Eagle/frame_027810_bb00_t0927.93_conf0.973.jpg,0,Inuwashi
tool_bird_class_train/Inuwashi_Golden_Eagle/frame_027840_bb00_t0928.93_conf0.978.jpg,0,Inuwashi
tool_bird_class_train/Inuwashi_Golden_Eagle/frame_027850_bb00_t0929.26_conf0.986.jpg,0,Inuwashi
tool_bird_class_train/Inuwashi_Golden_Eagle/frame_027860_bb00_t0929.60_conf0.976.jpg,0,Inuwashi
tool_bird_class_train/Inuwashi_Golden_Eagle/frame_027870_bb00_t0929.93_conf0.997.jpg,0,Inuwashi
tool_bird_class_train/Inuwashi_Golden_Eagle/frame_027880_bb00_t0930.26_conf0.987.jpg,0,Inuwashi
tool_bird_class_train/Inuwashi_Golden_Eagle/frame_027890_bb00_t0930.60_conf0.976.jpg,0,Inuwashi
tool_bird_class_train/Inuwashi_Golden_Eagle/frame_027900_bb00_t0930.93_conf0.998.jpg,0,Inuwashi
tool_bird_class_train/Inuwashi_Golden_Eagle/frame_027910_bb00_t0931.26_conf0.990.jpg,0,Inuwashi
tool_bird_class_train/Inuwashi_Golden_Eagle/frame_027920_bb00_t0931.60_conf0.987.jpg,0,Inuwashi
tool_bird_class_train/Inuwashi_Golden_Eagle/frame_027930_bb00_t0931.93_conf0.984.jpg,0,Inuwashi
tool_bird_class_train/Inuwashi_Golden_Eagle/frame_027940_bb00_t0932.26_conf0.994.jpg,0,Inuwashi
tool_bird_class_train/Inuwashi_Golden_Eagle/frame_027950_bb00_t0932.60_conf0.992.jpg,0,Inuwashi
tool_bird_class_train/Inuwashi_Golden_Eagle/frame_027960_bb00_t0932.93_conf0.995.jpg,0,Inuwashi
tool_bird_class_train/Inuwashi_Golden_Eagle/frame_027970_bb00_t0933.27_conf0.990.jpg,0,Inuwashi
tool_bird_class_train/Inuwashi_Golden_Eagle/frame_027980_bb00_t0933.60_conf0.997.jpg,0,Inuwashi
tool_bird_class_train/Inuwashi_Golden_Eagle/frame_027990_bb00_t0933.93_conf0.997.jpg,0,Inuwashi
tool_bird_class_train/Inuwashi_Golden_Eagle/frame_028000_bb00_t0934.27_conf0.987.jpg,0,Inuwashi
tool_bird_class_train/Inuwashi_Golden_Eagle/frame_028010_bb00_t0934.60_conf0.994.jpg,0,Inuwashi
tool_bird_class_train/Inuwashi_Golden_Eagle/frame_028020_bb00_t0934.93_conf0.995.jpg,0,Inuwashi
tool_bird_class_train/Inuwashi_Golden_Eagle/frame_028030_bb00_t0935.27_conf0.987.jpg,0,Inuwashi
tool_bird_class_train/Inuwashi_Golden_Eagle/frame_028070_bb00_t0936.60_conf0.979.jpg,0,Inuwashi
tool_bird_class_train/Inuwashi_Golden_Eagle/frame_028080_bb00_t0936.94_conf0.992.jpg,0,Inuwashi
tool_bird_class_train/Inuwashi_Golden_Eagle/frame_028090_bb00_t0937.27_conf0.976.jpg,0,Inuwashi
tool_bird_class_train/Inuwashi_Golden_Eagle/frame_028130_bb00_t0938.60_conf0.986.jpg,0,Inuwashi
tool_bird_class_train/Inuwashi_Golden_Eagle/frame_028140_bb00_t0938.94_conf0.973.jpg,0,Inuwashi
tool_bird_class_train/Inuwashi_Golden_Eagle/frame_028180_bb00_t0940.27_conf0.979.jpg,0,Inuwashi
tool_bird_class_train/Inuwashi_Golden_Eagle/frame_028400_bb00_t0947.61_conf0.987.jpg,0,Inuwashi
tool_bird_class_train/Inuwashi_Golden_Eagle/frame_028500_bb00_t0950.95_conf0.978.jpg,0,Inuwashi
tool_bird_class_train/Inuwashi_Golden_Eagle/frame_028510_bb00_t0951.28_conf0.994.jpg,0,Inuwashi
tool_bird_class_train/Inuwashi_Golden_Eagle/frame_028520_bb00_t0951.62_conf0.995.jpg,0,Inuwashi
tool_bird_class_train/Inuwashi_Golden_Eagle/frame_028530_bb00_t0951.95_conf0.947.jpg,0,Inuwashi
tool_bird_class_train/Inuwashi_Golden_Eagle/frame_028540_bb00_t0952.28_conf0.930.jpg,0,Inuwashi
tool_bird_class_train/Inuwashi_Golden_Eagle/inat_3119/066718d7-6a20-49ba-888f-9d913500cc94.jpg,0,Inuwashi
tool_bird_class_train/Inuwashi_Golden_Eagle/inat_3119/06a22d66-af9d-4914-97a7-80b67d77db15.jpg,0,Inuwashi
tool_bird_class_train/Inuwashi_Golden_Eagle/inat_3119/090a7eab-7c17-4320-804f-d22b0b98622f.jpg,0,Inuwashi
tool_bird_class_train/Inuwashi_Golden_Eagle/inat_3119/096728c4-3545-4aa5-9f86-2268f7500216.jpg,0,Inuwashi
tool_bird_class_train/Inuwashi_Golden_Eagle/inat_3119/15abb8b2-e614-45f0-ab35-15c7707672f6.jpg,0,Inuwashi
tool_bird_class_train/Inuwashi_Golden_Eagle/inat_3119/23153c77-56d5-45d7-a274-ddcca0ee87dd.jpg,0,Inuwashi
tool_bird_class_train/Inuwashi_Golden_Eagle/inat_3119/29299c99-3e02-4b8e-a3f2-6f106fa1ac09.jpg,0,Inuwashi
tool_bird_class_train/Inuwashi_Golden_Eagle/inat_3119/2f4fc2f9-b8c2-40e2-9113-e4f09a54de08.jpg,0,Inuwashi
tool_bird_class_train/Inuwashi_Golden_Eagle/inat_3119/3ab5009a-49ba-4929-affc-01b366899019.jpg,0,Inuwashi
tool_bird_class_train/Inuwashi_Golden_Eagle/inat_3119/3c29bf1a-ba35-4ce2-a39b-6d17e384965b.jpg,0,Inuwashi
tool_bird_class_train/Inuwashi_Golden_Eagle/inat_3119/4e6368d2-9cc0-45ad-b02d-8a6579b815a1.jpg,0,Inuwashi
tool_bird_class_train/Inuwashi_Golden_Eagle/inat_3119/57ec0915-6bd6-4f4f-bf51-925fb76d4978.jpg,0,Inuwashi
tool_bird_class_train/Inuwashi_Golden_Eagle/inat_3119/5b07070a-7a80-42bb-b9b6-731e0bb7591b.jpg,0,Inuwashi
tool_bird_class_train/Inuwashi_Golden_Eagle/inat_3119/6c23910a-1e5b-4ba0-b1ce-b441bf813a5b.jpg,0,Inuwashi
tool_bird_class_train/Inuwashi_Golden_Eagle/inat_3119/6d26bb9c-eeef-4510-8219-cc633802e878.jpg,0,Inuwashi
tool_bird_class_train/Inuwashi_Golden_Eagle/inat_3119/7f9ab23c-be03-4c91-bd50-d0b5f050611d.jpg,0,Inuwashi
tool_bird_class_train/Inuwashi_Golden_Eagle/inat_3119/80004c69-0bb4-4960-bbf7-d812a44a7f61.jpg,0,Inuwashi
tool_bird_class_train/Inuwashi_Golden_Eagle/inat_3119/8e863ff6-5540-40cd-befb-1ec63db8c34e.jpg,0,Inuwashi
tool_bird_class_train/Inuwashi_Golden_Eagle/inat_3119/9abbe654-c669-43b2-9936-32f638f91113.jpg,0,Inuwashi
tool_bird_class_train/Inuwashi_Golden_Eagle/inat_3119/9b5f27d0-71e5-47de-8aa2-3983347b1432.jpg,0,Inuwashi
tool_bird_class_train/Inuwashi_Golden_Eagle/inat_3119/9ca7369c-9205-4326-b5fd-0c9f3963abee.jpg,0,Inuwashi
tool_bird_class_train/Inuwashi_Golden_Eagle/inat_3119/a25a7700-abdd-4957-b626-47a561b6cc02.jpg,0,Inuwashi
tool_bird_class_train/Inuwashi_Golden_Eagle/inat_3119/af23090b-f769-41d3-a2ed-8676e27382f4.jpg,0,Inuwashi
tool_bird_class_train/Inuwashi_Golden_Eagle/inat_3119/b9511d1e-a1ff-4bbf-9aba-16ae307be65b.jpg,0,Inuwashi
tool_bird_class_train/Inuwashi_Golden_Eagle/inat_3119/ba1d61f3-dbdd-47c5-8894-a438556327c7.jpg,0,Inuwashi
tool_bird_class_train/Inuwashi_Golden_Eagle/inat_3119/ba9030aa-cfe1-4502-bdee-4ad210b64995.jpg,0,Inuwashi
tool_bird_class_train/Inuwashi_Golden_Eagle/inat_3119/bc5b45e2-27ea-4397-b019-4234509282bc.jpg,0,Inuwashi
tool_bird_class_train/Inuwashi_Golden_Eagle/inat_3119/c61baa4d-58ce-4eb5-b3f2-9ad3ce558d95.jpg,0,Inuwashi
tool_bird_class_train/Inuwashi_Golden_Eagle/inat_3119/cbae26b5-a391-4dcb-af94-121f6f21e14f.jpg,0,Inuwashi
tool_bird_class_train/Inuwashi_Golden_Eagle/inat_3119/e16e33bd-7459-475c-977c-013afd926f87.jpg,0,Inuwashi
tool_bird_class_train/Inuwashi_Golden_Eagle/inat_3119/e4923c41-13ea-4052-a92c-625903ffa4e2.jpg,0,Inuwashi
tool_bird_class_train/Inuwashi_Golden_Eagle/inat_3119/f0bf66c4-e9fd-41cf-9283-c648640b5d0f.jpg,0,Inuwashi
tool_bird_class_train/Inuwashi_Golden_Eagle/inat_3119/f7f1ce81-d627-4457-87bd-fa9f97713443.jpg,0,Inuwashi
tool_bird_class_train/Inuwashi_Golden_Eagle/inat_3119/fdcb9424-f985-4e20-bf9e-7c79c502200d.jpg,0,Inuwashi
tool_bird_class_train/Inuwashi_Golden_Eagle/inat_3119/fe5dc2d6-53a1-41d3-8d3b-dc335990dd9b.jpg,0,Inuwashi
tool_bird_class_train/Inuwashi_Golden_Eagle/v4_gt/347924630.jpg,0,Inuwashi
tool_bird_class_train/Inuwashi_Golden_Eagle/v4_gt/348249342.jpg,0,Inuwashi
tool_bird_class_train/Inuwashi_Golden_Eagle/v4_gt/348281265.jpg,0,Inuwashi
tool_bird_class_train/Inuwashi_Golden_Eagle/v4_gt/348556644.jpg,0,Inuwashi
tool_bird_class_train/Inuwashi_Golden_Eagle/v4_gt/349172536.jpg,0,Inuwashi
tool_bird_class_train/Inuwashi_Golden_Eagle/v4_gt/349324983.jpg,0,Inuwashi
tool_bird_class_train/Inuwashi_Golden_Eagle/v4_gt/350495270.jpg,0,Inuwashi
tool_bird_class_train/Inuwashi_Golden_Eagle/v5_ds_beta_bird/002.jpg,0,Inuwashi
tool_bird_class_train/Inuwashi_Golden_Eagle/v5_ds_beta_bird/004.jpg,0,Inuwashi
tool_bird_class_train/Inuwashi_Golden_Eagle/v5_ds_beta_bird/010.jpg,0,Inuwashi
tool_bird_class_train/Inuwashi_Golden_Eagle/v5_ds_beta_bird/032.jpg,0,Inuwashi
tool_bird_class_train/Inuwashi_Golden_Eagle/v5_ds_beta_bird/036.jpg,0,Inuwashi
tool_bird_class_train/Inuwashi_Golden_Eagle/v5_ds_beta_bird/040.jpg,0,Inuwashi
tool_bird_class_train/Inuwashi_Golden_Eagle/v5_ds_beta_bird/047.jpg,0,Inuwashi
tool_bird_class_train/Inuwashi_Golden_Eagle/v5_ds_beta_bird/048.jpg,0,Inuwashi
tool_bird_class_train/Inuwashi_Golden_Eagle/v5_ds_beta_bird/054.jpg,0,Inuwashi
tool_bird_class_train/Inuwashi_Golden_Eagle/v5_ds_beta_bird/060.jpg,0,Inuwashi
tool_bird_class_train/Inuwashi_Golden_Eagle/v5_ds_beta_bird/061.jpg,0,Inuwashi
tool_bird_class_train/Inuwashi_Golden_Eagle/v5_ds_beta_bird/062.jpg,0,Inuwashi
tool_bird_class_train/Inuwashi_Golden_Eagle/v5_ds_beta_bird/066.jpg,0,Inuwashi
tool_bird_class_train/Inuwashi_Golden_Eagle/v5_ds_beta_bird/076.jpg,0,Inuwashi
tool_bird_class_train/Inuwashi_Golden_Eagle/v5_ds_beta_bird/078.jpg,0,Inuwashi
tool_bird_class_train/Inuwashi_Golden_Eagle/v5_ds_beta_bird/081.jpg,0,Inuwashi
tool_bird_class_train/Inuwashi_Golden_Eagle/v5_ds_beta_bird/082.jpg,0,Inuwashi
tool_bird_class_train/Inuwashi_Golden_Eagle/v5_ds_beta_bird/083.jpg,0,Inuwashi
tool_bird_class_train/Inuwashi_Golden_Eagle/v5_ds_beta_bird/086.jpg,0,Inuwashi
tool_bird_class_train/Inuwashi_Golden_Eagle/v5_ds_beta_bird/088.jpg,0,Inuwashi
tool_bird_class_train/Inuwashi_Golden_Eagle/v5_ds_beta_bird/089.jpg,0,Inuwashi
tool_bird_class_train/Inuwashi_Golden_Eagle/v5_ds_beta_bird/093.jpg,0,Inuwashi
tool_bird_class_train/Inuwashi_Golden_Eagle/v5_ds_beta_bird/094.jpg,0,Inuwashi
tool_bird_class_train/Inuwashi_Golden_Eagle/v5_ds_beta_bird/097.jpg,0,Inuwashi
tool_bird_class_train/Inuwashi_Golden_Eagle/v5_ds_beta_bird/098.jpg,0,Inuwashi
tool_bird_class_train/Inuwashi_Golden_Eagle/v5_ds_beta_bird/099.jpg,0,Inuwashi
tool_bird_class_train/Inuwashi_Golden_Eagle/v5_ds_beta_bird/103.jpg,0,Inuwashi
tool_bird_class_train/Inuwashi_Golden_Eagle/v5_ds_beta_bird/104.jpg,0,Inuwashi
tool_bird_class_train/Inuwashi_Golden_Eagle/v5_ds_beta_bird/107.jpg,0,Inuwashi
tool_bird_class_train/Inuwashi_Golden_Eagle/v5_ds_beta_bird/110.jpg,0,Inuwashi
tool_bird_class_train/Inuwashi_Golden_Eagle/v5_ds_beta_bird/111.jpg,0,Inuwashi
tool_bird_class_train/Inuwashi_Golden_Eagle/v5_ds_beta_bird/112.jpg,0,Inuwashi
tool_bird_class_train/Inuwashi_Golden_Eagle/v5_ds_beta_bird/113.jpg,0,Inuwashi
tool_bird_class_train/Inuwashi_Golden_Eagle/v5_ds_beta_bird/118.jpg,0,Inuwashi
tool_bird_class_train/Inuwashi_Golden_Eagle/v5_ds_beta_bird/122.jpg,0,Inuwashi
tool_bird_class_train/Inuwashi_Golden_Eagle/v5_ds_beta_bird/126.jpg,0,Inuwashi
tool_bird_class_train/Inuwashi_Golden_Eagle/v5_ds_beta_bird/130.jpg,0,Inuwashi
tool_bird_class_train/Inuwashi_Golden_Eagle/v5_ds_beta_bird/131.jpg,0,Inuwashi
tool_bird_class_train/Inuwashi_Golden_Eagle/v5_ds_beta_bird/132.jpg,0,Inuwashi
tool_bird_class_train/Inuwashi_Golden_Eagle/v5_ds_beta_bird/134.jpg,0,Inuwashi
tool_bird_class_train/Inuwashi_Golden_Eagle/v5_ds_beta_bird/136.jpg,0,Inuwashi
tool_bird_class_train/Inuwashi_Golden_Eagle/v5_ds_beta_bird/138.jpg,0,Inuwashi
tool_bird_class_train/Inuwashi_Golden_Eagle/v5_ds_beta_bird/139.jpg,0,Inuwashi
tool_bird_class_train/Inuwashi_Golden_Eagle/v5_ds_beta_bird/146.jpg,0,Inuwashi
tool_bird_class_train/Inuwashi_Golden_Eagle/v5_ds_beta_bird/148.jpg,0,Inuwashi
tool_bird_class_train/Inuwashi_Golden_Eagle/v5_ds_beta_bird/150.jpg,0,Inuwashi
tool_bird_class_train/Inuwashi_Golden_Eagle/v5_ds_beta_bird/156.jpg,0,Inuwashi
tool_bird_class_train/Inuwashi_Golden_Eagle/v5_ds_beta_bird/157.jpg,0,Inuwashi
tool_bird_class_train/Inuwashi_Golden_Eagle/v5_train_v5_inat/342531063.jpg,0,Inuwashi
tool_bird_class_train/Inuwashi_Golden_Eagle/v5_train_v5_inat/343670788.jpg,0,Inuwashi
tool_bird_class_train/Inuwashi_Golden_Eagle/v5_train_v5_inat/343882596.jpg,0,Inuwashi
tool_bird_class_train/Inuwashi_Golden_Eagle/v5_train_v5_inat/344687448.jpg,0,Inuwashi
tool_bird_class_train/Inuwashi_Golden_Eagle/v5_train_v5_inat/345421527.jpg,0,Inuwashi
tool_bird_class_train/Inuwashi_Golden_Eagle/v5_train_v5_inat/345538350.jpg,0,Inuwashi
tool_bird_class_train/Inuwashi_Golden_Eagle/v5_train_v5_inat/345609030.jpg,0,Inuwashi
tool_bird_class_train/Inuwashi_Golden_Eagle/v5_train_v5_inat/346081580.jpg,0,Inuwashi
tool_bird_class_train/Inuwashi_Golden_Eagle/v5_train_v5_inat/346314808.jpg,0,Inuwashi
tool_bird_class_train/Inuwashi_Golden_Eagle/v5_train_v5_inat/347260427.jpg,0,Inuwashi
tool_bird_class_train/Inuwashi_Golden_Eagle/v5_train_v5_inat/351375873.jpg,0,Inuwashi
tool_bird_class_train/Inuwashi_Golden_Eagle/v5_train_v5_inat/351375880.jpg,0,Inuwashi
tool_bird_class_train/Inuwashi_Golden_Eagle/v5_train_v5_inat/351999348.jpg,0,Inuwashi
tool_bird_class_train/Kumataka_Mountain_Hawk_Eagle/AAS1_kumataka-1Y9A0001-2774-1611-68-65.JPG,3,Kumataka
tool_bird_class_train/Kumataka_Mountain_Hawk_Eagle/AAS1_kumataka-1Y9A0002-2791-1598-71-59.JPG,3,Kumataka
tool_bird_class_train/Kumataka_Mountain_Hawk_Eagle/AAS1_kumataka-1Y9A0004-2842-1606-55-62.JPG,3,Kumataka
tool_bird_class_train/Kumataka_Mountain_Hawk_Eagle/AAS1_kumataka-1Y9A0005-2755-1576-74-40.JPG,3,Kumataka
tool_bird_class_train/Kumataka_Mountain_Hawk_Eagle/AAS1_kumataka-1Y9A0006-2688-1478-78-56.JPG,3,Kumataka
tool_bird_class_train/Kumataka_Mountain_Hawk_Eagle/AAS1_kumataka-1Y9A0008-2767-1485-60-39.JPG,3,Kumataka
tool_bird_class_train/Kumataka_Mountain_Hawk_Eagle/AAS1_kumataka-1Y9A0009-2763-1519-68-49.JPG,3,Kumataka
tool_bird_class_train/Kumataka_Mountain_Hawk_Eagle/AAS1_kumataka-1Y9A0010-2885-1725-135-72.JPG,3,Kumataka
tool_bird_class_train/Kumataka_Mountain_Hawk_Eagle/AAS1_kumataka-1Y9A0011-2954-1706-123-53.JPG,3,Kumataka
tool_bird_class_train/Kumataka_Mountain_Hawk_Eagle/AAS1_kumataka-1Y9A0013-2560-1725-119-81.JPG,3,Kumataka
tool_bird_class_train/Kumataka_Mountain_Hawk_Eagle/AAS1_kumataka-1Y9A0015-2855-1267-123-46.JPG,3,Kumataka
tool_bird_class_train/Kumataka_Mountain_Hawk_Eagle/AAS1_kumataka-1Y9A0420-2605-1722-74-110.JPG,3,Kumataka
tool_bird_class_train/Kumataka_Mountain_Hawk_Eagle/AAS1_kumataka-1Y9A0422-2541-1888-84-107.JPG,3,Kumataka
tool_bird_class_train/Kumataka_Mountain_Hawk_Eagle/AAS1_kumataka-1Y9A0424-2759-1667-94-94.JPG,3,Kumataka
tool_bird_class_train/Kumataka_Mountain_Hawk_Eagle/AAS1_kumataka-1Y9A0425-2717-1626-106-101.JPG,3,Kumataka
tool_bird_class_train/Kumataka_Mountain_Hawk_Eagle/AAS1_kumataka-1Y9A0426-2676-1610-97-104.JPG,3,Kumataka
tool_bird_class_train/Kumataka_Mountain_Hawk_Eagle/AAS1_kumataka-1Y9A0427-2663-1616-81-104.JPG,3,Kumataka
tool_bird_class_train/Kumataka_Mountain_Hawk_Eagle/AAS1_kumataka-1Y9A0428-2631-1613-90-107.JPG,3,Kumataka
tool_bird_class_train/Kumataka_Mountain_Hawk_Eagle/AAS1_kumataka-1Y9A0429-2616-1612-97-113.JPG,3,Kumataka
tool_bird_class_train/Kumataka_Mountain_Hawk_Eagle/AAS1_kumataka-1Y9A0432-2698-1651-65-88.JPG,3,Kumataka
tool_bird_class_train/Kumataka_Mountain_Hawk_Eagle/AAS1_kumataka-1Y9A0433-2735-1649-62-72.JPG,3,Kumataka
tool_bird_class_train/Kumataka_Mountain_Hawk_Eagle/AAS1_kumataka-1Y9A0434-2765-1655-68-85.JPG,3,Kumataka
tool_bird_class_train/Kumataka_Mountain_Hawk_Eagle/AAS1_kumataka-1Y9A0438-2551-1613-68-85.JPG,3,Kumataka
tool_bird_class_train/Kumataka_Mountain_Hawk_Eagle/AAS1_kumataka-1Y9A0466-2572-1094-127-65.JPG,3,Kumataka
tool_bird_class_train/Kumataka_Mountain_Hawk_Eagle/AAS1_kumataka-1Y9A0468-2477-1885-74-129.JPG,3,Kumataka
tool_bird_class_train/Kumataka_Mountain_Hawk_Eagle/AAS1_kumataka-1Y9A0469-2451-1898-81-133.JPG,3,Kumataka
tool_bird_class_train/Kumataka_Mountain_Hawk_Eagle/AAS1_kumataka-1Y9A0471-2389-1880-84-126.JPG,3,Kumataka
tool_bird_class_train/Kumataka_Mountain_Hawk_Eagle/AAS1_kumataka-1Y9A0472-2929-1558-91-85.JPG,3,Kumataka
tool_bird_class_train/Kumataka_Mountain_Hawk_Eagle/AAS1_kumataka-1Y9A0472rr2r-2861-1558-100-78.JPG,3,Kumataka
tool_bird_class_train/Kumataka_Mountain_Hawk_Eagle/AAS1_kumataka-1Y9A0474-2724-1574-97-88.JPG,3,Kumataka
tool_bird_class_train/Kumataka_Mountain_Hawk_Eagle/AAS1_kumataka-1Y9A0474rr2r-2960-1741-120-104.JPG,3,Kumataka
tool_bird_class_train/Kumataka_Mountain_Hawk_Eagle/AAS1_kumataka-1Y9A0475-2655-1561-81-94.JPG,3,Kumataka
tool_bird_class_train/Kumataka_Mountain_Hawk_Eagle/AAS1_kumataka-1Y9A0475rr2r-2970-1747-126-75.JPG,3,Kumataka
tool_bird_class_train/Kumataka_Mountain_Hawk_Eagle/AAS1_kumataka-1Y9A0476-2589-1574-78-43.JPG,3,Kumataka
tool_bird_class_train/Kumataka_Mountain_Hawk_Eagle/AAS1_kumataka-1Y9A0477-2477-1552-90-43.JPG,3,Kumataka
tool_bird_class_train/Kumataka_Mountain_Hawk_Eagle/AAS1_kumataka-1Y9A0477rr2r-2304-1537-74-88.JPG,3,Kumataka
tool_bird_class_train/Kumataka_Mountain_Hawk_Eagle/AAS1_kumataka-1Y9A0478-2601-1616-74-56.JPG,3,Kumataka
tool_bird_class_train/Kumataka_Mountain_Hawk_Eagle/AAS1_kumataka-1Y9A0479-2578-1605-69-49.JPG,3,Kumataka
tool_bird_class_train/Kumataka_Mountain_Hawk_Eagle/AAS1_kumataka-1Y9A0479rr2r-2246-1578-74-88.JPG,3,Kumataka
tool_bird_class_train/Kumataka_Mountain_Hawk_Eagle/AAS1_kumataka-1Y9A0480rr2r-2266-1596-74-85.JPG,3,Kumataka
tool_bird_class_train/Kumataka_Mountain_Hawk_Eagle/AAS1_kumataka-1Y9A0481-2559-1576-81-46.JPG,3,Kumataka
tool_bird_class_train/Kumataka_Mountain_Hawk_Eagle/AAS1_kumataka-1Y9A0481rr2r-2300-1611-68-91.JPG,3,Kumataka
tool_bird_class_train/Kumataka_Mountain_Hawk_Eagle/AAS1_kumataka-1Y9A0482-2660-1578-70-39.JPG,3,Kumataka
tool_bird_class_train/Kumataka_Mountain_Hawk_Eagle/AAS1_kumataka-1Y9A0482rr2r-2829-1737-103-88.JPG,3,Kumataka
tool_bird_class_train/Kumataka_Mountain_Hawk_Eagle/AAS1_kumataka-1Y9A0483-2415-1119-67-106.JPG,3,Kumataka
tool_bird_class_train/Kumataka_Mountain_Hawk_Eagle/AAS1_kumataka-1Y9A0484-2403-1161-71-88.JPG,3,Kumataka
tool_bird_class_train/Kumataka_Mountain_Hawk_Eagle/AAS1_kumataka-1Y9A0486-2765-1658-94-97.JPG,3,Kumataka
tool_bird_class_train/Kumataka_Mountain_Hawk_Eagle/AAS1_kumataka-1Y9A0488-2750-1619-84-92.JPG,3,Kumataka
tool_bird_class_train/Kumataka_Mountain_Hawk_Eagle/AAS1_kumataka-1Y9A0505-2996-1602-71-33.JPG,3,Kumataka
tool_bird_class_train/Kumataka_Mountain_Hawk_Eagle/AAS1_kumataka-1Y9A0506-2844-1578-75-33.JPG,3,Kumataka
tool_bird_class_train/Kumataka_Mountain_Hawk_Eagle/AAS1_kumataka-1Y9A0507-2780-1438-71-36.JPG,3,Kumataka
tool_bird_class_train/Kumataka_Mountain_Hawk_Eagle/AAS1_kumataka-1Y9A0507-2997-1148-101-106.JPG,3,Kumataka
tool_bird_class_train/Kumataka_Mountain_Hawk_Eagle/AAS1_kumataka-1Y9A0510-2674-1489-97-46.JPG,3,Kumataka
tool_bird_class_train/Kumataka_Mountain_Hawk_Eagle/AAS1_kumataka-1Y9A0511-2733-1622-166-102.JPG,3,Kumataka
tool_bird_class_train/Kumataka_Mountain_Hawk_Eagle/AAS1_kumataka-1Y9A0511-2782-1385-48-42.JPG,3,Kumataka
tool_bird_class_train/Kumataka_Mountain_Hawk_Eagle/AAS1_kumataka-1Y9A0513-2490-1612-90-79.JPG,3,Kumataka
tool_bird_class_train/Kumataka_Mountain_Hawk_Eagle/AAS1_kumataka-1Y9A0513-2819-1541-53-32.JPG,3,Kumataka
tool_bird_class_train/Kumataka_Mountain_Hawk_Eagle/AAS1_kumataka-1Y9A0514-2433-1590-111-64.JPG,3,Kumataka
tool_bird_class_train/Kumataka_Mountain_Hawk_Eagle/AAS1_kumataka-1Y9A0514-2874-1536-56-30.JPG,3,Kumataka
tool_bird_class_train/Kumataka_Mountain_Hawk_Eagle/AAS1_kumataka-1Y9A0515-2413-1564-99-64.JPG,3,Kumataka
tool_bird_class_train/Kumataka_Mountain_Hawk_Eagle/AAS1_kumataka-1Y9A0515-2902-1509-52-29.JPG,3,Kumataka
tool_bird_class_train/Kumataka_Mountain_Hawk_Eagle/AAS1_kumataka-1Y9A0516-2829-1744-222-117.JPG,3,Kumataka
tool_bird_class_train/Kumataka_Mountain_Hawk_Eagle/AAS1_kumataka-1Y9A0521-2696-1608-208-260.JPG,3,Kumataka
tool_bird_class_train/Kumataka_Mountain_Hawk_Eagle/AAS1_kumataka-1Y9A0522-2618-1664-212-254.JPG,3,Kumataka
tool_bird_class_train/Kumataka_Mountain_Hawk_Eagle/AAS1_kumataka-1Y9A0523-2631-1674-286-190.JPG,3,Kumataka
tool_bird_class_train/Kumataka_Mountain_Hawk_Eagle/AAS1_kumataka-1Y9A0524-2596-1654-276-200.JPG,3,Kumataka
tool_bird_class_train/Kumataka_Mountain_Hawk_Eagle/AAS1_kumataka-1Y9A0526-2615-1584-264-216.JPG,3,Kumataka
tool_bird_class_train/Kumataka_Mountain_Hawk_Eagle/AAS1_kumataka-1Y9A0527-2691-1549-261-226.JPG,3,Kumataka
tool_bird_class_train/Kumataka_Mountain_Hawk_Eagle/AAS1_kumataka-1Y9A0530-2749-1424-167-299.JPG,3,Kumataka
tool_bird_class_train/Kumataka_Mountain_Hawk_Eagle/AAS1_kumataka-1Y9A0531-2624-1408-167-309.JPG,3,Kumataka
tool_bird_class_train/Kumataka_Mountain_Hawk_Eagle/AAS1_kumataka-1Y9A0532-2640-1318-174-299.JPG,3,Kumataka
tool_bird_class_train/Kumataka_Mountain_Hawk_Eagle/AAS1_kumataka-1Y9A0533-2829-1209-177-286.JPG,3,Kumataka
tool_bird_class_train/Kumataka_Mountain_Hawk_Eagle/AAS1_kumataka-1Y9A0535-2678-1545-165-235.JPG,3,Kumataka
tool_bird_class_train/Kumataka_Mountain_Hawk_Eagle/AAS1_kumataka-1Y9A0536-2630-1707-157-230.JPG,3,Kumataka
tool_bird_class_train/Kumataka_Mountain_Hawk_Eagle/AAS1_kumataka-1Y9A0537-2598-1816-150-222.JPG,3,Kumataka
tool_bird_class_train/Kumataka_Mountain_Hawk_Eagle/AAS1_kumataka-1Y9A0539-2283-1456-58-40.JPG,3,Kumataka
tool_bird_class_train/Kumataka_Mountain_Hawk_Eagle/AAS1_kumataka-1Y9A0539-2605-1700-156-242.JPG,3,Kumataka
tool_bird_class_train/Kumataka_Mountain_Hawk_Eagle/AAS1_kumataka-1Y9A0540-2266-1433-81-40.JPG,3,Kumataka
tool_bird_class_train/Kumataka_Mountain_Hawk_Eagle/AAS1_kumataka-1Y9A0542-2618-1677-54-30.JPG,3,Kumataka
tool_bird_class_train/Kumataka_Mountain_Hawk_Eagle/AAS1_kumataka-1Y9A0543-2489-1721-74-40.JPG,3,Kumataka
tool_bird_class_train/Kumataka_Mountain_Hawk_Eagle/AAS1_kumataka-1Y9A0570-2652-1589-436-329.JPG,3,Kumataka
tool_bird_class_train/Kumataka_Mountain_Hawk_Eagle/AAS1_kumataka-1Y9A0571-2548-1532-455-329.JPG,3,Kumataka
tool_bird_class_train/Kumataka_Mountain_Hawk_Eagle/AAS1_kumataka-1Y9A0572-2583-1621-428-361.JPG,3,Kumataka
tool_bird_class_train/Kumataka_Mountain_Hawk_Eagle/AAS1_kumataka-1Y9A0573-2659-1561-421-370.JPG,3,Kumataka
tool_bird_class_train/Kumataka_Mountain_Hawk_Eagle/AAS1_kumataka-1Y9A0576-2631-1241-376-325.JPG,3,Kumataka
tool_bird_class_train/Kumataka_Mountain_Hawk_Eagle/AAS1_kumataka-1Y9A0578-2690-1230-328-632.JPG,3,Kumataka
tool_bird_class_train/Kumataka_Mountain_Hawk_Eagle/AAS1_kumataka-1Y9A0579-2648-1292-322-668.JPG,3,Kumataka
tool_bird_class_train/Kumataka_Mountain_Hawk_Eagle/AAS1_kumataka-1Y9A0581-2772-1267-312-652.JPG,3,Kumataka
tool_bird_class_train/Kumataka_Mountain_Hawk_Eagle/AAS1_kumataka-1Y9A0582-2849-1143-332-636.JPG,3,Kumataka
tool_bird_class_train/Kumataka_Mountain_Hawk_Eagle/AAS1_kumataka-1Y9A0583-2868-1052-341-623.JPG,3,Kumataka
tool_bird_class_train/Kumataka_Mountain_Hawk_Eagle/AAS1_kumataka-1Y9A0585-2543-1670-385-494.JPG,3,Kumataka
tool_bird_class_train/Kumataka_Mountain_Hawk_Eagle/AAS1_kumataka-1Y9A0586-2602-1626-381-504.JPG,3,Kumataka
tool_bird_class_train/Kumataka_Mountain_Hawk_Eagle/AAS1_kumataka-1Y9A0587-2742-1565-367-520.JPG,3,Kumataka
tool_bird_class_train/Kumataka_Mountain_Hawk_Eagle/AAS1_kumataka-1Y9A0588-2884-1504-344-530.JPG,3,Kumataka
tool_bird_class_train/Kumataka_Mountain_Hawk_Eagle/AAS1_kumataka-1Y9A0590-3014-1405-332-562.JPG,3,Kumataka
tool_bird_class_train/Kumataka_Mountain_Hawk_Eagle/AAS1_kumataka-1Y9A0591-2817-1350-328-575.JPG,3,Kumataka
tool_bird_class_train/Kumataka_Mountain_Hawk_Eagle/AAS1_kumataka-1Y9A0592-2538-1565-437-434.JPG,3,Kumataka
tool_bird_class_train/Kumataka_Mountain_Hawk_Eagle/AAS1_kumataka-1Y9A0593-2567-1616-421-447.JPG,3,Kumataka
tool_bird_class_train/Kumataka_Mountain_Hawk_Eagle/AAS1_kumataka-1Y9A0595-2397-1270-324-524.JPG,3,Kumataka
tool_bird_class_train/Kumataka_Mountain_Hawk_Eagle/AAS1_kumataka-1Y9A0596-2471-1264-321-527.JPG,3,Kumataka
tool_bird_class_train/Kumataka_Mountain_Hawk_Eagle/AAS1_kumataka-1Y9A0597-2567-1289-308-540.JPG,3,Kumataka
tool_bird_class_train/Kumataka_Mountain_Hawk_Eagle/AAS1_kumataka-1Y9A0599-2634-1315-324-508.JPG,3,Kumataka
tool_bird_class_train/Kumataka_Mountain_Hawk_Eagle/AAS1_kumataka-1Y9A0601-2838-1559-517-374.JPG,3,Kumataka
tool_bird_class_train/Kumataka_Mountain_Hawk_Eagle/AAS1_kumataka-1Y9A0603-2386-1038-334-632.JPG,3,Kumataka
tool_bird_class_train/Kumataka_Mountain_Hawk_Eagle/AAS1_kumataka-1Y9A0605-2653-1520-311-613.JPG,3,Kumataka
tool_bird_class_train/Kumataka_Mountain_Hawk_Eagle/AAS1_kumataka-1Y9A0606-2647-1619-376-367.JPG,3,Kumataka
tool_bird_class_train/Kumataka_Mountain_Hawk_Eagle/AAS1_kumataka-1Y9A0608-2704-1517-444-434.JPG,3,Kumataka
tool_bird_class_train/Kumataka_Mountain_Hawk_Eagle/AAS1_kumataka-1Y9A0609-2835-1661-418-444.JPG,3,Kumataka
tool_bird_class_train/Kumataka_Mountain_Hawk_Eagle/AAS1_kumataka-1Y9A0610-2513-1277-284-603.JPG,3,Kumataka
tool_bird_class_train/Kumataka_Mountain_Hawk_Eagle/AAS1_kumataka-1Y9A0611-2519-1286-295-578.JPG,3,Kumataka
tool_bird_class_train/Kumataka_Mountain_Hawk_Eagle/AAS1_kumataka-1Y9A0617-2506-1462-350-379.JPG,3,Kumataka
tool_bird_class_train/Kumataka_Mountain_Hawk_Eagle/AAS1_kumataka-1Y9A0618-2477-1437-375-373.JPG,3,Kumataka
tool_bird_class_train/Kumataka_Mountain_Hawk_Eagle/AAS1_kumataka-1Y9A0619-2439-1395-375-341.JPG,3,Kumataka
tool_bird_class_train/Kumataka_Mountain_Hawk_Eagle/AAS1_kumataka-1Y9A0620-2691-1283-290-543.JPG,3,Kumataka
tool_bird_class_train/Kumataka_Mountain_Hawk_Eagle/AAS1_kumataka-1Y9A0621-2472-1091-286-562.JPG,3,Kumataka
tool_bird_class_train/Kumataka_Mountain_Hawk_Eagle/AAS1_kumataka-1Y9A0622-2426-998-283-556.JPG,3,Kumataka
tool_bird_class_train/Kumataka_Mountain_Hawk_Eagle/AAS1_kumataka-1Y9A0623-2442-1017-276-543.JPG,3,Kumataka
tool_bird_class_train/Kumataka_Mountain_Hawk_Eagle/AAS1_kumataka-1Y9A0624-2682-1433-264-501.JPG,3,Kumataka
tool_bird_class_train/Kumataka_Mountain_Hawk_Eagle/AAS1_kumataka-1Y9A0625-2669-1408-264-488.JPG,3,Kumataka
tool_bird_class_train/Kumataka_Mountain_Hawk_Eagle/AAS1_kumataka-1Y9A0627-2813-1421-293-479.JPG,3,Kumataka
tool_bird_class_train/Kumataka_Mountain_Hawk_Eagle/AAS1_kumataka-1Y9A0628-2870-1533-300-447.JPG,3,Kumataka
tool_bird_class_train/Kumataka_Mountain_Hawk_Eagle/AAS1_kumataka-1Y9A0629-2894-1658-335-427.JPG,3,Kumataka
tool_bird_class_train/Kumataka_Mountain_Hawk_Eagle/AAS1_kumataka-1Y9A0632-2897-1717-343-374.JPG,3,Kumataka
tool_bird_class_train/Kumataka_Mountain_Hawk_Eagle/AAS1_kumataka-1Y9A0635-2771-1363-332-411.JPG,3,Kumataka
tool_bird_class_train/Kumataka_Mountain_Hawk_Eagle/AAS1_kumataka-1Y9A0636-2743-1223-328-424.JPG,3,Kumataka
tool_bird_class_train/Kumataka_Mountain_Hawk_Eagle/AAS1_kumataka-1Y9A0639-2405-1297-292-341.JPG,3,Kumataka
tool_bird_class_train/Kumataka_Mountain_Hawk_Eagle/AAS1_kumataka-1Y9A0640-2352-1651-289-338.JPG,3,Kumataka
tool_bird_class_train/Kumataka_Mountain_Hawk_Eagle/AAS1_kumataka-1Y9A0641-3040-1629-284-318.JPG,3,Kumataka
tool_bird_class_train/Kumataka_Mountain_Hawk_Eagle/AAS1_kumataka-1Y9A0642-3124-1507-277-344.JPG,3,Kumataka
tool_bird_class_train/Kumataka_Mountain_Hawk_Eagle/AAS1_kumataka-1Y9A0643-2890-1501-271-325.JPG,3,Kumataka
tool_bird_class_train/Kumataka_Mountain_Hawk_Eagle/AAS1_kumataka-1Y9A0644-2730-1449-261-296.JPG,3,Kumataka
tool_bird_class_train/Kumataka_Mountain_Hawk_Eagle/AAS1_kumataka-1Y9A0645-2590-1386-290-277.JPG,3,Kumataka
tool_bird_class_train/Kumataka_Mountain_Hawk_Eagle/AAS1_kumataka-1Y9A0646-2538-1510-254-251.JPG,3,Kumataka
tool_bird_class_train/Kumataka_Mountain_Hawk_Eagle/AAS1_kumataka-1Y9A0647-2538-1574-292-386.JPG,3,Kumataka
tool_bird_class_train/Kumataka_Mountain_Hawk_Eagle/AAS1_kumataka-1Y9A0648-2599-1654-279-344.JPG,3,Kumataka
tool_bird_class_train/Kumataka_Mountain_Hawk_Eagle/AAS1_kumataka-1Y9A0650-2906-1507-290-296.JPG,3,Kumataka
tool_bird_class_train/Kumataka_Mountain_Hawk_Eagle/AAS1_kumataka-1Y9A0651-3204-1312-287-296.JPG,3,Kumataka
tool_bird_class_train/Kumataka_Mountain_Hawk_Eagle/AAS1_kumataka-1Y9A0652-3390-1153-337-390.JPG,3,Kumataka
tool_bird_class_train/Kumataka_Mountain_Hawk_Eagle/AAS1_kumataka-1Y9A0653-3479-1348-338-438.JPG,3,Kumataka
tool_bird_class_train/Kumataka_Mountain_Hawk_Eagle/AAS1_kumataka-1Y9A0654-2521-1416-345-387.JPG,3,Kumataka
tool_bird_class_train/Kumataka_Mountain_Hawk_Eagle/AAS1_kumataka-1Y9A0655-2529-1411-307-457.JPG,3,Kumataka
tool_bird_class_train/Kumataka_Mountain_Hawk_Eagle/AAS1_kumataka-1Y9A0657-2655-1568-408-434.JPG,3,Kumataka
tool_bird_class_train/Kumataka_Mountain_Hawk_Eagle/AAS1_kumataka-1Y9A0658-2708-1649-352-455.JPG,3,Kumataka
tool_bird_class_train/Kumataka_Mountain_Hawk_Eagle/AAS1_kumataka-1Y9A0659-2633-1584-410-483.JPG,3,Kumataka
tool_bird_class_train/Kumataka_Mountain_Hawk_Eagle/AAS1_kumataka-1Y9A0661-2720-1196-286-485.JPG,3,Kumataka
tool_bird_class_train/Kumataka_Mountain_Hawk_Eagle/AAS1_kumataka-1Y9A0664-2609-1438-232-376.JPG,3,Kumataka
tool_bird_class_train/Kumataka_Mountain_Hawk_Eagle/AAS1_kumataka-1Y9A0667-2543-1311-277-410.JPG,3,Kumataka
tool_bird_class_train/Kumataka_Mountain_Hawk_Eagle/AAS1_kumataka-1Y9A0668-2502-1357-254-370.JPG,3,Kumataka
tool_bird_class_train/Kumataka_Mountain_Hawk_Eagle/AAS1_kumataka-1Y9A0669-2473-1414-273-408.JPG,3,Kumataka
tool_bird_class_train/Kumataka_Mountain_Hawk_Eagle/AAS1_kumataka-1Y9A0670-2440-1486-271-421.JPG,3,Kumataka
tool_bird_class_train/Kumataka_Mountain_Hawk_Eagle/AAS1_kumataka-1Y9A0671-2382-1529-299-393.JPG,3,Kumataka
tool_bird_class_train/Kumataka_Mountain_Hawk_Eagle/AAS1_kumataka-1Y9A0672-2524-1489-290-547.JPG,3,Kumataka
tool_bird_class_train/Kumataka_Mountain_Hawk_Eagle/AAS1_kumataka-1Y9A0674-2285-1455-302-424.JPG,3,Kumataka
tool_bird_class_train/Kumataka_Mountain_Hawk_Eagle/AAS1_kumataka-1Y9A0675-2312-1436-279-296.JPG,3,Kumataka
tool_bird_class_train/Kumataka_Mountain_Hawk_Eagle/AAS1_kumataka-1Y9A0676-2162-1446-398-295.JPG,3,Kumataka
tool_bird_class_train/Kumataka_Mountain_Hawk_Eagle/AAS1_kumataka-1Y9A0678-2252-1531-271-351.JPG,3,Kumataka
tool_bird_class_train/Kumataka_Mountain_Hawk_Eagle/AAS1_kumataka-1Y9A0679-2382-1618-235-354.JPG,3,Kumataka
tool_bird_class_train/Kumataka_Mountain_Hawk_Eagle/AAS1_kumataka-1Y9A0680-2465-1743-180-320.JPG,3,Kumataka
tool_bird_class_train/Kumataka_Mountain_Hawk_Eagle/AAS1_kumataka-1Y9A0997-2042-1701-1160-485.JPG,3,Kumataka
tool_bird_class_train/Kumataka_Mountain_Hawk_Eagle/AAS1_kumataka-1Y9A0999-2162-1722-1042-543.JPG,3,Kumataka
tool_bird_class_train/Kumataka_Mountain_Hawk_Eagle/AAS1_kumataka-1Y9A1000-2311-1408-851-571.JPG,3,Kumataka
tool_bird_class_train/Kumataka_Mountain_Hawk_Eagle/AAS1_kumataka-1Y9A1003-2099-1750-580-498.JPG,3,Kumataka
tool_bird_class_train/Kumataka_Mountain_Hawk_Eagle/AAS1_kumataka-1Y9A1007-2808-1127-301-408.JPG,3,Kumataka
tool_bird_class_train/Kumataka_Mountain_Hawk_Eagle/AAS1_kumataka-1Y9A1008-2760-1257-260-361.JPG,3,Kumataka
tool_bird_class_train/Kumataka_Mountain_Hawk_Eagle/AAS1_kumataka-1Y9A1011-2532-1370-252-368.JPG,3,Kumataka
tool_bird_class_train/Kumataka_Mountain_Hawk_Eagle/AAS1_kumataka-1Y9A1012-2466-1380-286-374.JPG,3,Kumataka
tool_bird_class_train/Kumataka_Mountain_Hawk_Eagle/AAS1_kumataka-1Y9A1014-2757-1835-220-217.JPG,3,Kumataka
tool_bird_class_train/Kumataka_Mountain_Hawk_Eagle/AAS1_kumataka-1Y9A1015-2697-1661-206-302.JPG,3,Kumataka
tool_bird_class_train/Kumataka_Mountain_Hawk_Eagle/AAS1_kumataka-1Y9A1016-2713-1602-247-318.JPG,3,Kumataka
tool_bird_class_train/Kumataka_Mountain_Hawk_Eagle/AAS1_kumataka-1Y9A1017-2622-1599-143-271.JPG,3,Kumataka
tool_bird_class_train/Kumataka_Mountain_Hawk_Eagle/AAS1_kumataka-1Y9A1018-2645-1605-214-317.JPG,3,Kumataka
tool_bird_class_train/Kumataka_Mountain_Hawk_Eagle/AAS1_kumataka-1Y9A1020-3095-1324-190-182.JPG,3,Kumataka
tool_bird_class_train/Kumataka_Mountain_Hawk_Eagle/AAS1_kumataka-1Y9A1045-2824-1423-123-137.JPG,3,Kumataka
tool_bird_class_train/Kumataka_Mountain_Hawk_Eagle/AAS1_kumataka-1Y9A1046-2770-1346-128-148.JPG,3,Kumataka
tool_bird_class_train/Kumataka_Mountain_Hawk_Eagle/AAS1_kumataka-1Y9A1048-2544-1799-89-122.JPG,3,Kumataka
tool_bird_class_train/Kumataka_Mountain_Hawk_Eagle/AAS1_kumataka-1Y9A1050-2555-1738-123-175.JPG,3,Kumataka
tool_bird_class_train/Kumataka_Mountain_Hawk_Eagle/AAS1_kumataka-1Y9A1051-2541-1604-136-156.JPG,3,Kumataka
tool_bird_class_train/Kumataka_Mountain_Hawk_Eagle/AAS1_kumataka-1Y9A1053-2541-1575-127-120.JPG,3,Kumataka
tool_bird_class_train/Kumataka_Mountain_Hawk_Eagle/AAS1_kumataka-1Y9A1055-2476-1627-104-120.JPG,3,Kumataka
tool_bird_class_train/Kumataka_Mountain_Hawk_Eagle/AAS1_kumataka-1Y9A1056-2604-2062-405-350.JPG,3,Kumataka
tool_bird_class_train/Kumataka_Mountain_Hawk_Eagle/AAS1_kumataka-1Y9A1057-2596-2065-335-295.JPG,3,Kumataka
tool_bird_class_train/Kumataka_Mountain_Hawk_Eagle/AAS1_kumataka-1Y9A1058-2856-1299-185-427.JPG,3,Kumataka
tool_bird_class_train/Kumataka_Mountain_Hawk_Eagle/AAS1_kumataka-1Y9A1059-2918-1547-123-201.JPG,3,Kumataka
tool_bird_class_train/Kumataka_Mountain_Hawk_Eagle/AAS1_kumataka-1Y9A1062-2998-1599-135-158.JPG,3,Kumataka
tool_bird_class_train/Kumataka_Mountain_Hawk_Eagle/AAS1_kumataka-1Y9A1064-2976-1582-104-152.JPG,3,Kumataka
tool_bird_class_train/Kumataka_Mountain_Hawk_Eagle/AAS1_kumataka-1Y9A1065-2541-1842-446-412.JPG,3,Kumataka
tool_bird_class_train/Kumataka_Mountain_Hawk_Eagle/AAS1_kumataka-1Y9A1066-2628-1884-270-395.JPG,3,Kumataka
tool_bird_class_train/Kumataka_Mountain_Hawk_Eagle/AAS1_kumataka-1Y9A1067-2727-1216-191-163.JPG,3,Kumataka
tool_bird_class_train/Kumataka_Mountain_Hawk_Eagle/AAS1_kumataka-1Y9A1068-2703-1228-173-131.JPG,3,Kumataka
tool_bird_class_train/Kumataka_Mountain_Hawk_Eagle/AAS1_kumataka-1Y9A1069-2387-1245-90-152.JPG,3,Kumataka
tool_bird_class_train/Kumataka_Mountain_Hawk_Eagle/AAS1_kumataka-1Y9A1070-2378-1236-68-83.JPG,3,Kumataka
tool_bird_class_train/Kumataka_Mountain_Hawk_Eagle/AAS1_kumataka-1Y9A1086-2791-1638-341-438.JPG,3,Kumataka
tool_bird_class_train/Kumataka_Mountain_Hawk_Eagle/AAS1_kumataka-1Y9A1087-2899-1604-401-527.JPG,3,Kumataka
tool_bird_class_train/Kumataka_Mountain_Hawk_Eagle/AAS1_kumataka-1Y9A1088-2888-1596-331-504.JPG,3,Kumataka
tool_bird_class_train/Kumataka_Mountain_Hawk_Eagle/AAS1_kumataka-1Y9A1089-2797-1565-379-459.JPG,3,Kumataka
tool_bird_class_train/Kumataka_Mountain_Hawk_Eagle/AAS1_kumataka-1Y9A1090-2749-1443-318-463.JPG,3,Kumataka
tool_bird_class_train/Kumataka_Mountain_Hawk_Eagle/AAS1_kumataka-1Y9A1091-2752-1412-372-457.JPG,3,Kumataka
tool_bird_class_train/Kumataka_Mountain_Hawk_Eagle/AAS1_kumataka-1Y9A1092-2828-1505-347-440.JPG,3,Kumataka
tool_bird_class_train/Kumataka_Mountain_Hawk_Eagle/AAS1_kumataka-1Y9A1093-2769-1599-305-497.JPG,3,Kumataka
tool_bird_class_train/Kumataka_Mountain_Hawk_Eagle/AAS1_kumataka-1Y9A1094-2589-1655-273-418.JPG,3,Kumataka
tool_bird_class_train/Kumataka_Mountain_Hawk_Eagle/AAS1_kumataka-1Y9A1095-2446-1470-353-344.JPG,3,Kumataka
tool_bird_class_train/Kumataka_Mountain_Hawk_Eagle/AAS1_kumataka-1Y9A1096-2493-1384-363-408.JPG,3,Kumataka
tool_bird_class_train/Kumataka_Mountain_Hawk_Eagle/AAS1_kumataka-1Y9A1097-2718-1403-339-419.JPG,3,Kumataka
tool_bird_class_train/Kumataka_Mountain_Hawk_Eagle/AAS1_kumataka-1Y9A1099-2382-1358-382-549.JPG,3,Kumataka
tool_bird_class_train/Kumataka_Mountain_Hawk_Eagle/AAS1_kumataka-1Y9A1100-2444-1346-433-559.JPG,3,Kumataka
tool_bird_class_train/Kumataka_Mountain_Hawk_Eagle/AAS1_kumataka-1Y9A1101-2458-1342-480-543.JPG,3,Kumataka
tool_bird_class_train/Kumataka_Mountain_Hawk_Eagle/AAS1_kumataka-1Y9A1102-2470-1384-391-527.JPG,3,Kumataka
tool_bird_class_train/Kumataka_Mountain_Hawk_Eagle/AAS1_kumataka-1Y9A1103-2479-1384-382-502.JPG,3,Kumataka
tool_bird_class_train/Kumataka_Mountain_Hawk_Eagle/AAS1_kumataka-1Y9A1108-2304-1230-400-454.JPG,3,Kumataka
tool_bird_class_train/Kumataka_Mountain_Hawk_Eagle/AAS1_kumataka-1Y9A1109-2327-1281-328-388.JPG,3,Kumataka
tool_bird_class_train/Kumataka_Mountain_Hawk_Eagle/AAS1_kumataka-1Y9A1110-2263-1349-398-345.JPG,3,Kumataka
tool_bird_class_train/Kumataka_Mountain_Hawk_Eagle/AAS1_kumataka-1Y9A1111-2272-1378-366-348.JPG,3,Kumataka
tool_bird_class_train/Kumataka_Mountain_Hawk_Eagle/AAS1_kumataka-1Y9A1113-2515-1677-254-237.JPG,3,Kumataka
tool_bird_class_train/Kumataka_Mountain_Hawk_Eagle/AAS1_kumataka-1Y9A1114-2546-1785-151-204.JPG,3,Kumataka
tool_bird_class_train/Kumataka_Mountain_Hawk_Eagle/AAS1_kumataka-1Y9A1116-2439-1898-169-221.JPG,3,Kumataka
tool_bird_class_train/Kumataka_Mountain_Hawk_Eagle/AAS1_kumataka-1Y9A1117-2358-1964-196-152.JPG,3,Kumataka
tool_bird_class_train/Kumataka_Mountain_Hawk_Eagle/AAS1_kumataka-1Y9A1118-2356-1972-171-145.JPG,3,Kumataka
tool_bird_class_train/Kumataka_Mountain_Hawk_Eagle/AAS1_kumataka-1Y9A1120-2628-1881-277-140.JPG,3,Kumataka
tool_bird_class_train/Kumataka_Mountain_Hawk_Eagle/AAS1_kumataka-1Y9A1123-2526-1834-253-129.JPG,3,Kumataka
tool_bird_class_train/Kumataka_Mountain_Hawk_Eagle/AAS1_kumataka-1Y9A1127-2637-1617-219-270.JPG,3,Kumataka
tool_bird_class_train/Kumataka_Mountain_Hawk_Eagle/AAS1_kumataka-1Y9A1128-2685-1686-187-168.JPG,3,Kumataka
tool_bird_class_train/Kumataka_Mountain_Hawk_Eagle/AAS1_kumataka-1Y9A1131-2562-1627-145-186.JPG,3,Kumataka
tool_bird_class_train/Kumataka_Mountain_Hawk_Eagle/AAS1_kumataka-1Y9A1132-2544-1659-177-193.JPG,3,Kumataka
tool_bird_class_train/Kumataka_Mountain_Hawk_Eagle/AAS1_kumataka-1Y9A1133-2635-1609-116-211.JPG,3,Kumataka
tool_bird_class_train/Kumataka_Mountain_Hawk_Eagle/AAS1_kumataka-1Y9A1134-2584-1591-147-209.JPG,3,Kumataka
tool_bird_class_train/Kumataka_Mountain_Hawk_Eagle/AAS1_kumataka-1Y9A1135-2544-1567-173-259.JPG,3,Kumataka
tool_bird_class_train/Kumataka_Mountain_Hawk_Eagle/AAS1_kumataka-1Y9A1136-2554-1614-173-246.JPG,3,Kumataka
tool_bird_class_train/Kumataka_Mountain_Hawk_Eagle/AAS1_kumataka-1Y9A1137-2576-1691-152-212.JPG,3,Kumataka
tool_bird_class_train/Kumataka_Mountain_Hawk_Eagle/AAS1_kumataka-1Y9A1138-2615-1440-119-150.JPG,3,Kumataka
tool_bird_class_train/Kumataka_Mountain_Hawk_Eagle/AAS1_kumataka-1Y9A1140-2623-1709-103-143.JPG,3,Kumataka
tool_bird_class_train/Kumataka_Mountain_Hawk_Eagle/AAS1_kumataka-1Y9A1142-2765-1855-103-114.JPG,3,Kumataka
tool_bird_class_train/Kumataka_Mountain_Hawk_Eagle/AAS1_kumataka-1Y9A1199-2682-1712-219-310.JPG,3,Kumataka
tool_bird_class_train/Kumataka_Mountain_Hawk_Eagle/AAS1_kumataka-1Y9A1200-2686-1646-254-308.JPG,3,Kumataka
tool_bird_class_train/Kumataka_Mountain_Hawk_Eagle/AAS1_kumataka-1Y9A1201-2729-1425-243-302.JPG,3,Kumataka
tool_bird_class_train/Kumataka_Mountain_Hawk_Eagle/AAS1_kumataka-1Y9A1203-2696-1768-130-60.JPG,3,Kumataka
tool_bird_class_train/Kumataka_Mountain_Hawk_Eagle/AAS1_kumataka-1Y9A1207-2530-1291-225-366.JPG,3,Kumataka
tool_bird_class_train/Kumataka_Mountain_Hawk_Eagle/AAS1_kumataka-1Y9A1208-2513-1264-201-360.JPG,3,Kumataka
tool_bird_class_train/Kumataka_Mountain_Hawk_Eagle/AAS1_kumataka-1Y9A1209-2471-1236-209-334.JPG,3,Kumataka
tool_bird_class_train/Kumataka_Mountain_Hawk_Eagle/AAS1_kumataka-1Y9A1210-2396-1237-230-319.JPG,3,Kumataka
tool_bird_class_train/Kumataka_Mountain_Hawk_Eagle/AAS1_kumataka-1Y9A1211-2537-1486-229-357.JPG,3,Kumataka
tool_bird_class_train/Kumataka_Mountain_Hawk_Eagle/AAS1_kumataka-1Y9A1212-2513-1518-198-293.JPG,3,Kumataka
tool_bird_class_train/Kumataka_Mountain_Hawk_Eagle/AAS1_kumataka-1Y9A1213-2527-1513-220-295.JPG,3,Kumataka
tool_bird_class_train/Kumataka_Mountain_Hawk_Eagle/AAS1_kumataka-1Y9A1214-2572-1519-233-315.JPG,3,Kumataka
tool_bird_class_train/Kumataka_Mountain_Hawk_Eagle/AAS1_kumataka-1Y9A1215-2637-1555-200-325.JPG,3,Kumataka
tool_bird_class_train/Kumataka_Mountain_Hawk_Eagle/AAS1_kumataka-1Y9A1218-2778-1364-313-346.JPG,3,Kumataka
tool_bird_class_train/Kumataka_Mountain_Hawk_Eagle/AAS1_kumataka-1Y9A1219-2776-1728-223-328.JPG,3,Kumataka
tool_bird_class_train/Kumataka_Mountain_Hawk_Eagle/AAS1_kumataka-1Y9A1221-2563-1716-214-355.JPG,3,Kumataka
tool_bird_class_train/Kumataka_Mountain_Hawk_Eagle/AAS1_kumataka-1Y9A1222-2465-1717-244-360.JPG,3,Kumataka
tool_bird_class_train/Kumataka_Mountain_Hawk_Eagle/AAS1_kumataka-1Y9A1223-2860-1565-235-325.JPG,3,Kumataka
tool_bird_class_train/Kumataka_Mountain_Hawk_Eagle/AAS1_kumataka-1Y9A1224-2800-1590-253-296.JPG,3,Kumataka
tool_bird_class_train/Kumataka_Mountain_Hawk_Eagle/AAS1_kumataka-1Y9A1225-2736-1583-249-295.JPG,3,Kumataka
tool_bird_class_train/Kumataka_Mountain_Hawk_Eagle/AAS1_kumataka-1Y9A1226-2681-1558-234-302.JPG,3,Kumataka
tool_bird_class_train/Kumataka_Mountain_Hawk_Eagle/AAS1_kumataka-1Y9A1227-2621-1540-225-347.JPG,3,Kumataka
tool_bird_class_train/Kumataka_Mountain_Hawk_Eagle/AAS1_kumataka-1Y9A1229-2639-1382-228-329.JPG,3,Kumataka
tool_bird_class_train/Kumataka_Mountain_Hawk_Eagle/AAS1_kumataka-1Y9A1230-2653-1422-193-301.JPG,3,Kumataka
tool_bird_class_train/Kumataka_Mountain_Hawk_Eagle/AAS1_kumataka-1Y9A1233-2730-1506-202-286.JPG,3,Kumataka
tool_bird_class_train/Kumataka_Mountain_Hawk_Eagle/AAS1_kumataka-1Y9A1296-2621-1690-65-79.JPG,3,Kumataka
tool_bird_class_train/Kumataka_Mountain_Hawk_Eagle/AAS1_kumataka-1Y9A1298-2492-1787-68-89.JPG,3,Kumataka
tool_bird_class_train/Kumataka_Mountain_Hawk_Eagle/AAS1_kumataka-1Y9A1299-2494-1796-74-92.JPG,3,Kumataka
tool_bird_class_train/Kumataka_Mountain_Hawk_Eagle/AAS1_kumataka-1Y9A1300-2552-1786-75-90.JPG,3,Kumataka
tool_bird_class_train/Kumataka_Mountain_Hawk_Eagle/AAS1_kumataka-1Y9A1301-2624-1747-98-111.JPG,3,Kumataka
tool_bird_class_train/Kumataka_Mountain_Hawk_Eagle/AAS1_kumataka-1Y9A1303-2702-1492-125-32.JPG,3,Kumataka
tool_bird_class_train/Kumataka_Mountain_Hawk_Eagle/AAS1_kumataka-1Y9A1304-2725-1491-104-48.JPG,3,Kumataka
tool_bird_class_train/Kumataka_Mountain_Hawk_Eagle/AAS1_kumataka-1Y9A1305-2748-1474-82-45.JPG,3,Kumataka
tool_bird_class_train/Kumataka_Mountain_Hawk_Eagle/AAS1_kumataka-1Y9A1306-3096-1455-96-53.JPG,3,Kumataka
tool_bird_class_train/Kumataka_Mountain_Hawk_Eagle/AAS1_kumataka-1Y9A1307-3050-1444-99-55.JPG,3,Kumataka
tool_bird_class_train/Kumataka_Mountain_Hawk_Eagle/AAS1_kumataka-1Y9A1308-3003-1414-100-87.JPG,3,Kumataka
tool_bird_class_train/Kumataka_Mountain_Hawk_Eagle/AAS1_kumataka-1Y9A1309-2967-1426-106-55.JPG,3,Kumataka
tool_bird_class_train/Kumataka_Mountain_Hawk_Eagle/AAS1_kumataka-1Y9A1310-2918-1403-101-53.JPG,3,Kumataka
tool_bird_class_train/Kumataka_Mountain_Hawk_Eagle/AAS1_kumataka-1Y9A1311-2821-1347-135-88.JPG,3,Kumataka
tool_bird_class_train/Kumataka_Mountain_Hawk_Eagle/AAS1_kumataka-1Y9A1313-2904-1189-66-59.JPG,3,Kumataka
tool_bird_class_train/Kumataka_Mountain_Hawk_Eagle/AAS1_kumataka-1Y9A1315-2876-998-64-54.JPG,3,Kumataka
tool_bird_class_train/Kumataka_Mountain_Hawk_Eagle/AAS1_kumataka-1Y9A1316-2880-926-70-59.JPG,3,Kumataka
tool_bird_class_train/Kumataka_Mountain_Hawk_Eagle/AAS1_kumataka-1Y9A1317-2852-1511-108-69.JPG,3,Kumataka
tool_bird_class_train/Kumataka_Mountain_Hawk_Eagle/AAS1_kumataka-1Y9A1318-2829-1470-117-79.JPG,3,Kumataka
tool_bird_class_train/Kumataka_Mountain_Hawk_Eagle/AAS1_kumataka-1Y9A1319-2818-1431-100-61.JPG,3,Kumataka
tool_bird_class_train/Kumataka_Mountain_Hawk_Eagle/AAS1_kumataka-1Y9A1321-2912-1506-105-51.JPG,3,Kumataka
tool_bird_class_train/Kumataka_Mountain_Hawk_Eagle/AAS1_kumataka-1Y9A1322-2823-1484-113-60.JPG,3,Kumataka
tool_bird_class_train/Kumataka_Mountain_Hawk_Eagle/AAS1_kumataka-1Y9A1323-2827-1461-113-92.JPG,3,Kumataka
tool_bird_class_train/Kumataka_Mountain_Hawk_Eagle/AAS1_kumataka-1Y9A1770-2755-1382-523-312.JPG,3,Kumataka
tool_bird_class_train/Kumataka_Mountain_Hawk_Eagle/AAS1_kumataka-1Y9A1771-2770-1383-555-332.JPG,3,Kumataka
tool_bird_class_train/Kumataka_Mountain_Hawk_Eagle/AAS1_kumataka-1Y9A1772-2496-1081-632-606.JPG,3,Kumataka
tool_bird_class_train/Kumataka_Mountain_Hawk_Eagle/AAS1_kumataka-1Y9A1773-2508-1172-620-503.JPG,3,Kumataka
tool_bird_class_train/Kumataka_Mountain_Hawk_Eagle/AAS1_kumataka-1Y9A7253-2576-1705-52-50.JPG,3,Kumataka
tool_bird_class_train/Kumataka_Mountain_Hawk_Eagle/AAS1_kumataka-1Y9A7254-2562-1698-71-63.JPG,3,Kumataka
tool_bird_class_train/Kumataka_Mountain_Hawk_Eagle/AAS1_kumataka-1Y9A7255-2551-1698-78-82.JPG,3,Kumataka
tool_bird_class_train/Kumataka_Mountain_Hawk_Eagle/AAS1_kumataka-1Y9A9968-2525-1608-113-127.JPG,3,Kumataka
tool_bird_class_train/Kumataka_Mountain_Hawk_Eagle/AAS1_kumataka-1Y9A9969-2521-1481-132-105.JPG,3,Kumataka
tool_bird_class_train/Kumataka_Mountain_Hawk_Eagle/AAS1_kumataka-1Y9A9970-2537-1396-110-133.JPG,3,Kumataka
tool_bird_class_train/Kumataka_Mountain_Hawk_Eagle/AAS1_kumataka-1Y9A9972-2681-1381-122-133.JPG,3,Kumataka
tool_bird_class_train/Kumataka_Mountain_Hawk_Eagle/AAS1_kumataka-1Y9A9974-2789-1418-126-156.JPG,3,Kumataka
tool_bird_class_train/Kumataka_Mountain_Hawk_Eagle/AAS1_kumataka-1Y9A9976-2557-1667-116-124.JPG,3,Kumataka
tool_bird_class_train/Kumataka_Mountain_Hawk_Eagle/AAS1_kumataka-1Y9A9977-2504-1679-106-134.JPG,3,Kumataka
tool_bird_class_train/Kumataka_Mountain_Hawk_Eagle/AAS1_kumataka-1Y9A9978-2487-1696-148-140.JPG,3,Kumataka
tool_bird_class_train/Kumataka_Mountain_Hawk_Eagle/AAS1_kumataka-1Y9A9980-2582-1709-113-116.JPG,3,Kumataka
tool_bird_class_train/Kumataka_Mountain_Hawk_Eagle/AAS1_kumataka-1Y9A9983-2688-1710-132-126.JPG,3,Kumataka
tool_bird_class_train/Kumataka_Mountain_Hawk_Eagle/AAS1_kumataka-1Y9A9984-2674-1692-122-163.JPG,3,Kumataka
tool_bird_class_train/Kumataka_Mountain_Hawk_Eagle/AAS1_kumataka-1Y9A9985-2660-1698-108-150.JPG,3,Kumataka
tool_bird_class_train/Kumataka_Mountain_Hawk_Eagle/AAS1_kumataka-1Y9A9987-2674-1643-154-140.JPG,3,Kumataka
tool_bird_class_train/Kumataka_Mountain_Hawk_Eagle/AAS1_kumataka-1Y9A9988-2674-1647-129-121.JPG,3,Kumataka
tool_bird_class_train/Kumataka_Mountain_Hawk_Eagle/AAS1_kumataka-1Y9A9989-2676-1628-113-140.JPG,3,Kumataka
tool_bird_class_train/Kumataka_Mountain_Hawk_Eagle/AAS1_kumataka-1Y9A9993-2624-1600-126-140.JPG,3,Kumataka
tool_bird_class_train/Kumataka_Mountain_Hawk_Eagle/AAS1_kumataka-1Y9A9996-2703-1848-183-108.JPG,3,Kumataka
tool_bird_class_train/Kumataka_Mountain_Hawk_Eagle/AAS1_kumataka-1Y9A9997-2730-1846-116-111.JPG,3,Kumataka
tool_bird_class_train/Kumataka_Mountain_Hawk_Eagle/AAS1_kumataka-1Y9A9998-2764-1841-81-70.JPG,3,Kumataka
tool_bird_class_train/Kumataka_Mountain_Hawk_Eagle/AAS1_kumataka-1Y9A9999-2740-1828-137-73.JPG,3,Kumataka
tool_bird_class_train/Kumataka_Mountain_Hawk_Eagle/AAS1_kumataka-218A6707-2649-1840-211-135.JPG,3,Kumataka
tool_bird_class_train/Kumataka_Mountain_Hawk_Eagle/AAS1_kumataka-218A6711-2412-1531-209-148.JPG,3,Kumataka
tool_bird_class_train/Kumataka_Mountain_Hawk_Eagle/AAS1_kumataka-3V3A0378-2616-1531-472-252.JPG,3,Kumataka
tool_bird_class_train/Kumataka_Mountain_Hawk_Eagle/AAS1_kumataka-3V3A0385-2861-1864-148-95.JPG,3,Kumataka
tool_bird_class_train/Kumataka_Mountain_Hawk_Eagle/AAS1_kumataka-3V3A0389-2651-1837-145-105.JPG,3,Kumataka
tool_bird_class_train/Kumataka_Mountain_Hawk_Eagle/AAS1_kumataka-3V3A0412-2515-1867-359-204.JPG,3,Kumataka
tool_bird_class_train/Kumataka_Mountain_Hawk_Eagle/AAS1_kumataka-3V3A0419-2667-1575-318-316.JPG,3,Kumataka
tool_bird_class_train/Kumataka_Mountain_Hawk_Eagle/AAS1_kumataka-3V3A0421-2684-1610-382-252.JPG,3,Kumataka
tool_bird_class_train/Kumataka_Mountain_Hawk_Eagle/AAS1_kumataka-3V3A0427-2515-1829-433-181.JPG,3,Kumataka
tool_bird_class_train/Kumataka_Mountain_Hawk_Eagle/AAS1_kumataka-3V3A0443-2594-1798-232-137.JPG,3,Kumataka
tool_bird_class_train/Kumataka_Mountain_Hawk_Eagle/AAS1_kumataka-3V3A0445-2501-1662-226-183.JPG,3,Kumataka
tool_bird_class_train/Kumataka_Mountain_Hawk_Eagle/AAS1_kumataka-3V3A0448-2818-1546-292-204.JPG,3,Kumataka
tool_bird_class_train/Kumataka_Mountain_Hawk_Eagle/AAS1_kumataka-3V3A6588-1963-788-1001-1557.JPG,3,Kumataka
tool_bird_class_train/Kumataka_Mountain_Hawk_Eagle/AAS1_kumataka-3V3A6590-2093-1133-1281-680.JPG,3,Kumataka
tool_bird_class_train/Kumataka_Mountain_Hawk_Eagle/AAS1_kumataka-3V3A6594-2656-1824-384-454.JPG,3,Kumataka
tool_bird_class_train/Kumataka_Mountain_Hawk_Eagle/AAS1_kumataka-3V3A6607-2677-1826-198-126.JPG,3,Kumataka
tool_bird_class_train/Kumataka_Mountain_Hawk_Eagle/AAS1_kumataka-3V3A6623-2676-1747-295-223.JPG,3,Kumataka
tool_bird_class_train/Kumataka_Mountain_Hawk_Eagle/AAS1_kumataka-3V3A6631-2285-1858-284-155.JPG,3,Kumataka
tool_bird_class_train/Kumataka_Mountain_Hawk_Eagle/AAS1_kumataka-3V3A6637-2525-1528-292-144.JPG,3,Kumataka
tool_bird_class_train/Kumataka_Mountain_Hawk_Eagle/AAS1_kumataka-3V3A6657-2746-1476-303-187.JPG,3,Kumataka
tool_bird_class_train/Kumataka_Mountain_Hawk_Eagle/AAS1_kumataka-3V3A6664-2415-1371-416-275.JPG,3,Kumataka
tool_bird_class_train/Kumataka_Mountain_Hawk_Eagle/AAS1_kumataka-3V3A6674-2612-1614-177-236.JPG,3,Kumataka
tool_bird_class_train/Kumataka_Mountain_Hawk_Eagle/AAS1_kumataka-3V3A6680-2778-1650-286-198.JPG,3,Kumataka
tool_bird_class_train/Kumataka_Mountain_Hawk_Eagle/AAS1_kumataka-3V3A6687-2097-1432-322-279.JPG,3,Kumataka
tool_bird_class_train/Kumataka_Mountain_Hawk_Eagle/AAS1_kumataka-3V3A6911-2294-1912-1091-813.JPG,3,Kumataka
tool_bird_class_train/Kumataka_Mountain_Hawk_Eagle/AAS1_kumataka-3V3A6912-2496-1392-1824-1216.JPG,3,Kumataka
tool_bird_class_train/Kumataka_Mountain_Hawk_Eagle/AAS1_kumataka-3V3A6915-1458-1614-1824-1216.JPG,3,Kumataka
tool_bird_class_train/Kumataka_Mountain_Hawk_Eagle/AAS1_kumataka-3V3A8237-3418-1691-287-180.JPG,3,Kumataka
tool_bird_class_train/Kumataka_Mountain_Hawk_Eagle/AAS1_kumataka-3V3A8239-2394-1856-411-313.JPG,3,Kumataka
tool_bird_class_train/Kumataka_Mountain_Hawk_Eagle/AAS1_kumataka-3V3A8242-4353-1526-367-296.JPG,3,Kumataka
tool_bird_class_train/Kumataka_Mountain_Hawk_Eagle/AAS1_kumataka-3V3A8243-2704-1686-327-217.JPG,3,Kumataka
tool_bird_class_train/Kumataka_Mountain_Hawk_Eagle/AAS1_kumataka-3V3A8247-2371-1129-373-281.JPG,3,Kumataka
tool_bird_class_train/Kumataka_Mountain_Hawk_Eagle/AAS1_kumataka-3V3A8251-3171-2924-366-254.JPG,3,Kumataka
tool_bird_class_train/Kumataka_Mountain_Hawk_Eagle/AAS1_kumataka-3V3A8259-2398-1514-225-326.JPG,3,Kumataka
tool_bird_class_train/Kumataka_Mountain_Hawk_Eagle/AAS1_kumataka-3V3A8260-3186-1616-250-200.JPG,3,Kumataka
tool_bird_class_train/Kumataka_Mountain_Hawk_Eagle/AAS1_kumataka-3V3A8262-2943-1488-192-290.JPG,3,Kumataka
tool_bird_class_train/Kumataka_Mountain_Hawk_Eagle/AAS1_kumataka-3V3A8263-2622-1760-217-240.JPG,3,Kumataka
tool_bird_class_train/Kumataka_Mountain_Hawk_Eagle/AAS1_kumataka-3V3A8265-2551-1984-295-191.JPG,3,Kumataka
tool_bird_class_train/Kumataka_Mountain_Hawk_Eagle/AAS1_kumataka-3V3A8269-3041-1824-145-204.JPG,3,Kumataka
tool_bird_class_train/Kumataka_Mountain_Hawk_Eagle/AAS1_kumataka-3V3A8270-2615-2119-263-252.JPG,3,Kumataka
tool_bird_class_train/Kumataka_Mountain_Hawk_Eagle/AAS1_kumataka-3V3A8609-2512-1877-177-146.JPG,3,Kumataka
tool_bird_class_train/Kumataka_Mountain_Hawk_Eagle/AAS1_kumataka-3V3A8627-2739-1746-196-188.JPG,3,Kumataka
tool_bird_class_train/Kumataka_Mountain_Hawk_Eagle/AAS1_kumataka-3V3A8677-2751-1816-136-149.JPG,3,Kumataka
tool_bird_class_train/Kumataka_Mountain_Hawk_Eagle/AAS1_kumataka-3V3A9370-2501-1339-185-136.JPG,3,Kumataka
tool_bird_class_train/Kumataka_Mountain_Hawk_Eagle/AAS1_kumataka-3V3A9378-2352-1426-192-144.JPG,3,Kumataka
tool_bird_class_train/Kumataka_Mountain_Hawk_Eagle/AAS1_kumataka-3V3A9435-2812-1804-196-215.JPG,3,Kumataka
tool_bird_class_train/Kumataka_Mountain_Hawk_Eagle/AAS1_kumataka-3V3A9444-2592-1842-111-127.JPG,3,Kumataka
tool_bird_class_train/Kumataka_Mountain_Hawk_Eagle/AAS1_kumataka-3V3A9455-2532-1568-315-236.JPG,3,Kumataka
tool_bird_class_train/Kumataka_Mountain_Hawk_Eagle/AAS1_kumataka-3V3A9466-2682-1907-155-146.JPG,3,Kumataka
tool_bird_class_train/Kumataka_Mountain_Hawk_Eagle/AAS1_kumataka-3V3A9471-2818-1910-244-262.JPG,3,Kumataka
tool_bird_class_train/Kumataka_Mountain_Hawk_Eagle/AAS1_kumataka-3V3A9488-2669-1772-122-251.JPG,3,Kumataka
tool_bird_class_train/Kumataka_Mountain_Hawk_Eagle/AAS1_kumataka-3V3A9490-2127-1465-506-283.JPG,3,Kumataka
tool_bird_class_train/Kumataka_Mountain_Hawk_Eagle/AAS1_kumataka-3V3A9510-2669-1725-440-260.JPG,3,Kumataka
tool_bird_class_train/Kumataka_Mountain_Hawk_Eagle/AAS1_kumataka-3V3A9516-2198-1717-539-275.JPG,3,Kumataka
tool_bird_class_train/Kumataka_Mountain_Hawk_Eagle/AAS1_kumataka-3V3A9518-2568-1540-384-377.JPG,3,Kumataka
tool_bird_class_train/Kumataka_Mountain_Hawk_Eagle/AAS1_kumataka-3V3A9522-2688-1978-324-213.JPG,3,Kumataka
tool_bird_class_train/Kumataka_Mountain_Hawk_Eagle/AAS1_kumataka-3V3A9525-2359-1836-395-275.JPG,3,Kumataka
tool_bird_class_train/Kumataka_Mountain_Hawk_Eagle/AAS1_kumataka-3V3A9548-2817-1667-283-377.JPG,3,Kumataka
tool_bird_class_train/Kumataka_Mountain_Hawk_Eagle/AAS1_kumataka-3V3A9551-2533-1552-220-369.JPG,3,Kumataka
tool_bird_class_train/Kumataka_Mountain_Hawk_Eagle/AAS1_kumataka-3V3A9554-2624-2011-449-217.JPG,3,Kumataka
tool_bird_class_train/Kumataka_Mountain_Hawk_Eagle/AAS1_kumataka-3V3A9557-2086-1331-343-239.JPG,3,Kumataka
tool_bird_class_train/Kumataka_Mountain_Hawk_Eagle/AAS1_kumataka-3V3A9557-2400-1767-600-265.JPG,3,Kumataka
tool_bird_class_train/Kumataka_Mountain_Hawk_Eagle/AAS1_kumataka-3V3A9562-2667-1716-305-336.JPG,3,Kumataka
tool_bird_class_train/Kumataka_Mountain_Hawk_Eagle/AAS1_kumataka-3V3A9567-2586-1742-435-247.JPG,3,Kumataka
tool_bird_class_train/Kumataka_Mountain_Hawk_Eagle/AAS1_kumataka-3V3A9569-2570-1535-292-249.JPG,3,Kumataka
tool_bird_class_train/Kumataka_Mountain_Hawk_Eagle/AAS1_kumataka-3V3A9585-2240-1928-555-428.JPG,3,Kumataka
tool_bird_class_train/Kumataka_Mountain_Hawk_Eagle/AAS1_kumataka-4H7A8201-2617-1671-151-132.JPG,3,Kumataka
tool_bird_class_train/Kumataka_Mountain_Hawk_Eagle/AAS1_kumataka-4H7A8213-2675-1869-230-170.JPG,3,Kumataka
tool_bird_class_train/Kumataka_Mountain_Hawk_Eagle/AAS1_kumataka-4H7A8214-2694-1906-196-146.JPG,3,Kumataka
tool_bird_class_train/Kumataka_Mountain_Hawk_Eagle/AAS1_kumataka-4H7A8215-2605-1687-155-123.JPG,3,Kumataka
tool_bird_class_train/Kumataka_Mountain_Hawk_Eagle/AAS1_kumataka-4H7A8216-2534-1705-217-161.JPG,3,Kumataka
tool_bird_class_train/Kumataka_Mountain_Hawk_Eagle/AAS1_kumataka-4H7A8217-2494-1738-260-175.JPG,3,Kumataka
tool_bird_class_train/Kumataka_Mountain_Hawk_Eagle/AAS1_kumataka-4H7A8218-2636-1887-207-189.JPG,3,Kumataka
tool_bird_class_train/Kumataka_Mountain_Hawk_Eagle/AAS1_kumataka-4H7A8219-2672-1859-218-182.JPG,3,Kumataka
tool_bird_class_train/Kumataka_Mountain_Hawk_Eagle/AAS1_kumataka-4H7A8251-2251-1828-286-188.JPG,3,Kumataka
tool_bird_class_train/Kumataka_Mountain_Hawk_Eagle/AAS1_kumataka-4H7A8254-2721-1685-295-191.JPG,3,Kumataka
tool_bird_class_train/Kumataka_Mountain_Hawk_Eagle/AAS1_kumataka-4H7A8255-2756-1717-290-121.JPG,3,Kumataka
tool_bird_class_train/Kumataka_Mountain_Hawk_Eagle/AAS1_kumataka-4H7A8256-2250-1545-321-156.JPG,3,Kumataka
tool_bird_class_train/Kumataka_Mountain_Hawk_Eagle/AAS1_kumataka-4H7A8257-2314-1505-301-134.JPG,3,Kumataka
tool_bird_class_train/Kumataka_Mountain_Hawk_Eagle/AAS1_kumataka-4H7A8259-1292-1246-241-293.JPG,3,Kumataka
tool_bird_class_train/Kumataka_Mountain_Hawk_Eagle/AAS1_kumataka-4H7A8260-3761-1895-229-255.JPG,3,Kumataka
tool_bird_class_train/Kumataka_Mountain_Hawk_Eagle/AAS1_kumataka-4H7A8279-2293-1635-299-230.JPG,3,Kumataka
tool_bird_class_train/Kumataka_Mountain_Hawk_Eagle/AAS1_kumataka-4H7A8280-2810-1728-202-268.JPG,3,Kumataka
tool_bird_class_train/Kumataka_Mountain_Hawk_Eagle/AAS1_kumataka-4H7A8282-2560-1666-307-223.JPG,3,Kumataka
tool_bird_class_train/Kumataka_Mountain_Hawk_Eagle/AAS1_kumataka-4H7A8285-2535-1514-220-247.JPG,3,Kumataka
tool_bird_class_train/Kumataka_Mountain_Hawk_Eagle/AAS1_kumataka-4H7A8286-2493-1602-308-371.JPG,3,Kumataka
tool_bird_class_train/Kumataka_Mountain_Hawk_Eagle/AAS1_kumataka-4H7A8287-2449-1682-262-369.JPG,3,Kumataka
tool_bird_class_train/Kumataka_Mountain_Hawk_Eagle/AAS1_kumataka-4H7A8288-2435-1732-260-360.JPG,3,Kumataka
tool_bird_class_train/Kumataka_Mountain_Hawk_Eagle/AAS1_kumataka-4H7A8289-2560-1641-314-445.JPG,3,Kumataka
tool_bird_class_train/Kumataka_Mountain_Hawk_Eagle/AAS1_kumataka-4H7A8290-2580-1606-257-428.JPG,3,Kumataka
tool_bird_class_train/Kumataka_Mountain_Hawk_Eagle/AAS1_kumataka-6U8A3147-2607-1614-412-309.JPG,3,Kumataka
tool_bird_class_train/Kumataka_Mountain_Hawk_Eagle/AAS1_kumataka-6U8A3168-2394-1558-267-301.JPG,3,Kumataka
tool_bird_class_train/Kumataka_Mountain_Hawk_Eagle/AAS1_kumataka-6U8A3169-2641-1678-379-252.JPG,3,Kumataka
tool_bird_class_train/Kumataka_Mountain_Hawk_Eagle/AAS1_kumataka-6U8A3171-2609-1657-322-206.JPG,3,Kumataka
tool_bird_class_train/Kumataka_Mountain_Hawk_Eagle/AAS1_kumataka-6U8A3172-2721-1679-186-163.JPG,3,Kumataka
tool_bird_class_train/Kumataka_Mountain_Hawk_Eagle/AAS1_kumataka-6U8A3173-2759-1801-244-153.JPG,3,Kumataka
tool_bird_class_train/Kumataka_Mountain_Hawk_Eagle/AAS1_kumataka-6U8A3174-2639-1787-207-123.JPG,3,Kumataka
tool_bird_class_train/Kumataka_Mountain_Hawk_Eagle/AAS1_kumataka-6U8A3175-2601-1790-220-127.JPG,3,Kumataka
tool_bird_class_train/Kumataka_Mountain_Hawk_Eagle/AAS1_kumataka-6U8A3176-2573-1794-215-119.JPG,3,Kumataka
tool_bird_class_train/Kumataka_Mountain_Hawk_Eagle/AAS1_kumataka-6U8A3177-2699-1788-295-206.JPG,3,Kumataka
tool_bird_class_train/Kumataka_Mountain_Hawk_Eagle/AAS1_kumataka-6U8A3178-2692-1741-268-180.JPG,3,Kumataka
tool_bird_class_train/Kumataka_Mountain_Hawk_Eagle/AAS1_kumataka-6U8A3181-2689-1720-194-204.JPG,3,Kumataka
tool_bird_class_train/Kumataka_Mountain_Hawk_Eagle/AAS1_kumataka-6U8A3182-2557-1724-300-208.JPG,3,Kumataka
tool_bird_class_train/Kumataka_Mountain_Hawk_Eagle/AAS1_kumataka-6U8A3183-2656-1777-205-168.JPG,3,Kumataka
tool_bird_class_train/Kumataka_Mountain_Hawk_Eagle/AAS1_kumataka-6U8A3184-2727-1759-153-179.JPG,3,Kumataka
tool_bird_class_train/Kumataka_Mountain_Hawk_Eagle/AAS1_kumataka-6U8A3185-2733-1723-190-132.JPG,3,Kumataka
tool_bird_class_train/Kumataka_Mountain_Hawk_Eagle/AAS1_kumataka-6U8A3186-2649-1744-211-153.JPG,3,Kumataka
tool_bird_class_train/Kumataka_Mountain_Hawk_Eagle/AAS1_kumataka-6U8A3187-2652-1749-145-125.JPG,3,Kumataka
tool_bird_class_train/Kumataka_Mountain_Hawk_Eagle/AAS1_kumataka-6U8A3188-2653-1685-209-143.JPG,3,Kumataka
tool_bird_class_train/Kumataka_Mountain_Hawk_Eagle/AAS1_kumataka-6U8A3189-2742-1770-222-134.JPG,3,Kumataka
tool_bird_class_train/Kumataka_Mountain_Hawk_Eagle/AAS1_kumataka-6U8A3192-2701-1641-207-215.JPG,3,Kumataka
tool_bird_class_train/Kumataka_Mountain_Hawk_Eagle/AAS1_kumataka-6U8A3193-2750-1614-151-185.JPG,3,Kumataka
tool_bird_class_train/Kumataka_Mountain_Hawk_Eagle/AAS1_kumataka-6U8A3194-2661-1657-270-243.JPG,3,Kumataka
tool_bird_class_train/Kumataka_Mountain_Hawk_Eagle/AAS1_kumataka-6U8A3195-2660-1608-231-271.JPG,3,Kumataka
tool_bird_class_train/Kumataka_Mountain_Hawk_Eagle/AAS1_kumataka-6U8A3197-2573-1730-318-195.JPG,3,Kumataka
tool_bird_class_train/Kumataka_Mountain_Hawk_Eagle/AAS1_kumataka-6U8A3198-2621-1776-324-188.JPG,3,Kumataka
tool_bird_class_train/Kumataka_Mountain_Hawk_Eagle/AAS1_kumataka-6U8A3201-2697-1724-352-183.JPG,3,Kumataka
tool_bird_class_train/Kumataka_Mountain_Hawk_Eagle/AAS1_kumataka-6U8A3202-2426-1600-260-313.JPG,3,Kumataka
tool_bird_class_train/Kumataka_Mountain_Hawk_Eagle/AAS1_kumataka-6U8A3203-2429-1613-267-271.JPG,3,Kumataka
tool_bird_class_train/Kumataka_Mountain_Hawk_Eagle/AAS1_kumataka-6U8A3205-2804-1574-225-268.JPG,3,Kumataka
tool_bird_class_train/Kumataka_Mountain_Hawk_Eagle/AAS1_kumataka-6U8A3206-2426-1664-353-239.JPG,3,Kumataka
tool_bird_class_train/Kumataka_Mountain_Hawk_Eagle/AAS1_kumataka-6U8A3207-2371-1605-481-323.JPG,3,Kumataka
tool_bird_class_train/Kumataka_Mountain_Hawk_Eagle/AAS1_kumataka-6U8A3210-2748-1644-343-236.JPG,3,Kumataka
tool_bird_class_train/Kumataka_Mountain_Hawk_Eagle/AAS1_kumataka-6U8A3231-2663-1670-369-230.JPG,3,Kumataka
tool_bird_class_train/Kumataka_Mountain_Hawk_Eagle/AAS1_kumataka-6U8A3232-2737-1696-363-204.JPG,3,Kumataka
tool_bird_class_train/Kumataka_Mountain_Hawk_Eagle/AAS1_kumataka-6U8A3233-2733-1658-442-245.JPG,3,Kumataka
tool_bird_class_train/Kumataka_Mountain_Hawk_Eagle/AAS1_kumataka-6U8A3234-2685-1661-395-223.JPG,3,Kumataka
tool_bird_class_train/Kumataka_Mountain_Hawk_Eagle/AAS1_kumataka-6U8A3235-2631-1573-414-253.JPG,3,Kumataka
tool_bird_class_train/Kumataka_Mountain_Hawk_Eagle/AAS1_kumataka-6U8A3238-2534-1564-424-336.JPG,3,Kumataka
tool_bird_class_train/Kumataka_Mountain_Hawk_Eagle/AAS1_kumataka-6U8A3239-2535-1647-379-358.JPG,3,Kumataka
tool_bird_class_train/Kumataka_Mountain_Hawk_Eagle/AAS1_kumataka-6U8A3241-2524-1649-350-411.JPG,3,Kumataka
tool_bird_class_train/Kumataka_Mountain_Hawk_Eagle/AAS1_kumataka-6U8A3244-2487-1673-369-220.JPG,3,Kumataka
tool_bird_class_train/Kumataka_Mountain_Hawk_Eagle/AAS1_kumataka-6U8A3246-2650-1580-369-249.JPG,3,Kumataka
tool_bird_class_train/Kumataka_Mountain_Hawk_Eagle/AAS1_kumataka-6U8A3248-2637-1596-318-400.JPG,3,Kumataka
tool_bird_class_train/Kumataka_Mountain_Hawk_Eagle/AAS1_kumataka-6U8A3295-2631-1776-263-159.JPG,3,Kumataka
tool_bird_class_train/Kumataka_Mountain_Hawk_Eagle/AAS1_kumataka-6U8A3296-2616-1684-343-236.JPG,3,Kumataka
tool_bird_class_train/Kumataka_Mountain_Hawk_Eagle/AAS1_kumataka-6U8A3297-2715-1786-346-247.JPG,3,Kumataka
tool_bird_class_train/Kumataka_Mountain_Hawk_Eagle/AAS1_kumataka-6U8A3298-2746-1759-333-258.JPG,3,Kumataka
tool_bird_class_train/Kumataka_Mountain_Hawk_Eagle/AAS1_kumataka-6U8A3300-2637-1657-417-233.JPG,3,Kumataka
tool_bird_class_train/Kumataka_Mountain_Hawk_Eagle/AAS1_kumataka-6U8A3302-2498-1770-380-243.JPG,3,Kumataka
tool_bird_class_train/Kumataka_Mountain_Hawk_Eagle/AAS1_kumataka-6U8A3303-2537-1685-361-247.JPG,3,Kumataka
tool_bird_class_train/Kumataka_Mountain_Hawk_Eagle/AAS1_kumataka-6U8A3304-2490-1535-382-290.JPG,3,Kumataka
tool_bird_class_train/Kumataka_Mountain_Hawk_Eagle/AAS1_kumataka-6U8A3305-2487-1554-395-262.JPG,3,Kumataka
tool_bird_class_train/Kumataka_Mountain_Hawk_Eagle/AAS1_kumataka-6U8A3306-2461-1458-430-323.JPG,3,Kumataka
tool_bird_class_train/Kumataka_Mountain_Hawk_Eagle/AAS1_kumataka-6U8A3307-2445-1683-267-332.JPG,3,Kumataka
tool_bird_class_train/Kumataka_Mountain_Hawk_Eagle/AAS1_kumataka-6U8A3308-2336-1666-243-330.JPG,3,Kumataka
tool_bird_class_train/Kumataka_Mountain_Hawk_Eagle/AAS1_kumataka-6U8A3309-2607-1702-443-384.JPG,3,Kumataka
tool_bird_class_train/Kumataka_Mountain_Hawk_Eagle/AAS1_kumataka-6U8A3310-2498-1729-382-339.JPG,3,Kumataka
tool_bird_class_train/Kumataka_Mountain_Hawk_Eagle/AAS1_kumataka-6U8A3311-2567-1654-286-374.JPG,3,Kumataka
tool_bird_class_train/Kumataka_Mountain_Hawk_Eagle/AAS1_kumataka-6U8A3312-2472-1655-281-358.JPG,3,Kumataka
tool_bird_class_train/Kumataka_Mountain_Hawk_Eagle/AAS1_kumataka-6U8A3313-2364-1618-302-352.JPG,3,Kumataka
tool_bird_class_train/Kumataka_Mountain_Hawk_Eagle/AAS1_kumataka-6U8A3314-2634-1689-398-281.JPG,3,Kumataka
tool_bird_class_train/Kumataka_Mountain_Hawk_Eagle/AAS1_kumataka-6U8A3315-2588-1662-401-275.JPG,3,Kumataka
tool_bird_class_train/Kumataka_Mountain_Hawk_Eagle/AAS1_kumataka-6U8A3316-2733-1670-295-323.JPG,3,Kumataka
tool_bird_class_train/Kumataka_Mountain_Hawk_Eagle/AAS1_kumataka-6U8A3317-2750-1757-294-324.JPG,3,Kumataka
tool_bird_class_train/Kumataka_Mountain_Hawk_Eagle/AAS1_kumataka-6U8A3319-1413-2106-258-140.JPG,3,Kumataka
tool_bird_class_train/Kumataka_Mountain_Hawk_Eagle/AAS1_kumataka-6U8A4334-2535-1666-260-179.JPG,3,Kumataka
tool_bird_class_train/Kumataka_Mountain_Hawk_Eagle/AAS1_kumataka-6U8A4335-2451-1627-363-307.JPG,3,Kumataka
tool_bird_class_train/Kumataka_Mountain_Hawk_Eagle/AAS1_kumataka-6U8A4338-2544-1775-320-243.JPG,3,Kumataka
tool_bird_class_train/Kumataka_Mountain_Hawk_Eagle/AAS1_kumataka-6U8A4371-2569-1702-207-159.JPG,3,Kumataka
tool_bird_class_train/Kumataka_Mountain_Hawk_Eagle/AAS1_kumataka-6U8A4411-2506-1539-333-407.JPG,3,Kumataka
tool_bird_class_train/Kumataka_Mountain_Hawk_Eagle/AAS1_kumataka-6U8A4437-2688-1570-449-435.JPG,3,Kumataka
tool_bird_class_train/Kumataka_Mountain_Hawk_Eagle/AAS1_kumataka-6U8A4438-2775-1600-459-464.JPG,3,Kumataka
tool_bird_class_train/Kumataka_Mountain_Hawk_Eagle/AAS1_kumataka-6U8A4440-2662-1547-383-429.JPG,3,Kumataka
tool_bird_class_train/Kumataka_Mountain_Hawk_Eagle/AAS1_kumataka-6U8A4452-2531-1779-414-323.JPG,3,Kumataka
tool_bird_class_train/Kumataka_Mountain_Hawk_Eagle/AAS1_kumataka-6U8A4454-2834-1570-294-443.JPG,3,Kumataka
tool_bird_class_train/Kumataka_Mountain_Hawk_Eagle/AAS1_kumataka-6U8A4472-2544-1547-262-270.JPG,3,Kumataka
tool_bird_class_train/Kumataka_Mountain_Hawk_Eagle/AAS1_kumataka-6U8A4476-2644-1719-311-213.JPG,3,Kumataka
tool_bird_class_train/Kumataka_Mountain_Hawk_Eagle/AAS1_kumataka-6U8A4480-2564-1650-241-275.JPG,3,Kumataka
tool_bird_class_train/Kumataka_Mountain_Hawk_Eagle/AAS1_kumataka-6U8A4501-3192-1538-127-82.JPG,3,Kumataka
tool_bird_class_train/Kumataka_Mountain_Hawk_Eagle/AAS1_kumataka-6U8A4502-3243-1582-86-50.JPG,3,Kumataka
tool_bird_class_train/Kumataka_Mountain_Hawk_Eagle/AAS1_kumataka-6U8A4503-3242-1594-84-45.JPG,3,Kumataka
tool_bird_class_train/Kumataka_Mountain_Hawk_Eagle/AAS1_kumataka-6U8A4532-3582-1746-244-195.JPG,3,Kumataka
tool_bird_class_train/Kumataka_Mountain_Hawk_Eagle/AAS1_kumataka-6U8A4533-3289-1608-180-101.JPG,3,Kumataka
tool_bird_class_train/Kumataka_Mountain_Hawk_Eagle/AAS1_kumataka-6U8A5281-2650-1674-117-104.JPG,3,Kumataka
tool_bird_class_train/Kumataka_Mountain_Hawk_Eagle/AAS1_kumataka-6U8A5282-2655-1670-143-150.JPG,3,Kumataka
tool_bird_class_train/Kumataka_Mountain_Hawk_Eagle/AAS1_kumataka-6U8A5283-2766-1723-145-155.JPG,3,Kumataka
tool_bird_class_train/Kumataka_Mountain_Hawk_Eagle/AAS1_kumataka-6U8A5284-2746-1726-89-110.JPG,3,Kumataka
tool_bird_class_train/Kumataka_Mountain_Hawk_Eagle/AAS1_kumataka-6U8A5334-2727-1615-574-412.JPG,3,Kumataka
tool_bird_class_train/Kumataka_Mountain_Hawk_Eagle/AAS1_kumataka-6U8A5354-2602-1546-484-394.JPG,3,Kumataka
tool_bird_class_train/Kumataka_Mountain_Hawk_Eagle/AAS1_kumataka-6U8A5355-2475-1405-450-450.JPG,3,Kumataka
tool_bird_class_train/Kumataka_Mountain_Hawk_Eagle/AAS1_kumataka-6U8A5370-2940-1652-418-366.JPG,3,Kumataka
tool_bird_class_train/Kumataka_Mountain_Hawk_Eagle/AAS1_kumataka-6U8A5387-2471-1463-683-573.JPG,3,Kumataka
tool_bird_class_train/Kumataka_Mountain_Hawk_Eagle/AAS1_kumataka-6U8A5389-2686-1450-484-490.JPG,3,Kumataka
tool_bird_class_train/Kumataka_Mountain_Hawk_Eagle/AAS1_kumataka-6U8A5390-2640-1467-520-653.JPG,3,Kumataka
tool_bird_class_train/Kumataka_Mountain_Hawk_Eagle/AAS1_kumataka-6U8A5391-2554-1594-380-546.JPG,3,Kumataka
tool_bird_class_train/Kumataka_Mountain_Hawk_Eagle/AAS1_kumataka-6U8A5394-2525-1497-542-379.JPG,3,Kumataka
tool_bird_class_train/Kumataka_Mountain_Hawk_Eagle/AAS1_kumataka-6U8A5398-2471-1693-444-326.JPG,3,Kumataka
tool_bird_class_train/Kumataka_Mountain_Hawk_Eagle/AAS1_kumataka-6U8A5417-2753-1708-235-176.JPG,3,Kumataka
tool_bird_class_train/Kumataka_Mountain_Hawk_Eagle/AAS1_kumataka-6U8A5423-2644-1533-448-422.JPG,3,Kumataka
tool_bird_class_train/Kumataka_Mountain_Hawk_Eagle/AAS1_kumataka-6U8A5424-2528-1561-395-452.JPG,3,Kumataka
tool_bird_class_train/Kumataka_Mountain_Hawk_Eagle/AAS1_kumataka-6U8A5427-2644-1747-166-202.JPG,3,Kumataka
tool_bird_class_train/Kumataka_Mountain_Hawk_Eagle/AAS1_kumataka-6U8A5430-2620-1595-155-200.JPG,3,Kumataka
tool_bird_class_train/Kumataka_Mountain_Hawk_Eagle/AAS1_kumataka-6U8A5452rr2r-2780-1729-170-185.JPG,3,Kumataka
tool_bird_class_train/Kumataka_Mountain_Hawk_Eagle/AAS1_kumataka-6U8A5455-2566-1378-561-646.JPG,3,Kumataka
tool_bird_class_train/Kumataka_Mountain_Hawk_Eagle/AAS1_kumataka-6U8A5456-2656-1452-440-563.JPG,3,Kumataka
tool_bird_class_train/Kumataka_Mountain_Hawk_Eagle/AAS1_kumataka-6U8A5467-2624-1465-424-435.JPG,3,Kumataka
tool_bird_class_train/Kumataka_Mountain_Hawk_Eagle/AAS1_kumataka-6U8A5470-2541-1485-351-428.JPG,3,Kumataka
tool_bird_class_train/Kumataka_Mountain_Hawk_Eagle/AAS1_kumataka-6U8A5497-2650-1713-181-236.JPG,3,Kumataka
tool_bird_class_train/Kumataka_Mountain_Hawk_Eagle/AAS1_kumataka-6U8A5548-2331-1391-164-246.JPG,3,Kumataka
tool_bird_class_train/Kumataka_Mountain_Hawk_Eagle/AAS1_kumataka-6U8A5569-2768-1500-283-384.JPG,3,Kumataka
tool_bird_class_train/Kumataka_Mountain_Hawk_Eagle/AAS1_kumataka-6U8A5586-2826-1541-222-259.JPG,3,Kumataka
tool_bird_class_train/Kumataka_Mountain_Hawk_Eagle/AAS1_kumataka-6U8A5587-2699-1604-286-326.JPG,3,Kumataka
tool_bird_class_train/Kumataka_Mountain_Hawk_Eagle/AAS1_kumataka-6U8A5588-2656-1603-311-322.JPG,3,Kumataka
tool_bird_class_train/Kumataka_Mountain_Hawk_Eagle/AAS1_kumataka-6U8A5600-2794-1771-138-142.JPG,3,Kumataka
tool_bird_class_train/Kumataka_Mountain_Hawk_Eagle/AAS1_kumataka-6U8A5607-4543-3089-261-185.JPG,3,Kumataka
tool_bird_class_train/Kumataka_Mountain_Hawk_Eagle/AAS1_kumataka-6U8A5629-2494-1711-241-174.JPG,3,Kumataka
tool_bird_class_train/Kumataka_Mountain_Hawk_Eagle/AAS1_kumataka-6U8A5630-2708-1755-279-386.JPG,3,Kumataka
tool_bird_class_train/Kumataka_Mountain_Hawk_Eagle/AAS1_kumataka-6U8A5630rr2r-2676-1772-155-185.JPG,3,Kumataka
tool_bird_class_train/Kumataka_Mountain_Hawk_Eagle/AAS1_kumataka-6U8A5682-2665-1779-175-146.JPG,3,Kumataka
tool_bird_class_train/Kumataka_Mountain_Hawk_Eagle/AAS1_kumataka-6U8A5692-2679-1670-113-146.JPG,3,Kumataka
tool_bird_class_train/Kumataka_Mountain_Hawk_Eagle/AAS1_kumataka-6U8A5707-2612-1527-243-181.JPG,3,Kumataka
tool_bird_class_train/Kumataka_Mountain_Hawk_Eagle/AAS1_kumataka-6U8A5717-2765-1676-217-249.JPG,3,Kumataka
tool_bird_class_train/Kumataka_Mountain_Hawk_Eagle/AAS1_kumataka-6U8A5718-2849-1648-256-302.JPG,3,Kumataka
tool_bird_class_train/Kumataka_Mountain_Hawk_Eagle/AAS1_kumataka-6U8A5720-2817-1759-294-253.JPG,3,Kumataka
tool_bird_class_train/Kumataka_Mountain_Hawk_Eagle/AAS1_kumataka-6U8A5721-2804-1564-283-262.JPG,3,Kumataka
tool_bird_class_train/Kumataka_Mountain_Hawk_Eagle/AAS1_kumataka-6U8A5733-2641-1586-249-277.JPG,3,Kumataka
tool_bird_class_train/Kumataka_Mountain_Hawk_Eagle/AAS1_kumataka-6U8A5750-2823-1651-207-296.JPG,3,Kumataka
tool_bird_class_train/Kumataka_Mountain_Hawk_Eagle/AAS1_kumataka-6U8A5751-2972-989-317-227.JPG,3,Kumataka
tool_bird_class_train/Kumataka_Mountain_Hawk_Eagle/AAS1_kumataka-6U8A5778-2969-1628-315-396.JPG,3,Kumataka
tool_bird_class_train/Kumataka_Mountain_Hawk_Eagle/AAS1_kumataka-6U8A5779-2645-1615-256-422.JPG,3,Kumataka
tool_bird_class_train/Kumataka_Mountain_Hawk_Eagle/AAS1_kumataka-6U8A5788-2435-1757-448-270.JPG,3,Kumataka
tool_bird_class_train/Kumataka_Mountain_Hawk_Eagle/AAS1_kumataka-6U8A5789-2708-1577-273-332.JPG,3,Kumataka
tool_bird_class_train/Kumataka_Mountain_Hawk_Eagle/AAS1_kumataka-6U8A5790-2807-1624-252-279.JPG,3,Kumataka
tool_bird_class_train/Kumataka_Mountain_Hawk_Eagle/AAS1_kumataka-6U8A5792-2669-1642-290-413.JPG,3,Kumataka
tool_bird_class_train/Kumataka_Mountain_Hawk_Eagle/AAS1_kumataka-6U8A5799-2676-1490-350-298.JPG,3,Kumataka
tool_bird_class_train/Kumataka_Mountain_Hawk_Eagle/AAS1_kumataka-6U8A5800rr2r-2563-1674-284-273.JPG,3,Kumataka
tool_bird_class_train/Kumataka_Mountain_Hawk_Eagle/AAS1_kumataka-6U8A5805-2698-1551-238-203.JPG,3,Kumataka
tool_bird_class_train/Kumataka_Mountain_Hawk_Eagle/AAS1_kumataka-6U8A5806-2568-1645-249-215.JPG,3,Kumataka
tool_bird_class_train/Kumataka_Mountain_Hawk_Eagle/AAS1_kumataka-6U8A5807-2535-1738-243-262.JPG,3,Kumataka
tool_bird_class_train/Kumataka_Mountain_Hawk_Eagle/AAS1_kumataka-6U8A5808rr2r-2688-1714-302-211.JPG,3,Kumataka
tool_bird_class_train/Kumataka_Mountain_Hawk_Eagle/AAS1_kumataka-6U8A5809-2439-1711-237-185.JPG,3,Kumataka
tool_bird_class_train/Kumataka_Mountain_Hawk_Eagle/AAS1_kumataka-6U8A5810-2347-1649-273-187.JPG,3,Kumataka
tool_bird_class_train/Kumataka_Mountain_Hawk_Eagle/AAS1_kumataka-6U8A5811-2416-1608-228-193.JPG,3,Kumataka
tool_bird_class_train/Kumataka_Mountain_Hawk_Eagle/AAS1_kumataka-6U8A5812-2653-1696-273-172.JPG,3,Kumataka
tool_bird_class_train/Kumataka_Mountain_Hawk_Eagle/AAS1_kumataka-6U8A5814-2720-1696-264-200.JPG,3,Kumataka
tool_bird_class_train/Kumataka_Mountain_Hawk_Eagle/AAS1_kumataka-6U8A5815-2804-1691-235-207.JPG,3,Kumataka
tool_bird_class_train/Kumataka_Mountain_Hawk_Eagle/AAS1_kumataka-6U8A5816-2839-1655-213-196.JPG,3,Kumataka
tool_bird_class_train/Kumataka_Mountain_Hawk_Eagle/AAS1_kumataka-6U8A5817-2780-1656-194-202.JPG,3,Kumataka
tool_bird_class_train/Kumataka_Mountain_Hawk_Eagle/AAS1_kumataka-6U8A5819-2787-1778-145-127.JPG,3,Kumataka
tool_bird_class_train/Kumataka_Mountain_Hawk_Eagle/AAS1_kumataka-6U8A5825-2718-1779-115-108.JPG,3,Kumataka
tool_bird_class_train/Kumataka_Mountain_Hawk_Eagle/AAS1_kumataka-6U8A5839-2733-1735-102-104.JPG,3,Kumataka
tool_bird_class_train/Kumataka_Mountain_Hawk_Eagle/AAS1_kumataka-6U8A5840-2682-1738-106-113.JPG,3,Kumataka
tool_bird_class_train/Kumataka_Mountain_Hawk_Eagle/AAS1_kumataka-6U8A5846-2636-1721-143-119.JPG,3,Kumataka
tool_bird_class_train/Kumataka_Mountain_Hawk_Eagle/AAS1_kumataka-6U8A5904-2789-1677-260-226.JPG,3,Kumataka
tool_bird_class_train/Kumataka_Mountain_Hawk_Eagle/AAS1_kumataka-6U8A5906-2559-1420-308-252.JPG,3,Kumataka
tool_bird_class_train/Kumataka_Mountain_Hawk_Eagle/AAS1_kumataka-6U8A5907-2770-1576-235-264.JPG,3,Kumataka
tool_bird_class_train/Kumataka_Mountain_Hawk_Eagle/AAS1_kumataka-6U8A5908-2781-1651-260-249.JPG,3,Kumataka
tool_bird_class_train/Kumataka_Mountain_Hawk_Eagle/AAS1_kumataka-6U8A5909-2493-1747-363-246.JPG,3,Kumataka
tool_bird_class_train/Kumataka_Mountain_Hawk_Eagle/AAS1_kumataka-6U8A5911-2246-1559-418-296.JPG,3,Kumataka
tool_bird_class_train/Kumataka_Mountain_Hawk_Eagle/AAS1_kumataka-6U8A5913-2519-1505-378-399.JPG,3,Kumataka
tool_bird_class_train/Kumataka_Mountain_Hawk_Eagle/AAS1_kumataka-6U8A5915-2568-1608-350-377.JPG,3,Kumataka
tool_bird_class_train/Kumataka_Mountain_Hawk_Eagle/AAS1_kumataka-6U8A5917-2663-1657-267-396.JPG,3,Kumataka
tool_bird_class_train/Kumataka_Mountain_Hawk_Eagle/AAS1_kumataka-6U8A5918-2522-1718-414-380.JPG,3,Kumataka
tool_bird_class_train/Kumataka_Mountain_Hawk_Eagle/AAS1_kumataka-6U8A5920-2599-1831-322-428.JPG,3,Kumataka
tool_bird_class_train/Kumataka_Mountain_Hawk_Eagle/AAS1_kumataka-6U8A5922-2573-1698-296-330.JPG,3,Kumataka
tool_bird_class_train/Kumataka_Mountain_Hawk_Eagle/AAS1_kumataka-6U8A5923-2588-1667-286-368.JPG,3,Kumataka
tool_bird_class_train/Kumataka_Mountain_Hawk_Eagle/AAS1_kumataka-6U8A6148-2826-1752-188-155.JPG,3,Kumataka
tool_bird_class_train/Kumataka_Mountain_Hawk_Eagle/AAS1_kumataka-6U8A6149-2810-1769-202-150.JPG,3,Kumataka
tool_bird_class_train/Kumataka_Mountain_Hawk_Eagle/AAS1_kumataka-6U8A6151-2706-1717-158-106.JPG,3,Kumataka
tool_bird_class_train/Kumataka_Mountain_Hawk_Eagle/AAS1_kumataka-6U8A6152-2653-1686-199-140.JPG,3,Kumataka
tool_bird_class_train/Kumataka_Mountain_Hawk_Eagle/AAS1_kumataka-6U8A6155-2612-1697-220-134.JPG,3,Kumataka
tool_bird_class_train/Kumataka_Mountain_Hawk_Eagle/AAS1_kumataka-6U8A6156-2612-1697-307-196.JPG,3,Kumataka
tool_bird_class_train/Kumataka_Mountain_Hawk_Eagle/AAS1_kumataka-6U8A6160-2785-1670-294-193.JPG,3,Kumataka
tool_bird_class_train/Kumataka_Mountain_Hawk_Eagle/AAS1_kumataka-6U8A6161-2791-1686-305-182.JPG,3,Kumataka
tool_bird_class_train/Kumataka_Mountain_Hawk_Eagle/AAS1_kumataka-6U8A6162-2840-1798-224-187.JPG,3,Kumataka
tool_bird_class_train/Kumataka_Mountain_Hawk_Eagle/AAS1_kumataka-6U8A6164-2894-1750-222-201.JPG,3,Kumataka
tool_bird_class_train/Kumataka_Mountain_Hawk_Eagle/AAS1_kumataka-6U8A6175-2635-1697-190-172.JPG,3,Kumataka
tool_bird_class_train/Kumataka_Mountain_Hawk_Eagle/AAS1_kumataka-6U8A6193-2710-1856-243-136.JPG,3,Kumataka
tool_bird_class_train/Kumataka_Mountain_Hawk_Eagle/AAS1_kumataka-6U8A6194-2721-1812-232-174.JPG,3,Kumataka
tool_bird_class_train/Kumataka_Mountain_Hawk_Eagle/AAS1_kumataka-6U8A6607-2732-1707-153-191.JPG,3,Kumataka
tool_bird_class_train/Kumataka_Mountain_Hawk_Eagle/AAS1_kumataka-6U8A6608-2769-1693-155-191.JPG,3,Kumataka
tool_bird_class_train/Kumataka_Mountain_Hawk_Eagle/AAS1_kumataka-6U8A6613-2608-1698-192-176.JPG,3,Kumataka
tool_bird_class_train/Kumataka_Mountain_Hawk_Eagle/AAS1_kumataka-6U8A6625-2714-1662-141-142.JPG,3,Kumataka
tool_bird_class_train/Kumataka_Mountain_Hawk_Eagle/AAS1_kumataka-6U8A6637-2394-1641-401-368.JPG,3,Kumataka
tool_bird_class_train/Kumataka_Mountain_Hawk_Eagle/AAS1_kumataka-6U8A6641-2688-1579-393-337.JPG,3,Kumataka
tool_bird_class_train/Kumataka_Mountain_Hawk_Eagle/AAS1_kumataka-6U8A6647-2697-1695-414-322.JPG,3,Kumataka
tool_bird_class_train/Kumataka_Mountain_Hawk_Eagle/AAS1_kumataka-6U8A6652-2553-1553-324-313.JPG,3,Kumataka
tool_bird_class_train/Kumataka_Mountain_Hawk_Eagle/AAS1_kumataka-6U8A6655-2587-1598-346-450.JPG,3,Kumataka
tool_bird_class_train/Kumataka_Mountain_Hawk_Eagle/AAS1_kumataka-6U8A6675-2761-1790-307-435.JPG,3,Kumataka
tool_bird_class_train/Kumataka_Mountain_Hawk_Eagle/AAS1_kumataka-6U8A6710-2562-1586-437-322.JPG,3,Kumataka
tool_bird_class_train/Kumataka_Mountain_Hawk_Eagle/AAS1_kumataka-6U8A6711-2466-1581-395-341.JPG,3,Kumataka
tool_bird_class_train/Kumataka_Mountain_Hawk_Eagle/AAS1_kumataka-6U8A6722-2682-1691-254-228.JPG,3,Kumataka
tool_bird_class_train/Kumataka_Mountain_Hawk_Eagle/AAS1_kumataka-6U8A6745-2549-1665-276-348.JPG,3,Kumataka
tool_bird_class_train/Kumataka_Mountain_Hawk_Eagle/AAS1_kumataka-6U8A6773-2429-1655-264-392.JPG,3,Kumataka
tool_bird_class_train/Kumataka_Mountain_Hawk_Eagle/AAS1_kumataka-6U8A6776-2562-1543-290-315.JPG,3,Kumataka
tool_bird_class_train/Kumataka_Mountain_Hawk_Eagle/AAS1_kumataka-6U8A6786-2509-1608-260-153.JPG,3,Kumataka
tool_bird_class_train/Kumataka_Mountain_Hawk_Eagle/AAS1_kumataka-6U8A6790-2669-1687-190-190.JPG,3,Kumataka
tool_bird_class_train/Kumataka_Mountain_Hawk_Eagle/AAS1_kumataka-6U8A6823-2580-1635-331-271.JPG,3,Kumataka
tool_bird_class_train/Kumataka_Mountain_Hawk_Eagle/AAS1_kumataka-6U8A6841-2836-1740-202-179.JPG,3,Kumataka
tool_bird_class_train/Kumataka_Mountain_Hawk_Eagle/AAS1_kumataka-6U8A6869-2633-1781-290-170.JPG,3,Kumataka
tool_bird_class_train/Kumataka_Mountain_Hawk_Eagle/AAS1_kumataka-6U8A6870-2708-1728-369-185.JPG,3,Kumataka
tool_bird_class_train/Kumataka_Mountain_Hawk_Eagle/AAS1_kumataka-6U8A6871-2684-1700-335-197.JPG,3,Kumataka
tool_bird_class_train/Kumataka_Mountain_Hawk_Eagle/AAS1_kumataka-6U8A6872-2672-1709-292-223.JPG,3,Kumataka
tool_bird_class_train/Kumataka_Mountain_Hawk_Eagle/AAS1_kumataka-6U8A6873-2682-1733-324-204.JPG,3,Kumataka
tool_bird_class_train/Kumataka_Mountain_Hawk_Eagle/AAS1_kumataka-6U8A6874-2669-1705-334-230.JPG,3,Kumataka
tool_bird_class_train/Kumataka_Mountain_Hawk_Eagle/AAS1_kumataka-6U8A6875-2698-1644-373-302.JPG,3,Kumataka
tool_bird_class_train/Kumataka_Mountain_Hawk_Eagle/AAS1_kumataka-6U8A6876-2602-1604-378-328.JPG,3,Kumataka
tool_bird_class_train/Kumataka_Mountain_Hawk_Eagle/AAS1_kumataka-6U8A6877-2550-1579-380-345.JPG,3,Kumataka
tool_bird_class_train/Kumataka_Mountain_Hawk_Eagle/AAS1_kumataka-6U8A6878-2669-1598-350-339.JPG,3,Kumataka
tool_bird_class_train/Kumataka_Mountain_Hawk_Eagle/AAS1_kumataka-6U8A6879-2467-1562-292-355.JPG,3,Kumataka
tool_bird_class_train/Kumataka_Mountain_Hawk_Eagle/AAS1_kumataka-6U8A6882-2508-1796-328-354.JPG,3,Kumataka
tool_bird_class_train/Kumataka_Mountain_Hawk_Eagle/AAS1_kumataka-6U8A6884-2486-1666-267-206.JPG,3,Kumataka
tool_bird_class_train/Kumataka_Mountain_Hawk_Eagle/AAS1_kumataka-6U8A6887-2396-1710-491-373.JPG,3,Kumataka
tool_bird_class_train/Kumataka_Mountain_Hawk_Eagle/AAS1_kumataka-6U8A6888-2261-1706-499-386.JPG,3,Kumataka
tool_bird_class_train/Kumataka_Mountain_Hawk_Eagle/AAS1_kumataka-6U8A6890-2540-1588-468-384.JPG,3,Kumataka
tool_bird_class_train/Kumataka_Mountain_Hawk_Eagle/AAS1_kumataka-6U8A6891-2435-1590-472-297.JPG,3,Kumataka
tool_bird_class_train/Kumataka_Mountain_Hawk_Eagle/AAS1_kumataka-6U8A6892-2429-1554-444-296.JPG,3,Kumataka
tool_bird_class_train/Kumataka_Mountain_Hawk_Eagle/AAS1_kumataka-6U8A6893-2384-1560-808-361.JPG,3,Kumataka
tool_bird_class_train/Kumataka_Mountain_Hawk_Eagle/AAS1_kumataka-6U8A6894-2369-1506-699-342.JPG,3,Kumataka
tool_bird_class_train/Kumataka_Mountain_Hawk_Eagle/AAS1_kumataka-6U8A6895-2332-1504-728-377.JPG,3,Kumataka
tool_bird_class_train/Kumataka_Mountain_Hawk_Eagle/AAS1_kumataka-6U8A6898-2327-1425-717-452.JPG,3,Kumataka
tool_bird_class_train/Kumataka_Mountain_Hawk_Eagle/AAS1_kumataka-6U8A6899-2373-1450-741-484.JPG,3,Kumataka
tool_bird_class_train/Kumataka_Mountain_Hawk_Eagle/AAS1_kumataka-6U8A6900-2439-1513-689-537.JPG,3,Kumataka
tool_bird_class_train/Kumataka_Mountain_Hawk_Eagle/AAS1_kumataka-6U8A6902-2653-1722-709-396.JPG,3,Kumataka
tool_bird_class_train/Kumataka_Mountain_Hawk_Eagle/AAS1_kumataka-6U8A6904-2349-1686-834-476.JPG,3,Kumataka
tool_bird_class_train/Kumataka_Mountain_Hawk_Eagle/AAS1_kumataka-6U8A6905-2237-1583-768-503.JPG,3,Kumataka
tool_bird_class_train/Kumataka_Mountain_Hawk_Eagle/AAS1_kumataka-6U8A6906-2275-1555-898-364.JPG,3,Kumataka
tool_bird_class_train/Kumataka_Mountain_Hawk_Eagle/AAS1_kumataka-6U8A6909-2121-1315-1010-399.JPG,3,Kumataka
tool_bird_class_train/Kumataka_Mountain_Hawk_Eagle/AAS1_kumataka-6U8A6910-1856-1203-1311-559.JPG,3,Kumataka
tool_bird_class_train/Kumataka_Mountain_Hawk_Eagle/AAS1_kumataka-6U8A6912-2035-1241-1051-524.JPG,3,Kumataka
tool_bird_class_train/Kumataka_Mountain_Hawk_Eagle/AAS1_kumataka-6U8A6913-2432-1289-878-697.JPG,3,Kumataka
tool_bird_class_train/Kumataka_Mountain_Hawk_Eagle/AAS1_kumataka-6U8A6914-2141-1187-1160-780.JPG,3,Kumataka
tool_bird_class_train/Kumataka_Mountain_Hawk_Eagle/AAS1_kumataka-6U8A6916-2166-1059-1048-834.JPG,3,Kumataka
tool_bird_class_train/Kumataka_Mountain_Hawk_Eagle/AAS1_kumataka-6U8A6918-2147-1106-1140-935.JPG,3,Kumataka
tool_bird_class_train/Kumataka_Mountain_Hawk_Eagle/AAS1_kumataka-6U8A6919-2093-1016-1132-969.JPG,3,Kumataka
tool_bird_class_train/Kumataka_Mountain_Hawk_Eagle/AAS1_kumataka-6U8A6921-2016-1161-1154-927.JPG,3,Kumataka
tool_bird_class_train/Kumataka_Mountain_Hawk_Eagle/AAS1_kumataka-6U8A6923-1904-1222-1039-960.JPG,3,Kumataka
tool_bird_class_train/Kumataka_Mountain_Hawk_Eagle/AAS1_kumataka-6U8A6926-2349-1759-724-576.JPG,3,Kumataka
tool_bird_class_train/Kumataka_Mountain_Hawk_Eagle/AAS1_kumataka-6U8A6927-1994-1606-1123-578.JPG,3,Kumataka
tool_bird_class_train/Kumataka_Mountain_Hawk_Eagle/AAS1_kumataka-6U8A6938-2576-1612-311-230.JPG,3,Kumataka
tool_bird_class_train/Kumataka_Mountain_Hawk_Eagle/AAS1_kumataka-6U8A6939-2782-1739-211-287.JPG,3,Kumataka
tool_bird_class_train/Kumataka_Mountain_Hawk_Eagle/AAS1_kumataka-6U8A6941-2656-1766-205-251.JPG,3,Kumataka
tool_bird_class_train/Kumataka_Mountain_Hawk_Eagle/AAS1_kumataka-6U8A8036-2708-1808-190-143.JPG,3,Kumataka
tool_bird_class_train/Kumataka_Mountain_Hawk_Eagle/AAS1_kumataka-6U8A8037-2667-1734-198-149.JPG,3,Kumataka
tool_bird_class_train/Kumataka_Mountain_Hawk_Eagle/AAS1_kumataka-6U8A8038-2797-1740-202-179.JPG,3,Kumataka
tool_bird_class_train/Kumataka_Mountain_Hawk_Eagle/AAS1_kumataka-6U8A8039-2791-1745-196-155.JPG,3,Kumataka
tool_bird_class_train/Kumataka_Mountain_Hawk_Eagle/AAS1_kumataka-6U8A8041-2788-1623-230-200.JPG,3,Kumataka
tool_bird_class_train/Kumataka_Mountain_Hawk_Eagle/AAS1_kumataka-6U8A8042-2663-1639-281-245.JPG,3,Kumataka
tool_bird_class_train/Kumataka_Mountain_Hawk_Eagle/AAS1_kumataka-6U8A8048-2664-1761-335-281.JPG,3,Kumataka
tool_bird_class_train/Kumataka_Mountain_Hawk_Eagle/AAS1_kumataka-6U8A8067-2643-1674-343-221.JPG,3,Kumataka
tool_bird_class_train/Kumataka_Mountain_Hawk_Eagle/AAS1_kumataka-6U8A8068-2671-1681-241-144.JPG,3,Kumataka
tool_bird_class_train/Kumataka_Mountain_Hawk_Eagle/AAS1_kumataka-6U8A8070-2799-1611-192-172.JPG,3,Kumataka
tool_bird_class_train/Kumataka_Mountain_Hawk_Eagle/AAS1_kumataka-6U8A8073-2551-1741-217-149.JPG,3,Kumataka
tool_bird_class_train/Kumataka_Mountain_Hawk_Eagle/AAS1_kumataka-6U8A8074-2503-1706-217-187.JPG,3,Kumataka
tool_bird_class_train/Kumataka_Mountain_Hawk_Eagle/AAS1_kumataka-6U8A8078-2703-1670-239-230.JPG,3,Kumataka
tool_bird_class_train/Kumataka_Mountain_Hawk_Eagle/AAS1_kumataka-6U8A8079-2725-1688-249-245.JPG,3,Kumataka
tool_bird_class_train/Kumataka_Mountain_Hawk_Eagle/AAS1_kumataka-6U8A8081-2841-1731-211-179.JPG,3,Kumataka
tool_bird_class_train/Kumataka_Mountain_Hawk_Eagle/AAS1_kumataka-6U8A8083-2621-1679-200-189.JPG,3,Kumataka
tool_bird_class_train/Kumataka_Mountain_Hawk_Eagle/AAS1_kumataka-6U8A8092-2814-1781-190-166.JPG,3,Kumataka
tool_bird_class_train/Kumataka_Mountain_Hawk_Eagle/AAS1_kumataka-6U8A8134-2810-1772-254-169.JPG,3,Kumataka
tool_bird_class_train/Kumataka_Mountain_Hawk_Eagle/AAS1_kumataka-6U8A8135-2811-1757-260-195.JPG,3,Kumataka
tool_bird_class_train/Kumataka_Mountain_Hawk_Eagle/AAS1_kumataka-6U8A8142-2716-1640-307-245.JPG,3,Kumataka
tool_bird_class_train/Kumataka_Mountain_Hawk_Eagle/AAS1_kumataka-6U8A8143-2666-1706-301-245.JPG,3,Kumataka
tool_bird_class_train/Kumataka_Mountain_Hawk_Eagle/AAS1_kumataka-6U8A8144-2669-1706-273-264.JPG,3,Kumataka
tool_bird_class_train/Kumataka_Mountain_Hawk_Eagle/AAS1_kumataka-6U8A8145-2648-1716-258-258.JPG,3,Kumataka
tool_bird_class_train/Kumataka_Mountain_Hawk_Eagle/AAS1_kumataka-6U8A8149-2660-1570-161-233.JPG,3,Kumataka
tool_bird_class_train/Kumataka_Mountain_Hawk_Eagle/AAS1_kumataka-6U8A8151-2689-1559-225-236.JPG,3,Kumataka
tool_bird_class_train/Kumataka_Mountain_Hawk_Eagle/AAS1_kumataka-6U8A8155-2443-1460-457-445.JPG,3,Kumataka
tool_bird_class_train/Kumataka_Mountain_Hawk_Eagle/AAS1_kumataka-6U8A8156-2602-1454-442-422.JPG,3,Kumataka
tool_bird_class_train/Kumataka_Mountain_Hawk_Eagle/AAS1_kumataka-6U8A8157-2696-1413-440-413.JPG,3,Kumataka
tool_bird_class_train/Kumataka_Mountain_Hawk_Eagle/AAS1_kumataka-6U8A8158-2588-1695-346-213.JPG,3,Kumataka
tool_bird_class_train/Kumataka_Mountain_Hawk_Eagle/AAS1_kumataka-6U8A8159-2660-1646-301-196.JPG,3,Kumataka
tool_bird_class_train/Kumataka_Mountain_Hawk_Eagle/AAS1_kumataka-6U8A8162-2695-1663-361-262.JPG,3,Kumataka
tool_bird_class_train/Kumataka_Mountain_Hawk_Eagle/AAS1_kumataka-6U8A8164-2618-1599-412-330.JPG,3,Kumataka
tool_bird_class_train/Kumataka_Mountain_Hawk_Eagle/AAS1_kumataka-6U8A8165-2688-1555-359-364.JPG,3,Kumataka
tool_bird_class_train/Kumataka_Mountain_Hawk_Eagle/AAS1_kumataka-6U8A8166-2703-1575-333-356.JPG,3,Kumataka
tool_bird_class_train/Kumataka_Mountain_Hawk_Eagle/AAS1_kumataka-6U8A8167-2692-1574-375-371.JPG,3,Kumataka
tool_bird_class_train/Kumataka_Mountain_Hawk_Eagle/AAS1_kumataka-6U8A8168-2781-1516-331-326.JPG,3,Kumataka
tool_bird_class_train/Kumataka_Mountain_Hawk_Eagle/AAS1_kumataka-6U8A8169-3004-1365-340-409.JPG,3,Kumataka
tool_bird_class_train/Kumataka_Mountain_Hawk_Eagle/AAS1_kumataka-6U8A8170-2597-1554-431-330.JPG,3,Kumataka
tool_bird_class_train/Kumataka_Mountain_Hawk_Eagle/AAS1_kumataka-6U8A8171-2721-1525-433-290.JPG,3,Kumataka
tool_bird_class_train/Kumataka_Mountain_Hawk_Eagle/AAS1_kumataka-6U8A8172-2772-1452-401-298.JPG,3,Kumataka
tool_bird_class_train/Kumataka_Mountain_Hawk_Eagle/AAS1_kumataka-6U8A8173-2746-1717-395-255.JPG,3,Kumataka
tool_bird_class_train/Kumataka_Mountain_Hawk_Eagle/AAS1_kumataka-6U8A8174-2840-1673-427-319.JPG,3,Kumataka
tool_bird_class_train/Kumataka_Mountain_Hawk_Eagle/AAS1_kumataka-6U8A8175-2826-1603-443-268.JPG,3,Kumataka
tool_bird_class_train/Kumataka_Mountain_Hawk_Eagle/AAS1_kumataka-6U8A8184-2735-1695-346-292.JPG,3,Kumataka
tool_bird_class_train/Kumataka_Mountain_Hawk_Eagle/AAS1_kumataka-6U8A8185-2819-1700-371-262.JPG,3,Kumataka
tool_bird_class_train/Kumataka_Mountain_Hawk_Eagle/AAS1_kumataka-6U8A8188-2692-1627-287-172.JPG,3,Kumataka
tool_bird_class_train/Kumataka_Mountain_Hawk_Eagle/AAS1_kumataka-6U8A8190-2634-1599-270-230.JPG,3,Kumataka
tool_bird_class_train/Kumataka_Mountain_Hawk_Eagle/AAS1_kumataka-6U8A8195-2679-1734-254-182.JPG,3,Kumataka
tool_bird_class_train/Kumataka_Mountain_Hawk_Eagle/AAS1_kumataka-6U8A8197-2746-1693-217-189.JPG,3,Kumataka
tool_bird_class_train/Kumataka_Mountain_Hawk_Eagle/AAS1_kumataka-6U8A8214-2556-1680-320-196.JPG,3,Kumataka
tool_bird_class_train/Kumataka_Mountain_Hawk_Eagle/AAS1_kumataka-6U8A8215-2551-1692-359-185.JPG,3,Kumataka
tool_bird_class_train/Kumataka_Mountain_Hawk_Eagle/AAS1_kumataka-6U8A8216-2559-1698-350-213.JPG,3,Kumataka
tool_bird_class_train/Kumataka_Mountain_Hawk_Eagle/AAS1_kumataka-6U8A8217-2599-1807-264-266.JPG,3,Kumataka
tool_bird_class_train/Kumataka_Mountain_Hawk_Eagle/AAS1_kumataka-6U8A8219-2852-1604-226-309.JPG,3,Kumataka
tool_bird_class_train/Kumataka_Mountain_Hawk_Eagle/AAS1_kumataka-6U8A8220-2957-1714-256-324.JPG,3,Kumataka
tool_bird_class_train/Kumataka_Mountain_Hawk_Eagle/AAS1_kumataka-6U8A8221-3044-1781-288-311.JPG,3,Kumataka
tool_bird_class_train/Kumataka_Mountain_Hawk_Eagle/AAS1_kumataka-C0001r10r-1991-1279-747-258.JPG,3,Kumataka
tool_bird_class_train/Kumataka_Mountain_Hawk_Eagle/AAS1_kumataka-C0001r11r-2999-777-419-688.JPG,3,Kumataka
tool_bird_class_train/Kumataka_Mountain_Hawk_Eagle/AAS1_kumataka-C0001r12r-842-1154-402-218.JPG,3,Kumataka
tool_bird_class_train/Kumataka_Mountain_Hawk_Eagle/AAS1_kumataka-C0001r13r-844-1250-427-192.JPG,3,Kumataka
tool_bird_class_train/Kumataka_Mountain_Hawk_Eagle/AAS1_kumataka-C0001r14r-1760--119-1045-767.JPG,3,Kumataka
tool_bird_class_train/Kumataka_Mountain_Hawk_Eagle/AAS1_kumataka-C0001r15r-908-440-1183-582.JPG,3,Kumataka
tool_bird_class_train/Kumataka_Mountain_Hawk_Eagle/AAS1_kumataka-C0001r16r-633-251-1186-465.JPG,3,Kumataka
tool_bird_class_train/Kumataka_Mountain_Hawk_Eagle/AAS1_kumataka-C0001r17r-764-391-1136-577.JPG,3,Kumataka
tool_bird_class_train/Kumataka_Mountain_Hawk_Eagle/AAS1_kumataka-C0001r18r-1376-848-1135-635.JPG,3,Kumataka
tool_bird_class_train/Kumataka_Mountain_Hawk_Eagle/AAS1_kumataka-C0001r1r-1851-520-1322-1565.JPG,3,Kumataka
tool_bird_class_train/Kumataka_Mountain_Hawk_Eagle/AAS1_kumataka-C0001r22r-1506-972-720-326.JPG,3,Kumataka
tool_bird_class_train/Kumataka_Mountain_Hawk_Eagle/AAS1_kumataka-C0001r24r-1528-938-647-439.JPG,3,Kumataka
tool_bird_class_train/Kumataka_Mountain_Hawk_Eagle/AAS1_kumataka-C0001r25r-1570-606-744-350.JPG,3,Kumataka
tool_bird_class_train/Kumataka_Mountain_Hawk_Eagle/AAS1_kumataka-C0001r2r-884-697-902-657.JPG,3,Kumataka
tool_bird_class_train/Kumataka_Mountain_Hawk_Eagle/AAS1_kumataka-C0001r3r-888-761-770-644.JPG,3,Kumataka
tool_bird_class_train/Kumataka_Mountain_Hawk_Eagle/AAS1_kumataka-C0001r5r-2333-418-1507-895.JPG,3,Kumataka
tool_bird_class_train/Kumataka_Mountain_Hawk_Eagle/AAS1_kumataka-C0001r7r-1141-7-1045-1616.JPG,3,Kumataka
tool_bird_class_train/Kumataka_Mountain_Hawk_Eagle/AAS1_kumataka-C0002r12r-1171-1377-389-409.JPG,3,Kumataka
tool_bird_class_train/Kumataka_Mountain_Hawk_Eagle/AAS1_kumataka-C0002r3r-2698-433-368-436.JPG,3,Kumataka
tool_bird_class_train/Kumataka_Mountain_Hawk_Eagle/AAS1_kumataka-C0002r4r-2675-105-419-284.JPG,3,Kumataka
tool_bird_class_train/Kumataka_Mountain_Hawk_Eagle/AAS1_kumataka-C0002r5r-2482-396-635-279.JPG,3,Kumataka
tool_bird_class_train/Kumataka_Mountain_Hawk_Eagle/AAS1_kumataka-C0002r7r-1551-746-392-439.JPG,3,Kumataka
tool_bird_class_train/Kumataka_Mountain_Hawk_Eagle/AAS1_kumataka-C0002r9r-1024-478-464-589.JPG,3,Kumataka
tool_bird_class_train/Kumataka_Mountain_Hawk_Eagle/AAS1_kumataka-C0004r11r-1600-807-585-284.JPG,3,Kumataka
tool_bird_class_train/Kumataka_Mountain_Hawk_Eagle/AAS1_kumataka-C0004r5r-1758-939-519-703.JPG,3,Kumataka
tool_bird_class_train/Kumataka_Mountain_Hawk_Eagle/AAS1_kumataka-C0004r6r-1568-929-543-664.JPG,3,Kumataka
tool_bird_class_train/Kumataka_Mountain_Hawk_Eagle/AAS1_kumataka-C0004r7r-825-819-583-754.JPG,3,Kumataka
tool_bird_class_train/Kumataka_Mountain_Hawk_Eagle/AAS1_kumataka-C0004r9r-2062-1462-374-340.JPG,3,Kumataka
tool_bird_class_train/Kumataka_Mountain_Hawk_Eagle/AAS1_kumataka-C0005r2r-128-593-1024-1603.JPG,3,Kumataka
tool_bird_class_train/Kumataka_Mountain_Hawk_Eagle/AAS1_kumataka-C0005r3r-2032-1122-714-313.JPG,3,Kumataka
tool_bird_class_train/Kumataka_Mountain_Hawk_Eagle/AAS1_kumataka-C0005r4r-1647-674-498-714.JPG,3,Kumataka
tool_bird_class_train/Kumataka_Mountain_Hawk_Eagle/AAS1_kumataka-C0005r5r-1546-927-473-680.JPG,3,Kumataka
tool_bird_class_train/Kumataka_Mountain_Hawk_Eagle/AAS1_kumataka-C0005r6r-1887-710-373-233.JPG,3,Kumataka
tool_bird_class_train/Kumataka_Mountain_Hawk_Eagle/AAS1_kumataka-C0005r7r-942-366-525-439.JPG,3,Kumataka
tool_bird_class_train/Kumataka_Mountain_Hawk_Eagle/AAS1_kumataka-C0007r5r-2437-1682-337-205.JPG,3,Kumataka
tool_bird_class_train/Kumataka_Mountain_Hawk_Eagle/AAS1_kumataka-C0007r6r-1937-1891-468-183.JPG,3,Kumataka
tool_bird_class_train/Kumataka_Mountain_Hawk_Eagle/AAS1_kumataka-C0007r7r-1231-446-1029-413.JPG,3,Kumataka
tool_bird_class_train/Kumataka_Mountain_Hawk_Eagle/AAS1_kumataka-C0007r8r-1478-1266-1081-501.JPG,3,Kumataka
tool_bird_class_train/Kumataka_Mountain_Hawk_Eagle/AAS1_kumataka-C0009r10r-1034-1452-1013-600.JPG,3,Kumataka
tool_bird_class_train/Kumataka_Mountain_Hawk_Eagle/AAS1_kumataka-C0009r11r-760-804-1025-522.JPG,3,Kumataka
tool_bird_class_train/Kumataka_Mountain_Hawk_Eagle/AAS1_kumataka-C0009r12r-2065-1906-654-339.JPG,3,Kumataka
tool_bird_class_train/Kumataka_Mountain_Hawk_Eagle/AAS1_kumataka-C0009r17r-1875-1049-318-438.JPG,3,Kumataka
tool_bird_class_train/Kumataka_Mountain_Hawk_Eagle/AAS1_kumataka-C0009r1r-1891-495-1280-720.JPG,3,Kumataka
tool_bird_class_train/Kumataka_Mountain_Hawk_Eagle/AAS1_kumataka-C0009r2r-1696-611-971-976.JPG,3,Kumataka
tool_bird_class_train/Kumataka_Mountain_Hawk_Eagle/AAS1_kumataka-C0009r3r-2118-187-807-1116.JPG,3,Kumataka
tool_bird_class_train/Kumataka_Mountain_Hawk_Eagle/AAS1_kumataka-C0009r4r-1302-966-1250-938.JPG,3,Kumataka
tool_bird_class_train/Kumataka_Mountain_Hawk_Eagle/AAS1_kumataka-C0009r5r-650-155-1378-997.JPG,3,Kumataka
tool_bird_class_train/Kumataka_Mountain_Hawk_Eagle/AAS1_kumataka-C0009r6r-1515-1334-1701-870.JPG,3,Kumataka
tool_bird_class_train/Kumataka_Mountain_Hawk_Eagle/AAS1_kumataka-C0009r7r-134-1315-1018-769.JPG,3,Kumataka
tool_bird_class_train/Kumataka_Mountain_Hawk_Eagle/AAS1_kumataka-C0009r8r-943-1296-858-729.JPG,3,Kumataka
tool_bird_class_train/Kumataka_Mountain_Hawk_Eagle/AAS1_kumataka-C0011r5r-1912-664-637-489.JPG,3,Kumataka
tool_bird_class_train/Kumataka_Mountain_Hawk_Eagle/AAS1_kumataka-C0012r1r-1750-143-1026-1044.JPG,3,Kumataka
tool_bird_class_train/Kumataka_Mountain_Hawk_Eagle/AAS1_kumataka-C0012r3r-1198-276-779-1213.JPG,3,Kumataka
tool_bird_class_train/Kumataka_Mountain_Hawk_Eagle/AAS1_kumataka-C0020r1r-530-1488-729-350.JPG,3,Kumataka
tool_bird_class_train/Kumataka_Mountain_Hawk_Eagle/AAS1_kumataka-C0020r2r-1611-1743-761-268.JPG,3,Kumataka
tool_bird_class_train/Kumataka_Mountain_Hawk_Eagle/AAS1_kumataka-DSC00358-3623-2232-320-175.JPG,3,Kumataka
tool_bird_class_train/Kumataka_Mountain_Hawk_Eagle/AAS1_kumataka-DSC00359-3584-2587-251-146.JPG,3,Kumataka
tool_bird_class_train/Kumataka_Mountain_Hawk_Eagle/AAS1_kumataka-DSC00377-4171-2558-79-47.JPG,3,Kumataka
tool_bird_class_train/Kumataka_Mountain_Hawk_Eagle/AAS1_kumataka-DSC00381-3938-2744-172-89.JPG,3,Kumataka
tool_bird_class_train/Kumataka_Mountain_Hawk_Eagle/AAS1_kumataka-DSCr0032-1240-930-119-75.JPG,3,Kumataka
tool_bird_class_train/Kumataka_Mountain_Hawk_Eagle/AAS1_kumataka-DSCr0033-1128-917-81-97.JPG,3,Kumataka
tool_bird_class_train/Kumataka_Mountain_Hawk_Eagle/AAS1_kumataka-DSCr0034-1644-799-91-70.JPG,3,Kumataka
tool_bird_class_train/Kumataka_Mountain_Hawk_Eagle/AAS1_kumataka-DSCr0055-1373-791-82-98.JPG,3,Kumataka
tool_bird_class_train/Kumataka_Mountain_Hawk_Eagle/AAS1_kumataka-DSCr0075-1447-868-164-109.JPG,3,Kumataka
tool_bird_class_train/Kumataka_Mountain_Hawk_Eagle/AAS1_kumataka-DSCr0100-1295-938-91-62.JPG,3,Kumataka
tool_bird_class_train/Kumataka_Mountain_Hawk_Eagle/AAS1_kumataka-DSCr0114-1169-983-59-79.JPG,3,Kumataka
tool_bird_class_train/Kumataka_Mountain_Hawk_Eagle/AAS1_kumataka-DSCr0115-1317-849-60-78.JPG,3,Kumataka
tool_bird_class_train/Kumataka_Mountain_Hawk_Eagle/AAS1_kumataka-DSCr0117-1295-829-57-61.JPG,3,Kumataka
tool_bird_class_train/Kumataka_Mountain_Hawk_Eagle/AAS1_kumataka-DSCr0118-1405-914-55-78.JPG,3,Kumataka
tool_bird_class_train/Kumataka_Mountain_Hawk_Eagle/AAS1_kumataka-DSCr0119-1239-689-49-77.JPG,3,Kumataka
tool_bird_class_train/Kumataka_Mountain_Hawk_Eagle/AAS1_kumataka-DSCr1546-2127-1469-96-136.JPG,3,Kumataka
tool_bird_class_train/Kumataka_Mountain_Hawk_Eagle/AAS1_kumataka-DSCr1567-2611-1466-89-106.JPG,3,Kumataka
tool_bird_class_train/Kumataka_Mountain_Hawk_Eagle/AAS1_kumataka-DSCr1875-880-1430-294-264.JPG,3,Kumataka
tool_bird_class_train/Kumataka_Mountain_Hawk_Eagle/AAS1_kumataka-DSCr7603-1946-745-447-352.JPG,3,Kumataka
tool_bird_class_train/Kumataka_Mountain_Hawk_Eagle/AAS1_kumataka-DSCr7614-2379-1403-159-236.JPG,3,Kumataka
tool_bird_class_train/Kumataka_Mountain_Hawk_Eagle/AAS1_kumataka-DSCr7617-2042-1484-475-266.JPG,3,Kumataka
tool_bird_class_train/Kumataka_Mountain_Hawk_Eagle/AAS1_kumataka-DSCr7630-2667-1309-352-307.JPG,3,Kumataka
tool_bird_class_train/Kumataka_Mountain_Hawk_Eagle/AAS1_kumataka-DSCr9393-2250-1611-128-220.JPG,3,Kumataka
tool_bird_class_train/Kumataka_Mountain_Hawk_Eagle/AAS1_kumataka-IMGP0087-2212-1605-232-216.JPG,3,Kumataka
tool_bird_class_train/Kumataka_Mountain_Hawk_Eagle/AAS1_kumataka-IMGP0089-2411-1615-163-273.JPG,3,Kumataka
tool_bird_class_train/Kumataka_Mountain_Hawk_Eagle/AAS1_kumataka-IMGP0092-2508-1527-185-181.JPG,3,Kumataka
tool_bird_class_train/Kumataka_Mountain_Hawk_Eagle/AAS1_kumataka-IMGP0094-2223-1578-332-199.JPG,3,Kumataka
tool_bird_class_train/Kumataka_Mountain_Hawk_Eagle/AAS1_kumataka-IMGP0098-2653-1544-272-190.JPG,3,Kumataka
tool_bird_class_train/Kumataka_Mountain_Hawk_Eagle/AAS1_kumataka-IMGP0102-2304-1437-278-278.JPG,3,Kumataka
tool_bird_class_train/Kumataka_Mountain_Hawk_Eagle/AAS1_kumataka-IMGP0103-2339-1482-204-263.JPG,3,Kumataka
tool_bird_class_train/Kumataka_Mountain_Hawk_Eagle/AAS1_kumataka-IMGP0104-2323-1516-203-296.JPG,3,Kumataka
tool_bird_class_train/Kumataka_Mountain_Hawk_Eagle/AAS1_kumataka-IMGP0108-2514-1820-275-309.JPG,3,Kumataka
tool_bird_class_train/Kumataka_Mountain_Hawk_Eagle/AAS1_kumataka-IMGP2603-2783-1856-150-194.JPG,3,Kumataka
tool_bird_class_train/Kumataka_Mountain_Hawk_Eagle/AAS1_kumataka-IMGP2604-3057-1909-114-117.JPG,3,Kumataka
tool_bird_class_train/Kumataka_Mountain_Hawk_Eagle/AAS1_kumataka-IMGP2605-3065-1888-127-139.JPG,3,Kumataka
tool_bird_class_train/Kumataka_Mountain_Hawk_Eagle/AAS1_kumataka-IMGP2606-2891-1839-207-128.JPG,3,Kumataka
tool_bird_class_train/Kumataka_Mountain_Hawk_Eagle/AAS1_kumataka-IMGP2610-2903-1925-124-148.JPG,3,Kumataka
tool_bird_class_train/Kumataka_Mountain_Hawk_Eagle/AAS1_kumataka-IMGP2611-2826-2165-129-155.JPG,3,Kumataka
tool_bird_class_train/Kumataka_Mountain_Hawk_Eagle/AAS1_kumataka-IMGP2613-2856-1922-191-146.JPG,3,Kumataka
tool_bird_class_train/Kumataka_Mountain_Hawk_Eagle/AAS1_kumataka-IMGP2615-3002-1976-163-130.JPG,3,Kumataka
tool_bird_class_train/Kumataka_Mountain_Hawk_Eagle/AAS1_kumataka-IMGP2617-2897-1935-138-126.JPG,3,Kumataka
tool_bird_class_train/Kumataka_Mountain_Hawk_Eagle/AAS1_kumataka-IMGP2619-3151-1957-118-189.JPG,3,Kumataka
tool_bird_class_train/Kumataka_Mountain_Hawk_Eagle/AAS1_kumataka-IMGP2621-2961-2018-119-87.JPG,3,Kumataka
tool_bird_class_train/Kumataka_Mountain_Hawk_Eagle/AAS1_kumataka-IMGP2622-3159-1986-169-138.JPG,3,Kumataka
tool_bird_class_train/Kumataka_Mountain_Hawk_Eagle/AAS1_kumataka-IMGP2623-2793-1953-203-138.JPG,3,Kumataka
tool_bird_class_train/Kumataka_Mountain_Hawk_Eagle/AAS1_kumataka-IMGP2624-2931-1952-185-150.JPG,3,Kumataka
tool_bird_class_train/Kumataka_Mountain_Hawk_Eagle/AAS1_kumataka-IMGP2625-3162-1993-159-177.JPG,3,Kumataka
tool_bird_class_train/Kumataka_Mountain_Hawk_Eagle/AAS1_kumataka-IMGP2628-2858-1989-134-165.JPG,3,Kumataka
tool_bird_class_train/Kumataka_Mountain_Hawk_Eagle/AAS1_kumataka-IMGP2630-2781-1950-191-146.JPG,3,Kumataka
tool_bird_class_train/Kumataka_Mountain_Hawk_Eagle/AAS1_kumataka-IMGP2631-3173-1922-185-148.JPG,3,Kumataka
tool_bird_class_train/Kumataka_Mountain_Hawk_Eagle/AAS1_kumataka-IMGP2634-2946-2044-227-134.JPG,3,Kumataka
tool_bird_class_train/Kumataka_Mountain_Hawk_Eagle/AAS1_kumataka-IMGP2635-3141-2009-198-127.JPG,3,Kumataka
tool_bird_class_train/Kumataka_Mountain_Hawk_Eagle/AAS1_kumataka-IMGP2637-3002-2037-210-117.JPG,3,Kumataka
tool_bird_class_train/Kumataka_Mountain_Hawk_Eagle/AAS1_kumataka-IMGP2638-2552-1964-240-136.JPG,3,Kumataka
tool_bird_class_train/Kumataka_Mountain_Hawk_Eagle/AAS1_kumataka-IMGP2646-2874-1892-341-356.JPG,3,Kumataka
tool_bird_class_train/Kumataka_Mountain_Hawk_Eagle/AAS1_kumataka-IMGP2649-3137-1980-262-473.JPG,3,Kumataka
tool_bird_class_train/Kumataka_Mountain_Hawk_Eagle/AAS1_kumataka-IMGP2650-3187-2109-248-151.JPG,3,Kumataka
tool_bird_class_train/Kumataka_Mountain_Hawk_Eagle/AAS1_kumataka-IMGP2651-2767-1994-430-174.JPG,3,Kumataka
tool_bird_class_train/Kumataka_Mountain_Hawk_Eagle/AAS1_kumataka-IMGP4214-2328-1654-572-370.JPG,3,Kumataka
tool_bird_class_train/Kumataka_Mountain_Hawk_Eagle/AAS1_kumataka-IMGP4776-2879-2053-277-224.JPG,3,Kumataka
tool_bird_class_train/Kumataka_Mountain_Hawk_Eagle/AAS1_kumataka-IMGP4778-2696-2036-244-159.JPG,3,Kumataka
tool_bird_class_train/Kumataka_Mountain_Hawk_Eagle/AAS1_kumataka-IMGP4779-2910-2216-268-218.JPG,3,Kumataka
tool_bird_class_train/Kumataka_Mountain_Hawk_Eagle/AAS1_kumataka-IMGP4780-2793-1789-250-238.JPG,3,Kumataka
tool_bird_class_train/Kumataka_Mountain_Hawk_Eagle/AAS1_kumataka-IMGP4781-2942-1892-238-253.JPG,3,Kumataka
tool_bird_class_train/Kumataka_Mountain_Hawk_Eagle/AAS1_kumataka-IMGP4783-3074-1733-291-203.JPG,3,Kumataka
tool_bird_class_train/Kumataka_Mountain_Hawk_Eagle/AAS1_kumataka-IMGP4786-2942-2188-266-183.JPG,3,Kumataka
tool_bird_class_train/Kumataka_Mountain_Hawk_Eagle/AAS1_kumataka-IMGP4826-2207-1409-284-386.JPG,3,Kumataka
tool_bird_class_train/Kumataka_Mountain_Hawk_Eagle/AAS1_kumataka-IMGP4831-2313-1776-208-154.JPG,3,Kumataka
tool_bird_class_train/Kumataka_Mountain_Hawk_Eagle/AAS1_kumataka-IMGP4832-2390-1551-192-163.JPG,3,Kumataka
tool_bird_class_train/Kumataka_Mountain_Hawk_Eagle/AAS1_kumataka-IMGP4875-2887-1510-267-316.JPG,3,Kumataka
tool_bird_class_train/Kumataka_Mountain_Hawk_Eagle/AAS1_kumataka-IMGP4876-2790-1566-298-292.JPG,3,Kumataka
tool_bird_class_train/Kumataka_Mountain_Hawk_Eagle/AAS1_kumataka-IMGP4877-2791-1830-266-337.JPG,3,Kumataka
tool_bird_class_train/Kumataka_Mountain_Hawk_Eagle/AAS1_kumataka-IMGP4879-2787-1996-587-201.JPG,3,Kumataka
tool_bird_class_train/Kumataka_Mountain_Hawk_Eagle/AAS1_kumataka-IMGP4885-2813-1993-644-417.JPG,3,Kumataka
tool_bird_class_train/Kumataka_Mountain_Hawk_Eagle/AAS1_kumataka-IMGP4886-2729-1961-523-327.JPG,3,Kumataka
tool_bird_class_train/Kumataka_Mountain_Hawk_Eagle/AAS1_kumataka-IMGP4888-2748-1751-622-311.JPG,3,Kumataka
tool_bird_class_train/Kumataka_Mountain_Hawk_Eagle/AAS1_kumataka-IMGP4889-2545-1762-544-578.JPG,3,Kumataka
tool_bird_class_train/Kumataka_Mountain_Hawk_Eagle/AAS1_kumataka-IMGP4891-2856-1776-626-515.JPG,3,Kumataka
tool_bird_class_train/Kumataka_Mountain_Hawk_Eagle/AAS1_kumataka-IMGP4892-2783-2107-595-785.JPG,3,Kumataka
tool_bird_class_train/Kumataka_Mountain_Hawk_Eagle/AAS1_kumataka-IMGP4893-2654-1717-484-634.JPG,3,Kumataka
tool_bird_class_train/Kumataka_Mountain_Hawk_Eagle/AAS1_kumataka-IMGP4894-2372-1554-499-657.JPG,3,Kumataka
tool_bird_class_train/Kumataka_Mountain_Hawk_Eagle/AAS1_kumataka-IMGP4895-2826-2283-304-275.JPG,3,Kumataka
tool_bird_class_train/Kumataka_Mountain_Hawk_Eagle/AAS1_kumataka-IMGP4896-2871-1776-286-286.JPG,3,Kumataka
tool_bird_class_train/Kumataka_Mountain_Hawk_Eagle/AAS1_kumataka-IMGP4897-2917-1803-217-306.JPG,3,Kumataka
tool_bird_class_train/Kumataka_Mountain_Hawk_Eagle/AAS1_kumataka-IMGP7158-2223-1582-198-202.JPG,3,Kumataka
tool_bird_class_train/Kumataka_Mountain_Hawk_Eagle/AAS1_kumataka-IMGP7162-2387-1383-257-339.JPG,3,Kumataka
tool_bird_class_train/Kumataka_Mountain_Hawk_Eagle/AAS1_kumataka-IMGr0444-2290-1326-535-342.JPG,3,Kumataka
tool_bird_class_train/Kumataka_Mountain_Hawk_Eagle/AAS1_kumataka-IMGr0446-2596-1472-318-436.JPG,3,Kumataka
tool_bird_class_train/Kumataka_Mountain_Hawk_Eagle/AAS1_kumataka-IMGr0458-2562-1517-320-445.JPG,3,Kumataka
tool_bird_class_train/Kumataka_Mountain_Hawk_Eagle/AAS1_kumataka-IMGr0466-2548-1646-300-199.JPG,3,Kumataka
tool_bird_class_train/Kumataka_Mountain_Hawk_Eagle/AAS1_kumataka-IMGr0468-2488-1479-320-389.JPG,3,Kumataka
tool_bird_class_train/Kumataka_Mountain_Hawk_Eagle/AAS1_kumataka-IMGr0469-2568-1680-305-162.JPG,3,Kumataka
tool_bird_class_train/Kumataka_Mountain_Hawk_Eagle/AAS1_kumataka-IMGr0471-2364-1559-515-259.JPG,3,Kumataka
tool_bird_class_train/Kumataka_Mountain_Hawk_Eagle/AAS1_kumataka-IMGr0473-2699-1660-347-422.JPG,3,Kumataka
tool_bird_class_train/Kumataka_Mountain_Hawk_Eagle/AAS1_kumataka-IMGr0474-2476-1594-328-265.JPG,3,Kumataka
tool_bird_class_train/Kumataka_Mountain_Hawk_Eagle/AAS1_kumataka-IMGr0478-2416-1581-320-366.JPG,3,Kumataka
tool_bird_class_train/Kumataka_Mountain_Hawk_Eagle/AAS1_kumataka-IMGr0479-2403-1513-279-327.JPG,3,Kumataka
tool_bird_class_train/Kumataka_Mountain_Hawk_Eagle/AAS1_kumataka-IMGr0484-2603-1576-303-380.JPG,3,Kumataka
tool_bird_class_train/Kumataka_Mountain_Hawk_Eagle/AAS1_kumataka-IMGr0485-2450-1491-286-338.JPG,3,Kumataka
tool_bird_class_train/Kumataka_Mountain_Hawk_Eagle/AAS1_kumataka-IMGr0488-2581-1618-376-449.JPG,3,Kumataka
tool_bird_class_train/Kumataka_Mountain_Hawk_Eagle/AAS1_kumataka-IMGr0505-2624-1741-308-355.JPG,3,Kumataka
tool_bird_class_train/Kumataka_Mountain_Hawk_Eagle/AAS1_kumataka-IMGr1192-2377-1596-116-93.JPG,3,Kumataka
tool_bird_class_train/Kumataka_Mountain_Hawk_Eagle/AAS1_kumataka-IMGr1193-2440-1323-126-98.JPG,3,Kumataka
tool_bird_class_train/Kumataka_Mountain_Hawk_Eagle/AAS1_kumataka-IMGr1198-2388-1683-121-85.JPG,3,Kumataka
tool_bird_class_train/Kumataka_Mountain_Hawk_Eagle/AAS1_kumataka-IMGr1203-2359-1678-158-97.JPG,3,Kumataka
tool_bird_class_train/Kumataka_Mountain_Hawk_Eagle/AAS1_kumataka-IMGr1204-2113-1535-178-77.JPG,3,Kumataka
tool_bird_class_train/Kumataka_Mountain_Hawk_Eagle/AAS1_kumataka-IMGr1220-2396-1946-101-60.JPG,3,Kumataka
tool_bird_class_train/Kumataka_Mountain_Hawk_Eagle/AAS1_kumataka-IMGr1221-2396-1549-102-83.JPG,3,Kumataka
tool_bird_class_train/Kumataka_Mountain_Hawk_Eagle/AAS1_kumataka-IMGr3635-2506-1625-140-86.JPG,3,Kumataka
tool_bird_class_train/Kumataka_Mountain_Hawk_Eagle/AAS1_kumataka-IMGr3638-2438-1792-131-63.JPG,3,Kumataka
tool_bird_class_train/Kumataka_Mountain_Hawk_Eagle/AAS1_kumataka-IMGr3717-2506-1481-316-338.JPG,3,Kumataka
tool_bird_class_train/Kumataka_Mountain_Hawk_Eagle/AAS1_kumataka-IMGr3722-2409-1834-251-256.JPG,3,Kumataka
tool_bird_class_train/Kumataka_Mountain_Hawk_Eagle/AAS1_kumataka-IMGr4374-2604-1834-69-52.JPG,3,Kumataka
tool_bird_class_train/Kumataka_Mountain_Hawk_Eagle/AAS1_kumataka-IMGr4709-1845-1639-68-73.JPG,3,Kumataka
tool_bird_class_train/Kumataka_Mountain_Hawk_Eagle/AAS1_kumataka-IMGr4710-2547-1568-85-82.JPG,3,Kumataka
tool_bird_class_train/Kumataka_Mountain_Hawk_Eagle/AAS1_kumataka-IMGr6283-2719-1643-113-128.JPG,3,Kumataka
tool_bird_class_train/Kumataka_Mountain_Hawk_Eagle/AAS1_kumataka-IMGr6314-2618-1788-159-112.JPG,3,Kumataka
tool_bird_class_train/Kumataka_Mountain_Hawk_Eagle/AAS1_kumataka-IMGr6508-2782-1801-306-317.JPG,3,Kumataka
tool_bird_class_train/Kumataka_Mountain_Hawk_Eagle/AAS1_kumataka-IMGr6515-2444-1679-362-415.JPG,3,Kumataka
tool_bird_class_train/Kumataka_Mountain_Hawk_Eagle/AAS1_kumataka-IMGr6520-2364-1588-471-326.JPG,3,Kumataka
tool_bird_class_train/Kumataka_Mountain_Hawk_Eagle/AAS1_kumataka-IMGr6541-2599-1828-178-117.JPG,3,Kumataka
tool_bird_class_train/Kumataka_Mountain_Hawk_Eagle/AAS1_kumataka-IMGr6562-2788-1838-92-70.JPG,3,Kumataka
tool_bird_class_train/Kumataka_Mountain_Hawk_Eagle/AAS1_kumataka-IMGr7361-2396-1656-275-339.JPG,3,Kumataka
tool_bird_class_train/Kumataka_Mountain_Hawk_Eagle/AAS1_kumataka-IMGr8210-2377-1594-102-120.JPG,3,Kumataka
tool_bird_class_train/Kumataka_Mountain_Hawk_Eagle/AAS1_kumataka-IMGr8218-2505-1710-81-55.JPG,3,Kumataka
tool_bird_class_train/Kumataka_Mountain_Hawk_Eagle/AAS1_kumataka-IMGr8221-2618-1652-84-57.JPG,3,Kumataka
tool_bird_class_train/Kumataka_Mountain_Hawk_Eagle/AAS1_kumataka-IMGr8232-2362-1228-701-183.JPG,3,Kumataka
tool_bird_class_train/Kumataka_Mountain_Hawk_Eagle/AAS1_kumataka-IMGr8233-2377-1429-517-247.JPG,3,Kumataka
tool_bird_class_train/Kumataka_Mountain_Hawk_Eagle/AAS1_kumataka-IMGr8260-2347-1575-270-284.JPG,3,Kumataka
tool_bird_class_train/Kumataka_Mountain_Hawk_Eagle/AAS1_kumataka-IMGr8262-2394-1763-130-146.JPG,3,Kumataka
tool_bird_class_train/Kumataka_Mountain_Hawk_Eagle/AAS1_kumataka-IMGr8265-2589-1693-99-149.JPG,3,Kumataka
tool_bird_class_train/Kumataka_Mountain_Hawk_Eagle/AAS1_kumataka-IMGr8266-2300-1676-114-155.JPG,3,Kumataka
tool_bird_class_train/Kumataka_Mountain_Hawk_Eagle/AAS1_kumataka-IMGr8267-2476-1900-94-58.JPG,3,Kumataka
tool_bird_class_train/Kumataka_Mountain_Hawk_Eagle/AAS1_kumataka-IMGr8268-2306-1843-89-77.JPG,3,Kumataka
tool_bird_class_train/Kumataka_Mountain_Hawk_Eagle/AAS1_kumataka-IMGr8269-2258-1495-94-107.JPG,3,Kumataka
tool_bird_class_train/Kumataka_Mountain_Hawk_Eagle/AAS1_kumataka-IMGr8429-2522-1684-140-114.JPG,3,Kumataka
tool_bird_class_train/Kumataka_Mountain_Hawk_Eagle/AAS1_kumataka-IMGr8430-2649-1709-111-88.JPG,3,Kumataka
tool_bird_class_train/Kumataka_Mountain_Hawk_Eagle/AAS1_kumataka-IMGr8433-2753-1832-97-97.JPG,3,Kumataka
tool_bird_class_train/Kumataka_Mountain_Hawk_Eagle/AAS1_kumataka-IMGr8434-2660-1795-113-92.JPG,3,Kumataka
tool_bird_class_train/Kumataka_Mountain_Hawk_Eagle/AAS1_kumataka-IMGr8435-2703-1806-114-74.JPG,3,Kumataka
tool_bird_class_train/Kumataka_Mountain_Hawk_Eagle/AAS1_kumataka-IMGr8436-2675-1763-139-81.JPG,3,Kumataka
tool_bird_class_train/Kumataka_Mountain_Hawk_Eagle/AAS1_kumataka-IMGr8439-2612-1560-95-97.JPG,3,Kumataka
tool_bird_class_train/Kumataka_Mountain_Hawk_Eagle/AAS1_kumataka-IMGr8442-2703-1764-130-69.JPG,3,Kumataka
tool_bird_class_train/Kumataka_Mountain_Hawk_Eagle/AAS1_kumataka-IMGr8443-2807-1823-98-89.JPG,3,Kumataka
tool_bird_class_train/Kumataka_Mountain_Hawk_Eagle/AAS1_kumataka-IMGr8444-2218-1787-83-61.JPG,3,Kumataka
tool_bird_class_train/Kumataka_Mountain_Hawk_Eagle/AAS1_kumataka-IMGr8446-2507-1737-154-201.JPG,3,Kumataka
tool_bird_class_train/Kumataka_Mountain_Hawk_Eagle/AAS1_kumataka-IMGr8447-2593-1608-149-170.JPG,3,Kumataka
tool_bird_class_train/Kumataka_Mountain_Hawk_Eagle/AAS1_kumataka-IMGr8448-2501-1693-104-92.JPG,3,Kumataka
tool_bird_class_train/Kumataka_Mountain_Hawk_Eagle/AAS1_kumataka-IMGr8450-2538-1660-100-107.JPG,3,Kumataka
tool_bird_class_train/Kumataka_Mountain_Hawk_Eagle/AAS1_kumataka-IMGr8451-2699-1741-128-110.JPG,3,Kumataka
tool_bird_class_train/Kumataka_Mountain_Hawk_Eagle/AAS1_kumataka-IMGr8452-2651-1755-99-101.JPG,3,Kumataka
tool_bird_class_train/Kumataka_Mountain_Hawk_Eagle/AAS1_kumataka-IMGr8456-2772-1856-90-82.JPG,3,Kumataka
tool_bird_class_train/Kumataka_Mountain_Hawk_Eagle/AAS1_kumataka-IMGr8458-2648-1594-80-48.JPG,3,Kumataka
tool_bird_class_train/Kumataka_Mountain_Hawk_Eagle/AAS1_kumataka-IMGr8460-2498-1741-113-68.JPG,3,Kumataka
tool_bird_class_train/Kumataka_Mountain_Hawk_Eagle/AAS1_kumataka-IMGr8461-2542-1835-64-52.JPG,3,Kumataka
tool_bird_class_train/Kumataka_Mountain_Hawk_Eagle/AAS1_kumataka-IMGr8463-2670-1736-103-72.JPG,3,Kumataka
tool_bird_class_train/Kumataka_Mountain_Hawk_Eagle/AAS1_kumataka-IMGr8465-2561-1786-124-77.JPG,3,Kumataka
tool_bird_class_train/Kumataka_Mountain_Hawk_Eagle/AAS1_kumataka-IMGr8498-2582-1658-146-137.JPG,3,Kumataka
tool_bird_class_train/Kumataka_Mountain_Hawk_Eagle/AAS1_kumataka-IMGr8499-2579-1818-144-185.JPG,3,Kumataka
tool_bird_class_train/Kumataka_Mountain_Hawk_Eagle/AAS1_kumataka-IMGr8504-2725-1764-234-87.JPG,3,Kumataka
tool_bird_class_train/Kumataka_Mountain_Hawk_Eagle/AAS1_kumataka-IMGr8505-2563-1694-217-144.JPG,3,Kumataka
tool_bird_class_train/Kumataka_Mountain_Hawk_Eagle/AAS1_kumataka-IMGr8509-2612-1700-130-124.JPG,3,Kumataka
tool_bird_class_train/Kumataka_Mountain_Hawk_Eagle/AAS1_kumataka-IMGr8523-2639-1690-151-205.JPG,3,Kumataka
tool_bird_class_train/Kumataka_Mountain_Hawk_Eagle/AAS1_kumataka-IMGr8528-2662-1696-82-79.JPG,3,Kumataka
tool_bird_class_train/Kumataka_Mountain_Hawk_Eagle/AAS1_kumataka-IMGr8532-2690-1627-79-73.JPG,3,Kumataka
tool_bird_class_train/Kumataka_Mountain_Hawk_Eagle/AAS1_kumataka-IMGr8552-2747-1621-137-121.JPG,3,Kumataka
tool_bird_class_train/Kumataka_Mountain_Hawk_Eagle/AAS1_kumataka-IMGr8557-2657-1643-153-113.JPG,3,Kumataka
tool_bird_class_train/Kumataka_Mountain_Hawk_Eagle/AAS1_kumataka-IMGr8563-2575-1567-173-145.JPG,3,Kumataka
tool_bird_class_train/Kumataka_Mountain_Hawk_Eagle/AAS1_kumataka-IMGr8564-2572-1643-130-146.JPG,3,Kumataka
tool_bird_class_train/Kumataka_Mountain_Hawk_Eagle/AAS1_kumataka-IMGr8715-2789-1789-157-93.JPG,3,Kumataka
tool_bird_class_train/Kumataka_Mountain_Hawk_Eagle/AAS1_kumataka-IMGr8716-2601-1546-153-104.JPG,3,Kumataka
tool_bird_class_train/Kumataka_Mountain_Hawk_Eagle/AAS1_kumataka-IMGr8717-2687-1708-130-145.JPG,3,Kumataka
tool_bird_class_train/Kumataka_Mountain_Hawk_Eagle/AAS1_kumataka-IMGr8718-2691-1620-82-144.JPG,3,Kumataka
tool_bird_class_train/Kumataka_Mountain_Hawk_Eagle/AAS1_kumataka-IMGr8723-2566-1603-236-155.JPG,3,Kumataka
tool_bird_class_train/Kumataka_Mountain_Hawk_Eagle/AAS1_kumataka-IMGr8724-2392-1566-251-140.JPG,3,Kumataka
tool_bird_class_train/Kumataka_Mountain_Hawk_Eagle/AAS1_kumataka-IMGr8725-2509-1683-217-170.JPG,3,Kumataka
tool_bird_class_train/Kumataka_Mountain_Hawk_Eagle/AAS1_kumataka-IMGr8727-4389-1254-166-150.JPG,3,Kumataka
tool_bird_class_train/Kumataka_Mountain_Hawk_Eagle/AAS1_kumataka-IMGr8728-2436-1622-207-220.JPG,3,Kumataka
tool_bird_class_train/Kumataka_Mountain_Hawk_Eagle/AAS1_kumataka-IMGr8770-2846-1763-116-120.JPG,3,Kumataka
tool_bird_class_train/Kumataka_Mountain_Hawk_Eagle/AAS1_kumataka-IMGr9414-2424-1728-93-111.JPG,3,Kumataka
tool_bird_class_train/Kumataka_Mountain_Hawk_Eagle/AAS1_kumataka-IMGr9417-2542-1745-91-116.JPG,3,Kumataka
tool_bird_class_train/Kumataka_Mountain_Hawk_Eagle/AAS1_kumataka-IMGr9418-2566-1711-102-110.JPG,3,Kumataka
tool_bird_class_train/Kumataka_Mountain_Hawk_Eagle/AAS1_kumataka-IMGr9419-2448-1692-80-91.JPG,3,Kumataka
tool_bird_class_train/Kumataka_Mountain_Hawk_Eagle/AAS1_kumataka-IMGr9431-2276-1637-383-217.JPG,3,Kumataka
tool_bird_class_train/Kumataka_Mountain_Hawk_Eagle/AAS1_kumataka-IMGr9432-2116-1553-354-137.JPG,3,Kumataka
tool_bird_class_train/Kumataka_Mountain_Hawk_Eagle/AAS1_kumataka-IMGr9433-2329-1801-370-161.JPG,3,Kumataka
tool_bird_class_train/Kumataka_Mountain_Hawk_Eagle/AAS1_kumataka-IMGr9436-1895-1681-990-523.JPG,3,Kumataka
tool_bird_class_train/Kumataka_Mountain_Hawk_Eagle/AAS1_kumataka-IMGr9445-2445-1554-237-214.JPG,3,Kumataka
tool_bird_class_train/Kumataka_Mountain_Hawk_Eagle/AAS1_kumataka-IMGr9454-2236-1616-480-502.JPG,3,Kumataka
tool_bird_class_train/Kumataka_Mountain_Hawk_Eagle/AAS1_kumataka-IMGr9462-2469-1581-376-522.JPG,3,Kumataka
tool_bird_class_train/Kumataka_Mountain_Hawk_Eagle/AAS1_kumataka-IMGr9465-2025-1644-487-310.JPG,3,Kumataka
tool_bird_class_train/Kumataka_Mountain_Hawk_Eagle/AAS1_kumataka-IMGr9466-2017-1343-393-222.JPG,3,Kumataka
tool_bird_class_train/Kumataka_Mountain_Hawk_Eagle/AAS1_kumataka-IMGr9468-2216-1634-531-573.JPG,3,Kumataka
tool_bird_class_train/Kumataka_Mountain_Hawk_Eagle/AAS1_kumataka-IMGr9480-2630-1840-97-89.JPG,3,Kumataka
tool_bird_class_train/Kumataka_Mountain_Hawk_Eagle/AAS1_kumataka-IMGr9481-2304-1776-100-51.JPG,3,Kumataka
tool_bird_class_train/Kumataka_Mountain_Hawk_Eagle/AAS1_kumataka-IMGr9485-2621-1848-157-83.JPG,3,Kumataka
tool_bird_class_train/Kumataka_Mountain_Hawk_Eagle/AAS1_kumataka-IMGr9486-2428-1638-113-60.JPG,3,Kumataka
tool_bird_class_train/Kumataka_Mountain_Hawk_Eagle/AAS1_kumataka-IMGr9488-2345-1881-121-71.JPG,3,Kumataka
tool_bird_class_train/Kumataka_Mountain_Hawk_Eagle/AAS1_kumataka-IMGr9489-2522-1443-151-115.JPG,3,Kumataka
tool_bird_class_train/Kumataka_Mountain_Hawk_Eagle/AAS1_kumataka-IMGr9490-2760-1744-215-88.JPG,3,Kumataka
tool_bird_class_train/Kumataka_Mountain_Hawk_Eagle/AAS1_kumataka-IMGr9492-2419-1577-145-120.JPG,3,Kumataka
tool_bird_class_train/Kumataka_Mountain_Hawk_Eagle/AAS1_kumataka-IMGr9683-2475-1916-49-56.JPG,3,Kumataka
tool_bird_class_train/Kumataka_Mountain_Hawk_Eagle/AAS1_kumataka-IMGr9684-2558-2110-69-70.JPG,3,Kumataka
tool_bird_class_train/Kumataka_Mountain_Hawk_Eagle/AAS1_kumataka-IMGr9687-2533-1700-61-47.JPG,3,Kumataka
tool_bird_class_train/Kumataka_Mountain_Hawk_Eagle/AAS1_kumataka-IMGr9702-2403-2003-181-161.JPG,3,Kumataka
tool_bird_class_train/Kumataka_Mountain_Hawk_Eagle/AAS1_kumataka-IMGr9703-2538-1693-258-348.JPG,3,Kumataka
tool_bird_class_train/Kumataka_Mountain_Hawk_Eagle/AAS1_kumataka-IMGr9704-2564-1433-244-360.JPG,3,Kumataka
tool_bird_class_train/Kumataka_Mountain_Hawk_Eagle/AAS1_kumataka-IMGr9705-2611-1782-239-361.JPG,3,Kumataka
tool_bird_class_train/Kumataka_Mountain_Hawk_Eagle/AAS1_kumataka-IMGr9706-2336-1490-225-354.JPG,3,Kumataka
tool_bird_class_train/Kumataka_Mountain_Hawk_Eagle/AAS1_kumataka-IMGr9708-2484-1577-271-357.JPG,3,Kumataka
tool_bird_class_train/Kumataka_Mountain_Hawk_Eagle/AAS1_kumataka-IMGr9711-1990-1517-235-342.JPG,3,Kumataka
tool_bird_class_train/Kumataka_Mountain_Hawk_Eagle/AAS1_kumataka-IMGr9712-2041-1674-231-332.JPG,3,Kumataka
tool_bird_class_train/Kumataka_Mountain_Hawk_Eagle/AAS1_kumataka-IMGr9713-2391-1424-231-319.JPG,3,Kumataka
tool_bird_class_train/Kumataka_Mountain_Hawk_Eagle/AAS1_kumataka-IMGr9714-2381-1536-183-188.JPG,3,Kumataka
tool_bird_class_train/Kumataka_Mountain_Hawk_Eagle/AAS1_kumataka-IMGr9715-2554-1459-167-190.JPG,3,Kumataka
tool_bird_class_train/Kumataka_Mountain_Hawk_Eagle/AAS1_kumataka-IMGr9716-2174-1462-159-196.JPG,3,Kumataka
tool_bird_class_train/Kumataka_Mountain_Hawk_Eagle/AAS1_kumataka-IMGr9718-2701-1855-165-211.JPG,3,Kumataka
tool_bird_class_train/Kumataka_Mountain_Hawk_Eagle/AAS1_kumataka-IMGr9719-2790-2058-111-108.JPG,3,Kumataka
tool_bird_class_train/Kumataka_Mountain_Hawk_Eagle/AAS1_kumataka-IMGr9720-2445-1411-139-168.JPG,3,Kumataka
tool_bird_class_train/Kumataka_Mountain_Hawk_Eagle/AAS1_kumataka-IMGr9721-2477-1308-135-174.JPG,3,Kumataka
tool_bird_class_train/Kumataka_Mountain_Hawk_Eagle/AAS1_kumataka-IMGr9722-2493-1510-135-171.JPG,3,Kumataka
tool_bird_class_train/Kumataka_Mountain_Hawk_Eagle/AAS1_kumataka-IMGr9723-2442-1382-126-178.JPG,3,Kumataka
tool_bird_class_train/Kumataka_Mountain_Hawk_Eagle/AAS1_kumataka-IMGr9724-2811-1884-111-160.JPG,3,Kumataka
tool_bird_class_train/Kumataka_Mountain_Hawk_Eagle/AAS1_kumataka-IMGr9726-2396-1711-134-149.JPG,3,Kumataka
tool_bird_class_train/Kumataka_Mountain_Hawk_Eagle/AAS1_kumataka-IMGr9732-2578-1156-107-155.JPG,3,Kumataka
tool_bird_class_train/Kumataka_Mountain_Hawk_Eagle/AAS1_kumataka-IMGr9733-2684-1305-127-166.JPG,3,Kumataka
tool_bird_class_train/Kumataka_Mountain_Hawk_Eagle/AAS1_kumataka-IMGr9767-2397-1526-113-75.JPG,3,Kumataka
tool_bird_class_train/Kumataka_Mountain_Hawk_Eagle/AAS1_kumataka-IMGr9771-2349-1536-110-107.JPG,3,Kumataka
tool_bird_class_train/Kumataka_Mountain_Hawk_Eagle/AAS1_kumataka-IMGr9772-2383-1530-89-108.JPG,3,Kumataka
tool_bird_class_train/Kumataka_Mountain_Hawk_Eagle/AAS1_kumataka-IMGr9773-2423-1430-116-91.JPG,3,Kumataka
tool_bird_class_train/Kumataka_Mountain_Hawk_Eagle/AAS1_kumataka-IMGr9774-2506-1546-106-101.JPG,3,Kumataka
tool_bird_class_train/Kumataka_Mountain_Hawk_Eagle/AAS1_kumataka-IMGr9776-2608-1475-97-110.JPG,3,Kumataka
tool_bird_class_train/Kumataka_Mountain_Hawk_Eagle/AAS1_kumataka-IMGr9777-2426-1562-103-94.JPG,3,Kumataka
tool_bird_class_train/Kumataka_Mountain_Hawk_Eagle/AAS1_kumataka-IMGr9781-2557-1747-87-94.JPG,3,Kumataka
tool_bird_class_train/Kumataka_Mountain_Hawk_Eagle/AAS1_kumataka-IMGr9782-2426-1523-89-84.JPG,3,Kumataka
tool_bird_class_train/Kumataka_Mountain_Hawk_Eagle/AAS1_kumataka-IMGr9785-2528-1475-71-104.JPG,3,Kumataka
tool_bird_class_train/Kumataka_Mountain_Hawk_Eagle/AAS1_kumataka-IMGr9787-2295-1824-231-297.JPG,3,Kumataka
tool_bird_class_train/Kumataka_Mountain_Hawk_Eagle/AAS1_kumataka-IMGr9788-2816-1502-249-258.JPG,3,Kumataka
tool_bird_class_train/Kumataka_Mountain_Hawk_Eagle/AAS1_kumataka-IMGr9789-2777-1445-232-261.JPG,3,Kumataka
tool_bird_class_train/Kumataka_Mountain_Hawk_Eagle/AAS1_kumataka-IMGr9790-2379-1506-279-251.JPG,3,Kumataka
tool_bird_class_train/Kumataka_Mountain_Hawk_Eagle/AAS1_kumataka-IMGr9791-2432-1526-270-251.JPG,3,Kumataka
tool_bird_class_train/Kumataka_Mountain_Hawk_Eagle/AAS1_kumataka-IMGr9793-2477-1813-276-265.JPG,3,Kumataka
tool_bird_class_train/Kumataka_Mountain_Hawk_Eagle/AAS1_kumataka-IMGr9794-2371-1818-270-261.JPG,3,Kumataka
tool_bird_class_train/Kumataka_Mountain_Hawk_Eagle/AAS1_kumataka-IMGr9796-2434-1694-259-250.JPG,3,Kumataka
tool_bird_class_train/Kumataka_Mountain_Hawk_Eagle/AAS1_kumataka-IMGr9797-2632-1438-251-254.JPG,3,Kumataka
tool_bird_class_train/Kumataka_Mountain_Hawk_Eagle/AAS1_kumataka-IMGr9798-2409-1693-265-262.JPG,3,Kumataka
tool_bird_class_train/Kumataka_Mountain_Hawk_Eagle/AAS1_kumataka-IMGr9799-2154-2000-292-291.JPG,3,Kumataka
tool_bird_class_train/Kumataka_Mountain_Hawk_Eagle/AAS1_kumataka-IMGr9801-2098-1627-295-297.JPG,3,Kumataka
tool_bird_class_train/Kumataka_Mountain_Hawk_Eagle/AAS1_kumataka-IMGr9802-2678-1762-287-288.JPG,3,Kumataka
tool_bird_class_train/Kumataka_Mountain_Hawk_Eagle/AAS1_kumataka-IMGr9803-2688-1474-277-307.JPG,3,Kumataka
tool_bird_class_train/Kumataka_Mountain_Hawk_Eagle/AAS1_kumataka-IMGr9804-2744-913-303-329.JPG,3,Kumataka
tool_bird_class_train/Kumataka_Mountain_Hawk_Eagle/AAS1_kumataka-IMGr9918-2931-1504-306-139.JPG,3,Kumataka
tool_bird_class_train/Kumataka_Mountain_Hawk_Eagle/AAS1_kumataka-IMGr9919-2618-1629-151-306.JPG,3,Kumataka
tool_bird_class_train/Kumataka_Mountain_Hawk_Eagle/AAS1_kumataka-IMGr9920-2355-1734-158-300.JPG,3,Kumataka
tool_bird_class_train/Kumataka_Mountain_Hawk_Eagle/AAS1_kumataka-IMGr9921-2640-1910-154-259.JPG,3,Kumataka
tool_bird_class_train/Kumataka_Mountain_Hawk_Eagle/AAS1_kumataka-IMGr9923-2704-1744-202-94.JPG,3,Kumataka
tool_bird_class_train/Kumataka_Mountain_Hawk_Eagle/AAS1_kumataka-IMGr9924-2678-1732-318-94.JPG,3,Kumataka
tool_bird_class_train/Kumataka_Mountain_Hawk_Eagle/AAS1_kumataka-IMGr9925-2141-1470-334-101.JPG,3,Kumataka
tool_bird_class_train/Kumataka_Mountain_Hawk_Eagle/AAS1_kumataka-IMGr9926-2744-1732-172-77.JPG,3,Kumataka
tool_bird_class_train/Kumataka_Mountain_Hawk_Eagle/AAS1_kumataka-IMGr9927-2855-2003-187-57.JPG,3,Kumataka
tool_bird_class_train/Kumataka_Mountain_Hawk_Eagle/AAS1_kumataka-IMGr9928-2633-1824-191-98.JPG,3,Kumataka
tool_bird_class_train/Kumataka_Mountain_Hawk_Eagle/AAS1_kumataka-IMGr9929-2697-1982-197-82.JPG,3,Kumataka
tool_bird_class_train/Kumataka_Mountain_Hawk_Eagle/AAS1_kumataka-IMGr9930-3059-1731-205-96.JPG,3,Kumataka
tool_bird_class_train/Kumataka_Mountain_Hawk_Eagle/AAS1_kumataka-r083A5126-351-302-272-78.JPG,3,Kumataka
tool_bird_class_train/Kumataka_Mountain_Hawk_Eagle/AAS1_kumataka-r083A5132-372-267-139-103.JPG,3,Kumataka
tool_bird_class_train/Kumataka_Mountain_Hawk_Eagle/AAS1_kumataka-rrrrr083A1741-683-379-188-200.JPG,3,Kumataka
tool_bird_class_train/Kumataka_Mountain_Hawk_Eagle/AAS1_ojirowashi-7D2M2813-2535-1603-299-178.JPG,3,Kumataka
tool_bird_class_train/Kumataka_Mountain_Hawk_Eagle/ext_inat_20260504/inat_104702854_97948d4f.jpg,3,Kumataka
tool_bird_class_train/Kumataka_Mountain_Hawk_Eagle/ext_inat_20260504/inat_112213513_f42b43d5.jpg,3,Kumataka
tool_bird_class_train/Kumataka_Mountain_Hawk_Eagle/ext_inat_20260504/inat_172551461_cf6ef71e.jpg,3,Kumataka
tool_bird_class_train/Kumataka_Mountain_Hawk_Eagle/ext_inat_20260504/inat_173063703_722b71fb.jpg,3,Kumataka
tool_bird_class_train/Kumataka_Mountain_Hawk_Eagle/ext_inat_20260504/inat_174790900_f49cb702.jpg,3,Kumataka
tool_bird_class_train/Kumataka_Mountain_Hawk_Eagle/ext_inat_20260504/inat_177456032_f304327d.jpg,3,Kumataka
tool_bird_class_train/Kumataka_Mountain_Hawk_Eagle/ext_inat_20260504/inat_177456674_999473cf.jpg,3,Kumataka
tool_bird_class_train/Kumataka_Mountain_Hawk_Eagle/ext_inat_20260504/inat_178904180_f5414493.jpg,3,Kumataka
tool_bird_class_train/Kumataka_Mountain_Hawk_Eagle/ext_inat_20260504/inat_184302718_3aa704b9.jpg,3,Kumataka
tool_bird_class_train/Kumataka_Mountain_Hawk_Eagle/ext_inat_20260504/inat_185040844_069e67f9.jpg,3,Kumataka
tool_bird_class_train/Kumataka_Mountain_Hawk_Eagle/ext_inat_20260504/inat_185821987_970ebc96.jpg,3,Kumataka
tool_bird_class_train/Kumataka_Mountain_Hawk_Eagle/ext_inat_20260504/inat_185822003_8843ef71.jpg,3,Kumataka
tool_bird_class_train/Kumataka_Mountain_Hawk_Eagle/ext_inat_20260504/inat_196671605_7a207b46.jpg,3,Kumataka
tool_bird_class_train/Kumataka_Mountain_Hawk_Eagle/ext_inat_20260504/inat_217896731_1265b327.jpg,3,Kumataka
tool_bird_class_train/Kumataka_Mountain_Hawk_Eagle/ext_inat_20260504/inat_251685382_22db530f.png,3,Kumataka
tool_bird_class_train/Kumataka_Mountain_Hawk_Eagle/ext_inat_20260504/inat_251758779_b7947d32.jpg,3,Kumataka
tool_bird_class_train/Kumataka_Mountain_Hawk_Eagle/ext_inat_20260504/inat_264826269_33f0280f.jpg,3,Kumataka
tool_bird_class_train/Kumataka_Mountain_Hawk_Eagle/ext_inat_20260504/inat_345451063_d51288fe.jpg,3,Kumataka
tool_bird_class_train/Kumataka_Mountain_Hawk_Eagle/ext_inat_20260504/inat_365202685_95befb39.jpg,3,Kumataka
tool_bird_class_train/Kumataka_Mountain_Hawk_Eagle/ext_inat_20260504/inat_365336556_c1c81498.jpg,3,Kumataka
tool_bird_class_train/Kumataka_Mountain_Hawk_Eagle/ext_inat_20260504/inat_369827042_74e1de1f.jpg,3,Kumataka
tool_bird_class_train/Kumataka_Mountain_Hawk_Eagle/ext_inat_20260504/inat_372648704_b84efe4c.jpg,3,Kumataka
tool_bird_class_train/Kumataka_Mountain_Hawk_Eagle/ext_inat_20260504/inat_378481189_09f66902.png,3,Kumataka
tool_bird_class_train/Kumataka_Mountain_Hawk_Eagle/ext_inat_20260504/inat_440066308_76ff004e.jpg,3,Kumataka
tool_bird_class_train/Kumataka_Mountain_Hawk_Eagle/ext_inat_20260504/inat_440066482_8bb60497.jpg,3,Kumataka
tool_bird_class_train/Kumataka_Mountain_Hawk_Eagle/ext_inat_20260504/inat_446211891_a5309d37.jpg,3,Kumataka
tool_bird_class_train/Kumataka_Mountain_Hawk_Eagle/ext_inat_20260504/inat_455283141_c958e557.jpg,3,Kumataka
tool_bird_class_train/Kumataka_Mountain_Hawk_Eagle/ext_inat_20260504/inat_489188152_104885c3.jpg,3,Kumataka
tool_bird_class_train/Kumataka_Mountain_Hawk_Eagle/ext_inat_20260504/inat_516972169_37f30fa1.jpg,3,Kumataka
tool_bird_class_train/Kumataka_Mountain_Hawk_Eagle/ext_inat_20260504/inat_519131115_91f68ede.jpg,3,Kumataka
tool_bird_class_train/Kumataka_Mountain_Hawk_Eagle/ext_inat_20260504/inat_53104094_bb08885d.jpg,3,Kumataka
tool_bird_class_train/Kumataka_Mountain_Hawk_Eagle/ext_inat_20260504/inat_546696173_ccfe1ab8.jpg,3,Kumataka
tool_bird_class_train/Kumataka_Mountain_Hawk_Eagle/ext_inat_20260504/inat_555876162_d175d439.jpg,3,Kumataka
tool_bird_class_train/Kumataka_Mountain_Hawk_Eagle/ext_inat_20260504/inat_56580755_31badff9.jpg,3,Kumataka
tool_bird_class_train/Kumataka_Mountain_Hawk_Eagle/ext_inat_20260504/inat_572628435_3b0a4f1b.jpg,3,Kumataka
tool_bird_class_train/Kumataka_Mountain_Hawk_Eagle/ext_inat_20260504/inat_585538809_e4583ddb.jpg,3,Kumataka
tool_bird_class_train/Kumataka_Mountain_Hawk_Eagle/ext_inat_20260504/inat_586913985_52c91094.jpg,3,Kumataka
tool_bird_class_train/Kumataka_Mountain_Hawk_Eagle/ext_inat_20260504/inat_591852433_cd2d65db.jpg,3,Kumataka
tool_bird_class_train/Kumataka_Mountain_Hawk_Eagle/ext_inat_20260504/inat_600785277_9a2bee14.jpg,3,Kumataka
tool_bird_class_train/Kumataka_Mountain_Hawk_Eagle/ext_inat_20260504/inat_616555050_9c2e8ec4.jpg,3,Kumataka
tool_bird_class_train/Kumataka_Mountain_Hawk_Eagle/ext_inat_20260504/inat_617114619_180f45ad.jpg,3,Kumataka
tool_bird_class_train/Kumataka_Mountain_Hawk_Eagle/ext_inat_20260504/inat_618381381_40ca3bd9.jpg,3,Kumataka
tool_bird_class_train/Kumataka_Mountain_Hawk_Eagle/ext_inat_20260504/inat_633629921_43e234f8.jpg,3,Kumataka
tool_bird_class_train/Kumataka_Mountain_Hawk_Eagle/ext_inat_20260504/inat_638228238_7ea5e77c.jpg,3,Kumataka
tool_bird_class_train/Kumataka_Mountain_Hawk_Eagle/ext_inat_20260504/inat_70458677_d5422b10.jpg,3,Kumataka
tool_bird_class_train/Kumataka_Mountain_Hawk_Eagle/ext_inat_20260504/inat_73151118_36195b32.jpg,3,Kumataka
tool_bird_class_train/Kumataka_Mountain_Hawk_Eagle/ext_wikimedia_20260504/wm_08162179be28.jpg,3,Kumataka
tool_bird_class_train/Kumataka_Mountain_Hawk_Eagle/ext_wikimedia_20260504/wm_1be77fc53120.jpg,3,Kumataka
tool_bird_class_train/Kumataka_Mountain_Hawk_Eagle/ext_wikimedia_20260504/wm_280dab3509ca.jpg,3,Kumataka
tool_bird_class_train/Kumataka_Mountain_Hawk_Eagle/ext_wikimedia_20260504/wm_2b6a8f0b2864.jpg,3,Kumataka
tool_bird_class_train/Kumataka_Mountain_Hawk_Eagle/ext_wikimedia_20260504/wm_3eeb8430da72.jpg,3,Kumataka
tool_bird_class_train/Kumataka_Mountain_Hawk_Eagle/ext_wikimedia_20260504/wm_46cd79f83925.jpg,3,Kumataka
tool_bird_class_train/Kumataka_Mountain_Hawk_Eagle/ext_wikimedia_20260504/wm_51951bc60cba.jpg,3,Kumataka
tool_bird_class_train/Kumataka_Mountain_Hawk_Eagle/ext_wikimedia_20260504/wm_5f5b3734eaea.png,3,Kumataka
tool_bird_class_train/Kumataka_Mountain_Hawk_Eagle/ext_wikimedia_20260504/wm_5fff51932f1a.jpg,3,Kumataka
tool_bird_class_train/Kumataka_Mountain_Hawk_Eagle/ext_wikimedia_20260504/wm_7122b4517adb.jpg,3,Kumataka
tool_bird_class_train/Kumataka_Mountain_Hawk_Eagle/ext_wikimedia_20260504/wm_731f2f554204.png,3,Kumataka
tool_bird_class_train/Kumataka_Mountain_Hawk_Eagle/ext_wikimedia_20260504/wm_77a8bdf2e58a.png,3,Kumataka
tool_bird_class_train/Kumataka_Mountain_Hawk_Eagle/ext_wikimedia_20260504/wm_80b4582b5ecd.jpg,3,Kumataka
tool_bird_class_train/Kumataka_Mountain_Hawk_Eagle/ext_wikimedia_20260504/wm_8a3a55c428fc.jpg,3,Kumataka
tool_bird_class_train/Kumataka_Mountain_Hawk_Eagle/ext_wikimedia_20260504/wm_8dd8a6f3cb38.jpg,3,Kumataka
tool_bird_class_train/Kumataka_Mountain_Hawk_Eagle/ext_wikimedia_20260504/wm_8fbfcb1784cb.jpg,3,Kumataka
tool_bird_class_train/Kumataka_Mountain_Hawk_Eagle/ext_wikimedia_20260504/wm_9008fbc1bb9e.jpg,3,Kumataka
tool_bird_class_train/Kumataka_Mountain_Hawk_Eagle/ext_wikimedia_20260504/wm_d78a962dc9d5.jpg,3,Kumataka
tool_bird_class_train/Kumataka_Mountain_Hawk_Eagle/ext_wikimedia_20260504/wm_e17d0a7773a6.jpg,3,Kumataka
tool_bird_class_train/Kumataka_Mountain_Hawk_Eagle/ext_wikimedia_20260504/wm_e884e4fd1433.png,3,Kumataka
tool_bird_class_train/Kumataka_Mountain_Hawk_Eagle/frame_001700_bb00_t0056.72_conf0.986.jpg,3,Kumataka
tool_bird_class_train/Kumataka_Mountain_Hawk_Eagle/frame_001710_bb00_t0057.06_conf0.995.jpg,3,Kumataka
tool_bird_class_train/Kumataka_Mountain_Hawk_Eagle/frame_001720_bb00_t0057.39_conf0.982.jpg,3,Kumataka
tool_bird_class_train/Kumataka_Mountain_Hawk_Eagle/frame_001730_bb00_t0057.72_conf0.987.jpg,3,Kumataka
tool_bird_class_train/Kumataka_Mountain_Hawk_Eagle/frame_001740_bb00_t0058.06_conf0.987.jpg,3,Kumataka
tool_bird_class_train/Kumataka_Mountain_Hawk_Eagle/frame_001750_bb00_t0058.39_conf0.990.jpg,3,Kumataka
tool_bird_class_train/Kumataka_Mountain_Hawk_Eagle/frame_001760_bb00_t0058.73_conf0.989.jpg,3,Kumataka
tool_bird_class_train/Kumataka_Mountain_Hawk_Eagle/frame_001770_bb00_t0059.06_conf0.986.jpg,3,Kumataka
tool_bird_class_train/Kumataka_Mountain_Hawk_Eagle/frame_001780_bb00_t0059.39_conf0.981.jpg,3,Kumataka
tool_bird_class_train/Kumataka_Mountain_Hawk_Eagle/frame_001790_bb00_t0059.73_conf0.981.jpg,3,Kumataka
tool_bird_class_train/Kumataka_Mountain_Hawk_Eagle/frame_001800_bb00_t0060.06_conf0.982.jpg,3,Kumataka
tool_bird_class_train/Kumataka_Mountain_Hawk_Eagle/frame_001810_bb00_t0060.39_conf0.986.jpg,3,Kumataka
tool_bird_class_train/Kumataka_Mountain_Hawk_Eagle/frame_001820_bb00_t0060.73_conf0.990.jpg,3,Kumataka
tool_bird_class_train/Kumataka_Mountain_Hawk_Eagle/frame_001830_bb00_t0061.06_conf0.994.jpg,3,Kumataka
tool_bird_class_train/Kumataka_Mountain_Hawk_Eagle/frame_001840_bb00_t0061.39_conf0.992.jpg,3,Kumataka
tool_bird_class_train/Kumataka_Mountain_Hawk_Eagle/frame_001850_bb00_t0061.73_conf0.992.jpg,3,Kumataka
tool_bird_class_train/Kumataka_Mountain_Hawk_Eagle/frame_001870_bb00_t0062.40_conf0.974.jpg,3,Kumataka
tool_bird_class_train/Kumataka_Mountain_Hawk_Eagle/frame_002040_bb00_t0068.07_conf0.995.jpg,3,Kumataka
tool_bird_class_train/Kumataka_Mountain_Hawk_Eagle/frame_002050_bb00_t0068.40_conf0.994.jpg,3,Kumataka
tool_bird_class_train/Kumataka_Mountain_Hawk_Eagle/frame_002060_bb00_t0068.74_conf0.990.jpg,3,Kumataka
tool_bird_class_train/Kumataka_Mountain_Hawk_Eagle/frame_002070_bb00_t0069.07_conf0.960.jpg,3,Kumataka
tool_bird_class_train/Kumataka_Mountain_Hawk_Eagle/frame_002710_bb00_t0090.42_conf0.998.jpg,3,Kumataka
tool_bird_class_train/Kumataka_Mountain_Hawk_Eagle/frame_002720_bb00_t0090.76_conf0.997.jpg,3,Kumataka
tool_bird_class_train/Kumataka_Mountain_Hawk_Eagle/frame_002730_bb00_t0091.09_conf1.000.jpg,3,Kumataka
tool_bird_class_train/Kumataka_Mountain_Hawk_Eagle/v4_gt/331229112.jpg,3,Kumataka
tool_bird_class_train/Kumataka_Mountain_Hawk_Eagle/v4_gt/338983439.jpg,3,Kumataka
tool_bird_class_train/Kumataka_Mountain_Hawk_Eagle/v4_gt/338983452.jpg,3,Kumataka
tool_bird_class_train/Kumataka_Mountain_Hawk_Eagle/v4_gt/339438448.jpg,3,Kumataka
tool_bird_class_train/Kumataka_Mountain_Hawk_Eagle/v4_gt/339582913.jpg,3,Kumataka
tool_bird_class_train/Kumataka_Mountain_Hawk_Eagle/v4_gt/344606226.jpg,3,Kumataka
tool_bird_class_train/Kumataka_Mountain_Hawk_Eagle/v4_gt/347508312.jpg,3,Kumataka
tool_bird_class_train/Kumataka_Mountain_Hawk_Eagle/v4_gt/348245284.jpg,3,Kumataka
tool_bird_class_train/Kumataka_Mountain_Hawk_Eagle/v4_gt/349845865.jpg,3,Kumataka
tool_bird_class_train/Kumataka_Mountain_Hawk_Eagle/v5_train_v5_inat/196744690.jpg,3,Kumataka
tool_bird_class_train/Kumataka_Mountain_Hawk_Eagle/v5_train_v5_inat/206488975.jpg,3,Kumataka
tool_bird_class_train/Kumataka_Mountain_Hawk_Eagle/v5_train_v5_inat/206592840.jpg,3,Kumataka
tool_bird_class_train/Kumataka_Mountain_Hawk_Eagle/v5_train_v5_inat/208989491.jpg,3,Kumataka
tool_bird_class_train/Kumataka_Mountain_Hawk_Eagle/v5_train_v5_inat/218357090.jpg,3,Kumataka
tool_bird_class_train/Kumataka_Mountain_Hawk_Eagle/v5_train_v5_inat/249587715.jpg,3,Kumataka
tool_bird_class_train/Kumataka_Mountain_Hawk_Eagle/v5_train_v5_inat/254207439.jpg,3,Kumataka
tool_bird_class_train/Kumataka_Mountain_Hawk_Eagle/v5_train_v5_inat/255868473.jpg,3,Kumataka
tool_bird_class_train/Kumataka_Mountain_Hawk_Eagle/v5_train_v5_inat/271927834.jpg,3,Kumataka
tool_bird_class_train/Kumataka_Mountain_Hawk_Eagle/v5_train_v5_inat/303071650.jpg,3,Kumataka
tool_bird_class_train/Kumataka_Mountain_Hawk_Eagle/v5_train_v5_inat/303326621.jpg,3,Kumataka
tool_bird_class_train/Kumataka_Mountain_Hawk_Eagle/v5_train_v5_inat/308129618.jpg,3,Kumataka
tool_bird_class_train/Kumataka_Mountain_Hawk_Eagle/v5_train_v5_inat/308129620.jpg,3,Kumataka
tool_bird_class_train/Kumataka_Mountain_Hawk_Eagle/v5_train_v5_inat/323591833.jpg,3,Kumataka
tool_bird_class_train/Kumataka_Mountain_Hawk_Eagle/v5_train_v5_inat/324285654.jpg,3,Kumataka
tool_bird_class_train/Ojirowashi_White_Tailed_Eagle/AAS1_ojirowashi-7D2M2789-1180-1276-1897-1204.JPG,1,Ojirowashi
tool_bird_class_train/Ojirowashi_White_Tailed_Eagle/AAS1_ojirowashi-7D2M2793-2963-1613-242-133.JPG,1,Ojirowashi
tool_bird_class_train/Ojirowashi_White_Tailed_Eagle/AAS1_ojirowashi-7D2M2796-2213-1187-1402-1674.JPG,1,Ojirowashi
tool_bird_class_train/Ojirowashi_White_Tailed_Eagle/AAS1_ojirowashi-7D2M2803-2352-1651-375-325.JPG,1,Ojirowashi
tool_bird_class_train/Ojirowashi_White_Tailed_Eagle/AAS1_ojirowashi-7D2M2806-2447-1849-289-335.JPG,1,Ojirowashi
tool_bird_class_train/Ojirowashi_White_Tailed_Eagle/AAS1_ojirowashi-7D2M2809-2567-1628-305-441.JPG,1,Ojirowashi
tool_bird_class_train/Ojirowashi_White_Tailed_Eagle/AAS1_ojirowashi-7D2M2823-2387-1485-311-616.JPG,1,Ojirowashi
tool_bird_class_train/Ojirowashi_White_Tailed_Eagle/AAS1_ojirowashi-7D2M2832-2480-1465-395-717.JPG,1,Ojirowashi
tool_bird_class_train/Ojirowashi_White_Tailed_Eagle/AAS1_ojirowashi-7D2M2838-2255-1574-501-578.JPG,1,Ojirowashi
tool_bird_class_train/Ojirowashi_White_Tailed_Eagle/AAS1_ojirowashi-7D2M2840-2544-1360-350-690.JPG,1,Ojirowashi
tool_bird_class_train/Ojirowashi_White_Tailed_Eagle/AAS1_ojirowashi-7D2M2843-1833-2905-321-175.JPG,1,Ojirowashi
tool_bird_class_train/Ojirowashi_White_Tailed_Eagle/AAS1_ojirowashi-7D2M2850-2449-1476-593-269.JPG,1,Ojirowashi
tool_bird_class_train/Ojirowashi_White_Tailed_Eagle/AAS1_ojirowashi-7D2M2856-2508-1610-745-318.JPG,1,Ojirowashi
tool_bird_class_train/Ojirowashi_White_Tailed_Eagle/AAS1_ojirowashi-7D2M2859-1-534-652-564-560.JPG,1,Ojirowashi
tool_bird_class_train/Ojirowashi_White_Tailed_Eagle/AAS1_ojirowashi-7D2M2865r-1743-1430-1642-1165.JPG,1,Ojirowashi
tool_bird_class_train/Ojirowashi_White_Tailed_Eagle/AAS1_ojirowashi-7D2M2866-2355-2016-311-691.JPG,1,Ojirowashi
tool_bird_class_train/Ojirowashi_White_Tailed_Eagle/AAS1_ojirowashi-7D2M2889-2169-1363-321-735.JPG,1,Ojirowashi
tool_bird_class_train/Ojirowashi_White_Tailed_Eagle/AAS1_ojirowashi-7D2M2896-2294-1062-295-636.JPG,1,Ojirowashi
tool_bird_class_train/Ojirowashi_White_Tailed_Eagle/AAS1_ojirowashi-7D2M2899-1814-802-552-190.JPG,1,Ojirowashi
tool_bird_class_train/Ojirowashi_White_Tailed_Eagle/AAS1_ojirowashi-7D2M2904-1-583-338-243-567.JPG,1,Ojirowashi
tool_bird_class_train/Ojirowashi_White_Tailed_Eagle/AAS1_ojirowashi-7D2M2922-2137-1338-1128-2013.JPG,1,Ojirowashi
tool_bird_class_train/Ojirowashi_White_Tailed_Eagle/AAS1_ojirowashi-7D2M2924-2205-1846-821-345.JPG,1,Ojirowashi
tool_bird_class_train/Ojirowashi_White_Tailed_Eagle/AAS1_ojirowashi-7D2M2929-2518-1779-851-371.JPG,1,Ojirowashi
tool_bird_class_train/Ojirowashi_White_Tailed_Eagle/AAS1_ojirowashi-7D2M2931-2251-1753-847-343.JPG,1,Ojirowashi
tool_bird_class_train/Ojirowashi_White_Tailed_Eagle/AAS1_ojirowashi-7D2M2942-1868-1424-795-312.JPG,1,Ojirowashi
tool_bird_class_train/Ojirowashi_White_Tailed_Eagle/AAS1_ojirowashi-7D2M2984-2192-1958-395-252.JPG,1,Ojirowashi
tool_bird_class_train/Ojirowashi_White_Tailed_Eagle/AAS1_ojirowashi-7D2M2986-2102-1929-484-137.JPG,1,Ojirowashi
tool_bird_class_train/Ojirowashi_White_Tailed_Eagle/AAS1_ojirowashi-7D2M2989-2784-1501-380-145.JPG,1,Ojirowashi
tool_bird_class_train/Ojirowashi_White_Tailed_Eagle/AAS1_ojirowashi-7D2M2997-2285-1613-363-296.JPG,1,Ojirowashi
tool_bird_class_train/Ojirowashi_White_Tailed_Eagle/AAS1_ojirowashi-7D2M3016-2688-1692-144-184.JPG,1,Ojirowashi
tool_bird_class_train/Ojirowashi_White_Tailed_Eagle/AAS1_ojirowashi-7D2M3192-2976-1096-255-391.JPG,1,Ojirowashi
tool_bird_class_train/Ojirowashi_White_Tailed_Eagle/AAS1_ojirowashi-7D2M3193-3044-1843-245-499.JPG,1,Ojirowashi
tool_bird_class_train/Ojirowashi_White_Tailed_Eagle/AAS1_ojirowashi-7D2M3212-1-398-143-258-578.JPG,1,Ojirowashi
tool_bird_class_train/Ojirowashi_White_Tailed_Eagle/AAS1_ojirowashi-7D2M3212-2794-1634-264-582.JPG,1,Ojirowashi
tool_bird_class_train/Ojirowashi_White_Tailed_Eagle/AAS1_ojirowashi-7D2M3223-2932-1730-229-136.JPG,1,Ojirowashi
tool_bird_class_train/Ojirowashi_White_Tailed_Eagle/AAS1_ojirowashi-7D2M3245-2955-1568-56-67.JPG,1,Ojirowashi
tool_bird_class_train/Ojirowashi_White_Tailed_Eagle/AAS1_ojirowashi-7D2M3257-2842-1814-85-82.JPG,1,Ojirowashi
tool_bird_class_train/Ojirowashi_White_Tailed_Eagle/AAS1_ojirowashi-7D2M3312-2902-1731-82-123.JPG,1,Ojirowashi
tool_bird_class_train/Ojirowashi_White_Tailed_Eagle/AAS1_ojirowashi-7D2M3338-2698-1754-161-110.JPG,1,Ojirowashi
tool_bird_class_train/Ojirowashi_White_Tailed_Eagle/AAS1_ojirowashi-7D2M3357-2603-1752-163-113.JPG,1,Ojirowashi
tool_bird_class_train/Ojirowashi_White_Tailed_Eagle/AAS1_ojirowashi-7D2M3378-2554-1744-177-203.JPG,1,Ojirowashi
tool_bird_class_train/Ojirowashi_White_Tailed_Eagle/AAS1_ojirowashi-7D2M3381-2051-1693-183-226.JPG,1,Ojirowashi
tool_bird_class_train/Ojirowashi_White_Tailed_Eagle/AAS1_ojirowashi-7D2M3387-2419-1824-181-219.JPG,1,Ojirowashi
tool_bird_class_train/Ojirowashi_White_Tailed_Eagle/AAS1_ojirowashi-7D2M3398-2602-1815-375-123.JPG,1,Ojirowashi
tool_bird_class_train/Ojirowashi_White_Tailed_Eagle/AAS1_ojirowashi-7D2M3403-2339-1645-398-97.JPG,1,Ojirowashi
tool_bird_class_train/Ojirowashi_White_Tailed_Eagle/AAS1_ojirowashi-7D2M3410-2893-1744-293-94.JPG,1,Ojirowashi
tool_bird_class_train/Ojirowashi_White_Tailed_Eagle/AAS1_ojirowashi-7D2M3443-1-906-611-267-133.JPG,1,Ojirowashi
tool_bird_class_train/Ojirowashi_White_Tailed_Eagle/AAS1_ojirowashi-7D2M3443-2600-1726-272-145.JPG,1,Ojirowashi
tool_bird_class_train/Ojirowashi_White_Tailed_Eagle/AAS1_ojirowashi-7D2M3444-2557-1622-405-242.JPG,1,Ojirowashi
tool_bird_class_train/Ojirowashi_White_Tailed_Eagle/AAS1_ojirowashi-7D2M3448-2517-1653-486-82.JPG,1,Ojirowashi
tool_bird_class_train/Ojirowashi_White_Tailed_Eagle/AAS1_ojirowashi-7D2M3450-2639-1762-484-98.JPG,1,Ojirowashi
tool_bird_class_train/Ojirowashi_White_Tailed_Eagle/AAS1_ojirowashi-7D2M3475-2422-1488-405-210.JPG,1,Ojirowashi
tool_bird_class_train/Ojirowashi_White_Tailed_Eagle/AAS1_ojirowashi-7D2M3486-2519-1690-417-187.JPG,1,Ojirowashi
tool_bird_class_train/Ojirowashi_White_Tailed_Eagle/AAS1_ojirowashi-7D2M3490-2438-1771-522-139.JPG,1,Ojirowashi
tool_bird_class_train/Ojirowashi_White_Tailed_Eagle/AAS1_ojirowashi-7D2M3492-2778-1545-437-242.JPG,1,Ojirowashi
tool_bird_class_train/Ojirowashi_White_Tailed_Eagle/AAS1_ojirowashi-7D2M3493-2841-1680-565-184.JPG,1,Ojirowashi
tool_bird_class_train/Ojirowashi_White_Tailed_Eagle/AAS1_ojirowashi-7D2M3494-2474-1802-558-155.JPG,1,Ojirowashi
tool_bird_class_train/Ojirowashi_White_Tailed_Eagle/AAS1_ojirowashi-7D2M3496-2355-1651-580-165.JPG,1,Ojirowashi
tool_bird_class_train/Ojirowashi_White_Tailed_Eagle/AAS1_ojirowashi-7D2M3512-1845-657-1410-1140.JPG,1,Ojirowashi
tool_bird_class_train/Ojirowashi_White_Tailed_Eagle/AAS1_ojirowashi-7D2M3513-2245-1696-1353-1047.JPG,1,Ojirowashi
tool_bird_class_train/Ojirowashi_White_Tailed_Eagle/AAS1_ojirowashi-7D2M3514-2597-1606-375-353.JPG,1,Ojirowashi
tool_bird_class_train/Ojirowashi_White_Tailed_Eagle/AAS1_ojirowashi-7D2M3519-1707-1831-1309-870.JPG,1,Ojirowashi
tool_bird_class_train/Ojirowashi_White_Tailed_Eagle/AAS1_ojirowashi-7D2M3561-2678-1717-461-284.JPG,1,Ojirowashi
tool_bird_class_train/Ojirowashi_White_Tailed_Eagle/AAS1_ojirowashi-7D2M3569-2726-1653-460-229.JPG,1,Ojirowashi
tool_bird_class_train/Ojirowashi_White_Tailed_Eagle/AAS1_ojirowashi-7D2M3585-1958-1110-1223-764.JPG,1,Ojirowashi
tool_bird_class_train/Ojirowashi_White_Tailed_Eagle/AAS1_ojirowashi-7D2M3586-2255-1657-571-386.JPG,1,Ojirowashi
tool_bird_class_train/Ojirowashi_White_Tailed_Eagle/AAS1_ojirowashi-7D2M3588-2487-1481-468-427.JPG,1,Ojirowashi
tool_bird_class_train/Ojirowashi_White_Tailed_Eagle/AAS1_ojirowashi-7D2M3593-2818-1744-407-245.JPG,1,Ojirowashi
tool_bird_class_train/Ojirowashi_White_Tailed_Eagle/AAS1_ojirowashi-7D2M3596-2520-1412-454-421.JPG,1,Ojirowashi
tool_bird_class_train/Ojirowashi_White_Tailed_Eagle/AAS1_ojirowashi-7D2M3600-2528-1677-472-357.JPG,1,Ojirowashi
tool_bird_class_train/Ojirowashi_White_Tailed_Eagle/AAS1_ojirowashi-7D2M3601-1-107-91-519-401.JPG,1,Ojirowashi
tool_bird_class_train/Ojirowashi_White_Tailed_Eagle/AAS1_ojirowashi-7D2M3602-2486-1707-187-200.JPG,1,Ojirowashi
tool_bird_class_train/Ojirowashi_White_Tailed_Eagle/AAS1_ojirowashi-7D2M3603-2604-1808-521-437.JPG,1,Ojirowashi
tool_bird_class_train/Ojirowashi_White_Tailed_Eagle/AAS1_ojirowashi-7D2M3613-2067-1749-405-404.JPG,1,Ojirowashi
tool_bird_class_train/Ojirowashi_White_Tailed_Eagle/AAS1_ojirowashi-7D2M3614-2055-1618-411-299.JPG,1,Ojirowashi
tool_bird_class_train/Ojirowashi_White_Tailed_Eagle/AAS1_ojirowashi-7D2M3620-1-151-63-174-298.JPG,1,Ojirowashi
tool_bird_class_train/Ojirowashi_White_Tailed_Eagle/AAS1_ojirowashi-7D2M3620-2817-1683-203-306.JPG,1,Ojirowashi
tool_bird_class_train/Ojirowashi_White_Tailed_Eagle/AAS1_ojirowashi-7D2M3622-2522-1603-199-277.JPG,1,Ojirowashi
tool_bird_class_train/Ojirowashi_White_Tailed_Eagle/AAS1_ojirowashi-7D2M3626-2671-1626-263-178.JPG,1,Ojirowashi
tool_bird_class_train/Ojirowashi_White_Tailed_Eagle/AAS1_ojirowashi-7D2M3637-2787-1590-194-328.JPG,1,Ojirowashi
tool_bird_class_train/Ojirowashi_White_Tailed_Eagle/AAS1_ojirowashi-7D2M3638-2737-1557-174-311.JPG,1,Ojirowashi
tool_bird_class_train/Ojirowashi_White_Tailed_Eagle/AAS1_ojirowashi-7D2M3641-2102-800-864-1349.JPG,1,Ojirowashi
tool_bird_class_train/Ojirowashi_White_Tailed_Eagle/AAS1_ojirowashi-7D2M3658-2506-1518-206-220.JPG,1,Ojirowashi
tool_bird_class_train/Ojirowashi_White_Tailed_Eagle/AAS1_ojirowashi-7D2M3661-2726-1075-1024-799.JPG,1,Ojirowashi
tool_bird_class_train/Ojirowashi_White_Tailed_Eagle/AAS1_ojirowashi-7D2M3668-2531-1693-286-286.JPG,1,Ojirowashi
tool_bird_class_train/Ojirowashi_White_Tailed_Eagle/AAS1_ojirowashi-7D2M3670-2742-1734-260-187.JPG,1,Ojirowashi
tool_bird_class_train/Ojirowashi_White_Tailed_Eagle/AAS1_ojirowashi-7D2M4081-2754-1564-385-354.JPG,1,Ojirowashi
tool_bird_class_train/Ojirowashi_White_Tailed_Eagle/AAS1_ojirowashi-7D2M4082-1315-1723-1824-1216.JPG,1,Ojirowashi
tool_bird_class_train/Ojirowashi_White_Tailed_Eagle/AAS1_ojirowashi-7D2M4083-1413-1345-1824-1216.JPG,1,Ojirowashi
tool_bird_class_train/Ojirowashi_White_Tailed_Eagle/AAS1_ojirowashi-7D2M4089-2563-1605-440-413.JPG,1,Ojirowashi
tool_bird_class_train/Ojirowashi_White_Tailed_Eagle/AAS1_ojirowashi-7D2M4093-2399-1663-489-448.JPG,1,Ojirowashi
tool_bird_class_train/Ojirowashi_White_Tailed_Eagle/AAS1_ojirowashi-7D2M4097-1759-1064-1824-1216.JPG,1,Ojirowashi
tool_bird_class_train/Ojirowashi_White_Tailed_Eagle/AAS1_ojirowashi-7D2M4100-1944-1350-1482-966.JPG,1,Ojirowashi
tool_bird_class_train/Ojirowashi_White_Tailed_Eagle/AAS1_ojirowashi-7D2M4113-2609-1111-527-382.JPG,1,Ojirowashi
tool_bird_class_train/Ojirowashi_White_Tailed_Eagle/AAS1_ojirowashi-7D2M4119-2615-1238-545-549.JPG,1,Ojirowashi
tool_bird_class_train/Ojirowashi_White_Tailed_Eagle/AAS1_ojirowashi-7D2M4122-2911-1670-541-442.JPG,1,Ojirowashi
tool_bird_class_train/Ojirowashi_White_Tailed_Eagle/AAS1_ojirowashi-7D2M4126-1687-1704-1217-392.JPG,1,Ojirowashi
tool_bird_class_train/Ojirowashi_White_Tailed_Eagle/AAS1_ojirowashi-7D2M4129-1750-1193-1074-895.JPG,1,Ojirowashi
tool_bird_class_train/Ojirowashi_White_Tailed_Eagle/AAS1_ojirowashi-7D2M4131-2573-1448-689-621.JPG,1,Ojirowashi
tool_bird_class_train/Ojirowashi_White_Tailed_Eagle/AAS1_ojirowashi-7D2M4132-1-98-104-681-678.JPG,1,Ojirowashi
tool_bird_class_train/Ojirowashi_White_Tailed_Eagle/AAS1_ojirowashi-7D2M4132-2535-1843-744-646.JPG,1,Ojirowashi
tool_bird_class_train/Ojirowashi_White_Tailed_Eagle/AAS1_ojirowashi-7D2M4133-2227-1691-680-663.JPG,1,Ojirowashi
tool_bird_class_train/Ojirowashi_White_Tailed_Eagle/AAS1_ojirowashi-7D2M4136-1905-1484-685-794.JPG,1,Ojirowashi
tool_bird_class_train/Ojirowashi_White_Tailed_Eagle/AAS1_ojirowashi-7D2M4137-2319-1302-705-681.JPG,1,Ojirowashi
tool_bird_class_train/Ojirowashi_White_Tailed_Eagle/AAS1_ojirowashi-7D2M4139-2634-1843-98-100.JPG,1,Ojirowashi
tool_bird_class_train/Ojirowashi_White_Tailed_Eagle/AAS1_ojirowashi-7D2M4147-2299-826-702-770.JPG,1,Ojirowashi
tool_bird_class_train/Ojirowashi_White_Tailed_Eagle/AAS1_ojirowashi-7D2M4169-2930-1667-332-271.JPG,1,Ojirowashi
tool_bird_class_train/Ojirowashi_White_Tailed_Eagle/AAS1_ojirowashi-7D2M4175-2526-1651-328-230.JPG,1,Ojirowashi
tool_bird_class_train/Ojirowashi_White_Tailed_Eagle/AAS1_ojirowashi-7D2M4176-2554-1667-434-164.JPG,1,Ojirowashi
tool_bird_class_train/Ojirowashi_White_Tailed_Eagle/AAS1_ojirowashi-7D2M4188-3320-674-452-501.JPG,1,Ojirowashi
tool_bird_class_train/Ojirowashi_White_Tailed_Eagle/AAS1_ojirowashi-7D2M4191-2402-1430-543-456.JPG,1,Ojirowashi
tool_bird_class_train/Ojirowashi_White_Tailed_Eagle/AAS1_ojirowashi-7D2M4193-2970-1047-417-284.JPG,1,Ojirowashi
tool_bird_class_train/Ojirowashi_White_Tailed_Eagle/AAS1_ojirowashi-7D2M4205-2650-1711-450-368.JPG,1,Ojirowashi
tool_bird_class_train/Ojirowashi_White_Tailed_Eagle/AAS1_ojirowashi-7D2M4209-2690-1674-392-323.JPG,1,Ojirowashi
tool_bird_class_train/Ojirowashi_White_Tailed_Eagle/AAS1_ojirowashi-7D2M4224-2614-1660-424-495.JPG,1,Ojirowashi
tool_bird_class_train/Ojirowashi_White_Tailed_Eagle/AAS1_ojirowashi-7D2M4246-2856-1580-590-611.JPG,1,Ojirowashi
tool_bird_class_train/Ojirowashi_White_Tailed_Eagle/AAS1_ojirowashi-7D2M4248-2532-1637-430-547.JPG,1,Ojirowashi
tool_bird_class_train/Ojirowashi_White_Tailed_Eagle/AAS1_ojirowashi-7D2M4252-2521-1539-479-777.JPG,1,Ojirowashi
tool_bird_class_train/Ojirowashi_White_Tailed_Eagle/AAS1_ojirowashi-7D2M4254-2429-1885-408-550.JPG,1,Ojirowashi
tool_bird_class_train/Ojirowashi_White_Tailed_Eagle/AAS1_ojirowashi-7D2M4255-2898-1979-395-489.JPG,1,Ojirowashi
tool_bird_class_train/Ojirowashi_White_Tailed_Eagle/AAS1_ojirowashi-7D2M4256-2960-1698-440-453.JPG,1,Ojirowashi
tool_bird_class_train/Ojirowashi_White_Tailed_Eagle/AAS1_ojirowashi-7D2M4262-2270-1633-406-161.JPG,1,Ojirowashi
tool_bird_class_train/Ojirowashi_White_Tailed_Eagle/AAS1_ojirowashi-7D2M4263-2309-1647-387-169.JPG,1,Ojirowashi
tool_bird_class_train/Ojirowashi_White_Tailed_Eagle/AAS1_ojirowashi-7D2M4276-2533-1636-331-479.JPG,1,Ojirowashi
tool_bird_class_train/Ojirowashi_White_Tailed_Eagle/AAS1_ojirowashi-7D2M4284-2486-1638-527-433.JPG,1,Ojirowashi
tool_bird_class_train/Ojirowashi_White_Tailed_Eagle/AAS1_ojirowashi-7D2M4287-2537-1687-479-290.JPG,1,Ojirowashi
tool_bird_class_train/Ojirowashi_White_Tailed_Eagle/AAS1_ojirowashi-7D2M4290-2398-1642-461-345.JPG,1,Ojirowashi
tool_bird_class_train/Ojirowashi_White_Tailed_Eagle/AAS1_ojirowashi-7D2M4292-2495-1680-329-278.JPG,1,Ojirowashi
tool_bird_class_train/Ojirowashi_White_Tailed_Eagle/AAS1_ojirowashi-7D2M4302-2571-1716-541-414.JPG,1,Ojirowashi
tool_bird_class_train/Ojirowashi_White_Tailed_Eagle/AAS1_ojirowashi-7D2M4306-2932-1859-510-361.JPG,1,Ojirowashi
tool_bird_class_train/Ojirowashi_White_Tailed_Eagle/AAS1_ojirowashi-7D2M4308-2596-1602-593-448.JPG,1,Ojirowashi
tool_bird_class_train/Ojirowashi_White_Tailed_Eagle/AAS1_ojirowashi-7D2M4312-2518-1566-442-435.JPG,1,Ojirowashi
tool_bird_class_train/Ojirowashi_White_Tailed_Eagle/AAS1_ojirowashi-7D2M4316-2384-1507-539-473.JPG,1,Ojirowashi
tool_bird_class_train/Ojirowashi_White_Tailed_Eagle/AAS1_ojirowashi-7D2M4323-2602-1465-492-419.JPG,1,Ojirowashi
tool_bird_class_train/Ojirowashi_White_Tailed_Eagle/AAS1_ojirowashi-7D2M4349-2631-1502-441-356.JPG,1,Ojirowashi
tool_bird_class_train/Ojirowashi_White_Tailed_Eagle/AAS1_ojirowashi-7D2M4384-2208-1499-916-577.JPG,1,Ojirowashi
tool_bird_class_train/Ojirowashi_White_Tailed_Eagle/AAS1_ojirowashi-7D2M4390-2114-1369-1032-560.JPG,1,Ojirowashi
tool_bird_class_train/Ojirowashi_White_Tailed_Eagle/AAS1_ojirowashi-7D2M4392-2087-1518-1158-758.JPG,1,Ojirowashi
tool_bird_class_train/Ojirowashi_White_Tailed_Eagle/AAS1_ojirowashi-7D2M4394-1913-1404-1272-979.JPG,1,Ojirowashi
tool_bird_class_train/Ojirowashi_White_Tailed_Eagle/AAS1_ojirowashi-7D2M4399-1903-1302-1824-1216.JPG,1,Ojirowashi
tool_bird_class_train/Ojirowashi_White_Tailed_Eagle/AAS1_ojirowashi-7D2M4401-1742-1187-1771-1763.JPG,1,Ojirowashi
tool_bird_class_train/Ojirowashi_White_Tailed_Eagle/AAS1_ojirowashi-7D2M4406-2242-605-1362-2196.JPG,1,Ojirowashi
tool_bird_class_train/Ojirowashi_White_Tailed_Eagle/AAS1_ojirowashi-7D2M4407-2371-221-1427-2261.JPG,1,Ojirowashi
tool_bird_class_train/Ojirowashi_White_Tailed_Eagle/AAS1_ojirowashi-7D2M4419-2452-1004-878-1259.JPG,1,Ojirowashi
tool_bird_class_train/Ojirowashi_White_Tailed_Eagle/AAS1_ojirowashi-7D2M4428-2419-1302-430-803.JPG,1,Ojirowashi
tool_bird_class_train/Ojirowashi_White_Tailed_Eagle/AAS1_ojirowashi-7D2M4429-2270-1176-516-553.JPG,1,Ojirowashi
tool_bird_class_train/Ojirowashi_White_Tailed_Eagle/AAS1_ojirowashi-7D2M4430-2121-1124-488-640.JPG,1,Ojirowashi
tool_bird_class_train/Ojirowashi_White_Tailed_Eagle/AAS1_ojirowashi-7D2M4431-2314-999-1153-1280.JPG,1,Ojirowashi
tool_bird_class_train/Ojirowashi_White_Tailed_Eagle/AAS1_ojirowashi-7D2M4442-2236-843-1234-1162.JPG,1,Ojirowashi
tool_bird_class_train/Ojirowashi_White_Tailed_Eagle/AAS1_ojirowashi-7D2M4443-1867-1280-1234-1350.JPG,1,Ojirowashi
tool_bird_class_train/Ojirowashi_White_Tailed_Eagle/AAS1_ojirowashi-7D2M4444-1795-920-1136-1350.JPG,1,Ojirowashi
tool_bird_class_train/Ojirowashi_White_Tailed_Eagle/AAS1_ojirowashi-7D2M4445-2054-812-1132-1547.JPG,1,Ojirowashi
tool_bird_class_train/Ojirowashi_White_Tailed_Eagle/AAS1_ojirowashi-7D2M4448-2381-982-597-645.JPG,1,Ojirowashi
tool_bird_class_train/Ojirowashi_White_Tailed_Eagle/AAS1_ojirowashi-7D2M4452-2667-1691-401-395.JPG,1,Ojirowashi
tool_bird_class_train/Ojirowashi_White_Tailed_Eagle/AAS1_ojirowashi-7D2M4454-3242-1430-370-475.JPG,1,Ojirowashi
tool_bird_class_train/Ojirowashi_White_Tailed_Eagle/AAS1_ojirowashi-7D2M4455-1-172-96-254-287.JPG,1,Ojirowashi
tool_bird_class_train/Ojirowashi_White_Tailed_Eagle/AAS1_ojirowashi-7D2M4456-1-288-229-298-230.JPG,1,Ojirowashi
tool_bird_class_train/Ojirowashi_White_Tailed_Eagle/AAS1_ojirowashi-7D2M4456-2669-1706-372-404.JPG,1,Ojirowashi
tool_bird_class_train/Ojirowashi_White_Tailed_Eagle/AAS1_ojirowashi-7D2M4458-1-255-186-291-314.JPG,1,Ojirowashi
tool_bird_class_train/Ojirowashi_White_Tailed_Eagle/AAS1_ojirowashi-7D2M4458-2898-1623-420-476.JPG,1,Ojirowashi
tool_bird_class_train/Ojirowashi_White_Tailed_Eagle/AAS1_ojirowashi-7D2M4459-1-289-238-295-302.JPG,1,Ojirowashi
tool_bird_class_train/Ojirowashi_White_Tailed_Eagle/AAS1_ojirowashi-7D2M4460-1-334-256-334-256.JPG,1,Ojirowashi
tool_bird_class_train/Ojirowashi_White_Tailed_Eagle/AAS1_ojirowashi-7D2M4460-2509-1631-447-355.JPG,1,Ojirowashi
tool_bird_class_train/Ojirowashi_White_Tailed_Eagle/AAS1_ojirowashi-7D2M4461-1-330-286-387-303.JPG,1,Ojirowashi
tool_bird_class_train/Ojirowashi_White_Tailed_Eagle/AAS1_ojirowashi-7D2M4462-1-324-385-509-266.JPG,1,Ojirowashi
tool_bird_class_train/Ojirowashi_White_Tailed_Eagle/AAS1_ojirowashi-7D2M4462-2652-1653-479-309.JPG,1,Ojirowashi
tool_bird_class_train/Ojirowashi_White_Tailed_Eagle/AAS1_ojirowashi-7D2M4464-1929-1432-1367-648.JPG,1,Ojirowashi
tool_bird_class_train/Ojirowashi_White_Tailed_Eagle/AAS1_ojirowashi-7D2M4465-1629-1410-1824-1216.JPG,1,Ojirowashi
tool_bird_class_train/Ojirowashi_White_Tailed_Eagle/AAS1_ojirowashi-7D2M4467-1871-1532-1324-683.JPG,1,Ojirowashi
tool_bird_class_train/Ojirowashi_White_Tailed_Eagle/AAS1_ojirowashi-7D2M4468-1701-1237-1607-689.JPG,1,Ojirowashi
tool_bird_class_train/Ojirowashi_White_Tailed_Eagle/AAS1_ojirowashi-7D2M4470-2439-1172-1824-1216.JPG,1,Ojirowashi
tool_bird_class_train/Ojirowashi_White_Tailed_Eagle/AAS1_ojirowashi-7D2M4478-1888-1799-1824-1216.JPG,1,Ojirowashi
tool_bird_class_train/Ojirowashi_White_Tailed_Eagle/AAS1_ojirowashi-7D2M4494-1890-1393-2698-1471.JPG,1,Ojirowashi
tool_bird_class_train/Ojirowashi_White_Tailed_Eagle/AAS1_ojirowashi-7D2M4495-1722-841-3257-1254.JPG,1,Ojirowashi
tool_bird_class_train/Ojirowashi_White_Tailed_Eagle/AAS1_ojirowashi-7D2M4497-1698-1638-2997-1255.JPG,1,Ojirowashi
tool_bird_class_train/Ojirowashi_White_Tailed_Eagle/AAS1_ojirowashi-7D2M4498-1188-1177-3954-1715.JPG,1,Ojirowashi
tool_bird_class_train/Ojirowashi_White_Tailed_Eagle/AAS1_ojirowashi-7D2M4501r-1-339-1172-4656-2305.JPG,1,Ojirowashi
tool_bird_class_train/Ojirowashi_White_Tailed_Eagle/AAS1_ojirowashi-7D2M4501r-274-1171-4692-2363.JPG,1,Ojirowashi
tool_bird_class_train/Ojirowashi_White_Tailed_Eagle/AAS1_ojirowashi-7D2M4511-2104-848-2250-2895.JPG,1,Ojirowashi
tool_bird_class_train/Ojirowashi_White_Tailed_Eagle/AAS1_ojirowashi-7D2M4512-1924-870-2113-2643.JPG,1,Ojirowashi
tool_bird_class_train/Ojirowashi_White_Tailed_Eagle/AAS1_ojirowashi-7D2M4512r-2-1910-898-2213-2657.JPG,1,Ojirowashi
tool_bird_class_train/Ojirowashi_White_Tailed_Eagle/AAS1_ojirowashi-7D2M4513-2197--2-2488-2952.JPG,1,Ojirowashi
tool_bird_class_train/Ojirowashi_White_Tailed_Eagle/AAS1_ojirowashi-7D2M4515-1391-942-2097-2686.JPG,1,Ojirowashi
tool_bird_class_train/Ojirowashi_White_Tailed_Eagle/AAS1_ojirowashi-7D2M4539-2439-1441-590-815.JPG,1,Ojirowashi
tool_bird_class_train/Ojirowashi_White_Tailed_Eagle/AAS1_ojirowashi-7D2M4547-2678-1625-388-937.JPG,1,Ojirowashi
tool_bird_class_train/Ojirowashi_White_Tailed_Eagle/AAS1_ojirowashi-7D2M4554-2835-1475-440-578.JPG,1,Ojirowashi
tool_bird_class_train/Ojirowashi_White_Tailed_Eagle/AAS1_ojirowashi-7D2M4558-2667-1616-271-534.JPG,1,Ojirowashi
tool_bird_class_train/Ojirowashi_White_Tailed_Eagle/AAS1_ojirowashi-7D2M4569-2380-1442-782-454.JPG,1,Ojirowashi
tool_bird_class_train/Ojirowashi_White_Tailed_Eagle/AAS1_ojirowashi-7D2M4570-2083-1331-696-546.JPG,1,Ojirowashi
tool_bird_class_train/Ojirowashi_White_Tailed_Eagle/AAS1_ojirowashi-7D2M4571-2397-1586-766-435.JPG,1,Ojirowashi
tool_bird_class_train/Ojirowashi_White_Tailed_Eagle/AAS1_ojirowashi-7D2M4574-2285-1518-779-563.JPG,1,Ojirowashi
tool_bird_class_train/Ojirowashi_White_Tailed_Eagle/AAS1_ojirowashi-7D2M4575-2062-1405-718-441.JPG,1,Ojirowashi
tool_bird_class_train/Ojirowashi_White_Tailed_Eagle/AAS1_ojirowashi-7D2M4576-2102-1497-750-681.JPG,1,Ojirowashi
tool_bird_class_train/Ojirowashi_White_Tailed_Eagle/AAS1_ojirowashi-7D2M4591-2208-1249-673-1139.JPG,1,Ojirowashi
tool_bird_class_train/Ojirowashi_White_Tailed_Eagle/AAS1_ojirowashi-7D2M4625-1880-1280-998-494.JPG,1,Ojirowashi
tool_bird_class_train/Ojirowashi_White_Tailed_Eagle/AAS1_ojirowashi-7D2M4627-2117-1280-867-702.JPG,1,Ojirowashi
tool_bird_class_train/Ojirowashi_White_Tailed_Eagle/AAS1_ojirowashi-7D2M4628-2268-1221-749-804.JPG,1,Ojirowashi
tool_bird_class_train/Ojirowashi_White_Tailed_Eagle/AAS1_ojirowashi-7D2M4629-2470-1102-970-906.JPG,1,Ojirowashi
tool_bird_class_train/Ojirowashi_White_Tailed_Eagle/AAS1_ojirowashi-7D2M4630-2793-1237-909-783.JPG,1,Ojirowashi
tool_bird_class_train/Ojirowashi_White_Tailed_Eagle/AAS1_ojirowashi-7D2M4631-2537-1738-1196-604.JPG,1,Ojirowashi
tool_bird_class_train/Ojirowashi_White_Tailed_Eagle/AAS1_ojirowashi-7D2M4632-2356-1602-1061-781.JPG,1,Ojirowashi
tool_bird_class_train/Ojirowashi_White_Tailed_Eagle/AAS1_ojirowashi-7D2M4633-1732-1474-1377-597.JPG,1,Ojirowashi
tool_bird_class_train/Ojirowashi_White_Tailed_Eagle/AAS1_ojirowashi-7D2M4634-1739-1532-918-554.JPG,1,Ojirowashi
tool_bird_class_train/Ojirowashi_White_Tailed_Eagle/AAS1_ojirowashi-7D2M4649-1-611-359-2023-1945.JPG,1,Ojirowashi
tool_bird_class_train/Ojirowashi_White_Tailed_Eagle/AAS1_ojirowashi-7D2M4652-1906-1512-2688-1066.JPG,1,Ojirowashi
tool_bird_class_train/Ojirowashi_White_Tailed_Eagle/AAS1_ojirowashi-7D2M4654-2093-626-2451-1715.JPG,1,Ojirowashi
tool_bird_class_train/Ojirowashi_White_Tailed_Eagle/AAS1_ojirowashi-7D2M4657-1749-1133-2096-1075.JPG,1,Ojirowashi
tool_bird_class_train/Ojirowashi_White_Tailed_Eagle/AAS1_ojirowashi-7D2M4660-1449-982-2141-1180.JPG,1,Ojirowashi
tool_bird_class_train/Ojirowashi_White_Tailed_Eagle/AAS1_ojirowashi-7D2M4661-885-921-2695-1443.JPG,1,Ojirowashi
tool_bird_class_train/Ojirowashi_White_Tailed_Eagle/AAS1_ojirowashi-7D2M4663-1987-1220-2030-1119.JPG,1,Ojirowashi
tool_bird_class_train/Ojirowashi_White_Tailed_Eagle/AAS1_ojirowashi-7D2M4684-1962-1661-1419-512.JPG,1,Ojirowashi
tool_bird_class_train/Ojirowashi_White_Tailed_Eagle/AAS1_ojirowashi-7D2M4685-1979-1302-1516-764.JPG,1,Ojirowashi
tool_bird_class_train/Ojirowashi_White_Tailed_Eagle/AAS1_ojirowashi-7D2M4687-1977-1448-1337-526.JPG,1,Ojirowashi
tool_bird_class_train/Ojirowashi_White_Tailed_Eagle/AAS1_ojirowashi-7D2M4688-1928-1260-1482-742.JPG,1,Ojirowashi
tool_bird_class_train/Ojirowashi_White_Tailed_Eagle/AAS1_ojirowashi-7D2M4689-1578-955-1505-1085.JPG,1,Ojirowashi
tool_bird_class_train/Ojirowashi_White_Tailed_Eagle/AAS1_ojirowashi-7D2M4690-1730-1705-1126-880.JPG,1,Ojirowashi
tool_bird_class_train/Ojirowashi_White_Tailed_Eagle/AAS1_ojirowashi-7D2M4691-2404-1720-1089-509.JPG,1,Ojirowashi
tool_bird_class_train/Ojirowashi_White_Tailed_Eagle/AAS1_ojirowashi-7D2M4692-1896-1450-1533-917.JPG,1,Ojirowashi
tool_bird_class_train/Ojirowashi_White_Tailed_Eagle/AAS1_ojirowashi-7D2M4693-2693-1675-813-584.JPG,1,Ojirowashi
tool_bird_class_train/Ojirowashi_White_Tailed_Eagle/AAS1_ojirowashi-7D2M4698-2003-1833-946-794.JPG,1,Ojirowashi
tool_bird_class_train/Ojirowashi_White_Tailed_Eagle/AAS1_ojirowashi-7D2M4699-2230-2132-326-264.JPG,1,Ojirowashi
tool_bird_class_train/Ojirowashi_White_Tailed_Eagle/AAS1_ojirowashi-7D2M4705-2528-1417-878-646.JPG,1,Ojirowashi
tool_bird_class_train/Ojirowashi_White_Tailed_Eagle/AAS1_ojirowashi-7D2M4706-2394-1712-1031-668.JPG,1,Ojirowashi
tool_bird_class_train/Ojirowashi_White_Tailed_Eagle/AAS1_ojirowashi-7D2M4718-2666-1500-241-249.JPG,1,Ojirowashi
tool_bird_class_train/Ojirowashi_White_Tailed_Eagle/AAS1_ojirowashi-7D2M4720-1-92-21-202-267.JPG,1,Ojirowashi
tool_bird_class_train/Ojirowashi_White_Tailed_Eagle/AAS1_ojirowashi-7D2M4720-2698-1444-274-336.JPG,1,Ojirowashi
tool_bird_class_train/Ojirowashi_White_Tailed_Eagle/AAS1_ojirowashi-7D2M4721-2800-1416-382-368.JPG,1,Ojirowashi
tool_bird_class_train/Ojirowashi_White_Tailed_Eagle/AAS1_ojirowashi-7D2M4723-2498-1604-326-388.JPG,1,Ojirowashi
tool_bird_class_train/Ojirowashi_White_Tailed_Eagle/AAS1_ojirowashi-7D2M4724-2339-1798-318-275.JPG,1,Ojirowashi
tool_bird_class_train/Ojirowashi_White_Tailed_Eagle/AAS1_ojirowashi-7D2M4725-2364-1877-267-249.JPG,1,Ojirowashi
tool_bird_class_train/Ojirowashi_White_Tailed_Eagle/AAS1_ojirowashi-7D2M4727-1-167-65-306-507.JPG,1,Ojirowashi
tool_bird_class_train/Ojirowashi_White_Tailed_Eagle/AAS1_ojirowashi-7D2M4728-2134-1722-324-460.JPG,1,Ojirowashi
tool_bird_class_train/Ojirowashi_White_Tailed_Eagle/AAS1_ojirowashi-7D2M4731-2584-1863-408-201.JPG,1,Ojirowashi
tool_bird_class_train/Ojirowashi_White_Tailed_Eagle/AAS1_ojirowashi-7D2M4732-2759-1886-416-187.JPG,1,Ojirowashi
tool_bird_class_train/Ojirowashi_White_Tailed_Eagle/AAS1_ojirowashi-7D2M4734-2881-1955-547-374.JPG,1,Ojirowashi
tool_bird_class_train/Ojirowashi_White_Tailed_Eagle/AAS1_ojirowashi-7D2M4736-2455-1463-464-378.JPG,1,Ojirowashi
tool_bird_class_train/Ojirowashi_White_Tailed_Eagle/AAS1_ojirowashi-7D2M4738-2410-1619-548-226.JPG,1,Ojirowashi
tool_bird_class_train/Ojirowashi_White_Tailed_Eagle/AAS1_ojirowashi-7D2M4741-2483-1514-541-357.JPG,1,Ojirowashi
tool_bird_class_train/Ojirowashi_White_Tailed_Eagle/AAS1_ojirowashi-7D2M4743-2490-1670-568-249.JPG,1,Ojirowashi
tool_bird_class_train/Ojirowashi_White_Tailed_Eagle/AAS1_ojirowashi-7D2M4756-2572-1590-363-419.JPG,1,Ojirowashi
tool_bird_class_train/Ojirowashi_White_Tailed_Eagle/AAS1_ojirowashi-7D2M4757-2503-1731-276-342.JPG,1,Ojirowashi
tool_bird_class_train/Ojirowashi_White_Tailed_Eagle/AAS1_ojirowashi-7D2M4830-1288-828-1824-1216.JPG,1,Ojirowashi
tool_bird_class_train/Ojirowashi_White_Tailed_Eagle/AAS1_ojirowashi-7D2M4831-1477-1084-2051-1036.JPG,1,Ojirowashi
tool_bird_class_train/Ojirowashi_White_Tailed_Eagle/AAS1_ojirowashi-7D2M4832-2159-1147-1557-1100.JPG,1,Ojirowashi
tool_bird_class_train/Ojirowashi_White_Tailed_Eagle/AAS1_ojirowashi-7D2M4841-3005-2107-1624-1535.JPG,1,Ojirowashi
tool_bird_class_train/Ojirowashi_White_Tailed_Eagle/AAS1_ojirowashi-7D2M4848-1618-393-1561-1895.JPG,1,Ojirowashi
tool_bird_class_train/Ojirowashi_White_Tailed_Eagle/AAS1_ojirowashi-7D2M4850-1695-1393-1359-1786.JPG,1,Ojirowashi
tool_bird_class_train/Ojirowashi_White_Tailed_Eagle/AAS1_ojirowashi-7D2M4852-382-581-1795-2318.JPG,1,Ojirowashi
tool_bird_class_train/Ojirowashi_White_Tailed_Eagle/AAS1_ojirowashi-7D2M4871-2754-1449-382-450.JPG,1,Ojirowashi
tool_bird_class_train/Ojirowashi_White_Tailed_Eagle/AAS1_ojirowashi-7D2M4873-2536-1441-388-375.JPG,1,Ojirowashi
tool_bird_class_train/Ojirowashi_White_Tailed_Eagle/AAS1_ojirowashi-7D2M4883-2770-1778-321-271.JPG,1,Ojirowashi
tool_bird_class_train/Ojirowashi_White_Tailed_Eagle/AAS1_ojirowashi-7D2M4892-2560-1049-654-834.JPG,1,Ojirowashi
tool_bird_class_train/Ojirowashi_White_Tailed_Eagle/AAS1_ojirowashi-7D2M4893-2603-1494-860-572.JPG,1,Ojirowashi
tool_bird_class_train/Ojirowashi_White_Tailed_Eagle/AAS1_ojirowashi-7D2M4899-2330-1512-536-412.JPG,1,Ojirowashi
tool_bird_class_train/Ojirowashi_White_Tailed_Eagle/AAS1_ojirowashi-7D2M4900-2864-1950-776-489.JPG,1,Ojirowashi
tool_bird_class_train/Ojirowashi_White_Tailed_Eagle/AAS1_ojirowashi-7D2M4902-2397-1699-391-303.JPG,1,Ojirowashi
tool_bird_class_train/Ojirowashi_White_Tailed_Eagle/AAS1_ojirowashi-7D2M4904-2530-1102-1091-877.JPG,1,Ojirowashi
tool_bird_class_train/Ojirowashi_White_Tailed_Eagle/AAS1_ojirowashi-7D2M4906-2781-1733-725-573.JPG,1,Ojirowashi
tool_bird_class_train/Ojirowashi_White_Tailed_Eagle/AAS1_ojirowashi-7D2M4907-2059-1326-401-549.JPG,1,Ojirowashi
tool_bird_class_train/Ojirowashi_White_Tailed_Eagle/AAS1_ojirowashi-7D2M4915-2605-1515-411-297.JPG,1,Ojirowashi
tool_bird_class_train/Ojirowashi_White_Tailed_Eagle/AAS1_ojirowashi-7D2M4916-2634-1602-356-291.JPG,1,Ojirowashi
tool_bird_class_train/Ojirowashi_White_Tailed_Eagle/AAS1_ojirowashi-7D2M4917-2445-1344-1033-601.JPG,1,Ojirowashi
tool_bird_class_train/Ojirowashi_White_Tailed_Eagle/AAS1_ojirowashi-7D2M4919-2443-1459-613-355.JPG,1,Ojirowashi
tool_bird_class_train/Ojirowashi_White_Tailed_Eagle/AAS1_ojirowashi-7D2M4922-2491-1481-465-393.JPG,1,Ojirowashi
tool_bird_class_train/Ojirowashi_White_Tailed_Eagle/AAS1_ojirowashi-7D2M4926-2554-1154-1112-992.JPG,1,Ojirowashi
tool_bird_class_train/Ojirowashi_White_Tailed_Eagle/AAS1_ojirowashi-7D2M4945-2437-1539-299-326.JPG,1,Ojirowashi
tool_bird_class_train/Ojirowashi_White_Tailed_Eagle/AAS1_ojirowashi-7D2M4951-1737-1509-1311-836.JPG,1,Ojirowashi
tool_bird_class_train/Ojirowashi_White_Tailed_Eagle/AAS1_ojirowashi-7D2M4961-2616-1687-527-253.JPG,1,Ojirowashi
tool_bird_class_train/Ojirowashi_White_Tailed_Eagle/AAS1_ojirowashi-7D2M4964-2635-1661-252-247.JPG,1,Ojirowashi
tool_bird_class_train/Ojirowashi_White_Tailed_Eagle/AAS1_ojirowashi-7D2M4966-2355-1827-270-239.JPG,1,Ojirowashi
tool_bird_class_train/Ojirowashi_White_Tailed_Eagle/AAS1_ojirowashi-7D2M4975-2348-1676-327-217.JPG,1,Ojirowashi
tool_bird_class_train/Ojirowashi_White_Tailed_Eagle/AAS1_ojirowashi-7D2M4980-2596-1721-289-220.JPG,1,Ojirowashi
tool_bird_class_train/Ojirowashi_White_Tailed_Eagle/AAS1_ojirowashi-7D2M4984-2409-1652-270-302.JPG,1,Ojirowashi
tool_bird_class_train/Ojirowashi_White_Tailed_Eagle/AAS1_ojirowashi-7D2M4987-2321-1717-252-208.JPG,1,Ojirowashi
tool_bird_class_train/Ojirowashi_White_Tailed_Eagle/AAS1_ojirowashi-7D2M4991-2637-1726-260-375.JPG,1,Ojirowashi
tool_bird_class_train/Ojirowashi_White_Tailed_Eagle/AAS1_ojirowashi-7D2M5124-1904-1173-2102-1233.JPG,1,Ojirowashi
tool_bird_class_train/Ojirowashi_White_Tailed_Eagle/AAS1_ojirowashi-7D2M5125-1799-1792-1824-1216.JPG,1,Ojirowashi
tool_bird_class_train/Ojirowashi_White_Tailed_Eagle/AAS1_ojirowashi-7D2M5131-2384-1670-1272-928.JPG,1,Ojirowashi
tool_bird_class_train/Ojirowashi_White_Tailed_Eagle/AAS1_ojirowashi-7D2M5132-2615-1183-1272-1297.JPG,1,Ojirowashi
tool_bird_class_train/Ojirowashi_White_Tailed_Eagle/AAS1_ojirowashi-7D2M5146-2274-1045-1070-993.JPG,1,Ojirowashi
tool_bird_class_train/Ojirowashi_White_Tailed_Eagle/AAS1_ojirowashi-7D2M5148-1-2480-1430-1023-1010.JPG,1,Ojirowashi
tool_bird_class_train/Ojirowashi_White_Tailed_Eagle/AAS1_ojirowashi-7D2M5148-2489-1449-1029-972.JPG,1,Ojirowashi
tool_bird_class_train/Ojirowashi_White_Tailed_Eagle/AAS1_ojirowashi-7D2M5149-2540-1669-1199-1132.JPG,1,Ojirowashi
tool_bird_class_train/Ojirowashi_White_Tailed_Eagle/AAS1_ojirowashi-7D2M5386-1-242-291-753-432.JPG,1,Ojirowashi
tool_bird_class_train/Ojirowashi_White_Tailed_Eagle/AAS1_ojirowashi-7D2M5386-2688-1779-742-426.JPG,1,Ojirowashi
tool_bird_class_train/Ojirowashi_White_Tailed_Eagle/AAS1_ojirowashi-7D2M5387-1-205-258-637-269.JPG,1,Ojirowashi
tool_bird_class_train/Ojirowashi_White_Tailed_Eagle/AAS1_ojirowashi-7D2M5387-2554-1632-747-336.JPG,1,Ojirowashi
tool_bird_class_train/Ojirowashi_White_Tailed_Eagle/AAS1_ojirowashi-7D2M5390-2293-1517-720-428.JPG,1,Ojirowashi
tool_bird_class_train/Ojirowashi_White_Tailed_Eagle/AAS1_ojirowashi-7D2M5420-2615-1761-420-299.JPG,1,Ojirowashi
tool_bird_class_train/Ojirowashi_White_Tailed_Eagle/AAS1_ojirowashi-7D2M5427-2663-1774-260-247.JPG,1,Ojirowashi
tool_bird_class_train/Ojirowashi_White_Tailed_Eagle/AAS1_ojirowashi-7D2M5436-2652-1690-335-202.JPG,1,Ojirowashi
tool_bird_class_train/Ojirowashi_White_Tailed_Eagle/AAS1_ojirowashi-7D2M5454-2524-1608-437-257.JPG,1,Ojirowashi
tool_bird_class_train/Ojirowashi_White_Tailed_Eagle/AAS1_ojirowashi-7D2M5461-2415-1692-335-210.JPG,1,Ojirowashi
tool_bird_class_train/Ojirowashi_White_Tailed_Eagle/AAS1_ojirowashi-7D2M5466-2508-1634-331-279.JPG,1,Ojirowashi
tool_bird_class_train/Ojirowashi_White_Tailed_Eagle/AAS1_ojirowashi-7D2M5474-2636-1657-324-193.JPG,1,Ojirowashi
tool_bird_class_train/Ojirowashi_White_Tailed_Eagle/AAS1_ojirowashi-7D2M5477-2698-1719-295-174.JPG,1,Ojirowashi
tool_bird_class_train/Ojirowashi_White_Tailed_Eagle/AAS1_ojirowashi-7D2M5478-2607-1637-308-230.JPG,1,Ojirowashi
tool_bird_class_train/Ojirowashi_White_Tailed_Eagle/AAS1_ojirowashi-7D2M5483-2561-1676-290-165.JPG,1,Ojirowashi
tool_bird_class_train/Ojirowashi_White_Tailed_Eagle/AAS1_ojirowashi-7D2M5494-2500-1668-382-260.JPG,1,Ojirowashi
tool_bird_class_train/Ojirowashi_White_Tailed_Eagle/AAS1_ojirowashi-7D2M5551-1-1189-623-2324-1398.JPG,1,Ojirowashi
tool_bird_class_train/Ojirowashi_White_Tailed_Eagle/AAS1_ojirowashi-7D2M5551-1130-639-2320-1383.JPG,1,Ojirowashi
tool_bird_class_train/Ojirowashi_White_Tailed_Eagle/AAS1_ojirowashi-7D2M5553-2514-1475-334-353.JPG,1,Ojirowashi
tool_bird_class_train/Ojirowashi_White_Tailed_Eagle/AAS1_ojirowashi-7D2M5554-2515-1753-523-172.JPG,1,Ojirowashi
tool_bird_class_train/Ojirowashi_White_Tailed_Eagle/AAS1_ojirowashi-7D2M5556-1787-365-1593-1778.JPG,1,Ojirowashi
tool_bird_class_train/Ojirowashi_White_Tailed_Eagle/AAS1_ojirowashi-7D2M5557-1132-740-1593-1696.JPG,1,Ojirowashi
tool_bird_class_train/Ojirowashi_White_Tailed_Eagle/AAS1_ojirowashi-7D2M5558-2721-1708-273-294.JPG,1,Ojirowashi
tool_bird_class_train/Ojirowashi_White_Tailed_Eagle/AAS1_ojirowashi-7D2M5564-2522-1622-270-252.JPG,1,Ojirowashi
tool_bird_class_train/Ojirowashi_White_Tailed_Eagle/AAS1_ojirowashi-7D2M5614-2601-1513-425-452.JPG,1,Ojirowashi
tool_bird_class_train/Ojirowashi_White_Tailed_Eagle/AAS1_ojirowashi-7D2M5616-2857-1863-257-376.JPG,1,Ojirowashi
tool_bird_class_train/Ojirowashi_White_Tailed_Eagle/AAS1_ojirowashi-7D2M5636-1-1962-538-1940-1307.JPG,1,Ojirowashi
tool_bird_class_train/Ojirowashi_White_Tailed_Eagle/AAS1_ojirowashi-7D2M5639-1-2332-610-1824-1216.JPG,1,Ojirowashi
tool_bird_class_train/Ojirowashi_White_Tailed_Eagle/AAS1_ojirowashi-7D2M5639-2424-551-1824-1216.JPG,1,Ojirowashi
tool_bird_class_train/Ojirowashi_White_Tailed_Eagle/AAS1_ojirowashi-7D2M5640-2591-112-1824-1216.JPG,1,Ojirowashi
tool_bird_class_train/Ojirowashi_White_Tailed_Eagle/AAS1_ojirowashi-7D2M5643-2645-1208-1802-1396.JPG,1,Ojirowashi
tool_bird_class_train/Ojirowashi_White_Tailed_Eagle/AAS1_ojirowashi-7D2M5646-2749-1021-2077-1388.JPG,1,Ojirowashi
tool_bird_class_train/Ojirowashi_White_Tailed_Eagle/AAS1_ojirowashi-7D2M5655-2390-2387-343-255.JPG,1,Ojirowashi
tool_bird_class_train/Ojirowashi_White_Tailed_Eagle/AAS1_ojirowashi-7D2M5658-2264-1583-350-228.JPG,1,Ojirowashi
tool_bird_class_train/Ojirowashi_White_Tailed_Eagle/AAS1_ojirowashi-7D2M5662-2626-1571-247-403.JPG,1,Ojirowashi
tool_bird_class_train/Ojirowashi_White_Tailed_Eagle/AAS1_ojirowashi-7D2M5683-2559-1494-271-462.JPG,1,Ojirowashi
tool_bird_class_train/Ojirowashi_White_Tailed_Eagle/AAS1_ojirowashi-7D2M5706-2572-1542-258-254.JPG,1,Ojirowashi
tool_bird_class_train/Ojirowashi_White_Tailed_Eagle/AAS1_ojirowashi-7D2M5717-2789-1511-208-243.JPG,1,Ojirowashi
tool_bird_class_train/Ojirowashi_White_Tailed_Eagle/AAS1_ojirowashi-7D2M5720-2423-1552-196-268.JPG,1,Ojirowashi
tool_bird_class_train/Ojirowashi_White_Tailed_Eagle/AAS1_ojirowashi-7D2M5724-2407-1850-223-128.JPG,1,Ojirowashi
tool_bird_class_train/Ojirowashi_White_Tailed_Eagle/AAS1_ojirowashi-7D2M5728-2559-1647-223-294.JPG,1,Ojirowashi
tool_bird_class_train/Ojirowashi_White_Tailed_Eagle/AAS1_ojirowashi-7D2M5729-2247-1549-218-241.JPG,1,Ojirowashi
tool_bird_class_train/Ojirowashi_White_Tailed_Eagle/AAS1_ojirowashi-7D2M5730-2356-1663-129-134.JPG,1,Ojirowashi
tool_bird_class_train/Ojirowashi_White_Tailed_Eagle/AAS1_ojirowashi-7D2M5939-1751-1085-2076-1094.JPG,1,Ojirowashi
tool_bird_class_train/Ojirowashi_White_Tailed_Eagle/AAS1_ojirowashi-7D2M5942-1695-831-1997-1209.JPG,1,Ojirowashi
tool_bird_class_train/Ojirowashi_White_Tailed_Eagle/AAS1_ojirowashi-7D2M6004-2536-1707-180-260.JPG,1,Ojirowashi
tool_bird_class_train/Ojirowashi_White_Tailed_Eagle/AAS1_ojirowashi-7D2M6005-2198-1510-202-248.JPG,1,Ojirowashi
tool_bird_class_train/Ojirowashi_White_Tailed_Eagle/AAS1_ojirowashi-7D2M6036-3249-1028-277-254.JPG,1,Ojirowashi
tool_bird_class_train/Ojirowashi_White_Tailed_Eagle/AAS1_ojirowashi-7D2M6090-2442-1673-426-284.JPG,1,Ojirowashi
tool_bird_class_train/Ojirowashi_White_Tailed_Eagle/AAS1_ojirowashi-7D2M6102-2852-1674-340-304.JPG,1,Ojirowashi
tool_bird_class_train/Ojirowashi_White_Tailed_Eagle/AAS1_ojirowashi-7D2M6172-2746-1847-322-280.JPG,1,Ojirowashi
tool_bird_class_train/Ojirowashi_White_Tailed_Eagle/AAS1_ojirowashi-7D2M6189-2588-1628-637-779.JPG,1,Ojirowashi
tool_bird_class_train/Ojirowashi_White_Tailed_Eagle/AAS1_ojirowashi-7D2M6209-2599-1299-373-671.JPG,1,Ojirowashi
tool_bird_class_train/Ojirowashi_White_Tailed_Eagle/AAS1_ojirowashi-7D2M6238-2419-978-357-820.JPG,1,Ojirowashi
tool_bird_class_train/Ojirowashi_White_Tailed_Eagle/AAS1_ojirowashi-7D2M6245-2602-1452-579-1017.JPG,1,Ojirowashi
tool_bird_class_train/Ojirowashi_White_Tailed_Eagle/AAS1_ojirowashi-7D2M6296-2464-1765-482-252.JPG,1,Ojirowashi
tool_bird_class_train/Ojirowashi_White_Tailed_Eagle/AAS1_ojirowashi-7D2M6310-2861-1456-364-372.JPG,1,Ojirowashi
tool_bird_class_train/Ojirowashi_White_Tailed_Eagle/AAS1_ojirowashi-7D2M6316-2531-1093-684-501.JPG,1,Ojirowashi
tool_bird_class_train/Ojirowashi_White_Tailed_Eagle/AAS1_ojirowashi-7D2M6327-2522-1752-558-180.JPG,1,Ojirowashi
tool_bird_class_train/Ojirowashi_White_Tailed_Eagle/AAS1_ojirowashi-7D2M6374-2387-1635-594-144.JPG,1,Ojirowashi
tool_bird_class_train/Ojirowashi_White_Tailed_Eagle/AAS1_ojirowashi-7D2M6376-2455-1507-513-315.JPG,1,Ojirowashi
tool_bird_class_train/Ojirowashi_White_Tailed_Eagle/AAS1_ojirowashi-7D2M6378-2552-1572-366-198.JPG,1,Ojirowashi
tool_bird_class_train/Ojirowashi_White_Tailed_Eagle/AAS1_ojirowashi-7D2M6380-2502-1517-535-222.JPG,1,Ojirowashi
tool_bird_class_train/Ojirowashi_White_Tailed_Eagle/AAS1_ojirowashi-7D2M6381-2612-1386-362-239.JPG,1,Ojirowashi
tool_bird_class_train/Ojirowashi_White_Tailed_Eagle/AAS1_ojirowashi-7D2M6412-2400-1411-555-530.JPG,1,Ojirowashi
tool_bird_class_train/Ojirowashi_White_Tailed_Eagle/AAS1_ojirowashi-7D2M6415-2487-1811-331-434.JPG,1,Ojirowashi
tool_bird_class_train/Ojirowashi_White_Tailed_Eagle/AAS1_ojirowashi-7D2M6419-2282-1696-286-229.JPG,1,Ojirowashi
tool_bird_class_train/Ojirowashi_White_Tailed_Eagle/AAS1_ojirowashi-7D2M6426-2624-1715-299-347.JPG,1,Ojirowashi
tool_bird_class_train/Ojirowashi_White_Tailed_Eagle/AAS1_ojirowashi-7D2M6435-2387-1724-196-251.JPG,1,Ojirowashi
tool_bird_class_train/Ojirowashi_White_Tailed_Eagle/AAS1_ojirowashi-7D2M6436-2184-1691-536-283.JPG,1,Ojirowashi
tool_bird_class_train/Ojirowashi_White_Tailed_Eagle/AAS1_ojirowashi-7D2M6438-2912-1398-357-395.JPG,1,Ojirowashi
tool_bird_class_train/Ojirowashi_White_Tailed_Eagle/AAS1_ojirowashi-7D2M6439-3070-1668-372-398.JPG,1,Ojirowashi
tool_bird_class_train/Ojirowashi_White_Tailed_Eagle/AAS1_ojirowashi-7D2M6440-2432-1666-516-280.JPG,1,Ojirowashi
tool_bird_class_train/Ojirowashi_White_Tailed_Eagle/AAS1_ojirowashi-7D2M6441-2483-1565-494-283.JPG,1,Ojirowashi
tool_bird_class_train/Ojirowashi_White_Tailed_Eagle/AAS1_ojirowashi-7D2M6442-2499-1635-327-296.JPG,1,Ojirowashi
tool_bird_class_train/Ojirowashi_White_Tailed_Eagle/AAS1_ojirowashi-7D2M6443-2551-1635-331-286.JPG,1,Ojirowashi
tool_bird_class_train/Ojirowashi_White_Tailed_Eagle/AAS1_ojirowashi-7D2M6444-2468-1566-501-168.JPG,1,Ojirowashi
tool_bird_class_train/Ojirowashi_White_Tailed_Eagle/AAS1_ojirowashi-7D2M6445-2432-1331-497-174.JPG,1,Ojirowashi
tool_bird_class_train/Ojirowashi_White_Tailed_Eagle/AAS1_ojirowashi-7D2M6446-2746-1648-533-444.JPG,1,Ojirowashi
tool_bird_class_train/Ojirowashi_White_Tailed_Eagle/AAS1_ojirowashi-7D2M6447-2494-1794-366-473.JPG,1,Ojirowashi
tool_bird_class_train/Ojirowashi_White_Tailed_Eagle/AAS1_ojirowashi-7D2M6448-2617-1442-787-338.JPG,1,Ojirowashi
tool_bird_class_train/Ojirowashi_White_Tailed_Eagle/AAS1_ojirowashi-7D2M6449-2464-1510-792-347.JPG,1,Ojirowashi
tool_bird_class_train/Ojirowashi_White_Tailed_Eagle/AAS1_ojirowashi-7D2M6450-2595-1720-370-162.JPG,1,Ojirowashi
tool_bird_class_train/Ojirowashi_White_Tailed_Eagle/AAS1_ojirowashi-7D2M6451-2656-1680-348-152.JPG,1,Ojirowashi
tool_bird_class_train/Ojirowashi_White_Tailed_Eagle/AAS1_ojirowashi-7D2M6452-2387-1622-366-152.JPG,1,Ojirowashi
tool_bird_class_train/Ojirowashi_White_Tailed_Eagle/AAS1_ojirowashi-7D2M6454-2709-1517-364-536.JPG,1,Ojirowashi
tool_bird_class_train/Ojirowashi_White_Tailed_Eagle/AAS1_ojirowashi-7D2M6455-2494-1692-793-480.JPG,1,Ojirowashi
tool_bird_class_train/Ojirowashi_White_Tailed_Eagle/AAS1_ojirowashi-7D2M6456-2364-1683-784-499.JPG,1,Ojirowashi
tool_bird_class_train/Ojirowashi_White_Tailed_Eagle/AAS1_ojirowashi-7D2M6458-2666-2072-591-137.JPG,1,Ojirowashi
tool_bird_class_train/Ojirowashi_White_Tailed_Eagle/AAS1_ojirowashi-7D2M6459-2416-1997-481-152.JPG,1,Ojirowashi
tool_bird_class_train/Ojirowashi_White_Tailed_Eagle/AAS1_ojirowashi-7D2M6460-2135-1870-465-145.JPG,1,Ojirowashi
tool_bird_class_train/Ojirowashi_White_Tailed_Eagle/AAS1_ojirowashi-7D2M6461-2392-1776-354-260.JPG,1,Ojirowashi
tool_bird_class_train/Ojirowashi_White_Tailed_Eagle/AAS1_ojirowashi-7D2M6462-1843-1629-1106-495.JPG,1,Ojirowashi
tool_bird_class_train/Ojirowashi_White_Tailed_Eagle/AAS1_ojirowashi-7D2M6463-2022-1495-1106-514.JPG,1,Ojirowashi
tool_bird_class_train/Ojirowashi_White_Tailed_Eagle/AAS1_ojirowashi-7D2M6464-2235-1641-1213-344.JPG,1,Ojirowashi
tool_bird_class_train/Ojirowashi_White_Tailed_Eagle/AAS1_ojirowashi-7D2M6466-1787-1693-1839-659.JPG,1,Ojirowashi
tool_bird_class_train/Ojirowashi_White_Tailed_Eagle/AAS1_ojirowashi-7D2M6468-1929-1177-2054-821.JPG,1,Ojirowashi
tool_bird_class_train/Ojirowashi_White_Tailed_Eagle/AAS1_ojirowashi-7D2M6469-1759-1126-2057-837.JPG,1,Ojirowashi
tool_bird_class_train/Ojirowashi_White_Tailed_Eagle/AAS1_ojirowashi-7D2M6470-1348-1264-2230-1046.JPG,1,Ojirowashi
tool_bird_class_train/Ojirowashi_White_Tailed_Eagle/AAS1_ojirowashi-7D2M6471-1404-1030-2256-1055.JPG,1,Ojirowashi
tool_bird_class_train/Ojirowashi_White_Tailed_Eagle/AAS1_ojirowashi-7D2M6472-1272-1145-2583-1401.JPG,1,Ojirowashi
tool_bird_class_train/Ojirowashi_White_Tailed_Eagle/AAS1_ojirowashi-7D2M6473-1346-1123-2592-1440.JPG,1,Ojirowashi
tool_bird_class_train/Ojirowashi_White_Tailed_Eagle/AAS1_ojirowashi-7D2M6474-1492-908-2645-2090.JPG,1,Ojirowashi
tool_bird_class_train/Ojirowashi_White_Tailed_Eagle/AAS1_ojirowashi-7D2M6476-1031-889-2604-2666.JPG,1,Ojirowashi
tool_bird_class_train/Ojirowashi_White_Tailed_Eagle/AAS1_ojirowashi-7D2M6477-1023-884-2594-2756.JPG,1,Ojirowashi
tool_bird_class_train/Ojirowashi_White_Tailed_Eagle/AAS1_ojirowashi-7D2M6478-1001-24-2520-2777.JPG,1,Ojirowashi
tool_bird_class_train/Ojirowashi_White_Tailed_Eagle/AAS1_ojirowashi-7D2M6480-228-173-2535-2982.JPG,1,Ojirowashi
tool_bird_class_train/Ojirowashi_White_Tailed_Eagle/AAS1_ojirowashi-7D2M6493-670-1257-2981-1267.JPG,1,Ojirowashi
tool_bird_class_train/Ojirowashi_White_Tailed_Eagle/AAS1_ojirowashi-7D2M6494-1348-1171-2934-1202.JPG,1,Ojirowashi
tool_bird_class_train/Ojirowashi_White_Tailed_Eagle/AAS1_ojirowashi-7D2M6495-1554-661-2794-1151.JPG,1,Ojirowashi
tool_bird_class_train/Ojirowashi_White_Tailed_Eagle/AAS1_ojirowashi-7D2M6496-1535-413-2847-1230.JPG,1,Ojirowashi
tool_bird_class_train/Ojirowashi_White_Tailed_Eagle/AAS1_ojirowashi-7D2M6497-1225-596-3063-1850.JPG,1,Ojirowashi
tool_bird_class_train/Ojirowashi_White_Tailed_Eagle/AAS1_ojirowashi-7D2M6498-800-610-3015-1907.JPG,1,Ojirowashi
tool_bird_class_train/Ojirowashi_White_Tailed_Eagle/AAS1_ojirowashi-7D2M6499-1927-174-2391-2835.JPG,1,Ojirowashi
tool_bird_class_train/Ojirowashi_White_Tailed_Eagle/AAS1_ojirowashi-7D2M6501-2190-481-2117-2917.JPG,1,Ojirowashi
tool_bird_class_train/Ojirowashi_White_Tailed_Eagle/AAS1_ojirowashi-7D2M6502-2203-562-2012-2991.JPG,1,Ojirowashi
tool_bird_class_train/Ojirowashi_White_Tailed_Eagle/AAS1_ojirowashi-7D2M6503-1799-230-1836-3038.JPG,1,Ojirowashi
tool_bird_class_train/Ojirowashi_White_Tailed_Eagle/AAS1_ojirowashi-7D2M6509-2054-1052-978-1798.JPG,1,Ojirowashi
tool_bird_class_train/Ojirowashi_White_Tailed_Eagle/AAS1_ojirowashi-7D2M6511-2234-594-943-1741.JPG,1,Ojirowashi
tool_bird_class_train/Ojirowashi_White_Tailed_Eagle/AAS1_ojirowashi-7D2M6512-2491-532-1065-1731.JPG,1,Ojirowashi
tool_bird_class_train/Ojirowashi_White_Tailed_Eagle/AAS1_ojirowashi-7D2M6513-2256-1537-1516-399.JPG,1,Ojirowashi
tool_bird_class_train/Ojirowashi_White_Tailed_Eagle/AAS1_ojirowashi-7D2M6514-2461-1539-1506-376.JPG,1,Ojirowashi
tool_bird_class_train/Ojirowashi_White_Tailed_Eagle/AAS1_ojirowashi-7D2M6515-2366-1705-1104-544.JPG,1,Ojirowashi
tool_bird_class_train/Ojirowashi_White_Tailed_Eagle/AAS1_ojirowashi-7D2M6516-2621-1960-1075-496.JPG,1,Ojirowashi
tool_bird_class_train/Ojirowashi_White_Tailed_Eagle/AAS1_ojirowashi-7D2M6517-1519-1526-1010-312.JPG,1,Ojirowashi
tool_bird_class_train/Ojirowashi_White_Tailed_Eagle/AAS1_ojirowashi-7D2M6518-1743-1549-975-306.JPG,1,Ojirowashi
tool_bird_class_train/Ojirowashi_White_Tailed_Eagle/AAS1_ojirowashi-7D2M6520-2198-1196-1035-498.JPG,1,Ojirowashi
tool_bird_class_train/Ojirowashi_White_Tailed_Eagle/AAS1_ojirowashi-7D2M6521-2426-1425-1033-494.JPG,1,Ojirowashi
tool_bird_class_train/Ojirowashi_White_Tailed_Eagle/AAS1_ojirowashi-7D2M6524-1955-1667-1116-405.JPG,1,Ojirowashi
tool_bird_class_train/Ojirowashi_White_Tailed_Eagle/AAS1_ojirowashi-7D2M6525-2586-1277-1094-532.JPG,1,Ojirowashi
tool_bird_class_train/Ojirowashi_White_Tailed_Eagle/AAS1_ojirowashi-7D2M6532-2256-951-1189-543.JPG,1,Ojirowashi
tool_bird_class_train/Ojirowashi_White_Tailed_Eagle/AAS1_ojirowashi-7D2M6533-2429-1050-1189-516.JPG,1,Ojirowashi
tool_bird_class_train/Ojirowashi_White_Tailed_Eagle/AAS1_ojirowashi-7D2M6535-2169-2146-1200-379.JPG,1,Ojirowashi
tool_bird_class_train/Ojirowashi_White_Tailed_Eagle/AAS1_ojirowashi-7D2M6536-2605-1659-1206-399.JPG,1,Ojirowashi
tool_bird_class_train/Ojirowashi_White_Tailed_Eagle/AAS1_ojirowashi-7D2M6537-2298-1552-1244-408.JPG,1,Ojirowashi
tool_bird_class_train/Ojirowashi_White_Tailed_Eagle/AAS1_ojirowashi-7D2M6538-2159-1726-1264-425.JPG,1,Ojirowashi
tool_bird_class_train/Ojirowashi_White_Tailed_Eagle/AAS1_ojirowashi-7D2M6540-2025-1417-1852-629.JPG,1,Ojirowashi
tool_bird_class_train/Ojirowashi_White_Tailed_Eagle/AAS1_ojirowashi-7D2M6543-1685-1779-2090-504.JPG,1,Ojirowashi
tool_bird_class_train/Ojirowashi_White_Tailed_Eagle/AAS1_ojirowashi-7D2M6545-2320-1658-926-235.JPG,1,Ojirowashi
tool_bird_class_train/Ojirowashi_White_Tailed_Eagle/AAS1_ojirowashi-7D2M6546-2554-1405-577-383.JPG,1,Ojirowashi
tool_bird_class_train/Ojirowashi_White_Tailed_Eagle/AAS1_ojirowashi-7D2M6548-2316-1688-477-270.JPG,1,Ojirowashi
tool_bird_class_train/Ojirowashi_White_Tailed_Eagle/AAS1_ojirowashi-7D2M6549-2239-1542-805-196.JPG,1,Ojirowashi
tool_bird_class_train/Ojirowashi_White_Tailed_Eagle/AAS1_ojirowashi-7D2M6550-2378-1613-811-184.JPG,1,Ojirowashi
tool_bird_class_train/Ojirowashi_White_Tailed_Eagle/AAS1_ojirowashi-7D2M6551-2434-1575-464-476.JPG,1,Ojirowashi
tool_bird_class_train/Ojirowashi_White_Tailed_Eagle/AAS1_ojirowashi-7D2M6553-2409-1629-388-479.JPG,1,Ojirowashi
tool_bird_class_train/Ojirowashi_White_Tailed_Eagle/AAS1_ojirowashi-7D2M6554-2347-1393-416-475.JPG,1,Ojirowashi
tool_bird_class_train/Ojirowashi_White_Tailed_Eagle/AAS1_ojirowashi-7D2M6556-2277-1599-872-132.JPG,1,Ojirowashi
tool_bird_class_train/Ojirowashi_White_Tailed_Eagle/AAS1_ojirowashi-7D2M6557-2650-1616-329-414.JPG,1,Ojirowashi
tool_bird_class_train/Ojirowashi_White_Tailed_Eagle/AAS1_ojirowashi-7D2M6559-2467-1596-698-589.JPG,1,Ojirowashi
tool_bird_class_train/Ojirowashi_White_Tailed_Eagle/AAS1_ojirowashi-7D2M6560-2275-1182-584-831.JPG,1,Ojirowashi
tool_bird_class_train/Ojirowashi_White_Tailed_Eagle/AAS1_ojirowashi-7D2M6600-2083-1676-959-323.JPG,1,Ojirowashi
tool_bird_class_train/Ojirowashi_White_Tailed_Eagle/AAS1_ojirowashi-7D2M6601-2234-1634-882-246.JPG,1,Ojirowashi
tool_bird_class_train/Ojirowashi_White_Tailed_Eagle/AAS1_ojirowashi-7D2M6605-2270-1374-1095-452.JPG,1,Ojirowashi
tool_bird_class_train/Ojirowashi_White_Tailed_Eagle/AAS1_ojirowashi-7D2M6606-2515-1614-1002-356.JPG,1,Ojirowashi
tool_bird_class_train/Ojirowashi_White_Tailed_Eagle/AAS1_ojirowashi-7D2M6607-2722-1204-1088-606.JPG,1,Ojirowashi
tool_bird_class_train/Ojirowashi_White_Tailed_Eagle/AAS1_ojirowashi-7D2M6609-2660-1668-1068-801.JPG,1,Ojirowashi
tool_bird_class_train/Ojirowashi_White_Tailed_Eagle/AAS1_ojirowashi-7D2M6610-2613-1798-938-557.JPG,1,Ojirowashi
tool_bird_class_train/Ojirowashi_White_Tailed_Eagle/AAS1_ojirowashi-7D2M6611-1724-1407-1053-481.JPG,1,Ojirowashi
tool_bird_class_train/Ojirowashi_White_Tailed_Eagle/AAS1_ojirowashi-7D2M6613-2018-1504-1031-935.JPG,1,Ojirowashi
tool_bird_class_train/Ojirowashi_White_Tailed_Eagle/AAS1_ojirowashi-7D2M6614-1845-1842-1186-903.JPG,1,Ojirowashi
tool_bird_class_train/Ojirowashi_White_Tailed_Eagle/AAS1_ojirowashi-7D2M6615-1939-1408-1136-500.JPG,1,Ojirowashi
tool_bird_class_train/Ojirowashi_White_Tailed_Eagle/AAS1_ojirowashi-7D2M6616-1924-1323-1225-517.JPG,1,Ojirowashi
tool_bird_class_train/Ojirowashi_White_Tailed_Eagle/AAS1_ojirowashi-7D2M6618-1824-945-1336-1032.JPG,1,Ojirowashi
tool_bird_class_train/Ojirowashi_White_Tailed_Eagle/AAS1_ojirowashi-7D2M6620-2189-1641-1324-406.JPG,1,Ojirowashi
tool_bird_class_train/Ojirowashi_White_Tailed_Eagle/AAS1_ojirowashi-7D2M6621-2054-1367-1197-1367.JPG,1,Ojirowashi
tool_bird_class_train/Ojirowashi_White_Tailed_Eagle/AAS1_ojirowashi-7D2M6623-2097-1422-1492-577.JPG,1,Ojirowashi
tool_bird_class_train/Ojirowashi_White_Tailed_Eagle/AAS1_ojirowashi-7D2M6624-2284-1388-1421-654.JPG,1,Ojirowashi
tool_bird_class_train/Ojirowashi_White_Tailed_Eagle/AAS1_ojirowashi-7D2M6625-1924-1417-1420-1324.JPG,1,Ojirowashi
tool_bird_class_train/Ojirowashi_White_Tailed_Eagle/AAS1_ojirowashi-7D2M6627-2227-920-1009-1439.JPG,1,Ojirowashi
tool_bird_class_train/Ojirowashi_White_Tailed_Eagle/AAS1_ojirowashi-7D2M6628-2472-1100-1009-1425.JPG,1,Ojirowashi
tool_bird_class_train/Ojirowashi_White_Tailed_Eagle/AAS1_ojirowashi-7D2M6631-2203-1277-1011-1082.JPG,1,Ojirowashi
tool_bird_class_train/Ojirowashi_White_Tailed_Eagle/AAS1_ojirowashi-7D2M6632-2184-1129-1023-1144.JPG,1,Ojirowashi
tool_bird_class_train/Ojirowashi_White_Tailed_Eagle/AAS1_ojirowashi-7D2M6633-2405-1561-569-390.JPG,1,Ojirowashi
tool_bird_class_train/Ojirowashi_White_Tailed_Eagle/AAS1_ojirowashi-7D2M6635-2770-1700-507-246.JPG,1,Ojirowashi
tool_bird_class_train/Ojirowashi_White_Tailed_Eagle/AAS1_ojirowashi-7D2M6636-2379-1352-548-424.JPG,1,Ojirowashi
tool_bird_class_train/Ojirowashi_White_Tailed_Eagle/AAS1_ojirowashi-7D2M6637-2357-1770-504-287.JPG,1,Ojirowashi
tool_bird_class_train/Ojirowashi_White_Tailed_Eagle/AAS1_ojirowashi-7D2M6638-2501-1402-512-352.JPG,1,Ojirowashi
tool_bird_class_train/Ojirowashi_White_Tailed_Eagle/AAS1_ojirowashi-7D2M6639-2624-1792-591-445.JPG,1,Ojirowashi
tool_bird_class_train/Ojirowashi_White_Tailed_Eagle/AAS1_ojirowashi-7D2M6640-2811-1936-599-496.JPG,1,Ojirowashi
tool_bird_class_train/Ojirowashi_White_Tailed_Eagle/AAS1_ojirowashi-7D2M6641-2472-1441-555-784.JPG,1,Ojirowashi
tool_bird_class_train/Ojirowashi_White_Tailed_Eagle/AAS1_ojirowashi-7D2M6642-2345-1174-632-695.JPG,1,Ojirowashi
tool_bird_class_train/Ojirowashi_White_Tailed_Eagle/AAS1_ojirowashi-7D2M6643-3148-1242-593-491.JPG,1,Ojirowashi
tool_bird_class_train/Ojirowashi_White_Tailed_Eagle/AAS1_ojirowashi-7D2M6644-3087-1571-502-260.JPG,1,Ojirowashi
tool_bird_class_train/Ojirowashi_White_Tailed_Eagle/AAS1_ojirowashi-7D2M6645-2242-1503-735-907.JPG,1,Ojirowashi
tool_bird_class_train/Ojirowashi_White_Tailed_Eagle/AAS1_ojirowashi-7D2M6646-2089-1225-635-469.JPG,1,Ojirowashi
tool_bird_class_train/Ojirowashi_White_Tailed_Eagle/AAS1_ojirowashi-7D2M6650-2318-1321-854-419.JPG,1,Ojirowashi
tool_bird_class_train/Ojirowashi_White_Tailed_Eagle/AAS1_ojirowashi-7D2M6655-2321-1720-231-308.JPG,1,Ojirowashi
tool_bird_class_train/Ojirowashi_White_Tailed_Eagle/AAS1_ojirowashi-7D2M6657-2083-1734-692-928.JPG,1,Ojirowashi
tool_bird_class_train/Ojirowashi_White_Tailed_Eagle/AAS1_ojirowashi-7D2M6660-1802-923-688-1141.JPG,1,Ojirowashi
tool_bird_class_train/Ojirowashi_White_Tailed_Eagle/AAS1_ojirowashi-7D2M6662-2631-1965-562-892.JPG,1,Ojirowashi
tool_bird_class_train/Ojirowashi_White_Tailed_Eagle/AAS1_ojirowashi-7D2M6663-2148-1532-526-914.JPG,1,Ojirowashi
tool_bird_class_train/Ojirowashi_White_Tailed_Eagle/AAS1_ojirowashi-7D2M6664-2191-934-634-946.JPG,1,Ojirowashi
tool_bird_class_train/Ojirowashi_White_Tailed_Eagle/AAS1_ojirowashi-7D2M6666-1593-1071-1225-624.JPG,1,Ojirowashi
tool_bird_class_train/Ojirowashi_White_Tailed_Eagle/AAS1_ojirowashi-7D2M6667-1488-2080-1186-503.JPG,1,Ojirowashi
tool_bird_class_train/Ojirowashi_White_Tailed_Eagle/AAS1_ojirowashi-7D2M6669-2386-1734-872-351.JPG,1,Ojirowashi
tool_bird_class_train/Ojirowashi_White_Tailed_Eagle/AAS1_ojirowashi-7D2M6670-2807-1810-938-438.JPG,1,Ojirowashi
tool_bird_class_train/Ojirowashi_White_Tailed_Eagle/AAS1_ojirowashi-7D2M6691-2530-1789-499-181.JPG,1,Ojirowashi
tool_bird_class_train/Ojirowashi_White_Tailed_Eagle/AAS1_ojirowashi-7D2M6692-2391-1600-512-236.JPG,1,Ojirowashi
tool_bird_class_train/Ojirowashi_White_Tailed_Eagle/AAS1_ojirowashi-7D2M6694-2681-2117-520-336.JPG,1,Ojirowashi
tool_bird_class_train/Ojirowashi_White_Tailed_Eagle/AAS1_ojirowashi-7D2M6695-2496-1546-478-371.JPG,1,Ojirowashi
tool_bird_class_train/Ojirowashi_White_Tailed_Eagle/AAS1_ojirowashi-7D2M6696-2590-1419-555-404.JPG,1,Ojirowashi
tool_bird_class_train/Ojirowashi_White_Tailed_Eagle/AAS1_ojirowashi-7D2M6697-2732-1377-515-449.JPG,1,Ojirowashi
tool_bird_class_train/Ojirowashi_White_Tailed_Eagle/AAS1_ojirowashi-7D2M6700-2496-1421-906-400.JPG,1,Ojirowashi
tool_bird_class_train/Ojirowashi_White_Tailed_Eagle/AAS1_ojirowashi-7D2M6720-1-1902-1156-435-395.JPG,1,Ojirowashi
tool_bird_class_train/Ojirowashi_White_Tailed_Eagle/AAS1_ojirowashi-7D2M6720-2580-1350-593-253.JPG,1,Ojirowashi
tool_bird_class_train/Ojirowashi_White_Tailed_Eagle/AAS1_ojirowashi-7D2M6722-2544-1869-456-194.JPG,1,Ojirowashi
tool_bird_class_train/Ojirowashi_White_Tailed_Eagle/AAS1_ojirowashi-7D2M6724-2467-1441-633-524.JPG,1,Ojirowashi
tool_bird_class_train/Ojirowashi_White_Tailed_Eagle/AAS1_ojirowashi-7D2M6725-2317-1744-837-309.JPG,1,Ojirowashi
tool_bird_class_train/Ojirowashi_White_Tailed_Eagle/AAS1_ojirowashi-7D2M6726-2810-1590-501-223.JPG,1,Ojirowashi
tool_bird_class_train/Ojirowashi_White_Tailed_Eagle/AAS1_ojirowashi-7D2M6728-2765-1754-599-543.JPG,1,Ojirowashi
tool_bird_class_train/Ojirowashi_White_Tailed_Eagle/AAS1_ojirowashi-7D2M6731-2717-1425-556-596.JPG,1,Ojirowashi
tool_bird_class_train/Ojirowashi_White_Tailed_Eagle/AAS1_ojirowashi-7D2M6732-2301-1670-536-492.JPG,1,Ojirowashi
tool_bird_class_train/Ojirowashi_White_Tailed_Eagle/AAS1_ojirowashi-7D2M6733-2266-1662-589-385.JPG,1,Ojirowashi
tool_bird_class_train/Ojirowashi_White_Tailed_Eagle/AAS1_ojirowashi-7D2M6734-3038-1594-462-415.JPG,1,Ojirowashi
tool_bird_class_train/Ojirowashi_White_Tailed_Eagle/AAS1_ojirowashi-7D2M6735-3230-1494-526-283.JPG,1,Ojirowashi
tool_bird_class_train/Ojirowashi_White_Tailed_Eagle/AAS1_ojirowashi-7D2M6736-1909-1671-713-351.JPG,1,Ojirowashi
tool_bird_class_train/Ojirowashi_White_Tailed_Eagle/AAS1_ojirowashi-7D2M6738-2890-1523-589-438.JPG,1,Ojirowashi
tool_bird_class_train/Ojirowashi_White_Tailed_Eagle/AAS1_ojirowashi-7D2M6741-2410-1816-435-375.JPG,1,Ojirowashi
tool_bird_class_train/Ojirowashi_White_Tailed_Eagle/AAS1_ojirowashi-7D2M6742-2371-1873-430-294.JPG,1,Ojirowashi
tool_bird_class_train/Ojirowashi_White_Tailed_Eagle/AAS1_ojirowashi-7D2M6745-2797-1641-389-344.JPG,1,Ojirowashi
tool_bird_class_train/Ojirowashi_White_Tailed_Eagle/AAS1_ojirowashi-7D2M6746-2477-1609-473-342.JPG,1,Ojirowashi
tool_bird_class_train/Ojirowashi_White_Tailed_Eagle/AAS1_ojirowashi-7D2M6757-2174-1392-680-496.JPG,1,Ojirowashi
tool_bird_class_train/Ojirowashi_White_Tailed_Eagle/AAS1_ojirowashi-7D2M6767-2285-1427-718-702.JPG,1,Ojirowashi
tool_bird_class_train/Ojirowashi_White_Tailed_Eagle/AAS1_ojirowashi-7D2M6769-2054-1450-728-834.JPG,1,Ojirowashi
tool_bird_class_train/Ojirowashi_White_Tailed_Eagle/AAS1_ojirowashi-7D2M6772-2685-1731-366-239.JPG,1,Ojirowashi
tool_bird_class_train/Ojirowashi_White_Tailed_Eagle/AAS1_ojirowashi-7D2M6786-1-409-858-1902-519.JPG,1,Ojirowashi
tool_bird_class_train/Ojirowashi_White_Tailed_Eagle/AAS1_ojirowashi-7D2M6793-2552-1590-1110-878.JPG,1,Ojirowashi
tool_bird_class_train/Ojirowashi_White_Tailed_Eagle/AAS1_ojirowashi-7D2M6795-2924-1523-764-913.JPG,1,Ojirowashi
tool_bird_class_train/Ojirowashi_White_Tailed_Eagle/AAS1_ojirowashi-7D2M6806-1617-1431-814-400.JPG,1,Ojirowashi
tool_bird_class_train/Ojirowashi_White_Tailed_Eagle/AAS1_ojirowashi-7D2M6811-2804-1604-810-270.JPG,1,Ojirowashi
tool_bird_class_train/Ojirowashi_White_Tailed_Eagle/AAS1_ojirowashi-7D2M6815-2341-1445-972-528.JPG,1,Ojirowashi
tool_bird_class_train/Ojirowashi_White_Tailed_Eagle/AAS1_ojirowashi-7D2M6894-2262-1962-997-546.JPG,1,Ojirowashi
tool_bird_class_train/Ojirowashi_White_Tailed_Eagle/AAS1_ojirowashi-7D2M6895-2281-2115-721-492.JPG,1,Ojirowashi
tool_bird_class_train/Ojirowashi_White_Tailed_Eagle/AAS1_ojirowashi-7D2M6898-2569-1680-1058-573.JPG,1,Ojirowashi
tool_bird_class_train/Ojirowashi_White_Tailed_Eagle/AAS1_ojirowashi-7D2M6900-2730-1670-908-560.JPG,1,Ojirowashi
tool_bird_class_train/Ojirowashi_White_Tailed_Eagle/AAS1_ojirowashi-7D2M6905-2895-1128-855-551.JPG,1,Ojirowashi
tool_bird_class_train/Ojirowashi_White_Tailed_Eagle/AAS1_ojirowashi-7D2M6909-2674-1042-727-495.JPG,1,Ojirowashi
tool_bird_class_train/Ojirowashi_White_Tailed_Eagle/AAS1_ojirowashi-7D2M6935-2278-1666-666-206.JPG,1,Ojirowashi
tool_bird_class_train/Ojirowashi_White_Tailed_Eagle/AAS1_ojirowashi-7D2M6936-2407-1709-731-268.JPG,1,Ojirowashi
tool_bird_class_train/Ojirowashi_White_Tailed_Eagle/AAS1_ojirowashi-7D2M6937-2581-1173-1301-865.JPG,1,Ojirowashi
tool_bird_class_train/Ojirowashi_White_Tailed_Eagle/AAS1_ojirowashi-7D2M6938-2367-1695-781-371.JPG,1,Ojirowashi
tool_bird_class_train/Ojirowashi_White_Tailed_Eagle/AAS1_ojirowashi-7D2M6939-2365-1609-648-300.JPG,1,Ojirowashi
tool_bird_class_train/Ojirowashi_White_Tailed_Eagle/AAS1_ojirowashi-7D2M6940-1984-1770-1279-662.JPG,1,Ojirowashi
tool_bird_class_train/Ojirowashi_White_Tailed_Eagle/AAS1_ojirowashi-7D2M6943-1885-1608-720-841.JPG,1,Ojirowashi
tool_bird_class_train/Ojirowashi_White_Tailed_Eagle/AAS1_ojirowashi-7D2M6944-2242-1610-846-986.JPG,1,Ojirowashi
tool_bird_class_train/Ojirowashi_White_Tailed_Eagle/AAS1_ojirowashi-7D2M6946-2165-1431-497-289.JPG,1,Ojirowashi
tool_bird_class_train/Ojirowashi_White_Tailed_Eagle/AAS1_ojirowashi-7D2M6947-2852-946-696-992.JPG,1,Ojirowashi
tool_bird_class_train/Ojirowashi_White_Tailed_Eagle/AAS1_ojirowashi-7D2M6948-2131-1307-857-808.JPG,1,Ojirowashi
tool_bird_class_train/Ojirowashi_White_Tailed_Eagle/AAS1_ojirowashi-7D2M6949-2443-1828-443-253.JPG,1,Ojirowashi
tool_bird_class_train/Ojirowashi_White_Tailed_Eagle/AAS1_ojirowashi-7D2M6950-2570-1472-575-902.JPG,1,Ojirowashi
tool_bird_class_train/Ojirowashi_White_Tailed_Eagle/AAS1_ojirowashi-7D2M6951-2448-1647-689-371.JPG,1,Ojirowashi
tool_bird_class_train/Ojirowashi_White_Tailed_Eagle/AAS1_ojirowashi-7D2M6953-1824-1216-420-309.JPG,1,Ojirowashi
tool_bird_class_train/Ojirowashi_White_Tailed_Eagle/AAS1_ojirowashi-7D2M6954-1777-1226-367-250.JPG,1,Ojirowashi
tool_bird_class_train/Ojirowashi_White_Tailed_Eagle/AAS1_ojirowashi-7D2M6958-2810-1587-225-159.JPG,1,Ojirowashi
tool_bird_class_train/Ojirowashi_White_Tailed_Eagle/AAS1_ojirowashi-7D2M6960-2304-1681-622-241.JPG,1,Ojirowashi
tool_bird_class_train/Ojirowashi_White_Tailed_Eagle/AAS1_ojirowashi-7D2M6967-2544-1864-195-199.JPG,1,Ojirowashi
tool_bird_class_train/Ojirowashi_White_Tailed_Eagle/AAS1_ojirowashi-7D2M6970-2220-1738-463-593.JPG,1,Ojirowashi
tool_bird_class_train/Ojirowashi_White_Tailed_Eagle/AAS1_ojirowashi-7D2M6971-1979-1542-421-497.JPG,1,Ojirowashi
tool_bird_class_train/Ojirowashi_White_Tailed_Eagle/AAS1_ojirowashi-7D2M6973-2179-1624-825-442.JPG,1,Ojirowashi
tool_bird_class_train/Ojirowashi_White_Tailed_Eagle/AAS1_ojirowashi-7D2M6974-2228-1377-1112-555.JPG,1,Ojirowashi
tool_bird_class_train/Ojirowashi_White_Tailed_Eagle/AAS1_ojirowashi-7D2M6975-2541-1686-568-252.JPG,1,Ojirowashi
tool_bird_class_train/Ojirowashi_White_Tailed_Eagle/AAS1_ojirowashi-7D2M6976-2458-1597-656-330.JPG,1,Ojirowashi
tool_bird_class_train/Ojirowashi_White_Tailed_Eagle/AAS1_ojirowashi-7D2M6978-2508-1518-534-575.JPG,1,Ojirowashi
tool_bird_class_train/Ojirowashi_White_Tailed_Eagle/AAS1_ojirowashi-7D2M6979-2583-1720-488-260.JPG,1,Ojirowashi
tool_bird_class_train/Ojirowashi_White_Tailed_Eagle/AAS1_ojirowashi-7D2M6980-2609-1655-527-322.JPG,1,Ojirowashi
tool_bird_class_train/Ojirowashi_White_Tailed_Eagle/AAS1_ojirowashi-7D2M6981-2512-1545-479-566.JPG,1,Ojirowashi
tool_bird_class_train/Ojirowashi_White_Tailed_Eagle/AAS1_ojirowashi-7D2M6982-2213-1713-624-697.JPG,1,Ojirowashi
tool_bird_class_train/Ojirowashi_White_Tailed_Eagle/AAS1_ojirowashi-7D2M6983-2523-1211-465-622.JPG,1,Ojirowashi
tool_bird_class_train/Ojirowashi_White_Tailed_Eagle/AAS1_ojirowashi-7D2M9828-2924-1446-345-446.JPG,1,Ojirowashi
tool_bird_class_train/Ojirowashi_White_Tailed_Eagle/AAS1_ojirowashi-7D2M9833-2570-1494-349-478.JPG,1,Ojirowashi
tool_bird_class_train/Ojirowashi_White_Tailed_Eagle/AAS1_ojirowashi-7D2M9844-2352-1816-702-355.JPG,1,Ojirowashi
tool_bird_class_train/Ojirowashi_White_Tailed_Eagle/AAS1_ojirowashi-7D2M9845-2307-1897-523-342.JPG,1,Ojirowashi
tool_bird_class_train/Ojirowashi_White_Tailed_Eagle/AAS1_ojirowashi-7D2M9851-3018-1433-348-623.JPG,1,Ojirowashi
tool_bird_class_train/Ojirowashi_White_Tailed_Eagle/AAS1_ojirowashi-7D2M9857-1-277-475-1262-557.JPG,1,Ojirowashi
tool_bird_class_train/Ojirowashi_White_Tailed_Eagle/AAS1_ojirowashi-7D2M9857-2566-1638-1261-566.JPG,1,Ojirowashi
tool_bird_class_train/Ojirowashi_White_Tailed_Eagle/AAS1_ojirowashi-7D2M9862-1974-898-1314-591.JPG,1,Ojirowashi
tool_bird_class_train/Ojirowashi_White_Tailed_Eagle/AAS1_ojirowashi-7D2M9878-2099-741-789-1119.JPG,1,Ojirowashi
tool_bird_class_train/Ojirowashi_White_Tailed_Eagle/AAS1_ojirowashi-7D2M9881-2141-1026-507-1068.JPG,1,Ojirowashi
tool_bird_class_train/Ojirowashi_White_Tailed_Eagle/AAS1_ojirowashi-7D2M9890-2131-1475-1189-482.JPG,1,Ojirowashi
tool_bird_class_train/Ojirowashi_White_Tailed_Eagle/AAS1_ojirowashi-7D2M9919-2634-1614-91-141.JPG,1,Ojirowashi
tool_bird_class_train/Ojirowashi_White_Tailed_Eagle/AAS1_ojirowashi-7D2M9922-2687-1670-78-87.JPG,1,Ojirowashi
tool_bird_class_train/Ojirowashi_White_Tailed_Eagle/AAS1_ojirowashi-7D2M9932-1-2325-1213-86-104.JPG,1,Ojirowashi
tool_bird_class_train/Ojirowashi_White_Tailed_Eagle/AAS1_ojirowashi-7D2M9981-2629-1881-189-45.JPG,1,Ojirowashi
tool_bird_class_train/Ojirowashi_White_Tailed_Eagle/AAS1_ojirowashi-7D2M9999-2651-1900-177-72.JPG,1,Ojirowashi
tool_bird_class_train/Ojirowashi_White_Tailed_Eagle/AAS1_ojirowashi-7DMA0804-2753-2031-252-366.JPG,1,Ojirowashi
tool_bird_class_train/Ojirowashi_White_Tailed_Eagle/AAS1_ojirowashi-7DMA0807-2349-1788-272-132.JPG,1,Ojirowashi
tool_bird_class_train/Ojirowashi_White_Tailed_Eagle/AAS1_ojirowashi-7DMA0812-2708-1677-266-236.JPG,1,Ojirowashi
tool_bird_class_train/Ojirowashi_White_Tailed_Eagle/AAS1_ojirowashi-7DMA0813-2564-1571-264-279.JPG,1,Ojirowashi
tool_bird_class_train/Ojirowashi_White_Tailed_Eagle/AAS1_ojirowashi-7DMA0815-2464-1539-273-235.JPG,1,Ojirowashi
tool_bird_class_train/Ojirowashi_White_Tailed_Eagle/AAS1_ojirowashi-7DMA0817-2592-1569-252-158.JPG,1,Ojirowashi
tool_bird_class_train/Ojirowashi_White_Tailed_Eagle/AAS1_ojirowashi-7DMA0818-2563-1645-258-224.JPG,1,Ojirowashi
tool_bird_class_train/Ojirowashi_White_Tailed_Eagle/AAS1_ojirowashi-7DMA0846-2211-1313-481-284.JPG,1,Ojirowashi
tool_bird_class_train/Ojirowashi_White_Tailed_Eagle/AAS1_ojirowashi-7DMA0849-2824-1278-372-513.JPG,1,Ojirowashi
tool_bird_class_train/Ojirowashi_White_Tailed_Eagle/AAS1_ojirowashi-7DMA0853-2488-1678-486-308.JPG,1,Ojirowashi
tool_bird_class_train/Ojirowashi_White_Tailed_Eagle/AAS1_ojirowashi-7DMA0856-2707-1563-407-217.JPG,1,Ojirowashi
tool_bird_class_train/Ojirowashi_White_Tailed_Eagle/AAS1_ojirowashi-7DMA0865-2368-1057-384-570.JPG,1,Ojirowashi
tool_bird_class_train/Ojirowashi_White_Tailed_Eagle/AAS1_ojirowashi-7DMA0869-2875-1902-372-123.JPG,1,Ojirowashi
tool_bird_class_train/Ojirowashi_White_Tailed_Eagle/AAS1_ojirowashi-7DMA0875-2592-1746-388-275.JPG,1,Ojirowashi
tool_bird_class_train/Ojirowashi_White_Tailed_Eagle/AAS1_ojirowashi-7DMA0876-2622-1669-367-288.JPG,1,Ojirowashi
tool_bird_class_train/Ojirowashi_White_Tailed_Eagle/AAS1_ojirowashi-7DMA0877-2955-1789-427-280.JPG,1,Ojirowashi
tool_bird_class_train/Ojirowashi_White_Tailed_Eagle/AAS1_ojirowashi-7DMA0880-2532-1501-470-382.JPG,1,Ojirowashi
tool_bird_class_train/Ojirowashi_White_Tailed_Eagle/AAS1_ojirowashi-7DMA0881-2274-1586-409-263.JPG,1,Ojirowashi
tool_bird_class_train/Ojirowashi_White_Tailed_Eagle/AAS1_ojirowashi-7DMA1039-1892-1457-610-500.JPG,1,Ojirowashi
tool_bird_class_train/Ojirowashi_White_Tailed_Eagle/AAS1_ojirowashi-7DMA1044-1993-1596-452-366.JPG,1,Ojirowashi
tool_bird_class_train/Ojirowashi_White_Tailed_Eagle/AAS1_ojirowashi-7DMA1046-1785-1965-462-374.JPG,1,Ojirowashi
tool_bird_class_train/Ojirowashi_White_Tailed_Eagle/AAS1_ojirowashi-7DMA1047-1829-2144-456-422.JPG,1,Ojirowashi
tool_bird_class_train/Ojirowashi_White_Tailed_Eagle/AAS1_ojirowashi-7DMA1048-1948-1936-459-422.JPG,1,Ojirowashi
tool_bird_class_train/Ojirowashi_White_Tailed_Eagle/AAS1_ojirowashi-7DMA1050-2432-1811-460-311.JPG,1,Ojirowashi
tool_bird_class_train/Ojirowashi_White_Tailed_Eagle/AAS1_ojirowashi-7DMA1051-2507-1549-459-310.JPG,1,Ojirowashi
tool_bird_class_train/Ojirowashi_White_Tailed_Eagle/AAS1_ojirowashi-7DMA1052-2083-1667-442-340.JPG,1,Ojirowashi
tool_bird_class_train/Ojirowashi_White_Tailed_Eagle/AAS1_ojirowashi-7DMA1053-1907-1557-448-354.JPG,1,Ojirowashi
tool_bird_class_train/Ojirowashi_White_Tailed_Eagle/AAS1_ojirowashi-7DMA1112-2624-1787-504-190.JPG,1,Ojirowashi
tool_bird_class_train/Ojirowashi_White_Tailed_Eagle/AAS1_ojirowashi-7DMA1113-2314-1536-604-226.JPG,1,Ojirowashi
tool_bird_class_train/Ojirowashi_White_Tailed_Eagle/AAS1_ojirowashi-7DMA1115-2360-1803-670-288.JPG,1,Ojirowashi
tool_bird_class_train/Ojirowashi_White_Tailed_Eagle/AAS1_ojirowashi-7DMA1119-2410-1689-312-371.JPG,1,Ojirowashi
tool_bird_class_train/Ojirowashi_White_Tailed_Eagle/AAS1_ojirowashi-7DMA1120-2338-1839-328-389.JPG,1,Ojirowashi
tool_bird_class_train/Ojirowashi_White_Tailed_Eagle/AAS1_ojirowashi-7DMA1121-2663-1601-215-492.JPG,1,Ojirowashi
tool_bird_class_train/Ojirowashi_White_Tailed_Eagle/AAS1_ojirowashi-7DMA1122-2686-1737-217-510.JPG,1,Ojirowashi
tool_bird_class_train/Ojirowashi_White_Tailed_Eagle/AAS1_ojirowashi-7DMA1124-2480-1859-477-309.JPG,1,Ojirowashi
tool_bird_class_train/Ojirowashi_White_Tailed_Eagle/AAS1_ojirowashi-7DMA1125-2675-1799-188-249.JPG,1,Ojirowashi
tool_bird_class_train/Ojirowashi_White_Tailed_Eagle/AAS1_ojirowashi-7DMA1126-2467-1714-177-223.JPG,1,Ojirowashi
tool_bird_class_train/Ojirowashi_White_Tailed_Eagle/AAS1_ojirowashi-7DMA1127-2439-1754-176-207.JPG,1,Ojirowashi
tool_bird_class_train/Ojirowashi_White_Tailed_Eagle/AAS1_ojirowashi-7DMA1152-2143-1434-378-107.JPG,1,Ojirowashi
tool_bird_class_train/Ojirowashi_White_Tailed_Eagle/AAS1_ojirowashi-7DMA1162-2592-1145-530-559.JPG,1,Ojirowashi
tool_bird_class_train/Ojirowashi_White_Tailed_Eagle/AAS1_ojirowashi-7DMA1163-2586-1309-506-493.JPG,1,Ojirowashi
tool_bird_class_train/Ojirowashi_White_Tailed_Eagle/AAS1_ojirowashi-7DMA1164-2690-1546-401-370.JPG,1,Ojirowashi
tool_bird_class_train/Ojirowashi_White_Tailed_Eagle/AAS1_ojirowashi-7DMA1165-2475-1590-399-211.JPG,1,Ojirowashi
tool_bird_class_train/Ojirowashi_White_Tailed_Eagle/AAS1_ojirowashi-7DMA1166-2836-1766-557-428.JPG,1,Ojirowashi
tool_bird_class_train/Ojirowashi_White_Tailed_Eagle/AAS1_ojirowashi-7DMA1167-2573-1982-541-390.JPG,1,Ojirowashi
tool_bird_class_train/Ojirowashi_White_Tailed_Eagle/AAS1_ojirowashi-7DMA1168-2484-1350-428-913.JPG,1,Ojirowashi
tool_bird_class_train/Ojirowashi_White_Tailed_Eagle/AAS1_ojirowashi-7DMA1169-2535-1170-431-936.JPG,1,Ojirowashi
tool_bird_class_train/Ojirowashi_White_Tailed_Eagle/AAS1_ojirowashi-7DMA1170-2580-1655-362-432.JPG,1,Ojirowashi
tool_bird_class_train/Ojirowashi_White_Tailed_Eagle/AAS1_ojirowashi-7DMA1171-2678-1544-364-466.JPG,1,Ojirowashi
tool_bird_class_train/Ojirowashi_White_Tailed_Eagle/AAS1_ojirowashi-7DMA1172-2334-1455-516-476.JPG,1,Ojirowashi
tool_bird_class_train/Ojirowashi_White_Tailed_Eagle/AAS1_ojirowashi-7DMA1173-2381-1312-484-487.JPG,1,Ojirowashi
tool_bird_class_train/Ojirowashi_White_Tailed_Eagle/AAS1_ojirowashi-7DMA1174-2451-1468-459-512.JPG,1,Ojirowashi
tool_bird_class_train/Ojirowashi_White_Tailed_Eagle/AAS1_ojirowashi-7DMA1175-2294-1690-442-535.JPG,1,Ojirowashi
tool_bird_class_train/Ojirowashi_White_Tailed_Eagle/AAS1_ojirowashi-7DMA1176-2112-1702-421-553.JPG,1,Ojirowashi
tool_bird_class_train/Ojirowashi_White_Tailed_Eagle/AAS1_ojirowashi-7DMA1177-2365-1688-395-560.JPG,1,Ojirowashi
tool_bird_class_train/Ojirowashi_White_Tailed_Eagle/AAS1_ojirowashi-7DMA1178-2740-1899-207-400.JPG,1,Ojirowashi
tool_bird_class_train/Ojirowashi_White_Tailed_Eagle/AAS1_ojirowashi-7DMA1179-2953-1944-208-404.JPG,1,Ojirowashi
tool_bird_class_train/Ojirowashi_White_Tailed_Eagle/AAS1_ojirowashi-7DMA1180-2779-1595-338-263.JPG,1,Ojirowashi
tool_bird_class_train/Ojirowashi_White_Tailed_Eagle/AAS1_ojirowashi-7DMA1181-2671-1649-321-272.JPG,1,Ojirowashi
tool_bird_class_train/Ojirowashi_White_Tailed_Eagle/AAS1_ojirowashi-7DMA1259-2567-1455-359-263.JPG,1,Ojirowashi
tool_bird_class_train/Ojirowashi_White_Tailed_Eagle/AAS1_ojirowashi-7DMA1260-2724-1408-353-357.JPG,1,Ojirowashi
tool_bird_class_train/Ojirowashi_White_Tailed_Eagle/AAS1_ojirowashi-7DMA1261-2800-1423-337-379.JPG,1,Ojirowashi
tool_bird_class_train/Ojirowashi_White_Tailed_Eagle/AAS1_ojirowashi-7DMA1262-2740-1369-331-374.JPG,1,Ojirowashi
tool_bird_class_train/Ojirowashi_White_Tailed_Eagle/AAS1_ojirowashi-7DMA1263-2528-1453-571-413.JPG,1,Ojirowashi
tool_bird_class_train/Ojirowashi_White_Tailed_Eagle/AAS1_ojirowashi-7DMA1264-2526-1497-526-366.JPG,1,Ojirowashi
tool_bird_class_train/Ojirowashi_White_Tailed_Eagle/AAS1_ojirowashi-7DMA1265-2464-1435-463-388.JPG,1,Ojirowashi
tool_bird_class_train/Ojirowashi_White_Tailed_Eagle/AAS1_ojirowashi-7DMA1268-2767-1608-300-390.JPG,1,Ojirowashi
tool_bird_class_train/Ojirowashi_White_Tailed_Eagle/AAS1_ojirowashi-7DMA1270-2471-1809-329-388.JPG,1,Ojirowashi
tool_bird_class_train/Ojirowashi_White_Tailed_Eagle/AAS1_ojirowashi-7DMA1271-2460-1877-325-362.JPG,1,Ojirowashi
tool_bird_class_train/Ojirowashi_White_Tailed_Eagle/AAS1_ojirowashi-7DMA1273-2451-1734-385-277.JPG,1,Ojirowashi
tool_bird_class_train/Ojirowashi_White_Tailed_Eagle/AAS1_ojirowashi-7DMA1275-2746-1536-309-360.JPG,1,Ojirowashi
tool_bird_class_train/Ojirowashi_White_Tailed_Eagle/AAS1_ojirowashi-7DMA1277-2868-1555-312-450.JPG,1,Ojirowashi
tool_bird_class_train/Ojirowashi_White_Tailed_Eagle/AAS1_ojirowashi-7DMA1278-2759-1508-318-542.JPG,1,Ojirowashi
tool_bird_class_train/Ojirowashi_White_Tailed_Eagle/AAS1_ojirowashi-7DMA1279-2968-1622-312-481.JPG,1,Ojirowashi
tool_bird_class_train/Ojirowashi_White_Tailed_Eagle/AAS1_ojirowashi-7DMA1280-3102-1624-312-437.JPG,1,Ojirowashi
tool_bird_class_train/Ojirowashi_White_Tailed_Eagle/AAS1_ojirowashi-7DMA1282-2360-1403-292-360.JPG,1,Ojirowashi
tool_bird_class_train/Ojirowashi_White_Tailed_Eagle/AAS1_ojirowashi-7DMA1284-2189-1350-299-458.JPG,1,Ojirowashi
tool_bird_class_train/Ojirowashi_White_Tailed_Eagle/AAS1_ojirowashi-7DMA1285-2641-1700-293-488.JPG,1,Ojirowashi
tool_bird_class_train/Ojirowashi_White_Tailed_Eagle/AAS1_ojirowashi-7DMA1286-2490-1789-296-450.JPG,1,Ojirowashi
tool_bird_class_train/Ojirowashi_White_Tailed_Eagle/AAS1_ojirowashi-7DMA1287-2377-1935-299-330.JPG,1,Ojirowashi
tool_bird_class_train/Ojirowashi_White_Tailed_Eagle/AAS1_ojirowashi-7DMA1288-2716-1799-276-357.JPG,1,Ojirowashi
tool_bird_class_train/Ojirowashi_White_Tailed_Eagle/AAS1_ojirowashi-7DMA1289-2836-1635-276-370.JPG,1,Ojirowashi
tool_bird_class_train/Ojirowashi_White_Tailed_Eagle/AAS1_ojirowashi-7DMA1290-2695-1526-273-302.JPG,1,Ojirowashi
tool_bird_class_train/Ojirowashi_White_Tailed_Eagle/AAS1_ojirowashi-7DMA1310-2357-1784-376-240.JPG,1,Ojirowashi
tool_bird_class_train/Ojirowashi_White_Tailed_Eagle/AAS1_ojirowashi-7DMA1312-2676-2017-500-87.JPG,1,Ojirowashi
tool_bird_class_train/Ojirowashi_White_Tailed_Eagle/AAS1_ojirowashi-7DMA1313-2652-1606-453-192.JPG,1,Ojirowashi
tool_bird_class_train/Ojirowashi_White_Tailed_Eagle/AAS1_ojirowashi-7DMA1315-2637-1752-391-121.JPG,1,Ojirowashi
tool_bird_class_train/Ojirowashi_White_Tailed_Eagle/AAS1_ojirowashi-7DMA1316-2662-1700-395-153.JPG,1,Ojirowashi
tool_bird_class_train/Ojirowashi_White_Tailed_Eagle/AAS1_ojirowashi-7DMA1317-3011-1682-453-243.JPG,1,Ojirowashi
tool_bird_class_train/Ojirowashi_White_Tailed_Eagle/AAS1_ojirowashi-7DMA1318-3026-1710-447-285.JPG,1,Ojirowashi
tool_bird_class_train/Ojirowashi_White_Tailed_Eagle/AAS1_ojirowashi-7DMA1319-2634-1685-337-181.JPG,1,Ojirowashi
tool_bird_class_train/Ojirowashi_White_Tailed_Eagle/AAS1_ojirowashi-7DMA1321-3688-1670-353-140.JPG,1,Ojirowashi
tool_bird_class_train/Ojirowashi_White_Tailed_Eagle/AAS1_ojirowashi-7DMA1322-3916-1761-351-171.JPG,1,Ojirowashi
tool_bird_class_train/Ojirowashi_White_Tailed_Eagle/AAS1_ojirowashi-7DMA1323-3176-1743-338-157.JPG,1,Ojirowashi
tool_bird_class_train/Ojirowashi_White_Tailed_Eagle/AAS1_ojirowashi-7DMA1324-3309-1878-343-136.JPG,1,Ojirowashi
tool_bird_class_train/Ojirowashi_White_Tailed_Eagle/AAS1_ojirowashi-7DMA1325-2768-1667-334-180.JPG,1,Ojirowashi
tool_bird_class_train/Ojirowashi_White_Tailed_Eagle/AAS1_ojirowashi-7DMA1329-1891-1847-373-119.JPG,1,Ojirowashi
tool_bird_class_train/Ojirowashi_White_Tailed_Eagle/AAS1_ojirowashi-7DMA1330-1616-1527-385-119.JPG,1,Ojirowashi
tool_bird_class_train/Ojirowashi_White_Tailed_Eagle/AAS1_ojirowashi-7DMA1334-2807-1310-320-366.JPG,1,Ojirowashi
tool_bird_class_train/Ojirowashi_White_Tailed_Eagle/AAS1_ojirowashi-7DMA1335-2934-1590-326-146.JPG,1,Ojirowashi
tool_bird_class_train/Ojirowashi_White_Tailed_Eagle/AAS1_ojirowashi-7DMA1345-2759-1785-301-177.JPG,1,Ojirowashi
tool_bird_class_train/Ojirowashi_White_Tailed_Eagle/AAS1_ojirowashi-7DMA1346-2572-1765-425-83.JPG,1,Ojirowashi
tool_bird_class_train/Ojirowashi_White_Tailed_Eagle/AAS1_ojirowashi-7DMA4086-2659-1920-312-93.JPG,1,Ojirowashi
tool_bird_class_train/Ojirowashi_White_Tailed_Eagle/AAS1_ojirowashi-7DMA4087-2644-1873-318-48.JPG,1,Ojirowashi
tool_bird_class_train/Ojirowashi_White_Tailed_Eagle/AAS1_ojirowashi-rrrrrIMGr3602-247-113-237-393.JPG,1,Ojirowashi
tool_bird_class_train/Ojirowashi_White_Tailed_Eagle/AAS1_ojirowashi-rrrrrIMGr3627-296-115-149-260.JPG,1,Ojirowashi
tool_bird_class_train/Ojirowashi_White_Tailed_Eagle/AAS1_ojirowashi-rrrrrIMGr4238-191-106-260-304.JPG,1,Ojirowashi
tool_bird_class_train/Ojirowashi_White_Tailed_Eagle/AAS1_ojirowashi-rrrrrIMGr6371-276-145-93-109.JPG,1,Ojirowashi
tool_bird_class_train/Ojirowashi_White_Tailed_Eagle/AAS1_ojirowashi-rrrrrIMGr8052-112-90-130-107.JPG,1,Ojirowashi
tool_bird_class_train/Ojirowashi_White_Tailed_Eagle/AAS1_ojirowashi-rrrrrND7r4182-180-102-425-448.JPG,1,Ojirowashi
tool_bird_class_train/Ojirowashi_White_Tailed_Eagle/ext_inat_20260504/inat_103117903_02b61473.jpg,1,Ojirowashi
tool_bird_class_train/Ojirowashi_White_Tailed_Eagle/ext_inat_20260504/inat_103443568_8d641498.jpg,1,Ojirowashi
tool_bird_class_train/Ojirowashi_White_Tailed_Eagle/ext_inat_20260504/inat_103573923_bbc1beef.jpg,1,Ojirowashi
tool_bird_class_train/Ojirowashi_White_Tailed_Eagle/ext_inat_20260504/inat_103585890_c0783ca2.jpg,1,Ojirowashi
tool_bird_class_train/Ojirowashi_White_Tailed_Eagle/ext_inat_20260504/inat_103717085_ca07716f.jpg,1,Ojirowashi
tool_bird_class_train/Ojirowashi_White_Tailed_Eagle/ext_inat_20260504/inat_105999107_cfcf7b76.jpg,1,Ojirowashi
tool_bird_class_train/Ojirowashi_White_Tailed_Eagle/ext_inat_20260504/inat_106570393_81234089.jpg,1,Ojirowashi
tool_bird_class_train/Ojirowashi_White_Tailed_Eagle/ext_inat_20260504/inat_106821826_082c8350.jpg,1,Ojirowashi
tool_bird_class_train/Ojirowashi_White_Tailed_Eagle/ext_inat_20260504/inat_107733486_7ca5fe02.jpg,1,Ojirowashi
tool_bird_class_train/Ojirowashi_White_Tailed_Eagle/ext_inat_20260504/inat_108677109_f4fb7a4b.jpg,1,Ojirowashi
tool_bird_class_train/Ojirowashi_White_Tailed_Eagle/ext_inat_20260504/inat_108685198_8e6992d2.jpg,1,Ojirowashi
tool_bird_class_train/Ojirowashi_White_Tailed_Eagle/ext_inat_20260504/inat_108773432_456491f1.jpg,1,Ojirowashi
tool_bird_class_train/Ojirowashi_White_Tailed_Eagle/ext_inat_20260504/inat_108773460_5e49378b.jpg,1,Ojirowashi
tool_bird_class_train/Ojirowashi_White_Tailed_Eagle/ext_inat_20260504/inat_108882583_22d384f9.jpg,1,Ojirowashi
tool_bird_class_train/Ojirowashi_White_Tailed_Eagle/ext_inat_20260504/inat_108994592_95274219.jpg,1,Ojirowashi
tool_bird_class_train/Ojirowashi_White_Tailed_Eagle/ext_inat_20260504/inat_109638596_030a0904.jpg,1,Ojirowashi
tool_bird_class_train/Ojirowashi_White_Tailed_Eagle/ext_inat_20260504/inat_112612894_a3600615.jpg,1,Ojirowashi
tool_bird_class_train/Ojirowashi_White_Tailed_Eagle/ext_inat_20260504/inat_112894902_2bff32eb.jpg,1,Ojirowashi
tool_bird_class_train/Ojirowashi_White_Tailed_Eagle/ext_inat_20260504/inat_112900838_5c839add.jpg,1,Ojirowashi
tool_bird_class_train/Ojirowashi_White_Tailed_Eagle/ext_inat_20260504/inat_112910898_1ff270c5.jpg,1,Ojirowashi
tool_bird_class_train/Ojirowashi_White_Tailed_Eagle/ext_inat_20260504/inat_113474390_9d2a73c5.jpg,1,Ojirowashi
tool_bird_class_train/Ojirowashi_White_Tailed_Eagle/ext_inat_20260504/inat_113700437_07cb5e09.jpg,1,Ojirowashi
tool_bird_class_train/Ojirowashi_White_Tailed_Eagle/ext_inat_20260504/inat_114930005_8a798790.jpg,1,Ojirowashi
tool_bird_class_train/Ojirowashi_White_Tailed_Eagle/ext_inat_20260504/inat_115028580_338551a3.jpg,1,Ojirowashi
tool_bird_class_train/Ojirowashi_White_Tailed_Eagle/ext_inat_20260504/inat_115037850_656ea1bc.jpg,1,Ojirowashi
tool_bird_class_train/Ojirowashi_White_Tailed_Eagle/ext_inat_20260504/inat_115084446_52828730.jpg,1,Ojirowashi
tool_bird_class_train/Ojirowashi_White_Tailed_Eagle/ext_inat_20260504/inat_117682385_a7d293db.jpg,1,Ojirowashi
tool_bird_class_train/Ojirowashi_White_Tailed_Eagle/ext_inat_20260504/inat_117967777_20ce85bf.jpg,1,Ojirowashi
tool_bird_class_train/Ojirowashi_White_Tailed_Eagle/ext_inat_20260504/inat_117978984_c7ca2d3e.jpg,1,Ojirowashi
tool_bird_class_train/Ojirowashi_White_Tailed_Eagle/ext_inat_20260504/inat_118241807_97ee7592.jpg,1,Ojirowashi
tool_bird_class_train/Ojirowashi_White_Tailed_Eagle/ext_inat_20260504/inat_118381799_3ab40d1e.jpg,1,Ojirowashi
tool_bird_class_train/Ojirowashi_White_Tailed_Eagle/ext_inat_20260504/inat_118701314_b095d34c.jpg,1,Ojirowashi
tool_bird_class_train/Ojirowashi_White_Tailed_Eagle/ext_inat_20260504/inat_118761442_423a279a.jpg,1,Ojirowashi
tool_bird_class_train/Ojirowashi_White_Tailed_Eagle/ext_inat_20260504/inat_119178478_1c90dc8a.jpg,1,Ojirowashi
tool_bird_class_train/Ojirowashi_White_Tailed_Eagle/ext_inat_20260504/inat_119313063_e74fa626.jpg,1,Ojirowashi
tool_bird_class_train/Ojirowashi_White_Tailed_Eagle/ext_inat_20260504/inat_119774743_a6a6c7ef.jpg,1,Ojirowashi
tool_bird_class_train/Ojirowashi_White_Tailed_Eagle/ext_inat_20260504/inat_119775105_ff7568b8.jpg,1,Ojirowashi
tool_bird_class_train/Ojirowashi_White_Tailed_Eagle/ext_inat_20260504/inat_120025111_fe6b207b.jpg,1,Ojirowashi
tool_bird_class_train/Ojirowashi_White_Tailed_Eagle/ext_inat_20260504/inat_120025831_9d21bd4b.jpg,1,Ojirowashi
tool_bird_class_train/Ojirowashi_White_Tailed_Eagle/ext_inat_20260504/inat_120032643_5dfda675.jpg,1,Ojirowashi
tool_bird_class_train/Ojirowashi_White_Tailed_Eagle/ext_inat_20260504/inat_120207990_d1a68ea6.jpg,1,Ojirowashi
tool_bird_class_train/Ojirowashi_White_Tailed_Eagle/ext_inat_20260504/inat_120665192_3ed54ca8.jpg,1,Ojirowashi
tool_bird_class_train/Ojirowashi_White_Tailed_Eagle/ext_inat_20260504/inat_120776052_81f6fb95.jpg,1,Ojirowashi
tool_bird_class_train/Ojirowashi_White_Tailed_Eagle/ext_inat_20260504/inat_121135333_8d2c833c.jpg,1,Ojirowashi
tool_bird_class_train/Ojirowashi_White_Tailed_Eagle/ext_inat_20260504/inat_121293355_4feaefc5.jpg,1,Ojirowashi
tool_bird_class_train/Ojirowashi_White_Tailed_Eagle/ext_inat_20260504/inat_121525800_d6bb0315.jpg,1,Ojirowashi
tool_bird_class_train/Ojirowashi_White_Tailed_Eagle/ext_inat_20260504/inat_121583249_d158e27e.jpg,1,Ojirowashi
tool_bird_class_train/Ojirowashi_White_Tailed_Eagle/ext_inat_20260504/inat_121777132_d8d44979.jpg,1,Ojirowashi
tool_bird_class_train/Ojirowashi_White_Tailed_Eagle/ext_inat_20260504/inat_121824827_da79fd85.jpg,1,Ojirowashi
tool_bird_class_train/Ojirowashi_White_Tailed_Eagle/ext_inat_20260504/inat_123606380_bd5bb757.jpg,1,Ojirowashi
tool_bird_class_train/Ojirowashi_White_Tailed_Eagle/ext_inat_20260504/inat_125224125_4f57d21f.jpg,1,Ojirowashi
tool_bird_class_train/Ojirowashi_White_Tailed_Eagle/ext_inat_20260504/inat_125929034_27773d5a.jpg,1,Ojirowashi
tool_bird_class_train/Ojirowashi_White_Tailed_Eagle/ext_inat_20260504/inat_126913175_6e8daa31.jpg,1,Ojirowashi
tool_bird_class_train/Ojirowashi_White_Tailed_Eagle/ext_inat_20260504/inat_127767952_1b7609a9.jpg,1,Ojirowashi
tool_bird_class_train/Ojirowashi_White_Tailed_Eagle/ext_inat_20260504/inat_127784681_2a44fbdf.jpg,1,Ojirowashi
tool_bird_class_train/Ojirowashi_White_Tailed_Eagle/ext_inat_20260504/inat_127784777_4eafaeb9.jpg,1,Ojirowashi
tool_bird_class_train/Ojirowashi_White_Tailed_Eagle/ext_inat_20260504/inat_129207456_2a47e783.jpg,1,Ojirowashi
tool_bird_class_train/Ojirowashi_White_Tailed_Eagle/ext_inat_20260504/inat_129777221_08ec6aae.jpg,1,Ojirowashi
tool_bird_class_train/Ojirowashi_White_Tailed_Eagle/ext_inat_20260504/inat_129908323_7262befd.jpg,1,Ojirowashi
tool_bird_class_train/Ojirowashi_White_Tailed_Eagle/ext_inat_20260504/inat_130294622_cf144735.jpg,1,Ojirowashi
tool_bird_class_train/Ojirowashi_White_Tailed_Eagle/ext_inat_20260504/inat_132926018_8e3040f0.jpg,1,Ojirowashi
tool_bird_class_train/Ojirowashi_White_Tailed_Eagle/ext_inat_20260504/inat_132940899_3bce2b76.jpg,1,Ojirowashi
tool_bird_class_train/Ojirowashi_White_Tailed_Eagle/ext_inat_20260504/inat_133216152_88fc60e7.jpg,1,Ojirowashi
tool_bird_class_train/Ojirowashi_White_Tailed_Eagle/ext_inat_20260504/inat_133753070_e3ee5f08.jpg,1,Ojirowashi
tool_bird_class_train/Ojirowashi_White_Tailed_Eagle/ext_inat_20260504/inat_134306480_cbe9a9c1.jpg,1,Ojirowashi
tool_bird_class_train/Ojirowashi_White_Tailed_Eagle/ext_inat_20260504/inat_134412264_c7baa4dd.jpg,1,Ojirowashi
tool_bird_class_train/Ojirowashi_White_Tailed_Eagle/ext_inat_20260504/inat_136737921_fc308e51.jpg,1,Ojirowashi
tool_bird_class_train/Ojirowashi_White_Tailed_Eagle/ext_inat_20260504/inat_137596492_3f7424a3.jpg,1,Ojirowashi
tool_bird_class_train/Ojirowashi_White_Tailed_Eagle/ext_inat_20260504/inat_137960694_d820af16.jpg,1,Ojirowashi
tool_bird_class_train/Ojirowashi_White_Tailed_Eagle/ext_inat_20260504/inat_139008782_f5c680c8.jpg,1,Ojirowashi
tool_bird_class_train/Ojirowashi_White_Tailed_Eagle/ext_inat_20260504/inat_139571215_1a53ec5c.jpg,1,Ojirowashi
tool_bird_class_train/Ojirowashi_White_Tailed_Eagle/ext_inat_20260504/inat_140120658_8a45ea52.jpg,1,Ojirowashi
tool_bird_class_train/Ojirowashi_White_Tailed_Eagle/ext_inat_20260504/inat_140624000_2bbcd093.jpg,1,Ojirowashi
tool_bird_class_train/Ojirowashi_White_Tailed_Eagle/ext_inat_20260504/inat_142774780_df426990.jpg,1,Ojirowashi
tool_bird_class_train/Ojirowashi_White_Tailed_Eagle/ext_inat_20260504/inat_143112278_17c5c057.jpg,1,Ojirowashi
tool_bird_class_train/Ojirowashi_White_Tailed_Eagle/ext_inat_20260504/inat_143864244_c90c88a3.jpg,1,Ojirowashi
tool_bird_class_train/Ojirowashi_White_Tailed_Eagle/ext_inat_20260504/inat_146168174_2c757c9d.jpg,1,Ojirowashi
tool_bird_class_train/Ojirowashi_White_Tailed_Eagle/ext_inat_20260504/inat_146986851_b8a42469.jpg,1,Ojirowashi
tool_bird_class_train/Ojirowashi_White_Tailed_Eagle/ext_inat_20260504/inat_148358642_ed64bcf6.jpg,1,Ojirowashi
tool_bird_class_train/Ojirowashi_White_Tailed_Eagle/ext_inat_20260504/inat_148375232_95d979f3.jpg,1,Ojirowashi
tool_bird_class_train/Ojirowashi_White_Tailed_Eagle/ext_inat_20260504/inat_152763388_d08a0f45.jpg,1,Ojirowashi
tool_bird_class_train/Ojirowashi_White_Tailed_Eagle/ext_inat_20260504/inat_153166820_a61826ee.jpg,1,Ojirowashi
tool_bird_class_train/Ojirowashi_White_Tailed_Eagle/ext_inat_20260504/inat_154976667_b7da4da9.jpg,1,Ojirowashi
tool_bird_class_train/Ojirowashi_White_Tailed_Eagle/ext_inat_20260504/inat_155571962_c54f10eb.jpg,1,Ojirowashi
tool_bird_class_train/Ojirowashi_White_Tailed_Eagle/ext_inat_20260504/inat_155577496_1e4cab6e.jpg,1,Ojirowashi
tool_bird_class_train/Ojirowashi_White_Tailed_Eagle/ext_inat_20260504/inat_156234496_cec8bb11.jpg,1,Ojirowashi
tool_bird_class_train/Ojirowashi_White_Tailed_Eagle/ext_inat_20260504/inat_156743501_c700dd9b.jpg,1,Ojirowashi
tool_bird_class_train/Ojirowashi_White_Tailed_Eagle/ext_inat_20260504/inat_156894288_fbcd290c.jpg,1,Ojirowashi
tool_bird_class_train/Ojirowashi_White_Tailed_Eagle/ext_inat_20260504/inat_156932174_25d59572.jpg,1,Ojirowashi
tool_bird_class_train/Ojirowashi_White_Tailed_Eagle/ext_inat_20260504/inat_157140388_1716e2c1.jpg,1,Ojirowashi
tool_bird_class_train/Ojirowashi_White_Tailed_Eagle/ext_inat_20260504/inat_157163568_3efe0576.jpg,1,Ojirowashi
tool_bird_class_train/Ojirowashi_White_Tailed_Eagle/ext_inat_20260504/inat_157406821_112270d0.jpg,1,Ojirowashi
tool_bird_class_train/Ojirowashi_White_Tailed_Eagle/ext_inat_20260504/inat_158329549_aeae3534.jpg,1,Ojirowashi
tool_bird_class_train/Ojirowashi_White_Tailed_Eagle/ext_inat_20260504/inat_158405548_701a2686.jpg,1,Ojirowashi
tool_bird_class_train/Ojirowashi_White_Tailed_Eagle/ext_inat_20260504/inat_158631574_2d84df08.jpg,1,Ojirowashi
tool_bird_class_train/Ojirowashi_White_Tailed_Eagle/ext_inat_20260504/inat_158699515_fd2c5da8.jpg,1,Ojirowashi
tool_bird_class_train/Ojirowashi_White_Tailed_Eagle/ext_inat_20260504/inat_158978766_2c0c946c.jpg,1,Ojirowashi
tool_bird_class_train/Ojirowashi_White_Tailed_Eagle/ext_inat_20260504/inat_159208779_a07977ad.jpg,1,Ojirowashi
tool_bird_class_train/Ojirowashi_White_Tailed_Eagle/ext_inat_20260504/inat_162854942_3300aed0.jpg,1,Ojirowashi
tool_bird_class_train/Ojirowashi_White_Tailed_Eagle/ext_inat_20260504/inat_163762344_58767b85.jpg,1,Ojirowashi
tool_bird_class_train/Ojirowashi_White_Tailed_Eagle/ext_inat_20260504/inat_164006052_5f356350.jpg,1,Ojirowashi
tool_bird_class_train/Ojirowashi_White_Tailed_Eagle/ext_inat_20260504/inat_164563213_c7d7ca29.jpg,1,Ojirowashi
tool_bird_class_train/Ojirowashi_White_Tailed_Eagle/ext_inat_20260504/inat_164754665_339c2888.jpg,1,Ojirowashi
tool_bird_class_train/Ojirowashi_White_Tailed_Eagle/ext_inat_20260504/inat_164892752_abe7e75c.jpg,1,Ojirowashi
tool_bird_class_train/Ojirowashi_White_Tailed_Eagle/ext_inat_20260504/inat_165097635_b8f7d82a.jpg,1,Ojirowashi
tool_bird_class_train/Ojirowashi_White_Tailed_Eagle/ext_inat_20260504/inat_165194107_2e433818.jpg,1,Ojirowashi
tool_bird_class_train/Ojirowashi_White_Tailed_Eagle/ext_inat_20260504/inat_165397151_4b08e89f.jpg,1,Ojirowashi
tool_bird_class_train/Ojirowashi_White_Tailed_Eagle/ext_inat_20260504/inat_165556477_9d08d100.jpg,1,Ojirowashi
tool_bird_class_train/Ojirowashi_White_Tailed_Eagle/ext_inat_20260504/inat_167121612_20f7db87.jpg,1,Ojirowashi
tool_bird_class_train/Ojirowashi_White_Tailed_Eagle/ext_inat_20260504/inat_167986242_b943e301.jpg,1,Ojirowashi
tool_bird_class_train/Ojirowashi_White_Tailed_Eagle/ext_inat_20260504/inat_168633789_f2e24763.jpg,1,Ojirowashi
tool_bird_class_train/Ojirowashi_White_Tailed_Eagle/ext_inat_20260504/inat_168997034_3ac68cbc.jpg,1,Ojirowashi
tool_bird_class_train/Ojirowashi_White_Tailed_Eagle/ext_inat_20260504/inat_169609406_c9e7ab84.jpg,1,Ojirowashi
tool_bird_class_train/Ojirowashi_White_Tailed_Eagle/ext_inat_20260504/inat_169741834_bf550e99.jpg,1,Ojirowashi
tool_bird_class_train/Ojirowashi_White_Tailed_Eagle/ext_inat_20260504/inat_171556397_519a7552.jpg,1,Ojirowashi
tool_bird_class_train/Ojirowashi_White_Tailed_Eagle/ext_inat_20260504/inat_171965633_1a4150fe.jpg,1,Ojirowashi
tool_bird_class_train/Ojirowashi_White_Tailed_Eagle/ext_inat_20260504/inat_172469905_2e86d2e2.jpg,1,Ojirowashi
tool_bird_class_train/Ojirowashi_White_Tailed_Eagle/ext_inat_20260504/inat_172469917_0c347749.jpg,1,Ojirowashi
tool_bird_class_train/Ojirowashi_White_Tailed_Eagle/ext_inat_20260504/inat_173084648_bd057226.jpg,1,Ojirowashi
tool_bird_class_train/Ojirowashi_White_Tailed_Eagle/ext_inat_20260504/inat_173189587_6f1719e1.jpg,1,Ojirowashi
tool_bird_class_train/Ojirowashi_White_Tailed_Eagle/ext_inat_20260504/inat_173191120_7ff99107.jpg,1,Ojirowashi
tool_bird_class_train/Ojirowashi_White_Tailed_Eagle/ext_inat_20260504/inat_173202028_9a8ab5d5.jpg,1,Ojirowashi
tool_bird_class_train/Ojirowashi_White_Tailed_Eagle/ext_inat_20260504/inat_173202036_f1582df1.jpg,1,Ojirowashi
tool_bird_class_train/Ojirowashi_White_Tailed_Eagle/ext_inat_20260504/inat_173280562_1f3facb7.jpg,1,Ojirowashi
tool_bird_class_train/Ojirowashi_White_Tailed_Eagle/ext_inat_20260504/inat_173877289_56a67baf.jpg,1,Ojirowashi
tool_bird_class_train/Ojirowashi_White_Tailed_Eagle/ext_inat_20260504/inat_175248047_5fc8873a.jpg,1,Ojirowashi
tool_bird_class_train/Ojirowashi_White_Tailed_Eagle/ext_inat_20260504/inat_175278816_db84c14e.jpg,1,Ojirowashi
tool_bird_class_train/Ojirowashi_White_Tailed_Eagle/ext_inat_20260504/inat_175391824_ebf4a103.jpg,1,Ojirowashi
tool_bird_class_train/Ojirowashi_White_Tailed_Eagle/ext_inat_20260504/inat_176682966_2620f1bb.jpg,1,Ojirowashi
tool_bird_class_train/Ojirowashi_White_Tailed_Eagle/ext_inat_20260504/inat_176897752_8ecf196e.jpg,1,Ojirowashi
tool_bird_class_train/Ojirowashi_White_Tailed_Eagle/ext_inat_20260504/inat_177333345_02ba0505.jpg,1,Ojirowashi
tool_bird_class_train/Ojirowashi_White_Tailed_Eagle/ext_inat_20260504/inat_177549223_b1f77286.jpg,1,Ojirowashi
tool_bird_class_train/Ojirowashi_White_Tailed_Eagle/ext_inat_20260504/inat_177670524_cbabec30.jpg,1,Ojirowashi
tool_bird_class_train/Ojirowashi_White_Tailed_Eagle/ext_inat_20260504/inat_178032608_b52c635f.jpg,1,Ojirowashi
tool_bird_class_train/Ojirowashi_White_Tailed_Eagle/ext_inat_20260504/inat_178032741_2615a173.jpg,1,Ojirowashi
tool_bird_class_train/Ojirowashi_White_Tailed_Eagle/ext_inat_20260504/inat_178032842_31390895.jpg,1,Ojirowashi
tool_bird_class_train/Ojirowashi_White_Tailed_Eagle/ext_inat_20260504/inat_178032933_5b1e7325.jpg,1,Ojirowashi
tool_bird_class_train/Ojirowashi_White_Tailed_Eagle/ext_inat_20260504/inat_178032952_240c2ef7.jpg,1,Ojirowashi
tool_bird_class_train/Ojirowashi_White_Tailed_Eagle/ext_inat_20260504/inat_178442960_9608b90e.jpg,1,Ojirowashi
tool_bird_class_train/Ojirowashi_White_Tailed_Eagle/ext_inat_20260504/inat_178674215_0bdd49f9.jpg,1,Ojirowashi
tool_bird_class_train/Ojirowashi_White_Tailed_Eagle/ext_inat_20260504/inat_179607524_28d7d9e6.jpg,1,Ojirowashi
tool_bird_class_train/Ojirowashi_White_Tailed_Eagle/ext_inat_20260504/inat_179607756_8493d693.jpg,1,Ojirowashi
tool_bird_class_train/Ojirowashi_White_Tailed_Eagle/ext_inat_20260504/inat_179622390_66900df4.jpg,1,Ojirowashi
tool_bird_class_train/Ojirowashi_White_Tailed_Eagle/ext_inat_20260504/inat_179826883_6fc5e892.jpg,1,Ojirowashi
tool_bird_class_train/Ojirowashi_White_Tailed_Eagle/ext_inat_20260504/inat_179942775_efccada6.jpg,1,Ojirowashi
tool_bird_class_train/Ojirowashi_White_Tailed_Eagle/ext_inat_20260504/inat_180234596_bd540548.jpg,1,Ojirowashi
tool_bird_class_train/Ojirowashi_White_Tailed_Eagle/ext_inat_20260504/inat_180564301_6957abd1.jpg,1,Ojirowashi
tool_bird_class_train/Ojirowashi_White_Tailed_Eagle/ext_inat_20260504/inat_180768831_8b4cd47b.jpg,1,Ojirowashi
tool_bird_class_train/Ojirowashi_White_Tailed_Eagle/ext_inat_20260504/inat_180959013_24262aac.jpg,1,Ojirowashi
tool_bird_class_train/Ojirowashi_White_Tailed_Eagle/ext_inat_20260504/inat_181194875_050c450e.jpg,1,Ojirowashi
tool_bird_class_train/Ojirowashi_White_Tailed_Eagle/ext_inat_20260504/inat_181654260_ae546f3a.jpg,1,Ojirowashi
tool_bird_class_train/Ojirowashi_White_Tailed_Eagle/ext_inat_20260504/inat_181698054_909a0aa2.jpg,1,Ojirowashi
tool_bird_class_train/Ojirowashi_White_Tailed_Eagle/ext_inat_20260504/inat_182073553_175c18d2.jpg,1,Ojirowashi
tool_bird_class_train/Ojirowashi_White_Tailed_Eagle/ext_inat_20260504/inat_182228041_77e1e59e.jpg,1,Ojirowashi
tool_bird_class_train/Ojirowashi_White_Tailed_Eagle/ext_inat_20260504/inat_182697316_bc1109d9.jpg,1,Ojirowashi
tool_bird_class_train/Ojirowashi_White_Tailed_Eagle/ext_inat_20260504/inat_182840677_aaf8461e.jpg,1,Ojirowashi
tool_bird_class_train/Ojirowashi_White_Tailed_Eagle/ext_inat_20260504/inat_183223027_4c97a7aa.jpg,1,Ojirowashi
tool_bird_class_train/Ojirowashi_White_Tailed_Eagle/ext_inat_20260504/inat_183715623_d7c2b64a.jpg,1,Ojirowashi
tool_bird_class_train/Ojirowashi_White_Tailed_Eagle/ext_inat_20260504/inat_183896303_a04ac5f0.jpg,1,Ojirowashi
tool_bird_class_train/Ojirowashi_White_Tailed_Eagle/ext_inat_20260504/inat_184388630_bb367c9b.jpg,1,Ojirowashi
tool_bird_class_train/Ojirowashi_White_Tailed_Eagle/ext_inat_20260504/inat_184530849_39e621e1.jpg,1,Ojirowashi
tool_bird_class_train/Ojirowashi_White_Tailed_Eagle/ext_inat_20260504/inat_184654003_e5db0209.jpg,1,Ojirowashi
tool_bird_class_train/Ojirowashi_White_Tailed_Eagle/ext_inat_20260504/inat_184821928_a64f7eaf.jpg,1,Ojirowashi
tool_bird_class_train/Ojirowashi_White_Tailed_Eagle/ext_inat_20260504/inat_185173295_dd40a6af.jpg,1,Ojirowashi
tool_bird_class_train/Ojirowashi_White_Tailed_Eagle/ext_inat_20260504/inat_185188116_e3319c14.jpg,1,Ojirowashi
tool_bird_class_train/Ojirowashi_White_Tailed_Eagle/ext_inat_20260504/inat_185668377_dc7a0a7c.jpg,1,Ojirowashi
tool_bird_class_train/Ojirowashi_White_Tailed_Eagle/ext_inat_20260504/inat_185791926_89725505.jpg,1,Ojirowashi
tool_bird_class_train/Ojirowashi_White_Tailed_Eagle/ext_inat_20260504/inat_185816914_1b3590ab.jpg,1,Ojirowashi
tool_bird_class_train/Ojirowashi_White_Tailed_Eagle/ext_inat_20260504/inat_186189896_939c99ab.jpg,1,Ojirowashi
tool_bird_class_train/Ojirowashi_White_Tailed_Eagle/ext_inat_20260504/inat_186355689_f135cf4e.jpg,1,Ojirowashi
tool_bird_class_train/Ojirowashi_White_Tailed_Eagle/ext_inat_20260504/inat_186431277_6940d8f9.jpg,1,Ojirowashi
tool_bird_class_train/Ojirowashi_White_Tailed_Eagle/ext_inat_20260504/inat_186847379_fb65b80c.jpg,1,Ojirowashi
tool_bird_class_train/Ojirowashi_White_Tailed_Eagle/ext_inat_20260504/inat_186847559_0de92c09.jpg,1,Ojirowashi
tool_bird_class_train/Ojirowashi_White_Tailed_Eagle/ext_inat_20260504/inat_187727859_ee9ef1c3.jpg,1,Ojirowashi
tool_bird_class_train/Ojirowashi_White_Tailed_Eagle/ext_inat_20260504/inat_188134821_78f91fdb.jpg,1,Ojirowashi
tool_bird_class_train/Ojirowashi_White_Tailed_Eagle/ext_inat_20260504/inat_188310488_74828553.jpg,1,Ojirowashi
tool_bird_class_train/Ojirowashi_White_Tailed_Eagle/ext_inat_20260504/inat_188717647_86ff725c.jpg,1,Ojirowashi
tool_bird_class_train/Ojirowashi_White_Tailed_Eagle/ext_inat_20260504/inat_189464380_092403c1.jpg,1,Ojirowashi
tool_bird_class_train/Ojirowashi_White_Tailed_Eagle/ext_inat_20260504/inat_189522684_dbd1cff6.jpg,1,Ojirowashi
tool_bird_class_train/Ojirowashi_White_Tailed_Eagle/ext_inat_20260504/inat_189857403_383b2202.jpg,1,Ojirowashi
tool_bird_class_train/Ojirowashi_White_Tailed_Eagle/ext_inat_20260504/inat_189955831_99644188.jpg,1,Ojirowashi
tool_bird_class_train/Ojirowashi_White_Tailed_Eagle/ext_inat_20260504/inat_190580352_f1a794ac.jpg,1,Ojirowashi
tool_bird_class_train/Ojirowashi_White_Tailed_Eagle/ext_inat_20260504/inat_191051049_5e76dad5.jpg,1,Ojirowashi
tool_bird_class_train/Ojirowashi_White_Tailed_Eagle/ext_inat_20260504/inat_191314852_10f55316.jpg,1,Ojirowashi
tool_bird_class_train/Ojirowashi_White_Tailed_Eagle/ext_inat_20260504/inat_191608064_275cf60b.jpg,1,Ojirowashi
tool_bird_class_train/Ojirowashi_White_Tailed_Eagle/ext_inat_20260504/inat_192810217_07e5283c.jpg,1,Ojirowashi
tool_bird_class_train/Ojirowashi_White_Tailed_Eagle/ext_inat_20260504/inat_193047682_45c1e4b9.jpg,1,Ojirowashi
tool_bird_class_train/Ojirowashi_White_Tailed_Eagle/ext_inat_20260504/inat_193093307_f06fab44.jpg,1,Ojirowashi
tool_bird_class_train/Ojirowashi_White_Tailed_Eagle/ext_inat_20260504/inat_193722137_9ee3653c.jpg,1,Ojirowashi
tool_bird_class_train/Ojirowashi_White_Tailed_Eagle/ext_inat_20260504/inat_193722389_ddadfc3a.jpg,1,Ojirowashi
tool_bird_class_train/Ojirowashi_White_Tailed_Eagle/ext_inat_20260504/inat_193722858_677578d0.jpg,1,Ojirowashi
tool_bird_class_train/Ojirowashi_White_Tailed_Eagle/ext_inat_20260504/inat_193757749_2d313862.jpg,1,Ojirowashi
tool_bird_class_train/Ojirowashi_White_Tailed_Eagle/ext_inat_20260504/inat_193811110_4db6aeca.jpg,1,Ojirowashi
tool_bird_class_train/Ojirowashi_White_Tailed_Eagle/ext_inat_20260504/inat_194361959_fc42175d.jpg,1,Ojirowashi
tool_bird_class_train/Ojirowashi_White_Tailed_Eagle/ext_inat_20260504/inat_194764312_3022ee8b.jpg,1,Ojirowashi
tool_bird_class_train/Ojirowashi_White_Tailed_Eagle/ext_inat_20260504/inat_195002098_651005f6.jpg,1,Ojirowashi
tool_bird_class_train/Ojirowashi_White_Tailed_Eagle/ext_inat_20260504/inat_195002650_e805746a.jpg,1,Ojirowashi
tool_bird_class_train/Ojirowashi_White_Tailed_Eagle/ext_inat_20260504/inat_198932471_5b3b5354.jpg,1,Ojirowashi
tool_bird_class_train/Ojirowashi_White_Tailed_Eagle/ext_inat_20260504/inat_199552682_cdbc4692.jpg,1,Ojirowashi
tool_bird_class_train/Ojirowashi_White_Tailed_Eagle/ext_inat_20260504/inat_199906844_aea5a827.jpg,1,Ojirowashi
tool_bird_class_train/Ojirowashi_White_Tailed_Eagle/ext_inat_20260504/inat_200461989_82ed809b.jpg,1,Ojirowashi
tool_bird_class_train/Ojirowashi_White_Tailed_Eagle/ext_inat_20260504/inat_200492329_12d82e79.jpg,1,Ojirowashi
tool_bird_class_train/Ojirowashi_White_Tailed_Eagle/ext_inat_20260504/inat_200987657_12352c00.jpg,1,Ojirowashi
tool_bird_class_train/Ojirowashi_White_Tailed_Eagle/ext_inat_20260504/inat_202491060_817c2421.jpg,1,Ojirowashi
tool_bird_class_train/Ojirowashi_White_Tailed_Eagle/ext_inat_20260504/inat_202502031_468ba129.jpg,1,Ojirowashi
tool_bird_class_train/Ojirowashi_White_Tailed_Eagle/ext_inat_20260504/inat_202502087_303c19e7.jpg,1,Ojirowashi
tool_bird_class_train/Ojirowashi_White_Tailed_Eagle/ext_inat_20260504/inat_202510247_c5a8c0ab.jpg,1,Ojirowashi
tool_bird_class_train/Ojirowashi_White_Tailed_Eagle/ext_inat_20260504/inat_202741536_74484044.jpg,1,Ojirowashi
tool_bird_class_train/Ojirowashi_White_Tailed_Eagle/ext_inat_20260504/inat_203928823_32685bff.jpg,1,Ojirowashi
tool_bird_class_train/Ojirowashi_White_Tailed_Eagle/ext_inat_20260504/inat_203928986_a27fcf19.jpg,1,Ojirowashi
tool_bird_class_train/Ojirowashi_White_Tailed_Eagle/ext_inat_20260504/inat_204096903_332b914f.jpg,1,Ojirowashi
tool_bird_class_train/Ojirowashi_White_Tailed_Eagle/ext_inat_20260504/inat_205475711_1934ddbb.jpg,1,Ojirowashi
tool_bird_class_train/Ojirowashi_White_Tailed_Eagle/ext_inat_20260504/inat_205823324_f783f7c7.jpg,1,Ojirowashi
tool_bird_class_train/Ojirowashi_White_Tailed_Eagle/ext_inat_20260504/inat_206835426_550e93ed.jpg,1,Ojirowashi
tool_bird_class_train/Ojirowashi_White_Tailed_Eagle/ext_inat_20260504/inat_207296563_dc0a8b81.jpg,1,Ojirowashi
tool_bird_class_train/Ojirowashi_White_Tailed_Eagle/ext_inat_20260504/inat_208731935_0a06a4c9.jpg,1,Ojirowashi
tool_bird_class_train/Ojirowashi_White_Tailed_Eagle/ext_inat_20260504/inat_209795878_c91be0fe.jpg,1,Ojirowashi
tool_bird_class_train/Ojirowashi_White_Tailed_Eagle/ext_inat_20260504/inat_210014245_a78562d1.jpg,1,Ojirowashi
tool_bird_class_train/Ojirowashi_White_Tailed_Eagle/ext_inat_20260504/inat_211922065_8ceb70bd.jpg,1,Ojirowashi
tool_bird_class_train/Ojirowashi_White_Tailed_Eagle/ext_inat_20260504/inat_212262533_d39e6746.jpg,1,Ojirowashi
tool_bird_class_train/Ojirowashi_White_Tailed_Eagle/ext_inat_20260504/inat_212339906_0ba72171.jpg,1,Ojirowashi
tool_bird_class_train/Ojirowashi_White_Tailed_Eagle/ext_inat_20260504/inat_213035813_044bc528.jpg,1,Ojirowashi
tool_bird_class_train/Ojirowashi_White_Tailed_Eagle/ext_inat_20260504/inat_213862510_8981b9e9.jpg,1,Ojirowashi
tool_bird_class_train/Ojirowashi_White_Tailed_Eagle/ext_inat_20260504/inat_214859413_7b693622.jpg,1,Ojirowashi
tool_bird_class_train/Ojirowashi_White_Tailed_Eagle/ext_inat_20260504/inat_215010088_b3daefb3.jpg,1,Ojirowashi
tool_bird_class_train/Ojirowashi_White_Tailed_Eagle/ext_inat_20260504/inat_216293733_0bc870ba.jpg,1,Ojirowashi
tool_bird_class_train/Ojirowashi_White_Tailed_Eagle/ext_inat_20260504/inat_216787747_517f0fa8.jpg,1,Ojirowashi
tool_bird_class_train/Ojirowashi_White_Tailed_Eagle/ext_inat_20260504/inat_216788898_25b455fe.jpg,1,Ojirowashi
tool_bird_class_train/Ojirowashi_White_Tailed_Eagle/ext_inat_20260504/inat_217062097_495db1af.jpg,1,Ojirowashi
tool_bird_class_train/Ojirowashi_White_Tailed_Eagle/ext_inat_20260504/inat_218786760_230095f0.jpg,1,Ojirowashi
tool_bird_class_train/Ojirowashi_White_Tailed_Eagle/ext_inat_20260504/inat_219373761_9c412527.jpg,1,Ojirowashi
tool_bird_class_train/Ojirowashi_White_Tailed_Eagle/ext_inat_20260504/inat_221182370_59adafd8.jpg,1,Ojirowashi
tool_bird_class_train/Ojirowashi_White_Tailed_Eagle/ext_inat_20260504/inat_222489167_313fd036.jpg,1,Ojirowashi
tool_bird_class_train/Ojirowashi_White_Tailed_Eagle/ext_inat_20260504/inat_223196701_69c1d206.jpg,1,Ojirowashi
tool_bird_class_train/Ojirowashi_White_Tailed_Eagle/ext_inat_20260504/inat_223646971_5881c15d.jpg,1,Ojirowashi
tool_bird_class_train/Ojirowashi_White_Tailed_Eagle/ext_inat_20260504/inat_223657958_2be7ced2.jpg,1,Ojirowashi
tool_bird_class_train/Ojirowashi_White_Tailed_Eagle/ext_inat_20260504/inat_223735791_714138ca.jpg,1,Ojirowashi
tool_bird_class_train/Ojirowashi_White_Tailed_Eagle/ext_inat_20260504/inat_225098132_5ea92242.jpg,1,Ojirowashi
tool_bird_class_train/Ojirowashi_White_Tailed_Eagle/ext_inat_20260504/inat_225523858_306d3894.jpg,1,Ojirowashi
tool_bird_class_train/Ojirowashi_White_Tailed_Eagle/ext_inat_20260504/inat_226052163_69dd960e.jpg,1,Ojirowashi
tool_bird_class_train/Ojirowashi_White_Tailed_Eagle/ext_inat_20260504/inat_226858969_c4a52f59.jpg,1,Ojirowashi
tool_bird_class_train/Ojirowashi_White_Tailed_Eagle/ext_inat_20260504/inat_228948274_20569e0f.jpg,1,Ojirowashi
tool_bird_class_train/Ojirowashi_White_Tailed_Eagle/ext_inat_20260504/inat_229165505_c9742f94.jpg,1,Ojirowashi
tool_bird_class_train/Ojirowashi_White_Tailed_Eagle/ext_inat_20260504/inat_229920143_33f29350.jpg,1,Ojirowashi
tool_bird_class_train/Ojirowashi_White_Tailed_Eagle/ext_inat_20260504/inat_230901690_43f7f093.jpg,1,Ojirowashi
tool_bird_class_train/Ojirowashi_White_Tailed_Eagle/ext_inat_20260504/inat_231480033_f553f24a.jpg,1,Ojirowashi
tool_bird_class_train/Ojirowashi_White_Tailed_Eagle/ext_inat_20260504/inat_231483810_f18b70b9.jpg,1,Ojirowashi
tool_bird_class_train/Ojirowashi_White_Tailed_Eagle/ext_inat_20260504/inat_231487052_76b2bdc6.jpg,1,Ojirowashi
tool_bird_class_train/Ojirowashi_White_Tailed_Eagle/ext_inat_20260504/inat_231487153_0efd1d9f.jpg,1,Ojirowashi
tool_bird_class_train/Ojirowashi_White_Tailed_Eagle/ext_inat_20260504/inat_232311418_f7cda437.jpg,1,Ojirowashi
tool_bird_class_train/Ojirowashi_White_Tailed_Eagle/ext_inat_20260504/inat_232544428_98acfa74.jpg,1,Ojirowashi
tool_bird_class_train/Ojirowashi_White_Tailed_Eagle/ext_inat_20260504/inat_232591137_92f5af1c.jpg,1,Ojirowashi
tool_bird_class_train/Ojirowashi_White_Tailed_Eagle/ext_inat_20260504/inat_233727406_7f295280.jpg,1,Ojirowashi
tool_bird_class_train/Ojirowashi_White_Tailed_Eagle/ext_inat_20260504/inat_233953969_1a6dc3cc.jpg,1,Ojirowashi
tool_bird_class_train/Ojirowashi_White_Tailed_Eagle/ext_inat_20260504/inat_234334225_0b10024b.jpg,1,Ojirowashi
tool_bird_class_train/Ojirowashi_White_Tailed_Eagle/ext_inat_20260504/inat_234630270_627af42e.jpg,1,Ojirowashi
tool_bird_class_train/Ojirowashi_White_Tailed_Eagle/ext_inat_20260504/inat_234756433_dbc15102.jpg,1,Ojirowashi
tool_bird_class_train/Ojirowashi_White_Tailed_Eagle/ext_inat_20260504/inat_234924180_74e6ca2b.jpg,1,Ojirowashi
tool_bird_class_train/Ojirowashi_White_Tailed_Eagle/ext_inat_20260504/inat_235032716_ec2a832d.jpg,1,Ojirowashi
tool_bird_class_train/Ojirowashi_White_Tailed_Eagle/ext_inat_20260504/inat_235964556_1268494c.jpg,1,Ojirowashi
tool_bird_class_train/Ojirowashi_White_Tailed_Eagle/ext_inat_20260504/inat_236028490_a8d7fb22.jpg,1,Ojirowashi
tool_bird_class_train/Ojirowashi_White_Tailed_Eagle/ext_inat_20260504/inat_236086140_2780724e.jpg,1,Ojirowashi
tool_bird_class_train/Ojirowashi_White_Tailed_Eagle/ext_inat_20260504/inat_236343475_b6707571.jpg,1,Ojirowashi
tool_bird_class_train/Ojirowashi_White_Tailed_Eagle/ext_inat_20260504/inat_236343533_3b4b1cfc.jpg,1,Ojirowashi
tool_bird_class_train/Ojirowashi_White_Tailed_Eagle/ext_inat_20260504/inat_237385084_36956820.jpg,1,Ojirowashi
tool_bird_class_train/Ojirowashi_White_Tailed_Eagle/ext_inat_20260504/inat_238491294_3890633a.jpg,1,Ojirowashi
tool_bird_class_train/Ojirowashi_White_Tailed_Eagle/ext_inat_20260504/inat_238835864_4b8cc068.jpg,1,Ojirowashi
tool_bird_class_train/Ojirowashi_White_Tailed_Eagle/ext_inat_20260504/inat_238910800_ad83b41e.jpg,1,Ojirowashi
tool_bird_class_train/Ojirowashi_White_Tailed_Eagle/ext_inat_20260504/inat_238910830_ae2c55a6.jpg,1,Ojirowashi
tool_bird_class_train/Ojirowashi_White_Tailed_Eagle/ext_inat_20260504/inat_239356468_1c0a8bd7.jpg,1,Ojirowashi
tool_bird_class_train/Ojirowashi_White_Tailed_Eagle/ext_inat_20260504/inat_239375587_765ca1a5.jpg,1,Ojirowashi
tool_bird_class_train/Ojirowashi_White_Tailed_Eagle/ext_inat_20260504/inat_240569613_e58af3b1.jpg,1,Ojirowashi
tool_bird_class_train/Ojirowashi_White_Tailed_Eagle/ext_inat_20260504/inat_240909610_32a56432.jpg,1,Ojirowashi
tool_bird_class_train/Ojirowashi_White_Tailed_Eagle/ext_inat_20260504/inat_241592167_bb564487.jpg,1,Ojirowashi
tool_bird_class_train/Ojirowashi_White_Tailed_Eagle/ext_inat_20260504/inat_241752194_e57e2cbd.jpg,1,Ojirowashi
tool_bird_class_train/Ojirowashi_White_Tailed_Eagle/ext_inat_20260504/inat_244035639_efa0f8e6.jpg,1,Ojirowashi
tool_bird_class_train/Ojirowashi_White_Tailed_Eagle/ext_inat_20260504/inat_244218309_0e8ee3cd.jpg,1,Ojirowashi
tool_bird_class_train/Ojirowashi_White_Tailed_Eagle/ext_inat_20260504/inat_244218778_e77877e7.jpg,1,Ojirowashi
tool_bird_class_train/Ojirowashi_White_Tailed_Eagle/ext_inat_20260504/inat_245831012_e50f1651.jpg,1,Ojirowashi
tool_bird_class_train/Ojirowashi_White_Tailed_Eagle/ext_inat_20260504/inat_246342851_fd83b34d.jpg,1,Ojirowashi
tool_bird_class_train/Ojirowashi_White_Tailed_Eagle/ext_inat_20260504/inat_246346561_869f6947.jpg,1,Ojirowashi
tool_bird_class_train/Ojirowashi_White_Tailed_Eagle/ext_inat_20260504/inat_246375277_7feda799.jpg,1,Ojirowashi
tool_bird_class_train/Ojirowashi_White_Tailed_Eagle/ext_inat_20260504/inat_247496511_547479ea.jpg,1,Ojirowashi
tool_bird_class_train/Ojirowashi_White_Tailed_Eagle/ext_inat_20260504/inat_247856841_6bc6782a.jpg,1,Ojirowashi
tool_bird_class_train/Ojirowashi_White_Tailed_Eagle/ext_inat_20260504/inat_247857246_01a0a822.jpg,1,Ojirowashi
tool_bird_class_train/Ojirowashi_White_Tailed_Eagle/ext_inat_20260504/inat_248004774_3aa01042.jpg,1,Ojirowashi
tool_bird_class_train/Ojirowashi_White_Tailed_Eagle/ext_inat_20260504/inat_248104802_458aef24.jpg,1,Ojirowashi
tool_bird_class_train/Ojirowashi_White_Tailed_Eagle/ext_inat_20260504/inat_248105047_c51c262f.jpg,1,Ojirowashi
tool_bird_class_train/Ojirowashi_White_Tailed_Eagle/ext_inat_20260504/inat_248105189_945e1c4f.jpg,1,Ojirowashi
tool_bird_class_train/Ojirowashi_White_Tailed_Eagle/ext_inat_20260504/inat_248323504_10266624.jpg,1,Ojirowashi
tool_bird_class_train/Ojirowashi_White_Tailed_Eagle/ext_inat_20260504/inat_249101029_ea8eb0f8.jpg,1,Ojirowashi
tool_bird_class_train/Ojirowashi_White_Tailed_Eagle/ext_inat_20260504/inat_249101402_be49feb0.jpg,1,Ojirowashi
tool_bird_class_train/Ojirowashi_White_Tailed_Eagle/ext_inat_20260504/inat_249101578_ae1d31fe.jpg,1,Ojirowashi
tool_bird_class_train/Ojirowashi_White_Tailed_Eagle/ext_inat_20260504/inat_249535116_46dd25fd.jpg,1,Ojirowashi
tool_bird_class_train/Ojirowashi_White_Tailed_Eagle/ext_inat_20260504/inat_249540635_2fff760f.jpg,1,Ojirowashi
tool_bird_class_train/Ojirowashi_White_Tailed_Eagle/ext_inat_20260504/inat_250247449_f94ce15b.jpg,1,Ojirowashi
tool_bird_class_train/Ojirowashi_White_Tailed_Eagle/ext_inat_20260504/inat_250979942_1f4c7477.jpg,1,Ojirowashi
tool_bird_class_train/Ojirowashi_White_Tailed_Eagle/ext_inat_20260504/inat_251298632_fbe9a9fa.jpg,1,Ojirowashi
tool_bird_class_train/Ojirowashi_White_Tailed_Eagle/ext_inat_20260504/inat_251589793_67c41552.jpg,1,Ojirowashi
tool_bird_class_train/Ojirowashi_White_Tailed_Eagle/ext_inat_20260504/inat_252089958_ebaf28db.jpg,1,Ojirowashi
tool_bird_class_train/Ojirowashi_White_Tailed_Eagle/ext_inat_20260504/inat_252468387_42fb905b.jpg,1,Ojirowashi
tool_bird_class_train/Ojirowashi_White_Tailed_Eagle/ext_inat_20260504/inat_252530786_9ce543f8.jpg,1,Ojirowashi
tool_bird_class_train/Ojirowashi_White_Tailed_Eagle/ext_inat_20260504/inat_252660425_1d1058b2.jpg,1,Ojirowashi
tool_bird_class_train/Ojirowashi_White_Tailed_Eagle/ext_inat_20260504/inat_252931927_f4852844.jpg,1,Ojirowashi
tool_bird_class_train/Ojirowashi_White_Tailed_Eagle/ext_inat_20260504/inat_253213067_c86857b2.jpg,1,Ojirowashi
tool_bird_class_train/Ojirowashi_White_Tailed_Eagle/ext_inat_20260504/inat_253342044_f65c89d1.jpg,1,Ojirowashi
tool_bird_class_train/Ojirowashi_White_Tailed_Eagle/ext_inat_20260504/inat_253361046_d2a2c389.jpg,1,Ojirowashi
tool_bird_class_train/Ojirowashi_White_Tailed_Eagle/ext_inat_20260504/inat_253483166_21f73719.jpg,1,Ojirowashi
tool_bird_class_train/Ojirowashi_White_Tailed_Eagle/ext_inat_20260504/inat_253615359_ffd3d77d.jpg,1,Ojirowashi
tool_bird_class_train/Ojirowashi_White_Tailed_Eagle/ext_inat_20260504/inat_253615373_0f607c6b.jpg,1,Ojirowashi
tool_bird_class_train/Ojirowashi_White_Tailed_Eagle/ext_inat_20260504/inat_253778398_be84f446.jpg,1,Ojirowashi
tool_bird_class_train/Ojirowashi_White_Tailed_Eagle/ext_inat_20260504/inat_253869500_a9d04526.jpg,1,Ojirowashi
tool_bird_class_train/Ojirowashi_White_Tailed_Eagle/ext_inat_20260504/inat_253871051_a02ffcbd.jpg,1,Ojirowashi
tool_bird_class_train/Ojirowashi_White_Tailed_Eagle/ext_inat_20260504/inat_253871252_1a94c8fd.jpg,1,Ojirowashi
tool_bird_class_train/Ojirowashi_White_Tailed_Eagle/ext_inat_20260504/inat_253871895_99970981.jpg,1,Ojirowashi
tool_bird_class_train/Ojirowashi_White_Tailed_Eagle/ext_inat_20260504/inat_253872236_197891ef.jpg,1,Ojirowashi
tool_bird_class_train/Ojirowashi_White_Tailed_Eagle/ext_inat_20260504/inat_255118325_bcecb5ac.jpg,1,Ojirowashi
tool_bird_class_train/Ojirowashi_White_Tailed_Eagle/ext_inat_20260504/inat_255118421_0edd1cf6.jpg,1,Ojirowashi
tool_bird_class_train/Ojirowashi_White_Tailed_Eagle/ext_inat_20260504/inat_255549149_9cbd0d36.jpg,1,Ojirowashi
tool_bird_class_train/Ojirowashi_White_Tailed_Eagle/ext_inat_20260504/inat_255634030_58a24a26.jpg,1,Ojirowashi
tool_bird_class_train/Ojirowashi_White_Tailed_Eagle/ext_inat_20260504/inat_255637352_3437549c.jpg,1,Ojirowashi
tool_bird_class_train/Ojirowashi_White_Tailed_Eagle/ext_inat_20260504/inat_255686984_89dbc70a.png,1,Ojirowashi
tool_bird_class_train/Ojirowashi_White_Tailed_Eagle/ext_inat_20260504/inat_255929460_c64907bd.jpg,1,Ojirowashi
tool_bird_class_train/Ojirowashi_White_Tailed_Eagle/ext_inat_20260504/inat_255975736_0a7081ea.jpg,1,Ojirowashi
tool_bird_class_train/Ojirowashi_White_Tailed_Eagle/ext_inat_20260504/inat_256128187_76391e53.jpg,1,Ojirowashi
tool_bird_class_train/Ojirowashi_White_Tailed_Eagle/ext_inat_20260504/inat_256470963_9d9873d6.jpg,1,Ojirowashi
tool_bird_class_train/Ojirowashi_White_Tailed_Eagle/ext_inat_20260504/inat_257573803_ce106ca8.jpg,1,Ojirowashi
tool_bird_class_train/Ojirowashi_White_Tailed_Eagle/ext_inat_20260504/inat_257772704_f7f2a7b1.jpg,1,Ojirowashi
tool_bird_class_train/Ojirowashi_White_Tailed_Eagle/ext_inat_20260504/inat_258339996_86ce44f8.jpg,1,Ojirowashi
tool_bird_class_train/Ojirowashi_White_Tailed_Eagle/ext_inat_20260504/inat_258428227_6920bc0b.jpg,1,Ojirowashi
tool_bird_class_train/Ojirowashi_White_Tailed_Eagle/ext_inat_20260504/inat_258491336_94db2c89.jpg,1,Ojirowashi
tool_bird_class_train/Ojirowashi_White_Tailed_Eagle/ext_inat_20260504/inat_258526078_2b0e6195.jpg,1,Ojirowashi
tool_bird_class_train/Ojirowashi_White_Tailed_Eagle/ext_inat_20260504/inat_258733920_823b3cdb.jpg,1,Ojirowashi
tool_bird_class_train/Ojirowashi_White_Tailed_Eagle/ext_inat_20260504/inat_258987574_5d7e9420.jpg,1,Ojirowashi
tool_bird_class_train/Ojirowashi_White_Tailed_Eagle/ext_inat_20260504/inat_259688744_58095c50.jpg,1,Ojirowashi
tool_bird_class_train/Ojirowashi_White_Tailed_Eagle/ext_inat_20260504/inat_259831193_e0ccc71b.jpg,1,Ojirowashi
tool_bird_class_train/Ojirowashi_White_Tailed_Eagle/ext_inat_20260504/inat_260000668_8cfe9144.jpg,1,Ojirowashi
tool_bird_class_train/Ojirowashi_White_Tailed_Eagle/ext_inat_20260504/inat_260105851_d5154c17.jpg,1,Ojirowashi
tool_bird_class_train/Ojirowashi_White_Tailed_Eagle/ext_inat_20260504/inat_260140469_b92ea8c9.jpg,1,Ojirowashi
tool_bird_class_train/Ojirowashi_White_Tailed_Eagle/ext_inat_20260504/inat_260296289_422a8414.jpg,1,Ojirowashi
tool_bird_class_train/Ojirowashi_White_Tailed_Eagle/ext_inat_20260504/inat_260327443_9d798070.jpg,1,Ojirowashi
tool_bird_class_train/Ojirowashi_White_Tailed_Eagle/ext_inat_20260504/inat_260691321_b5c95001.jpg,1,Ojirowashi
tool_bird_class_train/Ojirowashi_White_Tailed_Eagle/ext_inat_20260504/inat_261634956_fd52c76c.jpg,1,Ojirowashi
tool_bird_class_train/Ojirowashi_White_Tailed_Eagle/ext_inat_20260504/inat_261663462_04585f18.jpg,1,Ojirowashi
tool_bird_class_train/Ojirowashi_White_Tailed_Eagle/ext_inat_20260504/inat_261988009_22439cc4.jpg,1,Ojirowashi
tool_bird_class_train/Ojirowashi_White_Tailed_Eagle/ext_inat_20260504/inat_262218489_ccfdedde.jpg,1,Ojirowashi
tool_bird_class_train/Ojirowashi_White_Tailed_Eagle/ext_inat_20260504/inat_262826753_e20bfe8f.jpg,1,Ojirowashi
tool_bird_class_train/Ojirowashi_White_Tailed_Eagle/ext_inat_20260504/inat_264077566_8c8ad868.jpg,1,Ojirowashi
tool_bird_class_train/Ojirowashi_White_Tailed_Eagle/ext_inat_20260504/inat_264265574_1d72de6b.jpg,1,Ojirowashi
tool_bird_class_train/Ojirowashi_White_Tailed_Eagle/ext_inat_20260504/inat_264286069_b60ea64a.jpg,1,Ojirowashi
tool_bird_class_train/Ojirowashi_White_Tailed_Eagle/ext_inat_20260504/inat_264569738_6066ae23.jpg,1,Ojirowashi
tool_bird_class_train/Ojirowashi_White_Tailed_Eagle/ext_inat_20260504/inat_265293879_ad3c5f26.jpg,1,Ojirowashi
tool_bird_class_train/Ojirowashi_White_Tailed_Eagle/ext_inat_20260504/inat_265298833_d389d8d9.jpg,1,Ojirowashi
tool_bird_class_train/Ojirowashi_White_Tailed_Eagle/ext_inat_20260504/inat_265411440_9b6d9910.jpg,1,Ojirowashi
tool_bird_class_train/Ojirowashi_White_Tailed_Eagle/ext_inat_20260504/inat_265434206_5dc1c8a9.jpg,1,Ojirowashi
tool_bird_class_train/Ojirowashi_White_Tailed_Eagle/ext_inat_20260504/inat_265691790_ab02e4a2.jpg,1,Ojirowashi
tool_bird_class_train/Ojirowashi_White_Tailed_Eagle/ext_inat_20260504/inat_265962306_60df4c7c.jpg,1,Ojirowashi
tool_bird_class_train/Ojirowashi_White_Tailed_Eagle/ext_inat_20260504/inat_265980984_5ab01459.jpg,1,Ojirowashi
tool_bird_class_train/Ojirowashi_White_Tailed_Eagle/ext_inat_20260504/inat_265981766_96bf6e19.jpg,1,Ojirowashi
tool_bird_class_train/Ojirowashi_White_Tailed_Eagle/ext_inat_20260504/inat_266206082_c1ec5573.jpg,1,Ojirowashi
tool_bird_class_train/Ojirowashi_White_Tailed_Eagle/ext_inat_20260504/inat_266262573_c23d26b7.jpg,1,Ojirowashi
tool_bird_class_train/Ojirowashi_White_Tailed_Eagle/ext_inat_20260504/inat_266862438_26a66e28.jpg,1,Ojirowashi
tool_bird_class_train/Ojirowashi_White_Tailed_Eagle/ext_inat_20260504/inat_267776746_e4f530f5.jpg,1,Ojirowashi
tool_bird_class_train/Ojirowashi_White_Tailed_Eagle/ext_inat_20260504/inat_267876812_f06a12c9.jpg,1,Ojirowashi
tool_bird_class_train/Ojirowashi_White_Tailed_Eagle/ext_inat_20260504/inat_268071061_a8a96c93.jpg,1,Ojirowashi
tool_bird_class_train/Ojirowashi_White_Tailed_Eagle/ext_inat_20260504/inat_268954948_43ae6a47.jpg,1,Ojirowashi
tool_bird_class_train/Ojirowashi_White_Tailed_Eagle/ext_inat_20260504/inat_269723777_a51c791b.jpg,1,Ojirowashi
tool_bird_class_train/Ojirowashi_White_Tailed_Eagle/ext_inat_20260504/inat_269727130_f11d4dfd.jpg,1,Ojirowashi
tool_bird_class_train/Ojirowashi_White_Tailed_Eagle/ext_inat_20260504/inat_269731705_dc3a94f9.jpg,1,Ojirowashi
tool_bird_class_train/Ojirowashi_White_Tailed_Eagle/ext_inat_20260504/inat_269740217_efa21f5e.jpg,1,Ojirowashi
tool_bird_class_train/Ojirowashi_White_Tailed_Eagle/ext_inat_20260504/inat_269883117_9f90f530.jpg,1,Ojirowashi
tool_bird_class_train/Ojirowashi_White_Tailed_Eagle/ext_inat_20260504/inat_270086662_0104f6da.jpg,1,Ojirowashi
tool_bird_class_train/Ojirowashi_White_Tailed_Eagle/ext_inat_20260504/inat_270086740_945f0422.jpg,1,Ojirowashi
tool_bird_class_train/Ojirowashi_White_Tailed_Eagle/ext_inat_20260504/inat_270086930_a9e4219b.jpg,1,Ojirowashi
tool_bird_class_train/Ojirowashi_White_Tailed_Eagle/ext_inat_20260504/inat_270203850_083164ec.jpg,1,Ojirowashi
tool_bird_class_train/Ojirowashi_White_Tailed_Eagle/ext_inat_20260504/inat_270204491_43a464a8.jpg,1,Ojirowashi
tool_bird_class_train/Ojirowashi_White_Tailed_Eagle/ext_inat_20260504/inat_270218438_b27ee0bc.jpg,1,Ojirowashi
tool_bird_class_train/Ojirowashi_White_Tailed_Eagle/ext_inat_20260504/inat_270421299_b146fe1a.jpg,1,Ojirowashi
tool_bird_class_train/Ojirowashi_White_Tailed_Eagle/ext_inat_20260504/inat_270557705_ed9f3d45.jpg,1,Ojirowashi
tool_bird_class_train/Ojirowashi_White_Tailed_Eagle/ext_inat_20260504/inat_272374428_dc299239.jpg,1,Ojirowashi
tool_bird_class_train/Ojirowashi_White_Tailed_Eagle/ext_inat_20260504/inat_272570383_97140518.jpg,1,Ojirowashi
tool_bird_class_train/Ojirowashi_White_Tailed_Eagle/ext_inat_20260504/inat_273084248_e7687df6.jpg,1,Ojirowashi
tool_bird_class_train/Ojirowashi_White_Tailed_Eagle/ext_inat_20260504/inat_273204447_0f0b5350.jpg,1,Ojirowashi
tool_bird_class_train/Ojirowashi_White_Tailed_Eagle/ext_inat_20260504/inat_273682992_6e61020b.jpg,1,Ojirowashi
tool_bird_class_train/Ojirowashi_White_Tailed_Eagle/ext_inat_20260504/inat_276137363_3e7e7055.jpg,1,Ojirowashi
tool_bird_class_train/Ojirowashi_White_Tailed_Eagle/ext_inat_20260504/inat_277152478_3340c639.jpg,1,Ojirowashi
tool_bird_class_train/Ojirowashi_White_Tailed_Eagle/ext_inat_20260504/inat_277152524_f295c985.jpg,1,Ojirowashi
tool_bird_class_train/Ojirowashi_White_Tailed_Eagle/ext_inat_20260504/inat_277379287_c69ea63b.jpg,1,Ojirowashi
tool_bird_class_train/Ojirowashi_White_Tailed_Eagle/ext_inat_20260504/inat_277379375_cc010c8f.jpg,1,Ojirowashi
tool_bird_class_train/Ojirowashi_White_Tailed_Eagle/ext_inat_20260504/inat_277823080_b693b7cf.jpg,1,Ojirowashi
tool_bird_class_train/Ojirowashi_White_Tailed_Eagle/ext_inat_20260504/inat_278351326_93c353b7.jpg,1,Ojirowashi
tool_bird_class_train/Ojirowashi_White_Tailed_Eagle/ext_inat_20260504/inat_278954274_cda63b1e.jpg,1,Ojirowashi
tool_bird_class_train/Ojirowashi_White_Tailed_Eagle/ext_inat_20260504/inat_279514642_efd77d52.jpg,1,Ojirowashi
tool_bird_class_train/Ojirowashi_White_Tailed_Eagle/ext_inat_20260504/inat_279575151_e7cbe96f.jpg,1,Ojirowashi
tool_bird_class_train/Ojirowashi_White_Tailed_Eagle/ext_inat_20260504/inat_279647768_cb696527.jpg,1,Ojirowashi
tool_bird_class_train/Ojirowashi_White_Tailed_Eagle/ext_inat_20260504/inat_280556544_4a582eb7.jpg,1,Ojirowashi
tool_bird_class_train/Ojirowashi_White_Tailed_Eagle/ext_inat_20260504/inat_281227779_a4bf13f1.jpg,1,Ojirowashi
tool_bird_class_train/Ojirowashi_White_Tailed_Eagle/ext_inat_20260504/inat_281227894_b60a1869.jpg,1,Ojirowashi
tool_bird_class_train/Ojirowashi_White_Tailed_Eagle/ext_inat_20260504/inat_281228184_ef48b6d4.jpg,1,Ojirowashi
tool_bird_class_train/Ojirowashi_White_Tailed_Eagle/ext_inat_20260504/inat_281228308_94146f15.jpg,1,Ojirowashi
tool_bird_class_train/Ojirowashi_White_Tailed_Eagle/ext_inat_20260504/inat_281810106_0847beee.jpg,1,Ojirowashi
tool_bird_class_train/Ojirowashi_White_Tailed_Eagle/ext_inat_20260504/inat_282613751_27c18233.jpg,1,Ojirowashi
tool_bird_class_train/Ojirowashi_White_Tailed_Eagle/ext_inat_20260504/inat_282981688_10f029b8.jpg,1,Ojirowashi
tool_bird_class_train/Ojirowashi_White_Tailed_Eagle/ext_inat_20260504/inat_283313417_1b42e800.jpg,1,Ojirowashi
tool_bird_class_train/Ojirowashi_White_Tailed_Eagle/ext_inat_20260504/inat_283435414_a5d01902.jpg,1,Ojirowashi
tool_bird_class_train/Ojirowashi_White_Tailed_Eagle/ext_inat_20260504/inat_283528374_0986f082.jpg,1,Ojirowashi
tool_bird_class_train/Ojirowashi_White_Tailed_Eagle/ext_inat_20260504/inat_283623214_76d0ecfd.jpg,1,Ojirowashi
tool_bird_class_train/Ojirowashi_White_Tailed_Eagle/ext_inat_20260504/inat_285529209_a4b3219b.jpg,1,Ojirowashi
tool_bird_class_train/Ojirowashi_White_Tailed_Eagle/ext_inat_20260504/inat_285535130_9c9eeb12.jpg,1,Ojirowashi
tool_bird_class_train/Ojirowashi_White_Tailed_Eagle/ext_inat_20260504/inat_285899443_82599144.jpg,1,Ojirowashi
tool_bird_class_train/Ojirowashi_White_Tailed_Eagle/ext_inat_20260504/inat_286991970_241b7f90.jpg,1,Ojirowashi
tool_bird_class_train/Ojirowashi_White_Tailed_Eagle/ext_inat_20260504/inat_288954984_c493408d.jpg,1,Ojirowashi
tool_bird_class_train/Ojirowashi_White_Tailed_Eagle/ext_inat_20260504/inat_290829313_1625baa1.jpg,1,Ojirowashi
tool_bird_class_train/Ojirowashi_White_Tailed_Eagle/ext_inat_20260504/inat_290936506_031d93a7.jpg,1,Ojirowashi
tool_bird_class_train/Ojirowashi_White_Tailed_Eagle/ext_inat_20260504/inat_292690369_93f635b1.jpg,1,Ojirowashi
tool_bird_class_train/Ojirowashi_White_Tailed_Eagle/ext_inat_20260504/inat_293007340_00029f1c.jpg,1,Ojirowashi
tool_bird_class_train/Ojirowashi_White_Tailed_Eagle/ext_inat_20260504/inat_295271887_f270f6e4.jpg,1,Ojirowashi
tool_bird_class_train/Ojirowashi_White_Tailed_Eagle/ext_inat_20260504/inat_296301664_79df6196.jpg,1,Ojirowashi
tool_bird_class_train/Ojirowashi_White_Tailed_Eagle/ext_inat_20260504/inat_296328869_1725f7d0.jpg,1,Ojirowashi
tool_bird_class_train/Ojirowashi_White_Tailed_Eagle/ext_inat_20260504/inat_296751267_0aec9120.jpg,1,Ojirowashi
tool_bird_class_train/Ojirowashi_White_Tailed_Eagle/ext_inat_20260504/inat_296998423_39eae166.jpg,1,Ojirowashi
tool_bird_class_train/Ojirowashi_White_Tailed_Eagle/ext_inat_20260504/inat_297581480_c6611a91.jpg,1,Ojirowashi
tool_bird_class_train/Ojirowashi_White_Tailed_Eagle/ext_inat_20260504/inat_297703388_0ee7842c.jpg,1,Ojirowashi
tool_bird_class_train/Ojirowashi_White_Tailed_Eagle/ext_inat_20260504/inat_299488582_e4d827b5.jpg,1,Ojirowashi
tool_bird_class_train/Ojirowashi_White_Tailed_Eagle/ext_inat_20260504/inat_300687311_4d4935e2.jpg,1,Ojirowashi
tool_bird_class_train/Ojirowashi_White_Tailed_Eagle/ext_inat_20260504/inat_300687418_851c4a27.jpg,1,Ojirowashi
tool_bird_class_train/Ojirowashi_White_Tailed_Eagle/ext_inat_20260504/inat_300687560_02c9f8ca.jpg,1,Ojirowashi
tool_bird_class_train/Ojirowashi_White_Tailed_Eagle/ext_inat_20260504/inat_302845712_7e1b9311.jpg,1,Ojirowashi
tool_bird_class_train/Ojirowashi_White_Tailed_Eagle/ext_inat_20260504/inat_303108370_d1083567.jpg,1,Ojirowashi
tool_bird_class_train/Ojirowashi_White_Tailed_Eagle/ext_inat_20260504/inat_304034040_30a5eba4.jpg,1,Ojirowashi
tool_bird_class_train/Ojirowashi_White_Tailed_Eagle/ext_inat_20260504/inat_304034769_19d54044.jpg,1,Ojirowashi
tool_bird_class_train/Ojirowashi_White_Tailed_Eagle/ext_inat_20260504/inat_304551383_60a50001.jpg,1,Ojirowashi
tool_bird_class_train/Ojirowashi_White_Tailed_Eagle/ext_inat_20260504/inat_304731939_3b570a71.jpg,1,Ojirowashi
tool_bird_class_train/Ojirowashi_White_Tailed_Eagle/ext_inat_20260504/inat_305568621_4d21f286.jpg,1,Ojirowashi
tool_bird_class_train/Ojirowashi_White_Tailed_Eagle/ext_inat_20260504/inat_306860033_79ce1d75.jpg,1,Ojirowashi
tool_bird_class_train/Ojirowashi_White_Tailed_Eagle/ext_inat_20260504/inat_307209019_5283aa5c.jpg,1,Ojirowashi
tool_bird_class_train/Ojirowashi_White_Tailed_Eagle/ext_inat_20260504/inat_307754143_2e3e8091.jpg,1,Ojirowashi
tool_bird_class_train/Ojirowashi_White_Tailed_Eagle/ext_inat_20260504/inat_309150420_9d1c9ad4.jpg,1,Ojirowashi
tool_bird_class_train/Ojirowashi_White_Tailed_Eagle/ext_inat_20260504/inat_309915993_0d5bc531.jpg,1,Ojirowashi
tool_bird_class_train/Ojirowashi_White_Tailed_Eagle/ext_inat_20260504/inat_310642923_a7d30191.jpg,1,Ojirowashi
tool_bird_class_train/Ojirowashi_White_Tailed_Eagle/ext_inat_20260504/inat_310656816_e5b7a05f.jpg,1,Ojirowashi
tool_bird_class_train/Ojirowashi_White_Tailed_Eagle/ext_inat_20260504/inat_310668032_0bb37b24.jpg,1,Ojirowashi
tool_bird_class_train/Ojirowashi_White_Tailed_Eagle/ext_inat_20260504/inat_311074153_b2f271e1.jpg,1,Ojirowashi
tool_bird_class_train/Ojirowashi_White_Tailed_Eagle/ext_inat_20260504/inat_311078718_08c4af76.jpg,1,Ojirowashi
tool_bird_class_train/Ojirowashi_White_Tailed_Eagle/ext_inat_20260504/inat_311339003_c6dbb97d.jpg,1,Ojirowashi
tool_bird_class_train/Ojirowashi_White_Tailed_Eagle/ext_inat_20260504/inat_311542500_70692d6f.jpg,1,Ojirowashi
tool_bird_class_train/Ojirowashi_White_Tailed_Eagle/ext_inat_20260504/inat_312396811_b1211f67.jpg,1,Ojirowashi
tool_bird_class_train/Ojirowashi_White_Tailed_Eagle/ext_inat_20260504/inat_312615551_0c654f6a.jpg,1,Ojirowashi
tool_bird_class_train/Ojirowashi_White_Tailed_Eagle/ext_inat_20260504/inat_313502359_f35b5ac5.jpg,1,Ojirowashi
tool_bird_class_train/Ojirowashi_White_Tailed_Eagle/ext_inat_20260504/inat_313511679_80b9dbfc.jpg,1,Ojirowashi
tool_bird_class_train/Ojirowashi_White_Tailed_Eagle/ext_inat_20260504/inat_313703400_7734c0f7.jpg,1,Ojirowashi
tool_bird_class_train/Ojirowashi_White_Tailed_Eagle/ext_inat_20260504/inat_313995157_e9173d28.jpg,1,Ojirowashi
tool_bird_class_train/Ojirowashi_White_Tailed_Eagle/ext_inat_20260504/inat_314358527_cab8f3d1.jpg,1,Ojirowashi
tool_bird_class_train/Ojirowashi_White_Tailed_Eagle/ext_inat_20260504/inat_315421066_2e3b9ad8.jpg,1,Ojirowashi
tool_bird_class_train/Ojirowashi_White_Tailed_Eagle/ext_inat_20260504/inat_315570987_66117ae2.jpg,1,Ojirowashi
tool_bird_class_train/Ojirowashi_White_Tailed_Eagle/ext_inat_20260504/inat_315717761_31e51190.jpg,1,Ojirowashi
tool_bird_class_train/Ojirowashi_White_Tailed_Eagle/ext_inat_20260504/inat_315796308_bbed4932.jpg,1,Ojirowashi
tool_bird_class_train/Ojirowashi_White_Tailed_Eagle/ext_inat_20260504/inat_315796751_0d8b8739.jpg,1,Ojirowashi
tool_bird_class_train/Ojirowashi_White_Tailed_Eagle/ext_inat_20260504/inat_316093994_a04f8262.jpg,1,Ojirowashi
tool_bird_class_train/Ojirowashi_White_Tailed_Eagle/ext_inat_20260504/inat_316189418_bfdfffff.jpg,1,Ojirowashi
tool_bird_class_train/Ojirowashi_White_Tailed_Eagle/ext_inat_20260504/inat_316369986_fddf6efd.jpg,1,Ojirowashi
tool_bird_class_train/Ojirowashi_White_Tailed_Eagle/ext_inat_20260504/inat_316486744_d3fa7657.jpg,1,Ojirowashi
tool_bird_class_train/Ojirowashi_White_Tailed_Eagle/ext_inat_20260504/inat_316621022_5022514b.jpg,1,Ojirowashi
tool_bird_class_train/Ojirowashi_White_Tailed_Eagle/ext_inat_20260504/inat_316671931_8a2ba597.jpg,1,Ojirowashi
tool_bird_class_train/Ojirowashi_White_Tailed_Eagle/ext_inat_20260504/inat_316781866_98703871.jpg,1,Ojirowashi
tool_bird_class_train/Ojirowashi_White_Tailed_Eagle/ext_inat_20260504/inat_318069851_fcf58697.jpg,1,Ojirowashi
tool_bird_class_train/Ojirowashi_White_Tailed_Eagle/ext_inat_20260504/inat_318219463_537dcdfe.jpg,1,Ojirowashi
tool_bird_class_train/Ojirowashi_White_Tailed_Eagle/ext_inat_20260504/inat_318476602_6443fdd7.jpg,1,Ojirowashi
tool_bird_class_train/Ojirowashi_White_Tailed_Eagle/ext_inat_20260504/inat_318511211_fa2d8cb3.jpg,1,Ojirowashi
tool_bird_class_train/Ojirowashi_White_Tailed_Eagle/ext_inat_20260504/inat_319623918_6a74aaa6.jpg,1,Ojirowashi
tool_bird_class_train/Ojirowashi_White_Tailed_Eagle/ext_inat_20260504/inat_320535059_55f5eed6.jpg,1,Ojirowashi
tool_bird_class_train/Ojirowashi_White_Tailed_Eagle/ext_inat_20260504/inat_320790220_3c59020f.jpg,1,Ojirowashi
tool_bird_class_train/Ojirowashi_White_Tailed_Eagle/ext_inat_20260504/inat_320790272_15ed3239.jpg,1,Ojirowashi
tool_bird_class_train/Ojirowashi_White_Tailed_Eagle/ext_inat_20260504/inat_320792146_281403f6.jpg,1,Ojirowashi
tool_bird_class_train/Ojirowashi_White_Tailed_Eagle/ext_inat_20260504/inat_320826725_93a7f7b6.jpg,1,Ojirowashi
tool_bird_class_train/Ojirowashi_White_Tailed_Eagle/ext_inat_20260504/inat_320855579_73ff90a4.jpg,1,Ojirowashi
tool_bird_class_train/Ojirowashi_White_Tailed_Eagle/ext_inat_20260504/inat_321745565_4c7d173a.jpg,1,Ojirowashi
tool_bird_class_train/Ojirowashi_White_Tailed_Eagle/ext_inat_20260504/inat_323064543_a32dc704.jpg,1,Ojirowashi
tool_bird_class_train/Ojirowashi_White_Tailed_Eagle/ext_inat_20260504/inat_323250588_c764506d.jpg,1,Ojirowashi
tool_bird_class_train/Ojirowashi_White_Tailed_Eagle/ext_inat_20260504/inat_325612630_dd6b0b62.jpg,1,Ojirowashi
tool_bird_class_train/Ojirowashi_White_Tailed_Eagle/ext_inat_20260504/inat_325997285_2751b5e6.jpg,1,Ojirowashi
tool_bird_class_train/Ojirowashi_White_Tailed_Eagle/ext_inat_20260504/inat_326274469_1970c493.jpg,1,Ojirowashi
tool_bird_class_train/Ojirowashi_White_Tailed_Eagle/ext_inat_20260504/inat_326279251_bf671c1d.jpg,1,Ojirowashi
tool_bird_class_train/Ojirowashi_White_Tailed_Eagle/ext_inat_20260504/inat_326313326_256d62db.jpg,1,Ojirowashi
tool_bird_class_train/Ojirowashi_White_Tailed_Eagle/ext_inat_20260504/inat_327490134_b30809d3.jpg,1,Ojirowashi
tool_bird_class_train/Ojirowashi_White_Tailed_Eagle/ext_inat_20260504/inat_327639804_65ff5eb2.jpg,1,Ojirowashi
tool_bird_class_train/Ojirowashi_White_Tailed_Eagle/ext_inat_20260504/inat_327864214_5e702bc7.jpg,1,Ojirowashi
tool_bird_class_train/Ojirowashi_White_Tailed_Eagle/ext_inat_20260504/inat_328960655_b95c21b9.jpg,1,Ojirowashi
tool_bird_class_train/Ojirowashi_White_Tailed_Eagle/ext_inat_20260504/inat_328961912_2191d33c.jpg,1,Ojirowashi
tool_bird_class_train/Ojirowashi_White_Tailed_Eagle/ext_inat_20260504/inat_329492245_0df847a8.jpg,1,Ojirowashi
tool_bird_class_train/Ojirowashi_White_Tailed_Eagle/ext_inat_20260504/inat_329972967_c53b5378.jpg,1,Ojirowashi
tool_bird_class_train/Ojirowashi_White_Tailed_Eagle/ext_inat_20260504/inat_329996973_520a4d78.jpg,1,Ojirowashi
tool_bird_class_train/Ojirowashi_White_Tailed_Eagle/ext_inat_20260504/inat_330723089_bd692c67.jpg,1,Ojirowashi
tool_bird_class_train/Ojirowashi_White_Tailed_Eagle/ext_inat_20260504/inat_331162615_589c3dd1.jpg,1,Ojirowashi
tool_bird_class_train/Ojirowashi_White_Tailed_Eagle/ext_inat_20260504/inat_331478764_02524f9b.jpg,1,Ojirowashi
tool_bird_class_train/Ojirowashi_White_Tailed_Eagle/ext_inat_20260504/inat_331659941_27d3e2aa.jpg,1,Ojirowashi
tool_bird_class_train/Ojirowashi_White_Tailed_Eagle/ext_inat_20260504/inat_331659957_ef37e313.jpg,1,Ojirowashi
tool_bird_class_train/Ojirowashi_White_Tailed_Eagle/ext_inat_20260504/inat_331674741_9ba477ed.jpg,1,Ojirowashi
tool_bird_class_train/Ojirowashi_White_Tailed_Eagle/ext_inat_20260504/inat_332533802_ae7c7e9f.jpg,1,Ojirowashi
tool_bird_class_train/Ojirowashi_White_Tailed_Eagle/ext_inat_20260504/inat_332657668_54ac8e6c.jpg,1,Ojirowashi
tool_bird_class_train/Ojirowashi_White_Tailed_Eagle/ext_inat_20260504/inat_332694422_0e172599.jpg,1,Ojirowashi
tool_bird_class_train/Ojirowashi_White_Tailed_Eagle/ext_inat_20260504/inat_332694425_2d04dc19.jpg,1,Ojirowashi
tool_bird_class_train/Ojirowashi_White_Tailed_Eagle/ext_inat_20260504/inat_332846443_cec4d6d6.jpg,1,Ojirowashi
tool_bird_class_train/Ojirowashi_White_Tailed_Eagle/ext_inat_20260504/inat_332934310_011f66d8.jpg,1,Ojirowashi
tool_bird_class_train/Ojirowashi_White_Tailed_Eagle/ext_inat_20260504/inat_333127812_90a1edf6.jpg,1,Ojirowashi
tool_bird_class_train/Ojirowashi_White_Tailed_Eagle/ext_inat_20260504/inat_333176636_080da109.jpg,1,Ojirowashi
tool_bird_class_train/Ojirowashi_White_Tailed_Eagle/ext_inat_20260504/inat_333384221_4faaf723.jpg,1,Ojirowashi
tool_bird_class_train/Ojirowashi_White_Tailed_Eagle/ext_inat_20260504/inat_334945446_a4795e9a.jpg,1,Ojirowashi
tool_bird_class_train/Ojirowashi_White_Tailed_Eagle/ext_inat_20260504/inat_335151224_7674ac28.jpg,1,Ojirowashi
tool_bird_class_train/Ojirowashi_White_Tailed_Eagle/ext_inat_20260504/inat_335922507_dee03a26.jpg,1,Ojirowashi
tool_bird_class_train/Ojirowashi_White_Tailed_Eagle/ext_inat_20260504/inat_336106751_c53a10ea.jpg,1,Ojirowashi
tool_bird_class_train/Ojirowashi_White_Tailed_Eagle/ext_inat_20260504/inat_336115635_8b59bcc6.jpg,1,Ojirowashi
tool_bird_class_train/Ojirowashi_White_Tailed_Eagle/ext_inat_20260504/inat_338400826_31d8675f.jpg,1,Ojirowashi
tool_bird_class_train/Ojirowashi_White_Tailed_Eagle/ext_inat_20260504/inat_338557590_0f5af32f.jpg,1,Ojirowashi
tool_bird_class_train/Ojirowashi_White_Tailed_Eagle/ext_inat_20260504/inat_338823344_bae1fdab.jpg,1,Ojirowashi
tool_bird_class_train/Ojirowashi_White_Tailed_Eagle/ext_inat_20260504/inat_340778822_24b27d6d.jpg,1,Ojirowashi
tool_bird_class_train/Ojirowashi_White_Tailed_Eagle/ext_inat_20260504/inat_341507041_cb8203f7.jpg,1,Ojirowashi
tool_bird_class_train/Ojirowashi_White_Tailed_Eagle/ext_inat_20260504/inat_341609552_c21b169b.jpg,1,Ojirowashi
tool_bird_class_train/Ojirowashi_White_Tailed_Eagle/ext_inat_20260504/inat_342385063_9d7c86eb.jpg,1,Ojirowashi
tool_bird_class_train/Ojirowashi_White_Tailed_Eagle/ext_inat_20260504/inat_342527755_186e005d.jpg,1,Ojirowashi
tool_bird_class_train/Ojirowashi_White_Tailed_Eagle/ext_inat_20260504/inat_342860836_ef1d4d49.jpg,1,Ojirowashi
tool_bird_class_train/Ojirowashi_White_Tailed_Eagle/ext_inat_20260504/inat_343511126_5066d10d.jpg,1,Ojirowashi
tool_bird_class_train/Ojirowashi_White_Tailed_Eagle/ext_inat_20260504/inat_344624417_40d53bfa.jpg,1,Ojirowashi
tool_bird_class_train/Ojirowashi_White_Tailed_Eagle/ext_inat_20260504/inat_345057501_0823425c.jpg,1,Ojirowashi
tool_bird_class_train/Ojirowashi_White_Tailed_Eagle/ext_inat_20260504/inat_345217630_7cd205b5.jpg,1,Ojirowashi
tool_bird_class_train/Ojirowashi_White_Tailed_Eagle/ext_inat_20260504/inat_345493525_cd019332.jpg,1,Ojirowashi
tool_bird_class_train/Ojirowashi_White_Tailed_Eagle/ext_inat_20260504/inat_345518501_a803b26a.jpg,1,Ojirowashi
tool_bird_class_train/Ojirowashi_White_Tailed_Eagle/ext_inat_20260504/inat_345999162_b5f43a27.jpg,1,Ojirowashi
tool_bird_class_train/Ojirowashi_White_Tailed_Eagle/ext_inat_20260504/inat_346337941_bec56411.jpg,1,Ojirowashi
tool_bird_class_train/Ojirowashi_White_Tailed_Eagle/ext_inat_20260504/inat_346837700_25f87be2.jpg,1,Ojirowashi
tool_bird_class_train/Ojirowashi_White_Tailed_Eagle/ext_inat_20260504/inat_346838901_96a1382a.jpg,1,Ojirowashi
tool_bird_class_train/Ojirowashi_White_Tailed_Eagle/ext_inat_20260504/inat_347139449_ce74b91f.jpg,1,Ojirowashi
tool_bird_class_train/Ojirowashi_White_Tailed_Eagle/ext_inat_20260504/inat_347472524_608f7e71.jpg,1,Ojirowashi
tool_bird_class_train/Ojirowashi_White_Tailed_Eagle/ext_inat_20260504/inat_347770205_6aa08187.jpg,1,Ojirowashi
tool_bird_class_train/Ojirowashi_White_Tailed_Eagle/ext_inat_20260504/inat_347835683_c0ec5092.jpg,1,Ojirowashi
tool_bird_class_train/Ojirowashi_White_Tailed_Eagle/ext_inat_20260504/inat_347835699_19199608.jpg,1,Ojirowashi
tool_bird_class_train/Ojirowashi_White_Tailed_Eagle/ext_inat_20260504/inat_347922536_08188964.jpg,1,Ojirowashi
tool_bird_class_train/Ojirowashi_White_Tailed_Eagle/ext_inat_20260504/inat_347964741_0c993856.jpg,1,Ojirowashi
tool_bird_class_train/Ojirowashi_White_Tailed_Eagle/ext_inat_20260504/inat_348262323_80a3ab62.jpg,1,Ojirowashi
tool_bird_class_train/Ojirowashi_White_Tailed_Eagle/ext_inat_20260504/inat_348494669_2ef14188.jpg,1,Ojirowashi
tool_bird_class_train/Ojirowashi_White_Tailed_Eagle/ext_inat_20260504/inat_348737689_ecd3112f.jpg,1,Ojirowashi
tool_bird_class_train/Ojirowashi_White_Tailed_Eagle/ext_inat_20260504/inat_348852029_4569d24e.jpg,1,Ojirowashi
tool_bird_class_train/Ojirowashi_White_Tailed_Eagle/ext_inat_20260504/inat_348852212_27b6e5dd.jpg,1,Ojirowashi
tool_bird_class_train/Ojirowashi_White_Tailed_Eagle/ext_inat_20260504/inat_348977715_7f1efd3a.jpg,1,Ojirowashi
tool_bird_class_train/Ojirowashi_White_Tailed_Eagle/ext_inat_20260504/inat_349015130_d75d7785.jpg,1,Ojirowashi
tool_bird_class_train/Ojirowashi_White_Tailed_Eagle/ext_inat_20260504/inat_349026299_e9cf54c2.jpg,1,Ojirowashi
tool_bird_class_train/Ojirowashi_White_Tailed_Eagle/ext_inat_20260504/inat_349218899_423f8487.jpg,1,Ojirowashi
tool_bird_class_train/Ojirowashi_White_Tailed_Eagle/ext_inat_20260504/inat_349710392_54150703.jpg,1,Ojirowashi
tool_bird_class_train/Ojirowashi_White_Tailed_Eagle/ext_inat_20260504/inat_349714462_140a10dd.jpg,1,Ojirowashi
tool_bird_class_train/Ojirowashi_White_Tailed_Eagle/ext_inat_20260504/inat_350817595_7f6acaab.jpg,1,Ojirowashi
tool_bird_class_train/Ojirowashi_White_Tailed_Eagle/ext_inat_20260504/inat_350817667_602987cd.jpg,1,Ojirowashi
tool_bird_class_train/Ojirowashi_White_Tailed_Eagle/ext_inat_20260504/inat_351077948_2ede85ae.jpg,1,Ojirowashi
tool_bird_class_train/Ojirowashi_White_Tailed_Eagle/ext_inat_20260504/inat_351962091_818c9c5d.jpg,1,Ojirowashi
tool_bird_class_train/Ojirowashi_White_Tailed_Eagle/ext_inat_20260504/inat_352012865_da5f0e36.jpg,1,Ojirowashi
tool_bird_class_train/Ojirowashi_White_Tailed_Eagle/ext_inat_20260504/inat_352205756_c73848c6.jpg,1,Ojirowashi
tool_bird_class_train/Ojirowashi_White_Tailed_Eagle/ext_inat_20260504/inat_352463985_eccb88bc.jpg,1,Ojirowashi
tool_bird_class_train/Ojirowashi_White_Tailed_Eagle/ext_inat_20260504/inat_353168514_c1d344bb.jpg,1,Ojirowashi
tool_bird_class_train/Ojirowashi_White_Tailed_Eagle/ext_inat_20260504/inat_353301583_4b24b990.jpg,1,Ojirowashi
tool_bird_class_train/Ojirowashi_White_Tailed_Eagle/ext_inat_20260504/inat_353306768_96207dca.jpg,1,Ojirowashi
tool_bird_class_train/Ojirowashi_White_Tailed_Eagle/ext_inat_20260504/inat_353566018_5fc6425b.jpg,1,Ojirowashi
tool_bird_class_train/Ojirowashi_White_Tailed_Eagle/ext_inat_20260504/inat_353746499_2c621268.jpg,1,Ojirowashi
tool_bird_class_train/Ojirowashi_White_Tailed_Eagle/ext_inat_20260504/inat_353779988_299a8ee3.jpg,1,Ojirowashi
tool_bird_class_train/Ojirowashi_White_Tailed_Eagle/ext_inat_20260504/inat_353953238_9bcbb8c9.jpg,1,Ojirowashi
tool_bird_class_train/Ojirowashi_White_Tailed_Eagle/ext_inat_20260504/inat_353989100_2a5bcf51.jpg,1,Ojirowashi
tool_bird_class_train/Ojirowashi_White_Tailed_Eagle/ext_inat_20260504/inat_354162906_937e856d.jpg,1,Ojirowashi
tool_bird_class_train/Ojirowashi_White_Tailed_Eagle/ext_inat_20260504/inat_354323683_17e5b063.jpg,1,Ojirowashi
tool_bird_class_train/Ojirowashi_White_Tailed_Eagle/ext_inat_20260504/inat_354323753_4dd262db.jpg,1,Ojirowashi
tool_bird_class_train/Ojirowashi_White_Tailed_Eagle/ext_inat_20260504/inat_354569916_4a6ce9de.jpg,1,Ojirowashi
tool_bird_class_train/Ojirowashi_White_Tailed_Eagle/ext_inat_20260504/inat_354569917_992fb37d.jpg,1,Ojirowashi
tool_bird_class_train/Ojirowashi_White_Tailed_Eagle/ext_inat_20260504/inat_354951444_c8397e49.jpg,1,Ojirowashi
tool_bird_class_train/Ojirowashi_White_Tailed_Eagle/ext_inat_20260504/inat_355249836_8df82d42.jpg,1,Ojirowashi
tool_bird_class_train/Ojirowashi_White_Tailed_Eagle/ext_inat_20260504/inat_355250001_f0426261.jpg,1,Ojirowashi
tool_bird_class_train/Ojirowashi_White_Tailed_Eagle/ext_inat_20260504/inat_355270227_89b54406.jpg,1,Ojirowashi
tool_bird_class_train/Ojirowashi_White_Tailed_Eagle/ext_inat_20260504/inat_355498462_97d1da80.jpg,1,Ojirowashi
tool_bird_class_train/Ojirowashi_White_Tailed_Eagle/ext_inat_20260504/inat_356114220_17429c59.jpg,1,Ojirowashi
tool_bird_class_train/Ojirowashi_White_Tailed_Eagle/ext_inat_20260504/inat_356279006_dc03e947.jpg,1,Ojirowashi
tool_bird_class_train/Ojirowashi_White_Tailed_Eagle/ext_inat_20260504/inat_356283744_90747d67.jpg,1,Ojirowashi
tool_bird_class_train/Ojirowashi_White_Tailed_Eagle/ext_inat_20260504/inat_356288217_e1770be5.jpg,1,Ojirowashi
tool_bird_class_train/Ojirowashi_White_Tailed_Eagle/ext_inat_20260504/inat_356480437_b2fef05f.jpg,1,Ojirowashi
tool_bird_class_train/Ojirowashi_White_Tailed_Eagle/ext_inat_20260504/inat_356761588_ec5514e6.jpg,1,Ojirowashi
tool_bird_class_train/Ojirowashi_White_Tailed_Eagle/ext_inat_20260504/inat_356774571_6b7df79a.jpg,1,Ojirowashi
tool_bird_class_train/Ojirowashi_White_Tailed_Eagle/ext_inat_20260504/inat_356774574_7ca1cdaf.jpg,1,Ojirowashi
tool_bird_class_train/Ojirowashi_White_Tailed_Eagle/ext_inat_20260504/inat_358203604_9b5c9824.jpg,1,Ojirowashi
tool_bird_class_train/Ojirowashi_White_Tailed_Eagle/ext_inat_20260504/inat_358203632_0f72ed30.jpg,1,Ojirowashi
tool_bird_class_train/Ojirowashi_White_Tailed_Eagle/ext_inat_20260504/inat_359438898_219b2d28.jpg,1,Ojirowashi
tool_bird_class_train/Ojirowashi_White_Tailed_Eagle/ext_inat_20260504/inat_359691256_68b1b4ba.jpg,1,Ojirowashi
tool_bird_class_train/Ojirowashi_White_Tailed_Eagle/ext_inat_20260504/inat_359805552_71fd5b12.jpg,1,Ojirowashi
tool_bird_class_train/Ojirowashi_White_Tailed_Eagle/ext_inat_20260504/inat_359807312_c264401a.jpg,1,Ojirowashi
tool_bird_class_train/Ojirowashi_White_Tailed_Eagle/ext_inat_20260504/inat_359807374_1292e65e.jpg,1,Ojirowashi
tool_bird_class_train/Ojirowashi_White_Tailed_Eagle/ext_inat_20260504/inat_359807625_5656140b.jpg,1,Ojirowashi
tool_bird_class_train/Ojirowashi_White_Tailed_Eagle/ext_inat_20260504/inat_360049794_5ad1d1e2.jpg,1,Ojirowashi
tool_bird_class_train/Ojirowashi_White_Tailed_Eagle/ext_inat_20260504/inat_360326708_a020dc3b.jpg,1,Ojirowashi
tool_bird_class_train/Ojirowashi_White_Tailed_Eagle/ext_inat_20260504/inat_361003857_7a9af8a4.jpg,1,Ojirowashi
tool_bird_class_train/Ojirowashi_White_Tailed_Eagle/ext_inat_20260504/inat_361238882_e9b24fdb.jpg,1,Ojirowashi
tool_bird_class_train/Ojirowashi_White_Tailed_Eagle/ext_inat_20260504/inat_362263117_e020ce4d.jpg,1,Ojirowashi
tool_bird_class_train/Ojirowashi_White_Tailed_Eagle/ext_inat_20260504/inat_362356501_d8a5fcf7.jpg,1,Ojirowashi
tool_bird_class_train/Ojirowashi_White_Tailed_Eagle/ext_inat_20260504/inat_362704107_115200c5.jpg,1,Ojirowashi
tool_bird_class_train/Ojirowashi_White_Tailed_Eagle/ext_inat_20260504/inat_363591634_65bc3774.jpg,1,Ojirowashi
tool_bird_class_train/Ojirowashi_White_Tailed_Eagle/ext_inat_20260504/inat_363676705_48b17760.jpg,1,Ojirowashi
tool_bird_class_train/Ojirowashi_White_Tailed_Eagle/ext_inat_20260504/inat_363763882_d300c37c.jpg,1,Ojirowashi
tool_bird_class_train/Ojirowashi_White_Tailed_Eagle/ext_inat_20260504/inat_363957569_457c7c2c.jpg,1,Ojirowashi
tool_bird_class_train/Ojirowashi_White_Tailed_Eagle/ext_inat_20260504/inat_364045977_f6a9f95f.jpg,1,Ojirowashi
tool_bird_class_train/Ojirowashi_White_Tailed_Eagle/ext_inat_20260504/inat_364058471_91cf0b41.jpg,1,Ojirowashi
tool_bird_class_train/Ojirowashi_White_Tailed_Eagle/ext_inat_20260504/inat_364063588_483acd35.jpg,1,Ojirowashi
tool_bird_class_train/Ojirowashi_White_Tailed_Eagle/ext_inat_20260504/inat_364084342_11cdce79.jpg,1,Ojirowashi
tool_bird_class_train/Ojirowashi_White_Tailed_Eagle/ext_inat_20260504/inat_364715795_abfd7048.jpg,1,Ojirowashi
tool_bird_class_train/Ojirowashi_White_Tailed_Eagle/ext_inat_20260504/inat_364735118_2973f2ef.jpg,1,Ojirowashi
tool_bird_class_train/Ojirowashi_White_Tailed_Eagle/ext_inat_20260504/inat_364735636_0ff74250.jpg,1,Ojirowashi
tool_bird_class_train/Ojirowashi_White_Tailed_Eagle/ext_inat_20260504/inat_364751105_52431db4.jpg,1,Ojirowashi
tool_bird_class_train/Ojirowashi_White_Tailed_Eagle/ext_inat_20260504/inat_364752488_60bb7202.jpg,1,Ojirowashi
tool_bird_class_train/Ojirowashi_White_Tailed_Eagle/ext_inat_20260504/inat_364752489_6eced0e3.jpg,1,Ojirowashi
tool_bird_class_train/Ojirowashi_White_Tailed_Eagle/ext_inat_20260504/inat_364752967_58faf760.jpg,1,Ojirowashi
tool_bird_class_train/Ojirowashi_White_Tailed_Eagle/ext_inat_20260504/inat_364752973_14efaf7d.jpg,1,Ojirowashi
tool_bird_class_train/Ojirowashi_White_Tailed_Eagle/ext_inat_20260504/inat_364753261_9cf86cdd.jpg,1,Ojirowashi
tool_bird_class_train/Ojirowashi_White_Tailed_Eagle/ext_inat_20260504/inat_364803824_02a2df03.jpg,1,Ojirowashi
tool_bird_class_train/Ojirowashi_White_Tailed_Eagle/ext_inat_20260504/inat_365294153_a91e9fb4.jpg,1,Ojirowashi
tool_bird_class_train/Ojirowashi_White_Tailed_Eagle/ext_inat_20260504/inat_366045956_71d29fc8.jpg,1,Ojirowashi
tool_bird_class_train/Ojirowashi_White_Tailed_Eagle/ext_inat_20260504/inat_366451048_97ae28b5.jpg,1,Ojirowashi
tool_bird_class_train/Ojirowashi_White_Tailed_Eagle/ext_inat_20260504/inat_366821124_80ee7c69.jpg,1,Ojirowashi
tool_bird_class_train/Ojirowashi_White_Tailed_Eagle/ext_inat_20260504/inat_367992386_c156320e.jpg,1,Ojirowashi
tool_bird_class_train/Ojirowashi_White_Tailed_Eagle/ext_inat_20260504/inat_368823569_53d244d1.jpg,1,Ojirowashi
tool_bird_class_train/Ojirowashi_White_Tailed_Eagle/ext_inat_20260504/inat_369679083_0ef4bafa.jpg,1,Ojirowashi
tool_bird_class_train/Ojirowashi_White_Tailed_Eagle/ext_inat_20260504/inat_369679097_3d96f66f.jpg,1,Ojirowashi
tool_bird_class_train/Ojirowashi_White_Tailed_Eagle/ext_inat_20260504/inat_369995305_0620dcfc.jpg,1,Ojirowashi
tool_bird_class_train/Ojirowashi_White_Tailed_Eagle/ext_inat_20260504/inat_371830623_b5b9f832.jpg,1,Ojirowashi
tool_bird_class_train/Ojirowashi_White_Tailed_Eagle/ext_inat_20260504/inat_372589321_5ed2d010.jpg,1,Ojirowashi
tool_bird_class_train/Ojirowashi_White_Tailed_Eagle/ext_inat_20260504/inat_374488395_1722295e.jpg,1,Ojirowashi
tool_bird_class_train/Ojirowashi_White_Tailed_Eagle/ext_inat_20260504/inat_375039195_cb5dcf03.jpg,1,Ojirowashi
tool_bird_class_train/Ojirowashi_White_Tailed_Eagle/ext_inat_20260504/inat_375052589_6f446d13.jpg,1,Ojirowashi
tool_bird_class_train/Ojirowashi_White_Tailed_Eagle/ext_inat_20260504/inat_375813654_5e006128.jpg,1,Ojirowashi
tool_bird_class_train/Ojirowashi_White_Tailed_Eagle/ext_inat_20260504/inat_375832712_f54a5c87.jpg,1,Ojirowashi
tool_bird_class_train/Ojirowashi_White_Tailed_Eagle/ext_inat_20260504/inat_376581390_1884f52c.jpg,1,Ojirowashi
tool_bird_class_train/Ojirowashi_White_Tailed_Eagle/ext_inat_20260504/inat_376659724_3b6e925b.jpg,1,Ojirowashi
tool_bird_class_train/Ojirowashi_White_Tailed_Eagle/ext_inat_20260504/inat_377084628_91082c4f.jpg,1,Ojirowashi
tool_bird_class_train/Ojirowashi_White_Tailed_Eagle/ext_inat_20260504/inat_377657541_88d6e799.jpg,1,Ojirowashi
tool_bird_class_train/Ojirowashi_White_Tailed_Eagle/ext_inat_20260504/inat_377681136_22cbb825.jpg,1,Ojirowashi
tool_bird_class_train/Ojirowashi_White_Tailed_Eagle/ext_inat_20260504/inat_378295235_bc9228e4.jpg,1,Ojirowashi
tool_bird_class_train/Ojirowashi_White_Tailed_Eagle/ext_inat_20260504/inat_378295958_39e0c068.jpg,1,Ojirowashi
tool_bird_class_train/Ojirowashi_White_Tailed_Eagle/ext_inat_20260504/inat_378880807_39be6b41.jpg,1,Ojirowashi
tool_bird_class_train/Ojirowashi_White_Tailed_Eagle/ext_inat_20260504/inat_379377304_48b57313.jpg,1,Ojirowashi
tool_bird_class_train/Ojirowashi_White_Tailed_Eagle/ext_inat_20260504/inat_379935754_406821fa.jpg,1,Ojirowashi
tool_bird_class_train/Ojirowashi_White_Tailed_Eagle/ext_inat_20260504/inat_380098147_d75ac386.jpg,1,Ojirowashi
tool_bird_class_train/Ojirowashi_White_Tailed_Eagle/ext_inat_20260504/inat_381792372_1b82c413.jpg,1,Ojirowashi
tool_bird_class_train/Ojirowashi_White_Tailed_Eagle/ext_inat_20260504/inat_382635558_8092b0dc.jpg,1,Ojirowashi
tool_bird_class_train/Ojirowashi_White_Tailed_Eagle/ext_inat_20260504/inat_382826663_c9271467.jpg,1,Ojirowashi
tool_bird_class_train/Ojirowashi_White_Tailed_Eagle/ext_inat_20260504/inat_383398604_81a1f8f7.jpg,1,Ojirowashi
tool_bird_class_train/Ojirowashi_White_Tailed_Eagle/ext_inat_20260504/inat_383406220_5852f00b.jpg,1,Ojirowashi
tool_bird_class_train/Ojirowashi_White_Tailed_Eagle/ext_inat_20260504/inat_383925833_b92bf642.jpg,1,Ojirowashi
tool_bird_class_train/Ojirowashi_White_Tailed_Eagle/ext_inat_20260504/inat_385747091_9e5e51a5.jpg,1,Ojirowashi
tool_bird_class_train/Ojirowashi_White_Tailed_Eagle/ext_inat_20260504/inat_385820888_43c63920.jpg,1,Ojirowashi
tool_bird_class_train/Ojirowashi_White_Tailed_Eagle/ext_inat_20260504/inat_385874402_e39d51ab.jpg,1,Ojirowashi
tool_bird_class_train/Ojirowashi_White_Tailed_Eagle/ext_inat_20260504/inat_385889745_e7ee41dc.jpg,1,Ojirowashi
tool_bird_class_train/Ojirowashi_White_Tailed_Eagle/ext_inat_20260504/inat_386342073_1afd04cb.jpg,1,Ojirowashi
tool_bird_class_train/Ojirowashi_White_Tailed_Eagle/ext_inat_20260504/inat_386806602_30e85e75.jpg,1,Ojirowashi
tool_bird_class_train/Ojirowashi_White_Tailed_Eagle/ext_inat_20260504/inat_386835491_67ad6ff6.jpg,1,Ojirowashi
tool_bird_class_train/Ojirowashi_White_Tailed_Eagle/ext_inat_20260504/inat_387900358_c0e2ddf8.jpg,1,Ojirowashi
tool_bird_class_train/Ojirowashi_White_Tailed_Eagle/ext_inat_20260504/inat_387904171_44118272.jpg,1,Ojirowashi
tool_bird_class_train/Ojirowashi_White_Tailed_Eagle/ext_inat_20260504/inat_388111173_b525f9bd.jpg,1,Ojirowashi
tool_bird_class_train/Ojirowashi_White_Tailed_Eagle/ext_inat_20260504/inat_389826434_76ecf118.jpg,1,Ojirowashi
tool_bird_class_train/Ojirowashi_White_Tailed_Eagle/ext_inat_20260504/inat_390021418_62ebbb97.jpg,1,Ojirowashi
tool_bird_class_train/Ojirowashi_White_Tailed_Eagle/ext_inat_20260504/inat_391480084_9af93ea0.jpg,1,Ojirowashi
tool_bird_class_train/Ojirowashi_White_Tailed_Eagle/ext_inat_20260504/inat_391919132_f51d1c07.jpg,1,Ojirowashi
tool_bird_class_train/Ojirowashi_White_Tailed_Eagle/ext_inat_20260504/inat_392264219_173796ae.jpg,1,Ojirowashi
tool_bird_class_train/Ojirowashi_White_Tailed_Eagle/ext_inat_20260504/inat_393991466_875f6285.jpg,1,Ojirowashi
tool_bird_class_train/Ojirowashi_White_Tailed_Eagle/ext_inat_20260504/inat_395168423_792177db.jpg,1,Ojirowashi
tool_bird_class_train/Ojirowashi_White_Tailed_Eagle/ext_inat_20260504/inat_395864186_660a3226.jpg,1,Ojirowashi
tool_bird_class_train/Ojirowashi_White_Tailed_Eagle/ext_inat_20260504/inat_396038468_da5dac85.jpg,1,Ojirowashi
tool_bird_class_train/Ojirowashi_White_Tailed_Eagle/ext_inat_20260504/inat_396215088_84709bfb.jpg,1,Ojirowashi
tool_bird_class_train/Ojirowashi_White_Tailed_Eagle/ext_inat_20260504/inat_396244870_0e5b4d5a.jpg,1,Ojirowashi
tool_bird_class_train/Ojirowashi_White_Tailed_Eagle/ext_inat_20260504/inat_396245116_a7ebcf04.jpg,1,Ojirowashi
tool_bird_class_train/Ojirowashi_White_Tailed_Eagle/ext_inat_20260504/inat_398648471_c4385a63.jpg,1,Ojirowashi
tool_bird_class_train/Ojirowashi_White_Tailed_Eagle/ext_inat_20260504/inat_398765618_eb5c1a68.jpg,1,Ojirowashi
tool_bird_class_train/Ojirowashi_White_Tailed_Eagle/ext_inat_20260504/inat_399337237_9b5511ec.jpg,1,Ojirowashi
tool_bird_class_train/Ojirowashi_White_Tailed_Eagle/ext_inat_20260504/inat_399840720_61bbe8a1.jpg,1,Ojirowashi
tool_bird_class_train/Ojirowashi_White_Tailed_Eagle/ext_inat_20260504/inat_400337315_a82afde1.jpg,1,Ojirowashi
tool_bird_class_train/Ojirowashi_White_Tailed_Eagle/ext_inat_20260504/inat_401067128_7cc7da26.jpg,1,Ojirowashi
tool_bird_class_train/Ojirowashi_White_Tailed_Eagle/ext_inat_20260504/inat_401213696_e0ac8dc0.jpg,1,Ojirowashi
tool_bird_class_train/Ojirowashi_White_Tailed_Eagle/ext_inat_20260504/inat_401703821_18415c58.jpg,1,Ojirowashi
tool_bird_class_train/Ojirowashi_White_Tailed_Eagle/ext_inat_20260504/inat_402101392_33944599.jpg,1,Ojirowashi
tool_bird_class_train/Ojirowashi_White_Tailed_Eagle/ext_inat_20260504/inat_402569565_a0d45616.jpg,1,Ojirowashi
tool_bird_class_train/Ojirowashi_White_Tailed_Eagle/ext_inat_20260504/inat_402744008_b2b9d174.jpg,1,Ojirowashi
tool_bird_class_train/Ojirowashi_White_Tailed_Eagle/ext_inat_20260504/inat_402994004_2f3cd01f.jpg,1,Ojirowashi
tool_bird_class_train/Ojirowashi_White_Tailed_Eagle/ext_inat_20260504/inat_403309223_5cfcfc4c.jpg,1,Ojirowashi
tool_bird_class_train/Ojirowashi_White_Tailed_Eagle/ext_inat_20260504/inat_403321658_c398e73d.jpg,1,Ojirowashi
tool_bird_class_train/Ojirowashi_White_Tailed_Eagle/ext_inat_20260504/inat_404062504_05d30a26.jpg,1,Ojirowashi
tool_bird_class_train/Ojirowashi_White_Tailed_Eagle/ext_inat_20260504/inat_404084848_79364d9f.jpg,1,Ojirowashi
tool_bird_class_train/Ojirowashi_White_Tailed_Eagle/ext_inat_20260504/inat_404085005_96a962c5.jpg,1,Ojirowashi
tool_bird_class_train/Ojirowashi_White_Tailed_Eagle/ext_inat_20260504/inat_404229119_ee09d44c.jpg,1,Ojirowashi
tool_bird_class_train/Ojirowashi_White_Tailed_Eagle/ext_inat_20260504/inat_405345099_e6a417a8.jpg,1,Ojirowashi
tool_bird_class_train/Ojirowashi_White_Tailed_Eagle/ext_inat_20260504/inat_405965909_c76ca286.jpg,1,Ojirowashi
tool_bird_class_train/Ojirowashi_White_Tailed_Eagle/ext_inat_20260504/inat_408969401_99a37058.jpg,1,Ojirowashi
tool_bird_class_train/Ojirowashi_White_Tailed_Eagle/ext_inat_20260504/inat_408977401_c7ad569c.jpg,1,Ojirowashi
tool_bird_class_train/Ojirowashi_White_Tailed_Eagle/ext_inat_20260504/inat_410648672_95848597.jpg,1,Ojirowashi
tool_bird_class_train/Ojirowashi_White_Tailed_Eagle/ext_inat_20260504/inat_411337937_76d79e82.jpg,1,Ojirowashi
tool_bird_class_train/Ojirowashi_White_Tailed_Eagle/ext_inat_20260504/inat_411340655_09806e00.jpg,1,Ojirowashi
tool_bird_class_train/Ojirowashi_White_Tailed_Eagle/ext_inat_20260504/inat_411395993_60d64752.jpg,1,Ojirowashi
tool_bird_class_train/Ojirowashi_White_Tailed_Eagle/ext_inat_20260504/inat_411735570_d16fd6c8.jpg,1,Ojirowashi
tool_bird_class_train/Ojirowashi_White_Tailed_Eagle/ext_inat_20260504/inat_411854977_c3d99b41.jpg,1,Ojirowashi
tool_bird_class_train/Ojirowashi_White_Tailed_Eagle/ext_inat_20260504/inat_411886633_fbaba7cf.jpg,1,Ojirowashi
tool_bird_class_train/Ojirowashi_White_Tailed_Eagle/ext_inat_20260504/inat_412220555_96769960.jpg,1,Ojirowashi
tool_bird_class_train/Ojirowashi_White_Tailed_Eagle/ext_inat_20260504/inat_412287304_bfa24878.jpg,1,Ojirowashi
tool_bird_class_train/Ojirowashi_White_Tailed_Eagle/ext_inat_20260504/inat_412292231_cf130dd1.jpg,1,Ojirowashi
tool_bird_class_train/Ojirowashi_White_Tailed_Eagle/ext_inat_20260504/inat_413631100_929dd738.jpg,1,Ojirowashi
tool_bird_class_train/Ojirowashi_White_Tailed_Eagle/ext_inat_20260504/inat_413885223_12bafad4.jpg,1,Ojirowashi
tool_bird_class_train/Ojirowashi_White_Tailed_Eagle/ext_inat_20260504/inat_413888572_6e147a09.jpg,1,Ojirowashi
tool_bird_class_train/Ojirowashi_White_Tailed_Eagle/ext_inat_20260504/inat_413891980_c49cec4e.jpg,1,Ojirowashi
tool_bird_class_train/Ojirowashi_White_Tailed_Eagle/ext_inat_20260504/inat_414715092_e3b856f3.jpg,1,Ojirowashi
tool_bird_class_train/Ojirowashi_White_Tailed_Eagle/ext_inat_20260504/inat_415049871_34dfe12d.jpg,1,Ojirowashi
tool_bird_class_train/Ojirowashi_White_Tailed_Eagle/ext_inat_20260504/inat_415108054_4d38121d.jpg,1,Ojirowashi
tool_bird_class_train/Ojirowashi_White_Tailed_Eagle/ext_inat_20260504/inat_415711793_faf56707.jpg,1,Ojirowashi
tool_bird_class_train/Ojirowashi_White_Tailed_Eagle/ext_inat_20260504/inat_415933808_49de7117.jpg,1,Ojirowashi
tool_bird_class_train/Ojirowashi_White_Tailed_Eagle/ext_inat_20260504/inat_416563016_bbe2607b.jpg,1,Ojirowashi
tool_bird_class_train/Ojirowashi_White_Tailed_Eagle/ext_inat_20260504/inat_416563102_f2ebf595.jpg,1,Ojirowashi
tool_bird_class_train/Ojirowashi_White_Tailed_Eagle/ext_inat_20260504/inat_417043862_fbafab9b.jpg,1,Ojirowashi
tool_bird_class_train/Ojirowashi_White_Tailed_Eagle/ext_inat_20260504/inat_417244552_027aeb5d.jpg,1,Ojirowashi
tool_bird_class_train/Ojirowashi_White_Tailed_Eagle/ext_inat_20260504/inat_417244570_c226868c.jpg,1,Ojirowashi
tool_bird_class_train/Ojirowashi_White_Tailed_Eagle/ext_inat_20260504/inat_417244578_ab7483e5.jpg,1,Ojirowashi
tool_bird_class_train/Ojirowashi_White_Tailed_Eagle/ext_inat_20260504/inat_417584996_ea9ba5aa.jpg,1,Ojirowashi
tool_bird_class_train/Ojirowashi_White_Tailed_Eagle/ext_inat_20260504/inat_418246353_f144f810.jpg,1,Ojirowashi
tool_bird_class_train/Ojirowashi_White_Tailed_Eagle/ext_inat_20260504/inat_418611111_4001543f.jpg,1,Ojirowashi
tool_bird_class_train/Ojirowashi_White_Tailed_Eagle/ext_inat_20260504/inat_420900275_801fd190.jpg,1,Ojirowashi
tool_bird_class_train/Ojirowashi_White_Tailed_Eagle/ext_inat_20260504/inat_420958383_a37ecd4d.jpg,1,Ojirowashi
tool_bird_class_train/Ojirowashi_White_Tailed_Eagle/ext_inat_20260504/inat_421069505_efbdd5a8.jpg,1,Ojirowashi
tool_bird_class_train/Ojirowashi_White_Tailed_Eagle/ext_inat_20260504/inat_421077865_52223da0.jpg,1,Ojirowashi
tool_bird_class_train/Ojirowashi_White_Tailed_Eagle/ext_inat_20260504/inat_421547352_3f6319f4.jpg,1,Ojirowashi
tool_bird_class_train/Ojirowashi_White_Tailed_Eagle/ext_inat_20260504/inat_421563643_6711929c.jpg,1,Ojirowashi
tool_bird_class_train/Ojirowashi_White_Tailed_Eagle/ext_inat_20260504/inat_422304077_e9bceed3.jpg,1,Ojirowashi
tool_bird_class_train/Ojirowashi_White_Tailed_Eagle/ext_inat_20260504/inat_423346539_155ef360.jpg,1,Ojirowashi
tool_bird_class_train/Ojirowashi_White_Tailed_Eagle/ext_inat_20260504/inat_425229984_a78a09c8.jpg,1,Ojirowashi
tool_bird_class_train/Ojirowashi_White_Tailed_Eagle/ext_inat_20260504/inat_425835443_87f554fa.jpg,1,Ojirowashi
tool_bird_class_train/Ojirowashi_White_Tailed_Eagle/ext_inat_20260504/inat_425835488_6205500d.jpg,1,Ojirowashi
tool_bird_class_train/Ojirowashi_White_Tailed_Eagle/ext_inat_20260504/inat_425835538_ccbf79da.jpg,1,Ojirowashi
tool_bird_class_train/Ojirowashi_White_Tailed_Eagle/ext_inat_20260504/inat_425836497_23214ffa.jpg,1,Ojirowashi
tool_bird_class_train/Ojirowashi_White_Tailed_Eagle/ext_inat_20260504/inat_425836819_78217b46.jpg,1,Ojirowashi
tool_bird_class_train/Ojirowashi_White_Tailed_Eagle/ext_inat_20260504/inat_425844865_922fc758.jpg,1,Ojirowashi
tool_bird_class_train/Ojirowashi_White_Tailed_Eagle/ext_inat_20260504/inat_426009047_d719081e.jpg,1,Ojirowashi
tool_bird_class_train/Ojirowashi_White_Tailed_Eagle/ext_inat_20260504/inat_426041225_f1897fa1.jpg,1,Ojirowashi
tool_bird_class_train/Ojirowashi_White_Tailed_Eagle/ext_inat_20260504/inat_426533101_871dd2ba.jpg,1,Ojirowashi
tool_bird_class_train/Ojirowashi_White_Tailed_Eagle/ext_inat_20260504/inat_426688511_49a5cc7e.jpg,1,Ojirowashi
tool_bird_class_train/Ojirowashi_White_Tailed_Eagle/ext_inat_20260504/inat_427498549_5529f36c.jpg,1,Ojirowashi
tool_bird_class_train/Ojirowashi_White_Tailed_Eagle/ext_inat_20260504/inat_429715721_0ef8076c.jpg,1,Ojirowashi
tool_bird_class_train/Ojirowashi_White_Tailed_Eagle/ext_inat_20260504/inat_430811527_76a3193b.jpg,1,Ojirowashi
tool_bird_class_train/Ojirowashi_White_Tailed_Eagle/ext_inat_20260504/inat_430811724_e3799f0b.jpg,1,Ojirowashi
tool_bird_class_train/Ojirowashi_White_Tailed_Eagle/ext_inat_20260504/inat_431613018_051f6f62.jpg,1,Ojirowashi
tool_bird_class_train/Ojirowashi_White_Tailed_Eagle/ext_inat_20260504/inat_431646639_ac39e7c9.jpg,1,Ojirowashi
tool_bird_class_train/Ojirowashi_White_Tailed_Eagle/ext_inat_20260504/inat_431735033_af227429.jpg,1,Ojirowashi
tool_bird_class_train/Ojirowashi_White_Tailed_Eagle/ext_inat_20260504/inat_432345337_e7aeb17e.jpg,1,Ojirowashi
tool_bird_class_train/Ojirowashi_White_Tailed_Eagle/ext_inat_20260504/inat_433487513_e8fa0d6a.jpg,1,Ojirowashi
tool_bird_class_train/Ojirowashi_White_Tailed_Eagle/ext_inat_20260504/inat_433545385_bb63ea97.jpg,1,Ojirowashi
tool_bird_class_train/Ojirowashi_White_Tailed_Eagle/ext_inat_20260504/inat_435353782_3455ecea.jpg,1,Ojirowashi
tool_bird_class_train/Ojirowashi_White_Tailed_Eagle/ext_inat_20260504/inat_436088954_4cbe5ba1.jpg,1,Ojirowashi
tool_bird_class_train/Ojirowashi_White_Tailed_Eagle/ext_inat_20260504/inat_436092028_8578d001.jpg,1,Ojirowashi
tool_bird_class_train/Ojirowashi_White_Tailed_Eagle/ext_inat_20260504/inat_436172107_309de951.jpg,1,Ojirowashi
tool_bird_class_train/Ojirowashi_White_Tailed_Eagle/ext_inat_20260504/inat_437328559_102512f0.jpg,1,Ojirowashi
tool_bird_class_train/Ojirowashi_White_Tailed_Eagle/ext_inat_20260504/inat_437328824_929eccc6.jpg,1,Ojirowashi
tool_bird_class_train/Ojirowashi_White_Tailed_Eagle/ext_inat_20260504/inat_438584797_dfc5905f.jpg,1,Ojirowashi
tool_bird_class_train/Ojirowashi_White_Tailed_Eagle/ext_inat_20260504/inat_438588041_25f6012c.jpg,1,Ojirowashi
tool_bird_class_train/Ojirowashi_White_Tailed_Eagle/ext_inat_20260504/inat_439104408_b480c4a9.jpg,1,Ojirowashi
tool_bird_class_train/Ojirowashi_White_Tailed_Eagle/ext_inat_20260504/inat_439381112_e3919885.jpg,1,Ojirowashi
tool_bird_class_train/Ojirowashi_White_Tailed_Eagle/ext_inat_20260504/inat_440305457_e0ed4381.jpg,1,Ojirowashi
tool_bird_class_train/Ojirowashi_White_Tailed_Eagle/ext_inat_20260504/inat_440546290_091368dd.jpg,1,Ojirowashi
tool_bird_class_train/Ojirowashi_White_Tailed_Eagle/ext_inat_20260504/inat_440711199_6950ec9a.jpg,1,Ojirowashi
tool_bird_class_train/Ojirowashi_White_Tailed_Eagle/ext_inat_20260504/inat_440726682_c7f0a7b7.jpg,1,Ojirowashi
tool_bird_class_train/Ojirowashi_White_Tailed_Eagle/ext_inat_20260504/inat_440877002_231bd24b.jpg,1,Ojirowashi
tool_bird_class_train/Ojirowashi_White_Tailed_Eagle/ext_inat_20260504/inat_441242118_ff48c595.jpg,1,Ojirowashi
tool_bird_class_train/Ojirowashi_White_Tailed_Eagle/ext_inat_20260504/inat_441430010_1a517ce8.jpg,1,Ojirowashi
tool_bird_class_train/Ojirowashi_White_Tailed_Eagle/ext_inat_20260504/inat_441469501_693bf310.jpg,1,Ojirowashi
tool_bird_class_train/Ojirowashi_White_Tailed_Eagle/ext_inat_20260504/inat_441569351_0d832d7e.jpg,1,Ojirowashi
tool_bird_class_train/Ojirowashi_White_Tailed_Eagle/ext_inat_20260504/inat_441700687_bf6ac313.jpg,1,Ojirowashi
tool_bird_class_train/Ojirowashi_White_Tailed_Eagle/ext_inat_20260504/inat_442900571_a99961ff.jpg,1,Ojirowashi
tool_bird_class_train/Ojirowashi_White_Tailed_Eagle/ext_inat_20260504/inat_443287009_178c51a9.jpg,1,Ojirowashi
tool_bird_class_train/Ojirowashi_White_Tailed_Eagle/ext_inat_20260504/inat_443287161_4af5aa4b.jpg,1,Ojirowashi
tool_bird_class_train/Ojirowashi_White_Tailed_Eagle/ext_inat_20260504/inat_443292498_c5c3a4ea.jpg,1,Ojirowashi
tool_bird_class_train/Ojirowashi_White_Tailed_Eagle/ext_inat_20260504/inat_443990108_1caf647a.jpg,1,Ojirowashi
tool_bird_class_train/Ojirowashi_White_Tailed_Eagle/ext_inat_20260504/inat_444641432_6185b6cb.jpg,1,Ojirowashi
tool_bird_class_train/Ojirowashi_White_Tailed_Eagle/ext_inat_20260504/inat_445060873_014fc9d8.jpg,1,Ojirowashi
tool_bird_class_train/Ojirowashi_White_Tailed_Eagle/ext_inat_20260504/inat_445085099_6d4b0539.jpg,1,Ojirowashi
tool_bird_class_train/Ojirowashi_White_Tailed_Eagle/ext_inat_20260504/inat_445107484_2db9eca1.jpg,1,Ojirowashi
tool_bird_class_train/Ojirowashi_White_Tailed_Eagle/ext_inat_20260504/inat_445732239_e3dba7dd.jpg,1,Ojirowashi
tool_bird_class_train/Ojirowashi_White_Tailed_Eagle/ext_inat_20260504/inat_445746453_67d56142.jpg,1,Ojirowashi
tool_bird_class_train/Ojirowashi_White_Tailed_Eagle/ext_inat_20260504/inat_447360532_b9f0fce5.jpg,1,Ojirowashi
tool_bird_class_train/Ojirowashi_White_Tailed_Eagle/ext_inat_20260504/inat_447567862_856b7a0f.jpg,1,Ojirowashi
tool_bird_class_train/Ojirowashi_White_Tailed_Eagle/ext_inat_20260504/inat_447682168_dad17643.jpg,1,Ojirowashi
tool_bird_class_train/Ojirowashi_White_Tailed_Eagle/ext_inat_20260504/inat_447682205_5e1e45f8.jpg,1,Ojirowashi
tool_bird_class_train/Ojirowashi_White_Tailed_Eagle/ext_inat_20260504/inat_447682239_efbe945a.jpg,1,Ojirowashi
tool_bird_class_train/Ojirowashi_White_Tailed_Eagle/ext_inat_20260504/inat_448639570_cebc7fd4.jpg,1,Ojirowashi
tool_bird_class_train/Ojirowashi_White_Tailed_Eagle/ext_inat_20260504/inat_448639733_aa99b1d9.jpg,1,Ojirowashi
tool_bird_class_train/Ojirowashi_White_Tailed_Eagle/ext_inat_20260504/inat_449081591_9a07b507.jpg,1,Ojirowashi
tool_bird_class_train/Ojirowashi_White_Tailed_Eagle/ext_inat_20260504/inat_449431853_33f1f5a7.jpg,1,Ojirowashi
tool_bird_class_train/Ojirowashi_White_Tailed_Eagle/ext_inat_20260504/inat_450139583_cb2a0c09.jpg,1,Ojirowashi
tool_bird_class_train/Ojirowashi_White_Tailed_Eagle/ext_inat_20260504/inat_450163162_3d42e55b.jpg,1,Ojirowashi
tool_bird_class_train/Ojirowashi_White_Tailed_Eagle/ext_inat_20260504/inat_450626195_a9c6ff65.jpg,1,Ojirowashi
tool_bird_class_train/Ojirowashi_White_Tailed_Eagle/ext_inat_20260504/inat_450637869_0ec83bfa.png,1,Ojirowashi
tool_bird_class_train/Ojirowashi_White_Tailed_Eagle/ext_inat_20260504/inat_450796172_f96551d2.jpg,1,Ojirowashi
tool_bird_class_train/Ojirowashi_White_Tailed_Eagle/ext_inat_20260504/inat_450860825_33af60c5.jpg,1,Ojirowashi
tool_bird_class_train/Ojirowashi_White_Tailed_Eagle/ext_inat_20260504/inat_451545879_f9f6db4d.jpg,1,Ojirowashi
tool_bird_class_train/Ojirowashi_White_Tailed_Eagle/ext_inat_20260504/inat_451546073_5a081e4e.jpg,1,Ojirowashi
tool_bird_class_train/Ojirowashi_White_Tailed_Eagle/ext_inat_20260504/inat_451789723_231ce1f4.jpg,1,Ojirowashi
tool_bird_class_train/Ojirowashi_White_Tailed_Eagle/ext_inat_20260504/inat_451802809_3e20c1af.jpg,1,Ojirowashi
tool_bird_class_train/Ojirowashi_White_Tailed_Eagle/ext_inat_20260504/inat_452194244_aa44c170.jpg,1,Ojirowashi
tool_bird_class_train/Ojirowashi_White_Tailed_Eagle/ext_inat_20260504/inat_452198461_faacab52.jpg,1,Ojirowashi
tool_bird_class_train/Ojirowashi_White_Tailed_Eagle/ext_inat_20260504/inat_452676835_ca6e09f5.jpg,1,Ojirowashi
tool_bird_class_train/Ojirowashi_White_Tailed_Eagle/ext_inat_20260504/inat_452752754_068de1e6.jpg,1,Ojirowashi
tool_bird_class_train/Ojirowashi_White_Tailed_Eagle/ext_inat_20260504/inat_453502130_4c5fd910.jpg,1,Ojirowashi
tool_bird_class_train/Ojirowashi_White_Tailed_Eagle/ext_inat_20260504/inat_453648401_39d750ea.jpg,1,Ojirowashi
tool_bird_class_train/Ojirowashi_White_Tailed_Eagle/ext_inat_20260504/inat_453978518_7e34b5b3.jpg,1,Ojirowashi
tool_bird_class_train/Ojirowashi_White_Tailed_Eagle/ext_inat_20260504/inat_453978896_decfdacb.jpg,1,Ojirowashi
tool_bird_class_train/Ojirowashi_White_Tailed_Eagle/ext_inat_20260504/inat_454261197_c40a5e75.jpg,1,Ojirowashi
tool_bird_class_train/Ojirowashi_White_Tailed_Eagle/ext_inat_20260504/inat_454384836_d8334ae2.jpg,1,Ojirowashi
tool_bird_class_train/Ojirowashi_White_Tailed_Eagle/ext_inat_20260504/inat_455867362_5353aeb4.jpg,1,Ojirowashi
tool_bird_class_train/Ojirowashi_White_Tailed_Eagle/ext_inat_20260504/inat_456291821_56cb93a0.jpg,1,Ojirowashi
tool_bird_class_train/Ojirowashi_White_Tailed_Eagle/ext_inat_20260504/inat_456332099_40c0db80.jpg,1,Ojirowashi
tool_bird_class_train/Ojirowashi_White_Tailed_Eagle/ext_inat_20260504/inat_457430102_bcbbe2a0.png,1,Ojirowashi
tool_bird_class_train/Ojirowashi_White_Tailed_Eagle/ext_inat_20260504/inat_457683607_b67d95da.jpg,1,Ojirowashi
tool_bird_class_train/Ojirowashi_White_Tailed_Eagle/ext_inat_20260504/inat_458056432_cda9d737.jpg,1,Ojirowashi
tool_bird_class_train/Ojirowashi_White_Tailed_Eagle/ext_inat_20260504/inat_458667391_9b33fe02.jpg,1,Ojirowashi
tool_bird_class_train/Ojirowashi_White_Tailed_Eagle/ext_inat_20260504/inat_458726349_fae2dad9.jpg,1,Ojirowashi
tool_bird_class_train/Ojirowashi_White_Tailed_Eagle/ext_inat_20260504/inat_458805136_3a6d19b5.jpg,1,Ojirowashi
tool_bird_class_train/Ojirowashi_White_Tailed_Eagle/ext_inat_20260504/inat_459049353_d0b18941.jpg,1,Ojirowashi
tool_bird_class_train/Ojirowashi_White_Tailed_Eagle/ext_inat_20260504/inat_459967589_65094b06.jpg,1,Ojirowashi
tool_bird_class_train/Ojirowashi_White_Tailed_Eagle/ext_inat_20260504/inat_460123242_b8e13ab2.jpg,1,Ojirowashi
tool_bird_class_train/Ojirowashi_White_Tailed_Eagle/ext_inat_20260504/inat_460883289_b2e8b6dd.jpg,1,Ojirowashi
tool_bird_class_train/Ojirowashi_White_Tailed_Eagle/ext_inat_20260504/inat_461186248_95876794.jpg,1,Ojirowashi
tool_bird_class_train/Ojirowashi_White_Tailed_Eagle/ext_inat_20260504/inat_461186540_c69c365e.jpg,1,Ojirowashi
tool_bird_class_train/Ojirowashi_White_Tailed_Eagle/ext_inat_20260504/inat_461186753_30cce002.jpg,1,Ojirowashi
tool_bird_class_train/Ojirowashi_White_Tailed_Eagle/ext_inat_20260504/inat_461588119_1918a183.jpg,1,Ojirowashi
tool_bird_class_train/Ojirowashi_White_Tailed_Eagle/ext_inat_20260504/inat_461713971_a617ac2f.jpg,1,Ojirowashi
tool_bird_class_train/Ojirowashi_White_Tailed_Eagle/ext_inat_20260504/inat_461845710_3c758653.jpg,1,Ojirowashi
tool_bird_class_train/Ojirowashi_White_Tailed_Eagle/ext_inat_20260504/inat_461855681_8008b914.jpg,1,Ojirowashi
tool_bird_class_train/Ojirowashi_White_Tailed_Eagle/ext_inat_20260504/inat_461855724_252b72dc.jpg,1,Ojirowashi
tool_bird_class_train/Ojirowashi_White_Tailed_Eagle/ext_inat_20260504/inat_461855817_21a0b4f0.jpg,1,Ojirowashi
tool_bird_class_train/Ojirowashi_White_Tailed_Eagle/ext_inat_20260504/inat_462139011_a19638db.jpg,1,Ojirowashi
tool_bird_class_train/Ojirowashi_White_Tailed_Eagle/ext_inat_20260504/inat_462517499_5340e2a2.jpg,1,Ojirowashi
tool_bird_class_train/Ojirowashi_White_Tailed_Eagle/ext_inat_20260504/inat_462724100_87267ee3.jpg,1,Ojirowashi
tool_bird_class_train/Ojirowashi_White_Tailed_Eagle/ext_inat_20260504/inat_462850794_378138af.jpg,1,Ojirowashi
tool_bird_class_train/Ojirowashi_White_Tailed_Eagle/ext_inat_20260504/inat_462851609_e9c60f59.jpg,1,Ojirowashi
tool_bird_class_train/Ojirowashi_White_Tailed_Eagle/ext_inat_20260504/inat_462889294_4816c100.jpg,1,Ojirowashi
tool_bird_class_train/Ojirowashi_White_Tailed_Eagle/ext_inat_20260504/inat_463091095_678c85b5.jpg,1,Ojirowashi
tool_bird_class_train/Ojirowashi_White_Tailed_Eagle/ext_inat_20260504/inat_463094978_b8e44952.jpg,1,Ojirowashi
tool_bird_class_train/Ojirowashi_White_Tailed_Eagle/ext_inat_20260504/inat_463103112_ea515a9f.jpg,1,Ojirowashi
tool_bird_class_train/Ojirowashi_White_Tailed_Eagle/ext_inat_20260504/inat_463103624_3348c027.jpg,1,Ojirowashi
tool_bird_class_train/Ojirowashi_White_Tailed_Eagle/ext_inat_20260504/inat_464102944_b65c3955.jpg,1,Ojirowashi
tool_bird_class_train/Ojirowashi_White_Tailed_Eagle/ext_inat_20260504/inat_464365946_faa83efe.jpg,1,Ojirowashi
tool_bird_class_train/Ojirowashi_White_Tailed_Eagle/ext_inat_20260504/inat_464769398_ec8eb7ae.jpg,1,Ojirowashi
tool_bird_class_train/Ojirowashi_White_Tailed_Eagle/ext_inat_20260504/inat_465904933_19c2f019.jpg,1,Ojirowashi
tool_bird_class_train/Ojirowashi_White_Tailed_Eagle/ext_inat_20260504/inat_465905189_fc44ec74.jpg,1,Ojirowashi
tool_bird_class_train/Ojirowashi_White_Tailed_Eagle/ext_inat_20260504/inat_465922366_b295fd9d.jpg,1,Ojirowashi
tool_bird_class_train/Ojirowashi_White_Tailed_Eagle/ext_inat_20260504/inat_467312191_521aa9a1.jpg,1,Ojirowashi
tool_bird_class_train/Ojirowashi_White_Tailed_Eagle/ext_inat_20260504/inat_467381797_53f3734f.jpg,1,Ojirowashi
tool_bird_class_train/Ojirowashi_White_Tailed_Eagle/ext_inat_20260504/inat_467585607_3724eabe.jpg,1,Ojirowashi
tool_bird_class_train/Ojirowashi_White_Tailed_Eagle/ext_inat_20260504/inat_467622321_c9746f37.jpg,1,Ojirowashi
tool_bird_class_train/Ojirowashi_White_Tailed_Eagle/ext_inat_20260504/inat_468772267_dcc78d22.jpg,1,Ojirowashi
tool_bird_class_train/Ojirowashi_White_Tailed_Eagle/ext_inat_20260504/inat_469067865_8be22688.jpg,1,Ojirowashi
tool_bird_class_train/Ojirowashi_White_Tailed_Eagle/ext_inat_20260504/inat_470240327_e0b65ac9.jpg,1,Ojirowashi
tool_bird_class_train/Ojirowashi_White_Tailed_Eagle/ext_inat_20260504/inat_470240923_e6e53694.jpg,1,Ojirowashi
tool_bird_class_train/Ojirowashi_White_Tailed_Eagle/ext_inat_20260504/inat_470485537_e3179812.jpg,1,Ojirowashi
tool_bird_class_train/Ojirowashi_White_Tailed_Eagle/ext_inat_20260504/inat_470516955_188a63fd.jpg,1,Ojirowashi
tool_bird_class_train/Ojirowashi_White_Tailed_Eagle/ext_inat_20260504/inat_470690867_98e878d9.jpg,1,Ojirowashi
tool_bird_class_train/Ojirowashi_White_Tailed_Eagle/ext_inat_20260504/inat_470690894_c05752fa.jpg,1,Ojirowashi
tool_bird_class_train/Ojirowashi_White_Tailed_Eagle/ext_inat_20260504/inat_470727803_e2302f27.jpg,1,Ojirowashi
tool_bird_class_train/Ojirowashi_White_Tailed_Eagle/ext_inat_20260504/inat_471582475_14fc1958.jpg,1,Ojirowashi
tool_bird_class_train/Ojirowashi_White_Tailed_Eagle/ext_inat_20260504/inat_471745490_dd76750a.jpg,1,Ojirowashi
tool_bird_class_train/Ojirowashi_White_Tailed_Eagle/ext_inat_20260504/inat_471784381_42ad1524.jpg,1,Ojirowashi
tool_bird_class_train/Ojirowashi_White_Tailed_Eagle/ext_inat_20260504/inat_472029967_a5316255.jpg,1,Ojirowashi
tool_bird_class_train/Ojirowashi_White_Tailed_Eagle/ext_inat_20260504/inat_472128680_984fa427.jpg,1,Ojirowashi
tool_bird_class_train/Ojirowashi_White_Tailed_Eagle/ext_inat_20260504/inat_472128772_6124ed33.jpg,1,Ojirowashi
tool_bird_class_train/Ojirowashi_White_Tailed_Eagle/ext_inat_20260504/inat_472128848_1651b628.jpg,1,Ojirowashi
tool_bird_class_train/Ojirowashi_White_Tailed_Eagle/ext_inat_20260504/inat_472129085_aeaf7ef3.jpg,1,Ojirowashi
tool_bird_class_train/Ojirowashi_White_Tailed_Eagle/ext_inat_20260504/inat_472129334_6251ce04.jpg,1,Ojirowashi
tool_bird_class_train/Ojirowashi_White_Tailed_Eagle/ext_inat_20260504/inat_472239581_87046704.jpg,1,Ojirowashi
tool_bird_class_train/Ojirowashi_White_Tailed_Eagle/ext_inat_20260504/inat_472461281_abbe1b49.jpg,1,Ojirowashi
tool_bird_class_train/Ojirowashi_White_Tailed_Eagle/ext_inat_20260504/inat_472743251_64fb931a.jpg,1,Ojirowashi
tool_bird_class_train/Ojirowashi_White_Tailed_Eagle/ext_inat_20260504/inat_472743648_da133f12.jpg,1,Ojirowashi
tool_bird_class_train/Ojirowashi_White_Tailed_Eagle/ext_inat_20260504/inat_472747687_09b46833.jpg,1,Ojirowashi
tool_bird_class_train/Ojirowashi_White_Tailed_Eagle/ext_inat_20260504/inat_472747698_40b399dd.jpg,1,Ojirowashi
tool_bird_class_train/Ojirowashi_White_Tailed_Eagle/ext_inat_20260504/inat_472959284_ab79486c.jpg,1,Ojirowashi
tool_bird_class_train/Ojirowashi_White_Tailed_Eagle/ext_inat_20260504/inat_473134568_ad6e6229.jpg,1,Ojirowashi
tool_bird_class_train/Ojirowashi_White_Tailed_Eagle/ext_inat_20260504/inat_473624922_cd5575bb.jpg,1,Ojirowashi
tool_bird_class_train/Ojirowashi_White_Tailed_Eagle/ext_inat_20260504/inat_474392943_a968f197.jpg,1,Ojirowashi
tool_bird_class_train/Ojirowashi_White_Tailed_Eagle/ext_inat_20260504/inat_474497602_477d225d.jpg,1,Ojirowashi
tool_bird_class_train/Ojirowashi_White_Tailed_Eagle/ext_inat_20260504/inat_474813534_74fd6e6b.jpg,1,Ojirowashi
tool_bird_class_train/Ojirowashi_White_Tailed_Eagle/ext_inat_20260504/inat_474826565_23fa854a.jpg,1,Ojirowashi
tool_bird_class_train/Ojirowashi_White_Tailed_Eagle/ext_inat_20260504/inat_475282511_280b8931.jpg,1,Ojirowashi
tool_bird_class_train/Ojirowashi_White_Tailed_Eagle/ext_inat_20260504/inat_475284872_39f53bf5.jpg,1,Ojirowashi
tool_bird_class_train/Ojirowashi_White_Tailed_Eagle/ext_inat_20260504/inat_475290124_8428a68b.jpg,1,Ojirowashi
tool_bird_class_train/Ojirowashi_White_Tailed_Eagle/ext_inat_20260504/inat_475308299_19c03444.jpg,1,Ojirowashi
tool_bird_class_train/Ojirowashi_White_Tailed_Eagle/ext_inat_20260504/inat_475331370_51bc5b89.jpg,1,Ojirowashi
tool_bird_class_train/Ojirowashi_White_Tailed_Eagle/ext_inat_20260504/inat_475484122_af54d127.jpg,1,Ojirowashi
tool_bird_class_train/Ojirowashi_White_Tailed_Eagle/ext_inat_20260504/inat_475519397_ecb9848c.jpg,1,Ojirowashi
tool_bird_class_train/Ojirowashi_White_Tailed_Eagle/ext_inat_20260504/inat_475751697_b6e063d1.jpg,1,Ojirowashi
tool_bird_class_train/Ojirowashi_White_Tailed_Eagle/ext_inat_20260504/inat_475752280_3575e817.jpg,1,Ojirowashi
tool_bird_class_train/Ojirowashi_White_Tailed_Eagle/ext_inat_20260504/inat_475838000_2c21ecdf.jpg,1,Ojirowashi
tool_bird_class_train/Ojirowashi_White_Tailed_Eagle/ext_inat_20260504/inat_476285513_362ced90.jpg,1,Ojirowashi
tool_bird_class_train/Ojirowashi_White_Tailed_Eagle/ext_inat_20260504/inat_477677952_baf2167a.jpg,1,Ojirowashi
tool_bird_class_train/Ojirowashi_White_Tailed_Eagle/ext_inat_20260504/inat_477835426_7ccba68b.jpg,1,Ojirowashi
tool_bird_class_train/Ojirowashi_White_Tailed_Eagle/ext_inat_20260504/inat_477840093_1d3a123a.jpg,1,Ojirowashi
tool_bird_class_train/Ojirowashi_White_Tailed_Eagle/ext_inat_20260504/inat_477844317_0b27571d.jpg,1,Ojirowashi
tool_bird_class_train/Ojirowashi_White_Tailed_Eagle/ext_inat_20260504/inat_478027880_d23ed4ca.jpg,1,Ojirowashi
tool_bird_class_train/Ojirowashi_White_Tailed_Eagle/ext_inat_20260504/inat_478074267_f6015ab4.jpg,1,Ojirowashi
tool_bird_class_train/Ojirowashi_White_Tailed_Eagle/ext_inat_20260504/inat_478259161_c9cb78d9.jpg,1,Ojirowashi
tool_bird_class_train/Ojirowashi_White_Tailed_Eagle/ext_inat_20260504/inat_478533280_242d09e0.jpg,1,Ojirowashi
tool_bird_class_train/Ojirowashi_White_Tailed_Eagle/ext_inat_20260504/inat_478600373_3161bff4.jpg,1,Ojirowashi
tool_bird_class_train/Ojirowashi_White_Tailed_Eagle/ext_inat_20260504/inat_478770306_8a9da346.jpg,1,Ojirowashi
tool_bird_class_train/Ojirowashi_White_Tailed_Eagle/ext_inat_20260504/inat_478960942_199192a8.jpg,1,Ojirowashi
tool_bird_class_train/Ojirowashi_White_Tailed_Eagle/ext_inat_20260504/inat_479076421_00cd3849.jpg,1,Ojirowashi
tool_bird_class_train/Ojirowashi_White_Tailed_Eagle/ext_inat_20260504/inat_479236295_c0c17f54.jpg,1,Ojirowashi
tool_bird_class_train/Ojirowashi_White_Tailed_Eagle/ext_inat_20260504/inat_479241364_f399c572.jpg,1,Ojirowashi
tool_bird_class_train/Ojirowashi_White_Tailed_Eagle/ext_inat_20260504/inat_479610720_d775b445.jpg,1,Ojirowashi
tool_bird_class_train/Ojirowashi_White_Tailed_Eagle/ext_inat_20260504/inat_479610871_7ba76eb2.jpg,1,Ojirowashi
tool_bird_class_train/Ojirowashi_White_Tailed_Eagle/ext_inat_20260504/inat_480263818_f9d4a4bc.jpg,1,Ojirowashi
tool_bird_class_train/Ojirowashi_White_Tailed_Eagle/ext_inat_20260504/inat_480456168_d93902e9.jpg,1,Ojirowashi
tool_bird_class_train/Ojirowashi_White_Tailed_Eagle/ext_inat_20260504/inat_481046497_b7bc0782.jpg,1,Ojirowashi
tool_bird_class_train/Ojirowashi_White_Tailed_Eagle/ext_inat_20260504/inat_481229154_50def1fa.jpg,1,Ojirowashi
tool_bird_class_train/Ojirowashi_White_Tailed_Eagle/ext_inat_20260504/inat_481572247_83d8036e.jpg,1,Ojirowashi
tool_bird_class_train/Ojirowashi_White_Tailed_Eagle/ext_inat_20260504/inat_481965176_923e9a3d.jpg,1,Ojirowashi
tool_bird_class_train/Ojirowashi_White_Tailed_Eagle/ext_inat_20260504/inat_482987243_5f338060.jpg,1,Ojirowashi
tool_bird_class_train/Ojirowashi_White_Tailed_Eagle/ext_inat_20260504/inat_483169902_1bd514af.jpg,1,Ojirowashi
tool_bird_class_train/Ojirowashi_White_Tailed_Eagle/ext_inat_20260504/inat_483359978_4dfbc602.jpg,1,Ojirowashi
tool_bird_class_train/Ojirowashi_White_Tailed_Eagle/ext_inat_20260504/inat_483366229_d2e51ae9.jpg,1,Ojirowashi
tool_bird_class_train/Ojirowashi_White_Tailed_Eagle/ext_inat_20260504/inat_483424609_15e502dc.jpg,1,Ojirowashi
tool_bird_class_train/Ojirowashi_White_Tailed_Eagle/ext_inat_20260504/inat_483785003_c506fadd.jpg,1,Ojirowashi
tool_bird_class_train/Ojirowashi_White_Tailed_Eagle/ext_inat_20260504/inat_483867201_77c4dcb6.jpg,1,Ojirowashi
tool_bird_class_train/Ojirowashi_White_Tailed_Eagle/ext_inat_20260504/inat_483911786_d02da8e2.jpg,1,Ojirowashi
tool_bird_class_train/Ojirowashi_White_Tailed_Eagle/ext_inat_20260504/inat_484169972_b99ab227.jpg,1,Ojirowashi
tool_bird_class_train/Ojirowashi_White_Tailed_Eagle/ext_inat_20260504/inat_484493225_1cd46733.jpg,1,Ojirowashi
tool_bird_class_train/Ojirowashi_White_Tailed_Eagle/ext_inat_20260504/inat_484504290_fea968db.jpg,1,Ojirowashi
tool_bird_class_train/Ojirowashi_White_Tailed_Eagle/ext_inat_20260504/inat_484505946_365212f6.jpg,1,Ojirowashi
tool_bird_class_train/Ojirowashi_White_Tailed_Eagle/ext_inat_20260504/inat_485384180_123cbeb1.jpg,1,Ojirowashi
tool_bird_class_train/Ojirowashi_White_Tailed_Eagle/ext_inat_20260504/inat_485464385_fb6ffc29.jpg,1,Ojirowashi
tool_bird_class_train/Ojirowashi_White_Tailed_Eagle/ext_inat_20260504/inat_485467047_a4d8581c.jpg,1,Ojirowashi
tool_bird_class_train/Ojirowashi_White_Tailed_Eagle/ext_inat_20260504/inat_485470909_bc0a152f.jpg,1,Ojirowashi
tool_bird_class_train/Ojirowashi_White_Tailed_Eagle/ext_inat_20260504/inat_485936056_037a84eb.jpg,1,Ojirowashi
tool_bird_class_train/Ojirowashi_White_Tailed_Eagle/ext_inat_20260504/inat_486055746_9c01fe26.jpg,1,Ojirowashi
tool_bird_class_train/Ojirowashi_White_Tailed_Eagle/ext_inat_20260504/inat_486239111_0c825e18.jpg,1,Ojirowashi
tool_bird_class_train/Ojirowashi_White_Tailed_Eagle/ext_inat_20260504/inat_486812737_8f4791cd.jpg,1,Ojirowashi
tool_bird_class_train/Ojirowashi_White_Tailed_Eagle/ext_inat_20260504/inat_487143719_872a6b71.jpg,1,Ojirowashi
tool_bird_class_train/Ojirowashi_White_Tailed_Eagle/ext_inat_20260504/inat_487481223_ecaa3283.jpg,1,Ojirowashi
tool_bird_class_train/Ojirowashi_White_Tailed_Eagle/ext_inat_20260504/inat_487712755_ab55929d.jpg,1,Ojirowashi
tool_bird_class_train/Ojirowashi_White_Tailed_Eagle/ext_inat_20260504/inat_487714211_cc964772.jpg,1,Ojirowashi
tool_bird_class_train/Ojirowashi_White_Tailed_Eagle/ext_inat_20260504/inat_487716408_2deee0f2.jpg,1,Ojirowashi
tool_bird_class_train/Ojirowashi_White_Tailed_Eagle/ext_inat_20260504/inat_487819229_77a3f2c8.jpg,1,Ojirowashi
tool_bird_class_train/Ojirowashi_White_Tailed_Eagle/ext_inat_20260504/inat_488377403_fd1874eb.jpg,1,Ojirowashi
tool_bird_class_train/Ojirowashi_White_Tailed_Eagle/ext_inat_20260504/inat_488805867_1b0d0791.jpg,1,Ojirowashi
tool_bird_class_train/Ojirowashi_White_Tailed_Eagle/ext_inat_20260504/inat_489333727_44b6f227.jpg,1,Ojirowashi
tool_bird_class_train/Ojirowashi_White_Tailed_Eagle/ext_inat_20260504/inat_489598915_3b594997.jpg,1,Ojirowashi
tool_bird_class_train/Ojirowashi_White_Tailed_Eagle/ext_inat_20260504/inat_489605059_e67d4f77.jpg,1,Ojirowashi
tool_bird_class_train/Ojirowashi_White_Tailed_Eagle/ext_inat_20260504/inat_489608894_d8ae725c.jpg,1,Ojirowashi
tool_bird_class_train/Ojirowashi_White_Tailed_Eagle/ext_inat_20260504/inat_489608900_e134f050.jpg,1,Ojirowashi
tool_bird_class_train/Ojirowashi_White_Tailed_Eagle/ext_inat_20260504/inat_489608911_7e79a1cc.jpg,1,Ojirowashi
tool_bird_class_train/Ojirowashi_White_Tailed_Eagle/ext_inat_20260504/inat_492271986_5af60225.jpg,1,Ojirowashi
tool_bird_class_train/Ojirowashi_White_Tailed_Eagle/ext_inat_20260504/inat_492575980_997a3983.jpg,1,Ojirowashi
tool_bird_class_train/Ojirowashi_White_Tailed_Eagle/ext_inat_20260504/inat_492989953_5ede7981.jpg,1,Ojirowashi
tool_bird_class_train/Ojirowashi_White_Tailed_Eagle/ext_inat_20260504/inat_493433086_0d882eb2.jpg,1,Ojirowashi
tool_bird_class_train/Ojirowashi_White_Tailed_Eagle/ext_inat_20260504/inat_496737557_52fb9909.jpg,1,Ojirowashi
tool_bird_class_train/Ojirowashi_White_Tailed_Eagle/ext_inat_20260504/inat_497216564_57bd1555.jpg,1,Ojirowashi
tool_bird_class_train/Ojirowashi_White_Tailed_Eagle/ext_inat_20260504/inat_497367621_665e3f6d.jpg,1,Ojirowashi
tool_bird_class_train/Ojirowashi_White_Tailed_Eagle/ext_inat_20260504/inat_497501281_d8e28ef4.jpg,1,Ojirowashi
tool_bird_class_train/Ojirowashi_White_Tailed_Eagle/ext_inat_20260504/inat_498029927_0fb562e4.jpg,1,Ojirowashi
tool_bird_class_train/Ojirowashi_White_Tailed_Eagle/ext_inat_20260504/inat_498059274_fccb271c.jpg,1,Ojirowashi
tool_bird_class_train/Ojirowashi_White_Tailed_Eagle/ext_inat_20260504/inat_498142473_2f88229a.jpg,1,Ojirowashi
tool_bird_class_train/Ojirowashi_White_Tailed_Eagle/ext_inat_20260504/inat_498194122_dcebfbe2.jpg,1,Ojirowashi
tool_bird_class_train/Ojirowashi_White_Tailed_Eagle/ext_inat_20260504/inat_498314465_783f8b87.jpg,1,Ojirowashi
tool_bird_class_train/Ojirowashi_White_Tailed_Eagle/ext_inat_20260504/inat_498728602_c07c9066.jpg,1,Ojirowashi
tool_bird_class_train/Ojirowashi_White_Tailed_Eagle/ext_inat_20260504/inat_499675784_cfaaf7fc.jpg,1,Ojirowashi
tool_bird_class_train/Ojirowashi_White_Tailed_Eagle/ext_inat_20260504/inat_499937367_f38db229.jpg,1,Ojirowashi
tool_bird_class_train/Ojirowashi_White_Tailed_Eagle/ext_inat_20260504/inat_499937655_9d0c6f9c.jpg,1,Ojirowashi
tool_bird_class_train/Ojirowashi_White_Tailed_Eagle/ext_inat_20260504/inat_500530293_2d24ad5a.jpg,1,Ojirowashi
tool_bird_class_train/Ojirowashi_White_Tailed_Eagle/ext_inat_20260504/inat_500666780_aa69c4cd.jpg,1,Ojirowashi
tool_bird_class_train/Ojirowashi_White_Tailed_Eagle/ext_inat_20260504/inat_501570402_dd096a2b.jpg,1,Ojirowashi
tool_bird_class_train/Ojirowashi_White_Tailed_Eagle/ext_inat_20260504/inat_502632397_38cba2c8.jpg,1,Ojirowashi
tool_bird_class_train/Ojirowashi_White_Tailed_Eagle/ext_inat_20260504/inat_502934257_db7db294.jpg,1,Ojirowashi
tool_bird_class_train/Ojirowashi_White_Tailed_Eagle/ext_inat_20260504/inat_503112321_4562edf5.jpg,1,Ojirowashi
tool_bird_class_train/Ojirowashi_White_Tailed_Eagle/ext_inat_20260504/inat_503391413_75ff6313.jpg,1,Ojirowashi
tool_bird_class_train/Ojirowashi_White_Tailed_Eagle/ext_inat_20260504/inat_503434653_52f9f345.jpg,1,Ojirowashi
tool_bird_class_train/Ojirowashi_White_Tailed_Eagle/ext_inat_20260504/inat_503478775_03805649.jpg,1,Ojirowashi
tool_bird_class_train/Ojirowashi_White_Tailed_Eagle/ext_inat_20260504/inat_503890896_7eeec8a5.jpg,1,Ojirowashi
tool_bird_class_train/Ojirowashi_White_Tailed_Eagle/ext_inat_20260504/inat_503965178_26ddbc96.jpg,1,Ojirowashi
tool_bird_class_train/Ojirowashi_White_Tailed_Eagle/ext_inat_20260504/inat_504690709_8b096bc5.jpg,1,Ojirowashi
tool_bird_class_train/Ojirowashi_White_Tailed_Eagle/ext_inat_20260504/inat_505233833_4aaa73ef.jpg,1,Ojirowashi
tool_bird_class_train/Ojirowashi_White_Tailed_Eagle/ext_inat_20260504/inat_505236306_d50ef31f.jpg,1,Ojirowashi
tool_bird_class_train/Ojirowashi_White_Tailed_Eagle/ext_inat_20260504/inat_505384567_f9862051.jpg,1,Ojirowashi
tool_bird_class_train/Ojirowashi_White_Tailed_Eagle/ext_inat_20260504/inat_505583286_a8598cf8.jpg,1,Ojirowashi
tool_bird_class_train/Ojirowashi_White_Tailed_Eagle/ext_inat_20260504/inat_505661328_a1520db6.jpg,1,Ojirowashi
tool_bird_class_train/Ojirowashi_White_Tailed_Eagle/ext_inat_20260504/inat_506184466_20296a02.jpg,1,Ojirowashi
tool_bird_class_train/Ojirowashi_White_Tailed_Eagle/ext_inat_20260504/inat_507325341_4511d730.jpg,1,Ojirowashi
tool_bird_class_train/Ojirowashi_White_Tailed_Eagle/ext_inat_20260504/inat_507381649_a4eb40c7.jpg,1,Ojirowashi
tool_bird_class_train/Ojirowashi_White_Tailed_Eagle/ext_inat_20260504/inat_507388037_80548afa.jpg,1,Ojirowashi
tool_bird_class_train/Ojirowashi_White_Tailed_Eagle/ext_inat_20260504/inat_507590406_41ff1d15.jpg,1,Ojirowashi
tool_bird_class_train/Ojirowashi_White_Tailed_Eagle/ext_inat_20260504/inat_507877942_7ddf1559.jpg,1,Ojirowashi
tool_bird_class_train/Ojirowashi_White_Tailed_Eagle/ext_inat_20260504/inat_507883135_958127fb.jpg,1,Ojirowashi
tool_bird_class_train/Ojirowashi_White_Tailed_Eagle/ext_inat_20260504/inat_510096483_a310b890.jpg,1,Ojirowashi
tool_bird_class_train/Ojirowashi_White_Tailed_Eagle/ext_inat_20260504/inat_510409091_71918764.jpg,1,Ojirowashi
tool_bird_class_train/Ojirowashi_White_Tailed_Eagle/ext_inat_20260504/inat_510466942_ac2f51db.jpg,1,Ojirowashi
tool_bird_class_train/Ojirowashi_White_Tailed_Eagle/ext_inat_20260504/inat_511417009_46e31356.jpg,1,Ojirowashi
tool_bird_class_train/Ojirowashi_White_Tailed_Eagle/ext_inat_20260504/inat_512471592_bef34e53.jpg,1,Ojirowashi
tool_bird_class_train/Ojirowashi_White_Tailed_Eagle/ext_inat_20260504/inat_513441909_4e636f6b.jpg,1,Ojirowashi
tool_bird_class_train/Ojirowashi_White_Tailed_Eagle/ext_inat_20260504/inat_514247489_ba4e28c9.jpg,1,Ojirowashi
tool_bird_class_train/Ojirowashi_White_Tailed_Eagle/ext_inat_20260504/inat_514712565_5623e67d.jpg,1,Ojirowashi
tool_bird_class_train/Ojirowashi_White_Tailed_Eagle/ext_inat_20260504/inat_514756785_8879bbea.jpg,1,Ojirowashi
tool_bird_class_train/Ojirowashi_White_Tailed_Eagle/ext_inat_20260504/inat_514959413_2b94c8b9.jpg,1,Ojirowashi
tool_bird_class_train/Ojirowashi_White_Tailed_Eagle/ext_inat_20260504/inat_514978831_ecea445b.jpg,1,Ojirowashi
tool_bird_class_train/Ojirowashi_White_Tailed_Eagle/ext_inat_20260504/inat_514993712_1cd5c0ed.jpg,1,Ojirowashi
tool_bird_class_train/Ojirowashi_White_Tailed_Eagle/ext_inat_20260504/inat_514997302_e319581d.jpg,1,Ojirowashi
tool_bird_class_train/Ojirowashi_White_Tailed_Eagle/ext_inat_20260504/inat_515098637_78cc204b.jpg,1,Ojirowashi
tool_bird_class_train/Ojirowashi_White_Tailed_Eagle/ext_inat_20260504/inat_515496188_d5c225f8.jpg,1,Ojirowashi
tool_bird_class_train/Ojirowashi_White_Tailed_Eagle/ext_inat_20260504/inat_516090764_2360dbf6.jpg,1,Ojirowashi
tool_bird_class_train/Ojirowashi_White_Tailed_Eagle/ext_inat_20260504/inat_516090851_12b973a4.jpg,1,Ojirowashi
tool_bird_class_train/Ojirowashi_White_Tailed_Eagle/ext_inat_20260504/inat_516326727_aa248849.jpg,1,Ojirowashi
tool_bird_class_train/Ojirowashi_White_Tailed_Eagle/ext_inat_20260504/inat_516760797_42e0bed4.jpg,1,Ojirowashi
tool_bird_class_train/Ojirowashi_White_Tailed_Eagle/ext_inat_20260504/inat_517019297_d5b74053.jpg,1,Ojirowashi
tool_bird_class_train/Ojirowashi_White_Tailed_Eagle/ext_inat_20260504/inat_517019430_eabccd40.jpg,1,Ojirowashi
tool_bird_class_train/Ojirowashi_White_Tailed_Eagle/ext_inat_20260504/inat_517081412_d5cbd598.jpg,1,Ojirowashi
tool_bird_class_train/Ojirowashi_White_Tailed_Eagle/ext_inat_20260504/inat_517641134_ad40d4e7.jpg,1,Ojirowashi
tool_bird_class_train/Ojirowashi_White_Tailed_Eagle/ext_inat_20260504/inat_518232170_677ca860.jpg,1,Ojirowashi
tool_bird_class_train/Ojirowashi_White_Tailed_Eagle/ext_inat_20260504/inat_519282165_6fa448df.jpg,1,Ojirowashi
tool_bird_class_train/Ojirowashi_White_Tailed_Eagle/ext_inat_20260504/inat_519852598_1ecc1a7c.jpg,1,Ojirowashi
tool_bird_class_train/Ojirowashi_White_Tailed_Eagle/ext_inat_20260504/inat_521259825_2457678c.jpg,1,Ojirowashi
tool_bird_class_train/Ojirowashi_White_Tailed_Eagle/ext_inat_20260504/inat_521314436_4c14a695.jpg,1,Ojirowashi
tool_bird_class_train/Ojirowashi_White_Tailed_Eagle/ext_inat_20260504/inat_522077306_1bd0edbe.jpg,1,Ojirowashi
tool_bird_class_train/Ojirowashi_White_Tailed_Eagle/ext_inat_20260504/inat_522078174_f4dc4183.jpg,1,Ojirowashi
tool_bird_class_train/Ojirowashi_White_Tailed_Eagle/ext_inat_20260504/inat_524368184_b25e4c04.jpg,1,Ojirowashi
tool_bird_class_train/Ojirowashi_White_Tailed_Eagle/ext_inat_20260504/inat_524614355_018c7221.jpg,1,Ojirowashi
tool_bird_class_train/Ojirowashi_White_Tailed_Eagle/ext_inat_20260504/inat_525444187_e611e199.jpg,1,Ojirowashi
tool_bird_class_train/Ojirowashi_White_Tailed_Eagle/ext_inat_20260504/inat_525702959_7fff9a34.jpg,1,Ojirowashi
tool_bird_class_train/Ojirowashi_White_Tailed_Eagle/ext_inat_20260504/inat_526245508_5c84672f.jpg,1,Ojirowashi
tool_bird_class_train/Ojirowashi_White_Tailed_Eagle/ext_inat_20260504/inat_526698239_1c0148de.jpg,1,Ojirowashi
tool_bird_class_train/Ojirowashi_White_Tailed_Eagle/ext_inat_20260504/inat_528018960_eb761324.jpg,1,Ojirowashi
tool_bird_class_train/Ojirowashi_White_Tailed_Eagle/ext_inat_20260504/inat_528020928_826a44b5.jpg,1,Ojirowashi
tool_bird_class_train/Ojirowashi_White_Tailed_Eagle/ext_inat_20260504/inat_528495310_959c0d51.jpg,1,Ojirowashi
tool_bird_class_train/Ojirowashi_White_Tailed_Eagle/ext_inat_20260504/inat_528660885_5a9b66e9.jpg,1,Ojirowashi
tool_bird_class_train/Ojirowashi_White_Tailed_Eagle/ext_inat_20260504/inat_528681278_15a00880.jpg,1,Ojirowashi
tool_bird_class_train/Ojirowashi_White_Tailed_Eagle/ext_inat_20260504/inat_529078103_047a2889.jpg,1,Ojirowashi
tool_bird_class_train/Ojirowashi_White_Tailed_Eagle/ext_inat_20260504/inat_529216331_6f5a4512.jpg,1,Ojirowashi
tool_bird_class_train/Ojirowashi_White_Tailed_Eagle/ext_inat_20260504/inat_529377209_1a6dcab1.jpg,1,Ojirowashi
tool_bird_class_train/Ojirowashi_White_Tailed_Eagle/ext_inat_20260504/inat_529377652_bed14dc1.jpg,1,Ojirowashi
tool_bird_class_train/Ojirowashi_White_Tailed_Eagle/ext_inat_20260504/inat_529630885_97d5ab78.jpg,1,Ojirowashi
tool_bird_class_train/Ojirowashi_White_Tailed_Eagle/ext_inat_20260504/inat_530179594_675b5a06.jpg,1,Ojirowashi
tool_bird_class_train/Ojirowashi_White_Tailed_Eagle/ext_inat_20260504/inat_530774426_2cb21ed4.jpg,1,Ojirowashi
tool_bird_class_train/Ojirowashi_White_Tailed_Eagle/ext_inat_20260504/inat_530778443_a1ad3528.jpg,1,Ojirowashi
tool_bird_class_train/Ojirowashi_White_Tailed_Eagle/ext_inat_20260504/inat_531780584_90c72e20.jpg,1,Ojirowashi
tool_bird_class_train/Ojirowashi_White_Tailed_Eagle/ext_inat_20260504/inat_531922752_5bb83d40.jpg,1,Ojirowashi
tool_bird_class_train/Ojirowashi_White_Tailed_Eagle/ext_inat_20260504/inat_532168092_299f5f69.jpg,1,Ojirowashi
tool_bird_class_train/Ojirowashi_White_Tailed_Eagle/ext_inat_20260504/inat_532236891_f8c0c500.jpg,1,Ojirowashi
tool_bird_class_train/Ojirowashi_White_Tailed_Eagle/ext_inat_20260504/inat_534278594_98a30b4c.jpg,1,Ojirowashi
tool_bird_class_train/Ojirowashi_White_Tailed_Eagle/ext_inat_20260504/inat_534280084_173d73a5.jpg,1,Ojirowashi
tool_bird_class_train/Ojirowashi_White_Tailed_Eagle/ext_inat_20260504/inat_535437256_5108b677.jpg,1,Ojirowashi
tool_bird_class_train/Ojirowashi_White_Tailed_Eagle/ext_inat_20260504/inat_535577708_56d2c5c3.jpg,1,Ojirowashi
tool_bird_class_train/Ojirowashi_White_Tailed_Eagle/ext_inat_20260504/inat_536969708_d702fc11.jpg,1,Ojirowashi
tool_bird_class_train/Ojirowashi_White_Tailed_Eagle/ext_inat_20260504/inat_538297336_d6fa52b6.jpg,1,Ojirowashi
tool_bird_class_train/Ojirowashi_White_Tailed_Eagle/ext_inat_20260504/inat_538374210_8955ee61.jpg,1,Ojirowashi
tool_bird_class_train/Ojirowashi_White_Tailed_Eagle/ext_inat_20260504/inat_539149019_648fd6ce.jpg,1,Ojirowashi
tool_bird_class_train/Ojirowashi_White_Tailed_Eagle/ext_inat_20260504/inat_539647101_39174a27.jpg,1,Ojirowashi
tool_bird_class_train/Ojirowashi_White_Tailed_Eagle/ext_inat_20260504/inat_541374580_e067be6d.jpg,1,Ojirowashi
tool_bird_class_train/Ojirowashi_White_Tailed_Eagle/ext_inat_20260504/inat_542261359_678c34ac.jpg,1,Ojirowashi
tool_bird_class_train/Ojirowashi_White_Tailed_Eagle/ext_inat_20260504/inat_542639250_806aa22d.jpg,1,Ojirowashi
tool_bird_class_train/Ojirowashi_White_Tailed_Eagle/ext_inat_20260504/inat_542804278_edc251e3.jpg,1,Ojirowashi
tool_bird_class_train/Ojirowashi_White_Tailed_Eagle/ext_inat_20260504/inat_544537802_2063ed11.jpg,1,Ojirowashi
tool_bird_class_train/Ojirowashi_White_Tailed_Eagle/ext_inat_20260504/inat_545430548_4c523dd7.jpg,1,Ojirowashi
tool_bird_class_train/Ojirowashi_White_Tailed_Eagle/ext_inat_20260504/inat_546226876_f27ca15a.jpg,1,Ojirowashi
tool_bird_class_train/Ojirowashi_White_Tailed_Eagle/ext_inat_20260504/inat_546226933_0ca9c962.jpg,1,Ojirowashi
tool_bird_class_train/Ojirowashi_White_Tailed_Eagle/ext_inat_20260504/inat_546531202_9f5ddeff.jpg,1,Ojirowashi
tool_bird_class_train/Ojirowashi_White_Tailed_Eagle/ext_inat_20260504/inat_549512446_bebe5f27.jpg,1,Ojirowashi
tool_bird_class_train/Ojirowashi_White_Tailed_Eagle/ext_inat_20260504/inat_550063441_cf16bc21.jpg,1,Ojirowashi
tool_bird_class_train/Ojirowashi_White_Tailed_Eagle/ext_inat_20260504/inat_551017402_8f9a669d.jpg,1,Ojirowashi
tool_bird_class_train/Ojirowashi_White_Tailed_Eagle/ext_inat_20260504/inat_551413697_68b45a7d.jpg,1,Ojirowashi
tool_bird_class_train/Ojirowashi_White_Tailed_Eagle/ext_inat_20260504/inat_552182330_f9a6eba6.jpg,1,Ojirowashi
tool_bird_class_train/Ojirowashi_White_Tailed_Eagle/ext_inat_20260504/inat_552185045_94151130.jpg,1,Ojirowashi
tool_bird_class_train/Ojirowashi_White_Tailed_Eagle/ext_inat_20260504/inat_552673950_1360157f.jpg,1,Ojirowashi
tool_bird_class_train/Ojirowashi_White_Tailed_Eagle/ext_inat_20260504/inat_553232572_a66e05d7.jpg,1,Ojirowashi
tool_bird_class_train/Ojirowashi_White_Tailed_Eagle/ext_inat_20260504/inat_553587642_78403754.jpg,1,Ojirowashi
tool_bird_class_train/Ojirowashi_White_Tailed_Eagle/ext_inat_20260504/inat_554567159_7c6eb71a.jpg,1,Ojirowashi
tool_bird_class_train/Ojirowashi_White_Tailed_Eagle/ext_inat_20260504/inat_554567910_bd965845.jpg,1,Ojirowashi
tool_bird_class_train/Ojirowashi_White_Tailed_Eagle/ext_inat_20260504/inat_554812105_616d9a57.jpg,1,Ojirowashi
tool_bird_class_train/Ojirowashi_White_Tailed_Eagle/ext_inat_20260504/inat_555236741_d07361d8.jpg,1,Ojirowashi
tool_bird_class_train/Ojirowashi_White_Tailed_Eagle/ext_inat_20260504/inat_555512496_51168d17.jpg,1,Ojirowashi
tool_bird_class_train/Ojirowashi_White_Tailed_Eagle/ext_inat_20260504/inat_555527870_5234edb0.jpg,1,Ojirowashi
tool_bird_class_train/Ojirowashi_White_Tailed_Eagle/ext_inat_20260504/inat_555528156_befbdf4e.jpg,1,Ojirowashi
tool_bird_class_train/Ojirowashi_White_Tailed_Eagle/ext_inat_20260504/inat_555575991_3635674f.jpg,1,Ojirowashi
tool_bird_class_train/Ojirowashi_White_Tailed_Eagle/ext_inat_20260504/inat_556533052_75d88af5.jpg,1,Ojirowashi
tool_bird_class_train/Ojirowashi_White_Tailed_Eagle/ext_inat_20260504/inat_557009905_eeabfca7.jpg,1,Ojirowashi
tool_bird_class_train/Ojirowashi_White_Tailed_Eagle/ext_inat_20260504/inat_557011313_62f400ae.jpg,1,Ojirowashi
tool_bird_class_train/Ojirowashi_White_Tailed_Eagle/ext_inat_20260504/inat_557428332_6bc9bb50.jpg,1,Ojirowashi
tool_bird_class_train/Ojirowashi_White_Tailed_Eagle/ext_inat_20260504/inat_557450389_30a69508.jpg,1,Ojirowashi
tool_bird_class_train/Ojirowashi_White_Tailed_Eagle/ext_inat_20260504/inat_558070673_b83a4750.jpg,1,Ojirowashi
tool_bird_class_train/Ojirowashi_White_Tailed_Eagle/ext_inat_20260504/inat_558141921_f5944cf2.jpg,1,Ojirowashi
tool_bird_class_train/Ojirowashi_White_Tailed_Eagle/ext_inat_20260504/inat_558660043_587d4270.jpg,1,Ojirowashi
tool_bird_class_train/Ojirowashi_White_Tailed_Eagle/ext_inat_20260504/inat_558828764_3bc0de6d.jpg,1,Ojirowashi
tool_bird_class_train/Ojirowashi_White_Tailed_Eagle/ext_inat_20260504/inat_558828773_1a572db7.jpg,1,Ojirowashi
tool_bird_class_train/Ojirowashi_White_Tailed_Eagle/ext_inat_20260504/inat_559825149_f697e6c3.jpg,1,Ojirowashi
tool_bird_class_train/Ojirowashi_White_Tailed_Eagle/ext_inat_20260504/inat_560830161_748d23fc.jpg,1,Ojirowashi
tool_bird_class_train/Ojirowashi_White_Tailed_Eagle/ext_inat_20260504/inat_560830516_7d0fd7fa.jpg,1,Ojirowashi
tool_bird_class_train/Ojirowashi_White_Tailed_Eagle/ext_inat_20260504/inat_561334428_fdff0f5d.jpg,1,Ojirowashi
tool_bird_class_train/Ojirowashi_White_Tailed_Eagle/ext_inat_20260504/inat_561473847_6c85cd70.jpg,1,Ojirowashi
tool_bird_class_train/Ojirowashi_White_Tailed_Eagle/ext_inat_20260504/inat_562632489_aa6cf2d0.jpg,1,Ojirowashi
tool_bird_class_train/Ojirowashi_White_Tailed_Eagle/ext_inat_20260504/inat_563206292_ef9985dc.jpg,1,Ojirowashi
tool_bird_class_train/Ojirowashi_White_Tailed_Eagle/ext_inat_20260504/inat_563547459_3ee3604f.jpg,1,Ojirowashi
tool_bird_class_train/Ojirowashi_White_Tailed_Eagle/ext_inat_20260504/inat_563601636_8f5d8bb9.jpg,1,Ojirowashi
tool_bird_class_train/Ojirowashi_White_Tailed_Eagle/ext_inat_20260504/inat_563688567_fadd8a15.jpg,1,Ojirowashi
tool_bird_class_train/Ojirowashi_White_Tailed_Eagle/ext_inat_20260504/inat_564070248_58ad97f6.jpg,1,Ojirowashi
tool_bird_class_train/Ojirowashi_White_Tailed_Eagle/ext_inat_20260504/inat_565800327_28e0f92a.jpg,1,Ojirowashi
tool_bird_class_train/Ojirowashi_White_Tailed_Eagle/ext_inat_20260504/inat_568162146_98dfb8bb.jpg,1,Ojirowashi
tool_bird_class_train/Ojirowashi_White_Tailed_Eagle/ext_inat_20260504/inat_568287380_01d31ab2.jpg,1,Ojirowashi
tool_bird_class_train/Ojirowashi_White_Tailed_Eagle/ext_inat_20260504/inat_568555791_fb954f16.jpg,1,Ojirowashi
tool_bird_class_train/Ojirowashi_White_Tailed_Eagle/ext_inat_20260504/inat_568969200_2420649d.jpg,1,Ojirowashi
tool_bird_class_train/Ojirowashi_White_Tailed_Eagle/ext_inat_20260504/inat_569916182_d206bc58.jpg,1,Ojirowashi
tool_bird_class_train/Ojirowashi_White_Tailed_Eagle/ext_inat_20260504/inat_569935507_57e8638e.jpg,1,Ojirowashi
tool_bird_class_train/Ojirowashi_White_Tailed_Eagle/ext_inat_20260504/inat_570114597_40a6ab86.jpg,1,Ojirowashi
tool_bird_class_train/Ojirowashi_White_Tailed_Eagle/ext_inat_20260504/inat_570950402_157e7014.jpg,1,Ojirowashi
tool_bird_class_train/Ojirowashi_White_Tailed_Eagle/ext_inat_20260504/inat_570954700_9f413262.jpg,1,Ojirowashi
tool_bird_class_train/Ojirowashi_White_Tailed_Eagle/ext_inat_20260504/inat_571056978_f51a18eb.jpg,1,Ojirowashi
tool_bird_class_train/Ojirowashi_White_Tailed_Eagle/ext_inat_20260504/inat_571112623_91aabd65.jpg,1,Ojirowashi
tool_bird_class_train/Ojirowashi_White_Tailed_Eagle/ext_inat_20260504/inat_571112743_bc42f66b.jpg,1,Ojirowashi
tool_bird_class_train/Ojirowashi_White_Tailed_Eagle/ext_inat_20260504/inat_572200051_74ed2513.jpg,1,Ojirowashi
tool_bird_class_train/Ojirowashi_White_Tailed_Eagle/ext_inat_20260504/inat_572202747_eb08dd7a.jpg,1,Ojirowashi
tool_bird_class_train/Ojirowashi_White_Tailed_Eagle/ext_inat_20260504/inat_572842324_2fbec2ce.jpg,1,Ojirowashi
tool_bird_class_train/Ojirowashi_White_Tailed_Eagle/ext_inat_20260504/inat_573373921_216d0cbf.jpg,1,Ojirowashi
tool_bird_class_train/Ojirowashi_White_Tailed_Eagle/ext_inat_20260504/inat_573702896_5f985fbc.jpg,1,Ojirowashi
tool_bird_class_train/Ojirowashi_White_Tailed_Eagle/ext_inat_20260504/inat_573949859_2dac009f.jpg,1,Ojirowashi
tool_bird_class_train/Ojirowashi_White_Tailed_Eagle/ext_inat_20260504/inat_574245972_43675207.jpg,1,Ojirowashi
tool_bird_class_train/Ojirowashi_White_Tailed_Eagle/ext_inat_20260504/inat_574544097_a747bc10.jpg,1,Ojirowashi
tool_bird_class_train/Ojirowashi_White_Tailed_Eagle/ext_inat_20260504/inat_574545053_5c06b475.jpg,1,Ojirowashi
tool_bird_class_train/Ojirowashi_White_Tailed_Eagle/ext_inat_20260504/inat_574583818_495c3832.jpg,1,Ojirowashi
tool_bird_class_train/Ojirowashi_White_Tailed_Eagle/ext_inat_20260504/inat_574586288_91231afc.jpg,1,Ojirowashi
tool_bird_class_train/Ojirowashi_White_Tailed_Eagle/ext_inat_20260504/inat_575043544_8c9f5162.jpg,1,Ojirowashi
tool_bird_class_train/Ojirowashi_White_Tailed_Eagle/ext_inat_20260504/inat_575554385_ed367fe0.jpg,1,Ojirowashi
tool_bird_class_train/Ojirowashi_White_Tailed_Eagle/ext_inat_20260504/inat_576371907_e8d8a019.jpg,1,Ojirowashi
tool_bird_class_train/Ojirowashi_White_Tailed_Eagle/ext_inat_20260504/inat_576802189_0ab15c3c.jpg,1,Ojirowashi
tool_bird_class_train/Ojirowashi_White_Tailed_Eagle/ext_inat_20260504/inat_578372619_2645c9d8.jpg,1,Ojirowashi
tool_bird_class_train/Ojirowashi_White_Tailed_Eagle/ext_inat_20260504/inat_578551713_a31465b8.jpg,1,Ojirowashi
tool_bird_class_train/Ojirowashi_White_Tailed_Eagle/ext_inat_20260504/inat_578554554_1f300dfb.jpg,1,Ojirowashi
tool_bird_class_train/Ojirowashi_White_Tailed_Eagle/ext_inat_20260504/inat_579174655_5a9ae512.jpg,1,Ojirowashi
tool_bird_class_train/Ojirowashi_White_Tailed_Eagle/ext_inat_20260504/inat_579205701_7d089b5f.jpg,1,Ojirowashi
tool_bird_class_train/Ojirowashi_White_Tailed_Eagle/ext_inat_20260504/inat_579359558_52d6ec9f.jpg,1,Ojirowashi
tool_bird_class_train/Ojirowashi_White_Tailed_Eagle/ext_inat_20260504/inat_579373777_3efc778d.jpg,1,Ojirowashi
tool_bird_class_train/Ojirowashi_White_Tailed_Eagle/ext_inat_20260504/inat_579644827_9a28cfc6.jpg,1,Ojirowashi
tool_bird_class_train/Ojirowashi_White_Tailed_Eagle/ext_inat_20260504/inat_579700264_a451f3ee.jpg,1,Ojirowashi
tool_bird_class_train/Ojirowashi_White_Tailed_Eagle/ext_inat_20260504/inat_579701325_3cb3bce1.jpg,1,Ojirowashi
tool_bird_class_train/Ojirowashi_White_Tailed_Eagle/ext_inat_20260504/inat_579867191_6289b681.jpg,1,Ojirowashi
tool_bird_class_train/Ojirowashi_White_Tailed_Eagle/ext_inat_20260504/inat_580109527_590191e6.jpg,1,Ojirowashi
tool_bird_class_train/Ojirowashi_White_Tailed_Eagle/ext_inat_20260504/inat_580536764_ae114b7a.jpg,1,Ojirowashi
tool_bird_class_train/Ojirowashi_White_Tailed_Eagle/ext_inat_20260504/inat_580536792_df95bf5b.jpg,1,Ojirowashi
tool_bird_class_train/Ojirowashi_White_Tailed_Eagle/ext_inat_20260504/inat_580536805_ee7dc691.jpg,1,Ojirowashi
tool_bird_class_train/Ojirowashi_White_Tailed_Eagle/ext_inat_20260504/inat_580543726_7108693b.jpg,1,Ojirowashi
tool_bird_class_train/Ojirowashi_White_Tailed_Eagle/ext_inat_20260504/inat_580544125_c51aacce.jpg,1,Ojirowashi
tool_bird_class_train/Ojirowashi_White_Tailed_Eagle/ext_inat_20260504/inat_581689152_a3ff163c.jpg,1,Ojirowashi
tool_bird_class_train/Ojirowashi_White_Tailed_Eagle/ext_inat_20260504/inat_581939512_547f8f50.jpg,1,Ojirowashi
tool_bird_class_train/Ojirowashi_White_Tailed_Eagle/ext_inat_20260504/inat_582105662_549c5c26.jpg,1,Ojirowashi
tool_bird_class_train/Ojirowashi_White_Tailed_Eagle/ext_inat_20260504/inat_582146236_629e0c78.jpg,1,Ojirowashi
tool_bird_class_train/Ojirowashi_White_Tailed_Eagle/ext_inat_20260504/inat_583513176_892b24d6.jpg,1,Ojirowashi
tool_bird_class_train/Ojirowashi_White_Tailed_Eagle/ext_inat_20260504/inat_583942662_c8885502.jpg,1,Ojirowashi
tool_bird_class_train/Ojirowashi_White_Tailed_Eagle/ext_inat_20260504/inat_584361092_3eb9bef9.jpg,1,Ojirowashi
tool_bird_class_train/Ojirowashi_White_Tailed_Eagle/ext_inat_20260504/inat_585569394_00c7c234.jpg,1,Ojirowashi
tool_bird_class_train/Ojirowashi_White_Tailed_Eagle/ext_inat_20260504/inat_586130858_0bc9f362.jpg,1,Ojirowashi
tool_bird_class_train/Ojirowashi_White_Tailed_Eagle/ext_inat_20260504/inat_586335249_974a0162.jpg,1,Ojirowashi
tool_bird_class_train/Ojirowashi_White_Tailed_Eagle/ext_inat_20260504/inat_586336039_846627f5.jpg,1,Ojirowashi
tool_bird_class_train/Ojirowashi_White_Tailed_Eagle/ext_inat_20260504/inat_586352205_5cfff0c3.jpg,1,Ojirowashi
tool_bird_class_train/Ojirowashi_White_Tailed_Eagle/ext_inat_20260504/inat_586617266_07d7ac10.jpg,1,Ojirowashi
tool_bird_class_train/Ojirowashi_White_Tailed_Eagle/ext_inat_20260504/inat_586739664_e61e1985.jpg,1,Ojirowashi
tool_bird_class_train/Ojirowashi_White_Tailed_Eagle/ext_inat_20260504/inat_586908141_2ba6b23d.jpg,1,Ojirowashi
tool_bird_class_train/Ojirowashi_White_Tailed_Eagle/ext_inat_20260504/inat_586991933_aa2447ff.jpg,1,Ojirowashi
tool_bird_class_train/Ojirowashi_White_Tailed_Eagle/ext_inat_20260504/inat_587416689_a18861b5.jpg,1,Ojirowashi
tool_bird_class_train/Ojirowashi_White_Tailed_Eagle/ext_inat_20260504/inat_587706264_b10ca3be.jpg,1,Ojirowashi
tool_bird_class_train/Ojirowashi_White_Tailed_Eagle/ext_inat_20260504/inat_589311459_4c6fb03a.jpg,1,Ojirowashi
tool_bird_class_train/Ojirowashi_White_Tailed_Eagle/ext_inat_20260504/inat_589754976_2d791948.jpg,1,Ojirowashi
tool_bird_class_train/Ojirowashi_White_Tailed_Eagle/ext_inat_20260504/inat_590127035_06f080e6.jpg,1,Ojirowashi
tool_bird_class_train/Ojirowashi_White_Tailed_Eagle/ext_inat_20260504/inat_590374517_532bb8db.jpg,1,Ojirowashi
tool_bird_class_train/Ojirowashi_White_Tailed_Eagle/ext_inat_20260504/inat_590398843_6f9d19c6.jpg,1,Ojirowashi
tool_bird_class_train/Ojirowashi_White_Tailed_Eagle/ext_inat_20260504/inat_592025018_42c70c28.jpg,1,Ojirowashi
tool_bird_class_train/Ojirowashi_White_Tailed_Eagle/ext_inat_20260504/inat_592538993_465e01b3.jpg,1,Ojirowashi
tool_bird_class_train/Ojirowashi_White_Tailed_Eagle/ext_inat_20260504/inat_592824137_db963426.jpg,1,Ojirowashi
tool_bird_class_train/Ojirowashi_White_Tailed_Eagle/ext_inat_20260504/inat_593106445_04c5c0b1.jpg,1,Ojirowashi
tool_bird_class_train/Ojirowashi_White_Tailed_Eagle/ext_inat_20260504/inat_593495474_b8a3f5a6.jpg,1,Ojirowashi
tool_bird_class_train/Ojirowashi_White_Tailed_Eagle/ext_inat_20260504/inat_593661585_cf0d17c3.jpg,1,Ojirowashi
tool_bird_class_train/Ojirowashi_White_Tailed_Eagle/ext_inat_20260504/inat_595860094_ba771679.jpg,1,Ojirowashi
tool_bird_class_train/Ojirowashi_White_Tailed_Eagle/ext_inat_20260504/inat_595903408_18691c18.jpg,1,Ojirowashi
tool_bird_class_train/Ojirowashi_White_Tailed_Eagle/ext_inat_20260504/inat_596438238_c2d063ad.jpg,1,Ojirowashi
tool_bird_class_train/Ojirowashi_White_Tailed_Eagle/ext_inat_20260504/inat_596985424_479a167a.jpg,1,Ojirowashi
tool_bird_class_train/Ojirowashi_White_Tailed_Eagle/ext_inat_20260504/inat_598498931_c77f88cc.jpg,1,Ojirowashi
tool_bird_class_train/Ojirowashi_White_Tailed_Eagle/ext_inat_20260504/inat_598595085_7c7296c0.jpg,1,Ojirowashi
tool_bird_class_train/Ojirowashi_White_Tailed_Eagle/ext_inat_20260504/inat_598748276_54b6b8f0.jpg,1,Ojirowashi
tool_bird_class_train/Ojirowashi_White_Tailed_Eagle/ext_inat_20260504/inat_598997545_35b58bc2.jpg,1,Ojirowashi
tool_bird_class_train/Ojirowashi_White_Tailed_Eagle/ext_inat_20260504/inat_599207075_e30aa139.jpg,1,Ojirowashi
tool_bird_class_train/Ojirowashi_White_Tailed_Eagle/ext_inat_20260504/inat_599210212_60450a49.jpg,1,Ojirowashi
tool_bird_class_train/Ojirowashi_White_Tailed_Eagle/ext_inat_20260504/inat_599210482_d54bffa1.jpg,1,Ojirowashi
tool_bird_class_train/Ojirowashi_White_Tailed_Eagle/ext_inat_20260504/inat_599210718_d4f2049b.jpg,1,Ojirowashi
tool_bird_class_train/Ojirowashi_White_Tailed_Eagle/ext_inat_20260504/inat_599211678_f6aefd0f.jpg,1,Ojirowashi
tool_bird_class_train/Ojirowashi_White_Tailed_Eagle/ext_inat_20260504/inat_599211913_8c8a9195.jpg,1,Ojirowashi
tool_bird_class_train/Ojirowashi_White_Tailed_Eagle/ext_inat_20260504/inat_599214159_6b0864cc.jpg,1,Ojirowashi
tool_bird_class_train/Ojirowashi_White_Tailed_Eagle/ext_inat_20260504/inat_599214205_d38f6a85.jpg,1,Ojirowashi
tool_bird_class_train/Ojirowashi_White_Tailed_Eagle/ext_inat_20260504/inat_599214606_0d6c0c69.jpg,1,Ojirowashi
tool_bird_class_train/Ojirowashi_White_Tailed_Eagle/ext_inat_20260504/inat_599624787_ff604d7c.jpg,1,Ojirowashi
tool_bird_class_train/Ojirowashi_White_Tailed_Eagle/ext_inat_20260504/inat_599790697_90768ae5.jpg,1,Ojirowashi
tool_bird_class_train/Ojirowashi_White_Tailed_Eagle/ext_inat_20260504/inat_599790933_1d8a9ebc.jpg,1,Ojirowashi
tool_bird_class_train/Ojirowashi_White_Tailed_Eagle/ext_inat_20260504/inat_600306532_1f380f32.jpg,1,Ojirowashi
tool_bird_class_train/Ojirowashi_White_Tailed_Eagle/ext_inat_20260504/inat_601231852_566edade.jpg,1,Ojirowashi
tool_bird_class_train/Ojirowashi_White_Tailed_Eagle/ext_inat_20260504/inat_601423077_7eb355a3.jpg,1,Ojirowashi
tool_bird_class_train/Ojirowashi_White_Tailed_Eagle/ext_inat_20260504/inat_601718885_7b6da107.jpg,1,Ojirowashi
tool_bird_class_train/Ojirowashi_White_Tailed_Eagle/ext_inat_20260504/inat_601795656_3702bf2c.jpg,1,Ojirowashi
tool_bird_class_train/Ojirowashi_White_Tailed_Eagle/ext_inat_20260504/inat_602977480_d09578b2.jpg,1,Ojirowashi
tool_bird_class_train/Ojirowashi_White_Tailed_Eagle/ext_inat_20260504/inat_602977960_a604f0ac.jpg,1,Ojirowashi
tool_bird_class_train/Ojirowashi_White_Tailed_Eagle/ext_inat_20260504/inat_603310005_2b813a29.jpg,1,Ojirowashi
tool_bird_class_train/Ojirowashi_White_Tailed_Eagle/ext_inat_20260504/inat_603310604_78e5b786.jpg,1,Ojirowashi
tool_bird_class_train/Ojirowashi_White_Tailed_Eagle/ext_inat_20260504/inat_603368156_ba13712a.jpg,1,Ojirowashi
tool_bird_class_train/Ojirowashi_White_Tailed_Eagle/ext_inat_20260504/inat_603612085_dea15e22.jpg,1,Ojirowashi
tool_bird_class_train/Ojirowashi_White_Tailed_Eagle/ext_inat_20260504/inat_603631334_03b378af.jpg,1,Ojirowashi
tool_bird_class_train/Ojirowashi_White_Tailed_Eagle/ext_inat_20260504/inat_604012463_e5a6a399.jpg,1,Ojirowashi
tool_bird_class_train/Ojirowashi_White_Tailed_Eagle/ext_inat_20260504/inat_604164112_ec951b92.jpg,1,Ojirowashi
tool_bird_class_train/Ojirowashi_White_Tailed_Eagle/ext_inat_20260504/inat_604470783_b109bced.jpg,1,Ojirowashi
tool_bird_class_train/Ojirowashi_White_Tailed_Eagle/ext_inat_20260504/inat_604471870_38dced4c.jpg,1,Ojirowashi
tool_bird_class_train/Ojirowashi_White_Tailed_Eagle/ext_inat_20260504/inat_604553787_02c22708.jpg,1,Ojirowashi
tool_bird_class_train/Ojirowashi_White_Tailed_Eagle/ext_inat_20260504/inat_604810056_5e124e05.jpg,1,Ojirowashi
tool_bird_class_train/Ojirowashi_White_Tailed_Eagle/ext_inat_20260504/inat_605080613_e4ea1bf6.jpg,1,Ojirowashi
tool_bird_class_train/Ojirowashi_White_Tailed_Eagle/ext_inat_20260504/inat_605104206_f834dfd0.jpg,1,Ojirowashi
tool_bird_class_train/Ojirowashi_White_Tailed_Eagle/ext_inat_20260504/inat_605131723_55d05f0b.jpg,1,Ojirowashi
tool_bird_class_train/Ojirowashi_White_Tailed_Eagle/ext_inat_20260504/inat_605312158_8bfe1f57.jpg,1,Ojirowashi
tool_bird_class_train/Ojirowashi_White_Tailed_Eagle/ext_inat_20260504/inat_605451140_d82b31bb.jpg,1,Ojirowashi
tool_bird_class_train/Ojirowashi_White_Tailed_Eagle/ext_inat_20260504/inat_605780024_323ba59b.jpg,1,Ojirowashi
tool_bird_class_train/Ojirowashi_White_Tailed_Eagle/ext_inat_20260504/inat_605964880_aa2c2a90.jpg,1,Ojirowashi
tool_bird_class_train/Ojirowashi_White_Tailed_Eagle/ext_inat_20260504/inat_606160286_b896e4a1.jpg,1,Ojirowashi
tool_bird_class_train/Ojirowashi_White_Tailed_Eagle/ext_inat_20260504/inat_606161074_c71d9e97.jpg,1,Ojirowashi
tool_bird_class_train/Ojirowashi_White_Tailed_Eagle/ext_inat_20260504/inat_606328100_52f84ddc.jpg,1,Ojirowashi
tool_bird_class_train/Ojirowashi_White_Tailed_Eagle/ext_inat_20260504/inat_606387640_da779346.jpg,1,Ojirowashi
tool_bird_class_train/Ojirowashi_White_Tailed_Eagle/ext_inat_20260504/inat_606642573_5eec66d3.jpg,1,Ojirowashi
tool_bird_class_train/Ojirowashi_White_Tailed_Eagle/ext_inat_20260504/inat_606643017_f20c9b5f.jpg,1,Ojirowashi
tool_bird_class_train/Ojirowashi_White_Tailed_Eagle/ext_inat_20260504/inat_606877928_73a52e7b.jpg,1,Ojirowashi
tool_bird_class_train/Ojirowashi_White_Tailed_Eagle/ext_inat_20260504/inat_607158639_1c5e72af.jpg,1,Ojirowashi
tool_bird_class_train/Ojirowashi_White_Tailed_Eagle/ext_inat_20260504/inat_607167206_8debf881.jpg,1,Ojirowashi
tool_bird_class_train/Ojirowashi_White_Tailed_Eagle/ext_inat_20260504/inat_607454328_632293f3.jpg,1,Ojirowashi
tool_bird_class_train/Ojirowashi_White_Tailed_Eagle/ext_inat_20260504/inat_607614945_f2a5e489.jpg,1,Ojirowashi
tool_bird_class_train/Ojirowashi_White_Tailed_Eagle/ext_inat_20260504/inat_607638717_79fe02e8.jpg,1,Ojirowashi
tool_bird_class_train/Ojirowashi_White_Tailed_Eagle/ext_inat_20260504/inat_607897161_60bc5b0b.jpg,1,Ojirowashi
tool_bird_class_train/Ojirowashi_White_Tailed_Eagle/ext_inat_20260504/inat_608972272_9c20d001.jpg,1,Ojirowashi
tool_bird_class_train/Ojirowashi_White_Tailed_Eagle/ext_inat_20260504/inat_610965966_f2ba66ac.jpg,1,Ojirowashi
tool_bird_class_train/Ojirowashi_White_Tailed_Eagle/ext_inat_20260504/inat_610966012_aa5406b1.jpg,1,Ojirowashi
tool_bird_class_train/Ojirowashi_White_Tailed_Eagle/ext_inat_20260504/inat_611248458_e388f0ca.jpg,1,Ojirowashi
tool_bird_class_train/Ojirowashi_White_Tailed_Eagle/ext_inat_20260504/inat_612400663_ffd8e47d.jpg,1,Ojirowashi
tool_bird_class_train/Ojirowashi_White_Tailed_Eagle/ext_inat_20260504/inat_612414532_8b2a172a.jpg,1,Ojirowashi
tool_bird_class_train/Ojirowashi_White_Tailed_Eagle/ext_inat_20260504/inat_612485855_19ca8589.jpg,1,Ojirowashi
tool_bird_class_train/Ojirowashi_White_Tailed_Eagle/ext_inat_20260504/inat_612694329_3c6cd19b.jpg,1,Ojirowashi
tool_bird_class_train/Ojirowashi_White_Tailed_Eagle/ext_inat_20260504/inat_612931870_7c735b27.jpg,1,Ojirowashi
tool_bird_class_train/Ojirowashi_White_Tailed_Eagle/ext_inat_20260504/inat_613274022_0916e0e4.jpg,1,Ojirowashi
tool_bird_class_train/Ojirowashi_White_Tailed_Eagle/ext_inat_20260504/inat_613686780_e857bfc9.jpg,1,Ojirowashi
tool_bird_class_train/Ojirowashi_White_Tailed_Eagle/ext_inat_20260504/inat_613833087_14053e73.jpg,1,Ojirowashi
tool_bird_class_train/Ojirowashi_White_Tailed_Eagle/ext_inat_20260504/inat_613991366_ec11aabf.jpg,1,Ojirowashi
tool_bird_class_train/Ojirowashi_White_Tailed_Eagle/ext_inat_20260504/inat_614710281_e797c4e4.jpg,1,Ojirowashi
tool_bird_class_train/Ojirowashi_White_Tailed_Eagle/ext_inat_20260504/inat_614714545_3b784b21.jpg,1,Ojirowashi
tool_bird_class_train/Ojirowashi_White_Tailed_Eagle/ext_inat_20260504/inat_614714637_59a461ab.jpg,1,Ojirowashi
tool_bird_class_train/Ojirowashi_White_Tailed_Eagle/ext_inat_20260504/inat_614754757_97f6695d.jpg,1,Ojirowashi
tool_bird_class_train/Ojirowashi_White_Tailed_Eagle/ext_inat_20260504/inat_615219358_ed022913.jpg,1,Ojirowashi
tool_bird_class_train/Ojirowashi_White_Tailed_Eagle/ext_inat_20260504/inat_615686550_72b3ac1b.jpg,1,Ojirowashi
tool_bird_class_train/Ojirowashi_White_Tailed_Eagle/ext_inat_20260504/inat_615803013_76c52b70.jpg,1,Ojirowashi
tool_bird_class_train/Ojirowashi_White_Tailed_Eagle/ext_inat_20260504/inat_616039184_ca236f7f.jpg,1,Ojirowashi
tool_bird_class_train/Ojirowashi_White_Tailed_Eagle/ext_inat_20260504/inat_616051470_0efce472.jpg,1,Ojirowashi
tool_bird_class_train/Ojirowashi_White_Tailed_Eagle/ext_inat_20260504/inat_616065763_0d5622bb.jpg,1,Ojirowashi
tool_bird_class_train/Ojirowashi_White_Tailed_Eagle/ext_inat_20260504/inat_616653027_cafc03ce.jpg,1,Ojirowashi
tool_bird_class_train/Ojirowashi_White_Tailed_Eagle/ext_inat_20260504/inat_616946015_c32be83d.jpg,1,Ojirowashi
tool_bird_class_train/Ojirowashi_White_Tailed_Eagle/ext_inat_20260504/inat_616946071_520716e6.jpg,1,Ojirowashi
tool_bird_class_train/Ojirowashi_White_Tailed_Eagle/ext_inat_20260504/inat_616946303_8e975a6d.jpg,1,Ojirowashi
tool_bird_class_train/Ojirowashi_White_Tailed_Eagle/ext_inat_20260504/inat_616946717_49a3c4d5.jpg,1,Ojirowashi
tool_bird_class_train/Ojirowashi_White_Tailed_Eagle/ext_inat_20260504/inat_617251513_755b317c.jpg,1,Ojirowashi
tool_bird_class_train/Ojirowashi_White_Tailed_Eagle/ext_inat_20260504/inat_617522545_0d46c5ae.jpg,1,Ojirowashi
tool_bird_class_train/Ojirowashi_White_Tailed_Eagle/ext_inat_20260504/inat_617710518_68a8db76.jpg,1,Ojirowashi
tool_bird_class_train/Ojirowashi_White_Tailed_Eagle/ext_inat_20260504/inat_618128864_f4391ea5.jpg,1,Ojirowashi
tool_bird_class_train/Ojirowashi_White_Tailed_Eagle/ext_inat_20260504/inat_618128935_d192a7b0.jpg,1,Ojirowashi
tool_bird_class_train/Ojirowashi_White_Tailed_Eagle/ext_inat_20260504/inat_618133823_809854a6.jpg,1,Ojirowashi
tool_bird_class_train/Ojirowashi_White_Tailed_Eagle/ext_inat_20260504/inat_618411439_55112df8.jpg,1,Ojirowashi
tool_bird_class_train/Ojirowashi_White_Tailed_Eagle/ext_inat_20260504/inat_618448531_f6de6920.jpg,1,Ojirowashi
tool_bird_class_train/Ojirowashi_White_Tailed_Eagle/ext_inat_20260504/inat_618448560_cdac4543.jpg,1,Ojirowashi
tool_bird_class_train/Ojirowashi_White_Tailed_Eagle/ext_inat_20260504/inat_618683453_ac592bee.jpg,1,Ojirowashi
tool_bird_class_train/Ojirowashi_White_Tailed_Eagle/ext_inat_20260504/inat_618684148_a100507b.jpg,1,Ojirowashi
tool_bird_class_train/Ojirowashi_White_Tailed_Eagle/ext_inat_20260504/inat_618700477_1a135fd8.jpg,1,Ojirowashi
tool_bird_class_train/Ojirowashi_White_Tailed_Eagle/ext_inat_20260504/inat_619053256_e0725ec7.jpg,1,Ojirowashi
tool_bird_class_train/Ojirowashi_White_Tailed_Eagle/ext_inat_20260504/inat_619550494_04ffbd04.jpg,1,Ojirowashi
tool_bird_class_train/Ojirowashi_White_Tailed_Eagle/ext_inat_20260504/inat_619814569_f7e1cceb.jpg,1,Ojirowashi
tool_bird_class_train/Ojirowashi_White_Tailed_Eagle/ext_inat_20260504/inat_620078474_7db02c4b.jpg,1,Ojirowashi
tool_bird_class_train/Ojirowashi_White_Tailed_Eagle/ext_inat_20260504/inat_620266800_10bd4c24.jpg,1,Ojirowashi
tool_bird_class_train/Ojirowashi_White_Tailed_Eagle/ext_inat_20260504/inat_620306419_dec3cfbe.jpg,1,Ojirowashi
tool_bird_class_train/Ojirowashi_White_Tailed_Eagle/ext_inat_20260504/inat_620330296_9f939db8.jpg,1,Ojirowashi
tool_bird_class_train/Ojirowashi_White_Tailed_Eagle/ext_inat_20260504/inat_620330996_47ebaa9c.jpg,1,Ojirowashi
tool_bird_class_train/Ojirowashi_White_Tailed_Eagle/ext_inat_20260504/inat_621685999_9e4f4255.jpg,1,Ojirowashi
tool_bird_class_train/Ojirowashi_White_Tailed_Eagle/ext_inat_20260504/inat_621687827_283b73a9.jpg,1,Ojirowashi
tool_bird_class_train/Ojirowashi_White_Tailed_Eagle/ext_inat_20260504/inat_621837169_357d344c.jpg,1,Ojirowashi
tool_bird_class_train/Ojirowashi_White_Tailed_Eagle/ext_inat_20260504/inat_622023364_9f5766cf.jpg,1,Ojirowashi
tool_bird_class_train/Ojirowashi_White_Tailed_Eagle/ext_inat_20260504/inat_622209875_12fd4198.jpg,1,Ojirowashi
tool_bird_class_train/Ojirowashi_White_Tailed_Eagle/ext_inat_20260504/inat_622437935_254fbece.jpg,1,Ojirowashi
tool_bird_class_train/Ojirowashi_White_Tailed_Eagle/ext_inat_20260504/inat_622454075_862db7e5.jpg,1,Ojirowashi
tool_bird_class_train/Ojirowashi_White_Tailed_Eagle/ext_inat_20260504/inat_622532787_fbc6314a.jpg,1,Ojirowashi
tool_bird_class_train/Ojirowashi_White_Tailed_Eagle/ext_inat_20260504/inat_622621302_12537c62.jpg,1,Ojirowashi
tool_bird_class_train/Ojirowashi_White_Tailed_Eagle/ext_inat_20260504/inat_622840535_8837eab0.jpg,1,Ojirowashi
tool_bird_class_train/Ojirowashi_White_Tailed_Eagle/ext_inat_20260504/inat_622846518_aac5fdb6.jpg,1,Ojirowashi
tool_bird_class_train/Ojirowashi_White_Tailed_Eagle/ext_inat_20260504/inat_623185292_28078ed1.jpg,1,Ojirowashi
tool_bird_class_train/Ojirowashi_White_Tailed_Eagle/ext_inat_20260504/inat_623883536_d085cc77.jpg,1,Ojirowashi
tool_bird_class_train/Ojirowashi_White_Tailed_Eagle/ext_inat_20260504/inat_623888148_0aaf3373.jpg,1,Ojirowashi
tool_bird_class_train/Ojirowashi_White_Tailed_Eagle/ext_inat_20260504/inat_623932954_b9948dca.jpg,1,Ojirowashi
tool_bird_class_train/Ojirowashi_White_Tailed_Eagle/ext_inat_20260504/inat_624167718_b5bbe955.jpg,1,Ojirowashi
tool_bird_class_train/Ojirowashi_White_Tailed_Eagle/ext_inat_20260504/inat_624201233_4a78560b.jpg,1,Ojirowashi
tool_bird_class_train/Ojirowashi_White_Tailed_Eagle/ext_inat_20260504/inat_624527854_bc9b8aab.jpg,1,Ojirowashi
tool_bird_class_train/Ojirowashi_White_Tailed_Eagle/ext_inat_20260504/inat_624528076_d23fbf9f.jpg,1,Ojirowashi
tool_bird_class_train/Ojirowashi_White_Tailed_Eagle/ext_inat_20260504/inat_624959573_82e18b27.jpg,1,Ojirowashi
tool_bird_class_train/Ojirowashi_White_Tailed_Eagle/ext_inat_20260504/inat_626325283_52908c1e.jpg,1,Ojirowashi
tool_bird_class_train/Ojirowashi_White_Tailed_Eagle/ext_inat_20260504/inat_626439479_6f76930f.jpg,1,Ojirowashi
tool_bird_class_train/Ojirowashi_White_Tailed_Eagle/ext_inat_20260504/inat_626475813_d9a0ad68.jpg,1,Ojirowashi
tool_bird_class_train/Ojirowashi_White_Tailed_Eagle/ext_inat_20260504/inat_626802975_a1eb6d13.jpg,1,Ojirowashi
tool_bird_class_train/Ojirowashi_White_Tailed_Eagle/ext_inat_20260504/inat_627671205_2a5df76a.jpg,1,Ojirowashi
tool_bird_class_train/Ojirowashi_White_Tailed_Eagle/ext_inat_20260504/inat_628024157_2e0d30e2.jpg,1,Ojirowashi
tool_bird_class_train/Ojirowashi_White_Tailed_Eagle/ext_inat_20260504/inat_628608471_ee6b2972.jpg,1,Ojirowashi
tool_bird_class_train/Ojirowashi_White_Tailed_Eagle/ext_inat_20260504/inat_630010038_4960c41c.jpg,1,Ojirowashi
tool_bird_class_train/Ojirowashi_White_Tailed_Eagle/ext_inat_20260504/inat_630846517_f1cf9d90.jpg,1,Ojirowashi
tool_bird_class_train/Ojirowashi_White_Tailed_Eagle/ext_inat_20260504/inat_632530936_f7204502.jpg,1,Ojirowashi
tool_bird_class_train/Ojirowashi_White_Tailed_Eagle/ext_inat_20260504/inat_632530980_b41ecfec.jpg,1,Ojirowashi
tool_bird_class_train/Ojirowashi_White_Tailed_Eagle/ext_inat_20260504/inat_632665618_6fa56df7.jpg,1,Ojirowashi
tool_bird_class_train/Ojirowashi_White_Tailed_Eagle/ext_inat_20260504/inat_632702060_77ca8910.jpg,1,Ojirowashi
tool_bird_class_train/Ojirowashi_White_Tailed_Eagle/ext_inat_20260504/inat_633754575_6922f5a6.jpg,1,Ojirowashi
tool_bird_class_train/Ojirowashi_White_Tailed_Eagle/ext_inat_20260504/inat_633978379_7f853205.jpg,1,Ojirowashi
tool_bird_class_train/Ojirowashi_White_Tailed_Eagle/ext_inat_20260504/inat_634160729_9bedadc3.jpg,1,Ojirowashi
tool_bird_class_train/Ojirowashi_White_Tailed_Eagle/ext_inat_20260504/inat_634213350_89d8d288.jpg,1,Ojirowashi
tool_bird_class_train/Ojirowashi_White_Tailed_Eagle/ext_inat_20260504/inat_634265707_012309a8.jpg,1,Ojirowashi
tool_bird_class_train/Ojirowashi_White_Tailed_Eagle/ext_inat_20260504/inat_635058055_6f1ac586.jpg,1,Ojirowashi
tool_bird_class_train/Ojirowashi_White_Tailed_Eagle/ext_inat_20260504/inat_635094237_ff4eedab.jpg,1,Ojirowashi
tool_bird_class_train/Ojirowashi_White_Tailed_Eagle/ext_inat_20260504/inat_635141549_6291f448.jpg,1,Ojirowashi
tool_bird_class_train/Ojirowashi_White_Tailed_Eagle/ext_inat_20260504/inat_635141606_21e5e986.jpg,1,Ojirowashi
tool_bird_class_train/Ojirowashi_White_Tailed_Eagle/ext_inat_20260504/inat_635151793_4f700768.jpg,1,Ojirowashi
tool_bird_class_train/Ojirowashi_White_Tailed_Eagle/ext_inat_20260504/inat_635194079_e8c60182.jpg,1,Ojirowashi
tool_bird_class_train/Ojirowashi_White_Tailed_Eagle/ext_inat_20260504/inat_635483096_55795f9c.jpg,1,Ojirowashi
tool_bird_class_train/Ojirowashi_White_Tailed_Eagle/ext_inat_20260504/inat_636223677_dde656a9.jpg,1,Ojirowashi
tool_bird_class_train/Ojirowashi_White_Tailed_Eagle/ext_inat_20260504/inat_636223682_dc0296a6.jpg,1,Ojirowashi
tool_bird_class_train/Ojirowashi_White_Tailed_Eagle/ext_inat_20260504/inat_636758906_4c288ad6.jpg,1,Ojirowashi
tool_bird_class_train/Ojirowashi_White_Tailed_Eagle/ext_inat_20260504/inat_636983250_57c28550.jpg,1,Ojirowashi
tool_bird_class_train/Ojirowashi_White_Tailed_Eagle/ext_inat_20260504/inat_637228366_7e3a081c.jpg,1,Ojirowashi
tool_bird_class_train/Ojirowashi_White_Tailed_Eagle/ext_inat_20260504/inat_637236103_f5496483.jpg,1,Ojirowashi
tool_bird_class_train/Ojirowashi_White_Tailed_Eagle/ext_inat_20260504/inat_637790715_5e524523.jpg,1,Ojirowashi
tool_bird_class_train/Ojirowashi_White_Tailed_Eagle/ext_inat_20260504/inat_638186858_2516bc2d.jpg,1,Ojirowashi
tool_bird_class_train/Ojirowashi_White_Tailed_Eagle/ext_inat_20260504/inat_638676051_56e3bac2.jpg,1,Ojirowashi
tool_bird_class_train/Ojirowashi_White_Tailed_Eagle/ext_inat_20260504/inat_640405201_0224b370.jpg,1,Ojirowashi
tool_bird_class_train/Ojirowashi_White_Tailed_Eagle/ext_inat_20260504/inat_640607862_9ba2d87d.jpg,1,Ojirowashi
tool_bird_class_train/Ojirowashi_White_Tailed_Eagle/ext_inat_20260504/inat_640687161_ab994b00.jpg,1,Ojirowashi
tool_bird_class_train/Ojirowashi_White_Tailed_Eagle/ext_inat_20260504/inat_641393777_49ca7ad7.jpg,1,Ojirowashi
tool_bird_class_train/Ojirowashi_White_Tailed_Eagle/ext_inat_20260504/inat_641512933_4afbc7aa.jpg,1,Ojirowashi
tool_bird_class_train/Ojirowashi_White_Tailed_Eagle/ext_inat_20260504/inat_641869528_f3e566a4.jpg,1,Ojirowashi
tool_bird_class_train/Ojirowashi_White_Tailed_Eagle/ext_inat_20260504/inat_642398855_cf64dd53.jpg,1,Ojirowashi
tool_bird_class_train/Ojirowashi_White_Tailed_Eagle/ext_inat_20260504/inat_642929658_ea63ac2b.jpg,1,Ojirowashi
tool_bird_class_train/Ojirowashi_White_Tailed_Eagle/ext_inat_20260504/inat_643416635_3b2095bb.jpg,1,Ojirowashi
tool_bird_class_train/Ojirowashi_White_Tailed_Eagle/ext_inat_20260504/inat_643650588_1dab0e9b.jpg,1,Ojirowashi
tool_bird_class_train/Ojirowashi_White_Tailed_Eagle/ext_inat_20260504/inat_643660612_2abff2d3.jpg,1,Ojirowashi
tool_bird_class_train/Ojirowashi_White_Tailed_Eagle/ext_inat_20260504/inat_643697658_b7116909.jpg,1,Ojirowashi
tool_bird_class_train/Ojirowashi_White_Tailed_Eagle/ext_inat_20260504/inat_644904957_2467599c.jpg,1,Ojirowashi
tool_bird_class_train/Ojirowashi_White_Tailed_Eagle/ext_inat_20260504/inat_644924279_b72a18e0.jpg,1,Ojirowashi
tool_bird_class_train/Ojirowashi_White_Tailed_Eagle/ext_inat_20260504/inat_645318003_aa54454c.jpg,1,Ojirowashi
tool_bird_class_train/Ojirowashi_White_Tailed_Eagle/ext_inat_20260504/inat_645608621_1d654c2f.jpg,1,Ojirowashi
tool_bird_class_train/Ojirowashi_White_Tailed_Eagle/ext_inat_20260504/inat_646107618_5408f936.jpg,1,Ojirowashi
tool_bird_class_train/Ojirowashi_White_Tailed_Eagle/ext_inat_20260504/inat_648461074_2438f75b.jpg,1,Ojirowashi
tool_bird_class_train/Ojirowashi_White_Tailed_Eagle/ext_inat_20260504/inat_649165260_b2be218c.jpg,1,Ojirowashi
tool_bird_class_train/Ojirowashi_White_Tailed_Eagle/ext_inat_20260504/inat_649201311_6b5a4c1d.jpg,1,Ojirowashi
tool_bird_class_train/Ojirowashi_White_Tailed_Eagle/ext_inat_20260504/inat_649967530_20878b8c.jpg,1,Ojirowashi
tool_bird_class_train/Ojirowashi_White_Tailed_Eagle/ext_inat_20260504/inat_650331410_031d48f2.jpg,1,Ojirowashi
tool_bird_class_train/Ojirowashi_White_Tailed_Eagle/ext_inat_20260504/inat_650344904_669d313e.jpg,1,Ojirowashi
tool_bird_class_train/Ojirowashi_White_Tailed_Eagle/ext_inat_20260504/inat_650700859_739d8290.jpg,1,Ojirowashi
tool_bird_class_train/Ojirowashi_White_Tailed_Eagle/ext_inat_20260504/inat_651270596_65663c5f.jpg,1,Ojirowashi
tool_bird_class_train/Ojirowashi_White_Tailed_Eagle/ext_inat_20260504/inat_652620257_2c9ce735.jpg,1,Ojirowashi
tool_bird_class_train/Ojirowashi_White_Tailed_Eagle/ext_inat_20260504/inat_652847040_a41b33f8.jpg,1,Ojirowashi
tool_bird_class_train/Ojirowashi_White_Tailed_Eagle/ext_inat_20260504/inat_652899314_8dcf5f14.jpg,1,Ojirowashi
tool_bird_class_train/Ojirowashi_White_Tailed_Eagle/ext_inat_20260504/inat_75013142_63c3faad.jpg,1,Ojirowashi
tool_bird_class_train/Ojirowashi_White_Tailed_Eagle/ext_inat_20260504/inat_75509399_52ee97cd.jpg,1,Ojirowashi
tool_bird_class_train/Ojirowashi_White_Tailed_Eagle/ext_inat_20260504/inat_77257805_7a5c70c6.jpg,1,Ojirowashi
tool_bird_class_train/Ojirowashi_White_Tailed_Eagle/ext_inat_20260504/inat_87578899_48c13b0f.jpg,1,Ojirowashi
tool_bird_class_train/Ojirowashi_White_Tailed_Eagle/ext_inat_20260504/inat_87970863_64176c8f.jpg,1,Ojirowashi
tool_bird_class_train/Ojirowashi_White_Tailed_Eagle/ext_inat_20260504/inat_89048285_e7f3cf1c.jpg,1,Ojirowashi
tool_bird_class_train/Ojirowashi_White_Tailed_Eagle/ext_inat_20260504/inat_89765394_a9aae255.jpg,1,Ojirowashi
tool_bird_class_train/Ojirowashi_White_Tailed_Eagle/ext_inat_20260504/inat_90335264_126ac560.jpg,1,Ojirowashi
tool_bird_class_train/Ojirowashi_White_Tailed_Eagle/ext_inat_20260504/inat_90335675_99edbe9b.jpg,1,Ojirowashi
tool_bird_class_train/Ojirowashi_White_Tailed_Eagle/ext_inat_20260504/inat_90635048_2a381b39.jpg,1,Ojirowashi
tool_bird_class_train/Ojirowashi_White_Tailed_Eagle/ext_inat_20260504/inat_91511898_350afff1.jpg,1,Ojirowashi
tool_bird_class_train/Ojirowashi_White_Tailed_Eagle/ext_inat_20260504/inat_91941005_58eef801.jpg,1,Ojirowashi
tool_bird_class_train/Ojirowashi_White_Tailed_Eagle/ext_inat_20260504/inat_93103466_3e4343bc.jpg,1,Ojirowashi
tool_bird_class_train/Ojirowashi_White_Tailed_Eagle/ext_inat_20260504/inat_93868526_220a0f3f.jpg,1,Ojirowashi
tool_bird_class_train/Ojirowashi_White_Tailed_Eagle/ext_inat_20260504/inat_93926653_a4a17af8.jpg,1,Ojirowashi
tool_bird_class_train/Ojirowashi_White_Tailed_Eagle/ext_inat_20260504/inat_94151223_17302a25.jpg,1,Ojirowashi
tool_bird_class_train/Ojirowashi_White_Tailed_Eagle/ext_inat_20260504/inat_94761169_4f596b91.jpg,1,Ojirowashi
tool_bird_class_train/Ojirowashi_White_Tailed_Eagle/ext_inat_20260504/inat_99337816_44a1aebe.jpg,1,Ojirowashi
tool_bird_class_train/Ojirowashi_White_Tailed_Eagle/frame_000310_bb00_t0010.34_conf0.968.jpg,1,Ojirowashi
tool_bird_class_train/Ojirowashi_White_Tailed_Eagle/frame_000330_bb00_t0011.01_conf0.974.jpg,1,Ojirowashi
tool_bird_class_train/Ojirowashi_White_Tailed_Eagle/frame_000350_bb00_t0011.68_conf0.984.jpg,1,Ojirowashi
tool_bird_class_train/Ojirowashi_White_Tailed_Eagle/frame_000360_bb00_t0012.01_conf0.986.jpg,1,Ojirowashi
tool_bird_class_train/Ojirowashi_White_Tailed_Eagle/frame_000370_bb00_t0012.35_conf0.987.jpg,1,Ojirowashi
tool_bird_class_train/Ojirowashi_White_Tailed_Eagle/frame_000380_bb00_t0012.68_conf0.992.jpg,1,Ojirowashi
tool_bird_class_train/Ojirowashi_White_Tailed_Eagle/frame_000390_bb00_t0013.01_conf0.990.jpg,1,Ojirowashi
tool_bird_class_train/Ojirowashi_White_Tailed_Eagle/frame_000480_bb00_t0016.02_conf0.995.jpg,1,Ojirowashi
tool_bird_class_train/Ojirowashi_White_Tailed_Eagle/frame_000480_bb00_t0016.02_conf0.997.jpg,1,Ojirowashi
tool_bird_class_train/Ojirowashi_White_Tailed_Eagle/frame_000530_bb00_t0017.68_conf0.992.jpg,1,Ojirowashi
tool_bird_class_train/Ojirowashi_White_Tailed_Eagle/frame_001480_bb00_t0049.38_conf0.971.jpg,1,Ojirowashi
tool_bird_class_train/Ojirowashi_White_Tailed_Eagle/frame_001570_bb00_t0052.39_conf0.992.jpg,1,Ojirowashi
tool_bird_class_train/Ojirowashi_White_Tailed_Eagle/frame_001590_bb01_t0053.05_conf0.982.jpg,1,Ojirowashi
tool_bird_class_train/Ojirowashi_White_Tailed_Eagle/frame_001640_bb00_t0054.72_conf0.990.jpg,1,Ojirowashi
tool_bird_class_train/Ojirowashi_White_Tailed_Eagle/frame_001720_bb00_t0057.39_conf0.934.jpg,1,Ojirowashi
tool_bird_class_train/Ojirowashi_White_Tailed_Eagle/frame_001730_bb00_t0057.72_conf0.960.jpg,1,Ojirowashi
tool_bird_class_train/Ojirowashi_White_Tailed_Eagle/frame_001740_bb00_t0058.06_conf0.768.jpg,1,Ojirowashi
tool_bird_class_train/Ojirowashi_White_Tailed_Eagle/frame_001750_bb00_t0058.39_conf0.941.jpg,1,Ojirowashi
tool_bird_class_train/Ojirowashi_White_Tailed_Eagle/frame_001850_bb00_t0061.73_conf0.974.jpg,1,Ojirowashi
tool_bird_class_train/Ojirowashi_White_Tailed_Eagle/frame_001880_bb00_t0062.73_conf0.973.jpg,1,Ojirowashi
tool_bird_class_train/Ojirowashi_White_Tailed_Eagle/frame_001900_bb00_t0063.40_conf0.998.jpg,1,Ojirowashi
tool_bird_class_train/Ojirowashi_White_Tailed_Eagle/frame_002010_bb00_t0067.07_conf0.990.jpg,1,Ojirowashi
tool_bird_class_train/Ojirowashi_White_Tailed_Eagle/frame_002020_bb00_t0067.40_conf0.994.jpg,1,Ojirowashi
tool_bird_class_train/Ojirowashi_White_Tailed_Eagle/frame_002050_bb00_t0068.40_conf0.989.jpg,1,Ojirowashi
tool_bird_class_train/Ojirowashi_White_Tailed_Eagle/frame_002220_bb00_t0074.07_conf0.970.jpg,1,Ojirowashi
tool_bird_class_train/Ojirowashi_White_Tailed_Eagle/frame_002250_bb00_t0075.08_conf0.957.jpg,1,Ojirowashi
tool_bird_class_train/Ojirowashi_White_Tailed_Eagle/frame_002260_bb00_t0075.41_conf0.970.jpg,1,Ojirowashi
tool_bird_class_train/Ojirowashi_White_Tailed_Eagle/frame_002270_bb00_t0075.74_conf0.957.jpg,1,Ojirowashi
tool_bird_class_train/Ojirowashi_White_Tailed_Eagle/frame_002280_bb00_t0076.08_conf0.957.jpg,1,Ojirowashi
tool_bird_class_train/Ojirowashi_White_Tailed_Eagle/frame_002310_bb00_t0077.08_conf0.950.jpg,1,Ojirowashi
tool_bird_class_train/Ojirowashi_White_Tailed_Eagle/frame_002310_bb01_t0077.08_conf0.941.jpg,1,Ojirowashi
tool_bird_class_train/Ojirowashi_White_Tailed_Eagle/frame_002340_bb00_t0078.08_conf0.994.jpg,1,Ojirowashi
tool_bird_class_train/Ojirowashi_White_Tailed_Eagle/frame_002410_bb00_t0080.41_conf0.998.jpg,1,Ojirowashi
tool_bird_class_train/Ojirowashi_White_Tailed_Eagle/frame_002440_bb00_t0081.41_conf0.981.jpg,1,Ojirowashi
tool_bird_class_train/Ojirowashi_White_Tailed_Eagle/frame_002460_bb00_t0082.08_conf0.963.jpg,1,Ojirowashi
tool_bird_class_train/Ojirowashi_White_Tailed_Eagle/frame_002510_bb00_t0083.75_conf0.989.jpg,1,Ojirowashi
tool_bird_class_train/Ojirowashi_White_Tailed_Eagle/frame_002520_bb00_t0084.08_conf0.984.jpg,1,Ojirowashi
tool_bird_class_train/Ojirowashi_White_Tailed_Eagle/frame_002530_bb00_t0084.42_conf0.966.jpg,1,Ojirowashi
tool_bird_class_train/Ojirowashi_White_Tailed_Eagle/frame_002540_bb00_t0084.75_conf0.990.jpg,1,Ojirowashi
tool_bird_class_train/Ojirowashi_White_Tailed_Eagle/inat_3160/0366fe7e-8ad9-4da3-838f-dddd0d1d7e32.jpg,1,Ojirowashi
tool_bird_class_train/Ojirowashi_White_Tailed_Eagle/inat_3160/1a2a8881-e749-4195-bde6-8fc054153aa3.jpg,1,Ojirowashi
tool_bird_class_train/Ojirowashi_White_Tailed_Eagle/inat_3160/20f314ed-c4d3-41d2-b354-5e6e97818a95.jpg,1,Ojirowashi
tool_bird_class_train/Ojirowashi_White_Tailed_Eagle/inat_3160/3672580a-fd54-4095-b141-b5f189a0ed83.jpg,1,Ojirowashi
tool_bird_class_train/Ojirowashi_White_Tailed_Eagle/inat_3160/37ff3922-2ca3-44cd-88a5-7d29fb11c9ee.jpg,1,Ojirowashi
tool_bird_class_train/Ojirowashi_White_Tailed_Eagle/inat_3160/43cecaed-0305-42b2-8b4e-d193af53844c.jpg,1,Ojirowashi
tool_bird_class_train/Ojirowashi_White_Tailed_Eagle/inat_3160/4c4d701c-156d-4a23-83f9-b1c9ccd8f676.jpg,1,Ojirowashi
tool_bird_class_train/Ojirowashi_White_Tailed_Eagle/inat_3160/533e8fd5-411e-4fdf-98ff-8d8f5fcdc9ee.jpg,1,Ojirowashi
tool_bird_class_train/Ojirowashi_White_Tailed_Eagle/inat_3160/5506bf84-414f-4f08-8eb9-894f6cbac0e2.jpg,1,Ojirowashi
tool_bird_class_train/Ojirowashi_White_Tailed_Eagle/inat_3160/559893af-eb5e-45f8-8d49-a9af4cb987b7.jpg,1,Ojirowashi
tool_bird_class_train/Ojirowashi_White_Tailed_Eagle/inat_3160/5c0bceb9-165f-42c9-991b-7ce651b86527.jpg,1,Ojirowashi
tool_bird_class_train/Ojirowashi_White_Tailed_Eagle/inat_3160/5fabbe07-7e88-4c21-81ba-27a2382fe726.jpg,1,Ojirowashi
tool_bird_class_train/Ojirowashi_White_Tailed_Eagle/inat_3160/613669cd-1c49-407b-8151-d2b3568e9ea8.jpg,1,Ojirowashi
tool_bird_class_train/Ojirowashi_White_Tailed_Eagle/inat_3160/65fa854b-7501-441b-81df-f6ad38b51d4b.jpg,1,Ojirowashi
tool_bird_class_train/Ojirowashi_White_Tailed_Eagle/inat_3160/7c8da47e-b59c-49b5-aaa4-653ed8be9130.jpg,1,Ojirowashi
tool_bird_class_train/Ojirowashi_White_Tailed_Eagle/inat_3160/85513e3c-3d98-4579-9039-a2e504da4b8e.jpg,1,Ojirowashi
tool_bird_class_train/Ojirowashi_White_Tailed_Eagle/inat_3160/877992af-8b58-4ba9-9718-c99769ecf9db.jpg,1,Ojirowashi
tool_bird_class_train/Ojirowashi_White_Tailed_Eagle/inat_3160/92b23c62-61bc-4da0-94f8-021dee49d392.jpg,1,Ojirowashi
tool_bird_class_train/Ojirowashi_White_Tailed_Eagle/inat_3160/987897b5-b9a3-4c93-8b13-e593f4457059.jpg,1,Ojirowashi
tool_bird_class_train/Ojirowashi_White_Tailed_Eagle/inat_3160/998b9143-d20e-409a-bd76-64a227b550eb.jpg,1,Ojirowashi
tool_bird_class_train/Ojirowashi_White_Tailed_Eagle/inat_3160/9d8d4553-e3ec-443c-9484-8e05aa555f73.jpg,1,Ojirowashi
tool_bird_class_train/Ojirowashi_White_Tailed_Eagle/inat_3160/9eeec211-db4c-4c36-b0f0-86269e15bc00.jpg,1,Ojirowashi
tool_bird_class_train/Ojirowashi_White_Tailed_Eagle/inat_3160/acdf636c-cb38-4a71-a06a-052a77175bab.jpg,1,Ojirowashi
tool_bird_class_train/Ojirowashi_White_Tailed_Eagle/inat_3160/b746631a-855e-4fed-bc43-692ce81082d3.jpg,1,Ojirowashi
tool_bird_class_train/Ojirowashi_White_Tailed_Eagle/inat_3160/b7580253-9afa-41bf-9d46-c47194b372a7.jpg,1,Ojirowashi
tool_bird_class_train/Ojirowashi_White_Tailed_Eagle/inat_3160/b777e4dc-0197-48d3-9102-0cec9f3bebad.jpg,1,Ojirowashi
tool_bird_class_train/Ojirowashi_White_Tailed_Eagle/inat_3160/ba0416e5-3773-4643-bb9d-8ef8e32d381e.jpg,1,Ojirowashi
tool_bird_class_train/Ojirowashi_White_Tailed_Eagle/inat_3160/bf592897-702d-4a37-ad11-1cf73d8096a1.jpg,1,Ojirowashi
tool_bird_class_train/Ojirowashi_White_Tailed_Eagle/inat_3160/cb318cce-3be9-4596-aa24-fa09daa99af1.jpg,1,Ojirowashi
tool_bird_class_train/Ojirowashi_White_Tailed_Eagle/inat_3160/cd085d5b-7904-440d-a6cf-ee9052644c43.jpg,1,Ojirowashi
tool_bird_class_train/Ojirowashi_White_Tailed_Eagle/inat_3160/d273d0c6-504e-4250-92b2-e9f28b37101f.jpg,1,Ojirowashi
tool_bird_class_train/Ojirowashi_White_Tailed_Eagle/inat_3160/d73cb40f-9832-4a0a-8888-eb0e72217c68.jpg,1,Ojirowashi
tool_bird_class_train/Ojirowashi_White_Tailed_Eagle/inat_3160/dc0d0cd3-d6c3-44c2-a87b-f85dd6e896e2.jpg,1,Ojirowashi
tool_bird_class_train/Ojirowashi_White_Tailed_Eagle/inat_3160/e09eddfb-e8b4-46e5-944c-5983e86ff429.jpg,1,Ojirowashi
tool_bird_class_train/Ojirowashi_White_Tailed_Eagle/inat_3160/e2f4b9e7-823b-4f70-96bd-50b35d5ed0a1.jpg,1,Ojirowashi
tool_bird_class_train/Ojirowashi_White_Tailed_Eagle/inat_3160/e3653a68-8dd0-4041-a9aa-74599e6f5b9a.jpg,1,Ojirowashi
tool_bird_class_train/Ojirowashi_White_Tailed_Eagle/inat_3160/e61f7d02-4449-4f46-8b1f-891a1f2c1621.jpg,1,Ojirowashi
tool_bird_class_train/Ojirowashi_White_Tailed_Eagle/v4_gt/348442813.jpg,1,Ojirowashi
tool_bird_class_train/Ojirowashi_White_Tailed_Eagle/v4_gt/348923626.jpg,1,Ojirowashi
tool_bird_class_train/Ojirowashi_White_Tailed_Eagle/v4_gt/349092089.jpg,1,Ojirowashi
tool_bird_class_train/Ojirowashi_White_Tailed_Eagle/v4_gt/349336276.jpg,1,Ojirowashi
tool_bird_class_train/Ojirowashi_White_Tailed_Eagle/v4_gt/349822594.jpg,1,Ojirowashi
tool_bird_class_train/Ojirowashi_White_Tailed_Eagle/v4_gt/350894995.jpg,1,Ojirowashi
tool_bird_class_train/Ojirowashi_White_Tailed_Eagle/v4_gt/351112031.jpg,1,Ojirowashi
tool_bird_class_train/Ojirowashi_White_Tailed_Eagle/v5_train_v5_inat/348228541.jpg,1,Ojirowashi
tool_bird_class_train/Ojirowashi_White_Tailed_Eagle/v5_train_v5_inat/348270113.jpg,1,Ojirowashi
tool_bird_class_train/Ojirowashi_White_Tailed_Eagle/v5_train_v5_inat/348270126.jpg,1,Ojirowashi
tool_bird_class_train/Ojirowashi_White_Tailed_Eagle/v5_train_v5_inat/348297808.jpg,1,Ojirowashi
tool_bird_class_train/Ojirowashi_White_Tailed_Eagle/v5_train_v5_inat/348816240.jpg,1,Ojirowashi
tool_bird_class_train/Ojirowashi_White_Tailed_Eagle/v5_train_v5_inat/351467626.jpg,1,Ojirowashi
tool_bird_class_train/Ojirowashi_White_Tailed_Eagle/v5_train_v5_inat/351532215.jpg,1,Ojirowashi
tool_bird_class_train/Ojirowashi_White_Tailed_Eagle/v5_train_v5_inat/351711264.jpg,1,Ojirowashi
tool_bird_class_train/Ojirowashi_White_Tailed_Eagle/v5_train_v5_inat/351987953.jpg,1,Ojirowashi
tool_bird_class_train/Ootaka_Northern_Goshawk/ext_inat_20260504/inat_101211117_cfeaade3.jpg,4,Ootaka
tool_bird_class_train/Ootaka_Northern_Goshawk/ext_inat_20260504/inat_101440801_36a63f4f.jpg,4,Ootaka
tool_bird_class_train/Ootaka_Northern_Goshawk/ext_inat_20260504/inat_101593078_c3fbe468.jpg,4,Ootaka
tool_bird_class_train/Ootaka_Northern_Goshawk/ext_inat_20260504/inat_101702227_4546b13e.jpg,4,Ootaka
tool_bird_class_train/Ootaka_Northern_Goshawk/ext_inat_20260504/inat_105268505_cc4c89ae.jpg,4,Ootaka
tool_bird_class_train/Ootaka_Northern_Goshawk/ext_inat_20260504/inat_106002495_c703a0bb.jpg,4,Ootaka
tool_bird_class_train/Ootaka_Northern_Goshawk/ext_inat_20260504/inat_106995280_104c86c0.jpg,4,Ootaka
tool_bird_class_train/Ootaka_Northern_Goshawk/ext_inat_20260504/inat_106995282_0d55dc6f.jpg,4,Ootaka
tool_bird_class_train/Ootaka_Northern_Goshawk/ext_inat_20260504/inat_107068976_141e519a.jpg,4,Ootaka
tool_bird_class_train/Ootaka_Northern_Goshawk/ext_inat_20260504/inat_10813885_5a4aa99f.jpg,4,Ootaka
tool_bird_class_train/Ootaka_Northern_Goshawk/ext_inat_20260504/inat_108658871_3d098d71.jpg,4,Ootaka
tool_bird_class_train/Ootaka_Northern_Goshawk/ext_inat_20260504/inat_108682766_10d9a9ec.jpg,4,Ootaka
tool_bird_class_train/Ootaka_Northern_Goshawk/ext_inat_20260504/inat_108682815_b75854d5.jpg,4,Ootaka
tool_bird_class_train/Ootaka_Northern_Goshawk/ext_inat_20260504/inat_109086792_9f787ef6.jpg,4,Ootaka
tool_bird_class_train/Ootaka_Northern_Goshawk/ext_inat_20260504/inat_109638298_62eeaeb9.jpg,4,Ootaka
tool_bird_class_train/Ootaka_Northern_Goshawk/ext_inat_20260504/inat_109848865_627d2f5d.jpg,4,Ootaka
tool_bird_class_train/Ootaka_Northern_Goshawk/ext_inat_20260504/inat_109848979_ea0cf54f.jpg,4,Ootaka
tool_bird_class_train/Ootaka_Northern_Goshawk/ext_inat_20260504/inat_109857171_f2c248aa.jpg,4,Ootaka
tool_bird_class_train/Ootaka_Northern_Goshawk/ext_inat_20260504/inat_110886316_f7bebf68.jpg,4,Ootaka
tool_bird_class_train/Ootaka_Northern_Goshawk/ext_inat_20260504/inat_110907426_30c50a85.jpg,4,Ootaka
tool_bird_class_train/Ootaka_Northern_Goshawk/ext_inat_20260504/inat_111017642_31444cfb.jpg,4,Ootaka
tool_bird_class_train/Ootaka_Northern_Goshawk/ext_inat_20260504/inat_111403147_0cc13f24.jpg,4,Ootaka
tool_bird_class_train/Ootaka_Northern_Goshawk/ext_inat_20260504/inat_111495996_3ad356d8.jpg,4,Ootaka
tool_bird_class_train/Ootaka_Northern_Goshawk/ext_inat_20260504/inat_111611919_fb2ffda0.jpg,4,Ootaka
tool_bird_class_train/Ootaka_Northern_Goshawk/ext_inat_20260504/inat_112894918_74f0e049.jpg,4,Ootaka
tool_bird_class_train/Ootaka_Northern_Goshawk/ext_inat_20260504/inat_112895417_71b4bedc.jpg,4,Ootaka
tool_bird_class_train/Ootaka_Northern_Goshawk/ext_inat_20260504/inat_114619298_dd7517a2.jpg,4,Ootaka
tool_bird_class_train/Ootaka_Northern_Goshawk/ext_inat_20260504/inat_114812809_2b662afe.jpg,4,Ootaka
tool_bird_class_train/Ootaka_Northern_Goshawk/ext_inat_20260504/inat_116946886_b0b36c53.jpg,4,Ootaka
tool_bird_class_train/Ootaka_Northern_Goshawk/ext_inat_20260504/inat_118757264_46190cab.jpg,4,Ootaka
tool_bird_class_train/Ootaka_Northern_Goshawk/ext_inat_20260504/inat_119672455_90721db8.jpg,4,Ootaka
tool_bird_class_train/Ootaka_Northern_Goshawk/ext_inat_20260504/inat_119836095_eb1002d1.jpg,4,Ootaka
tool_bird_class_train/Ootaka_Northern_Goshawk/ext_inat_20260504/inat_119836108_4412b705.jpg,4,Ootaka
tool_bird_class_train/Ootaka_Northern_Goshawk/ext_inat_20260504/inat_120176015_99603039.jpg,4,Ootaka
tool_bird_class_train/Ootaka_Northern_Goshawk/ext_inat_20260504/inat_120241921_f94db020.jpg,4,Ootaka
tool_bird_class_train/Ootaka_Northern_Goshawk/ext_inat_20260504/inat_120636069_f0b289b2.jpg,4,Ootaka
tool_bird_class_train/Ootaka_Northern_Goshawk/ext_inat_20260504/inat_121545536_b65b52b6.jpg,4,Ootaka
tool_bird_class_train/Ootaka_Northern_Goshawk/ext_inat_20260504/inat_124148659_9f84d12f.jpg,4,Ootaka
tool_bird_class_train/Ootaka_Northern_Goshawk/ext_inat_20260504/inat_125863925_3e564bcc.jpg,4,Ootaka
tool_bird_class_train/Ootaka_Northern_Goshawk/ext_inat_20260504/inat_12639750_329e2dad.jpg,4,Ootaka
tool_bird_class_train/Ootaka_Northern_Goshawk/ext_inat_20260504/inat_131006098_363577c1.jpg,4,Ootaka
tool_bird_class_train/Ootaka_Northern_Goshawk/ext_inat_20260504/inat_133426581_a01f6393.jpg,4,Ootaka
tool_bird_class_train/Ootaka_Northern_Goshawk/ext_inat_20260504/inat_133753512_34d76772.jpg,4,Ootaka
tool_bird_class_train/Ootaka_Northern_Goshawk/ext_inat_20260504/inat_136682241_2ed96f54.jpg,4,Ootaka
tool_bird_class_train/Ootaka_Northern_Goshawk/ext_inat_20260504/inat_137587194_a838b3ec.jpg,4,Ootaka
tool_bird_class_train/Ootaka_Northern_Goshawk/ext_inat_20260504/inat_139086191_fca8c7ff.jpg,4,Ootaka
tool_bird_class_train/Ootaka_Northern_Goshawk/ext_inat_20260504/inat_140351751_32335ab3.jpg,4,Ootaka
tool_bird_class_train/Ootaka_Northern_Goshawk/ext_inat_20260504/inat_140436110_0137dc40.jpg,4,Ootaka
tool_bird_class_train/Ootaka_Northern_Goshawk/ext_inat_20260504/inat_146320391_71ea8467.jpg,4,Ootaka
tool_bird_class_train/Ootaka_Northern_Goshawk/ext_inat_20260504/inat_147430528_7fe2eff9.jpg,4,Ootaka
tool_bird_class_train/Ootaka_Northern_Goshawk/ext_inat_20260504/inat_147733446_84c89576.jpg,4,Ootaka
tool_bird_class_train/Ootaka_Northern_Goshawk/ext_inat_20260504/inat_148917589_44c8019d.png,4,Ootaka
tool_bird_class_train/Ootaka_Northern_Goshawk/ext_inat_20260504/inat_149710964_00d48d7f.jpg,4,Ootaka
tool_bird_class_train/Ootaka_Northern_Goshawk/ext_inat_20260504/inat_150010855_fe38b499.jpg,4,Ootaka
tool_bird_class_train/Ootaka_Northern_Goshawk/ext_inat_20260504/inat_150284924_6f460b62.jpg,4,Ootaka
tool_bird_class_train/Ootaka_Northern_Goshawk/ext_inat_20260504/inat_155717418_63631081.jpg,4,Ootaka
tool_bird_class_train/Ootaka_Northern_Goshawk/ext_inat_20260504/inat_156438873_82bc7394.jpg,4,Ootaka
tool_bird_class_train/Ootaka_Northern_Goshawk/ext_inat_20260504/inat_157301404_ecfa14d0.jpg,4,Ootaka
tool_bird_class_train/Ootaka_Northern_Goshawk/ext_inat_20260504/inat_159689338_0c97c92e.jpg,4,Ootaka
tool_bird_class_train/Ootaka_Northern_Goshawk/ext_inat_20260504/inat_160255268_dc6c8e36.jpg,4,Ootaka
tool_bird_class_train/Ootaka_Northern_Goshawk/ext_inat_20260504/inat_161001993_2dc8c2a4.jpg,4,Ootaka
tool_bird_class_train/Ootaka_Northern_Goshawk/ext_inat_20260504/inat_161334402_d56c7b73.jpg,4,Ootaka
tool_bird_class_train/Ootaka_Northern_Goshawk/ext_inat_20260504/inat_162492775_ee0ef786.jpg,4,Ootaka
tool_bird_class_train/Ootaka_Northern_Goshawk/ext_inat_20260504/inat_162631509_ce1ee4b1.jpg,4,Ootaka
tool_bird_class_train/Ootaka_Northern_Goshawk/ext_inat_20260504/inat_162934711_58c02485.jpg,4,Ootaka
tool_bird_class_train/Ootaka_Northern_Goshawk/ext_inat_20260504/inat_164370275_b9a8bdc5.jpg,4,Ootaka
tool_bird_class_train/Ootaka_Northern_Goshawk/ext_inat_20260504/inat_164418900_fe4d3406.jpg,4,Ootaka
tool_bird_class_train/Ootaka_Northern_Goshawk/ext_inat_20260504/inat_166027515_e237d368.jpg,4,Ootaka
tool_bird_class_train/Ootaka_Northern_Goshawk/ext_inat_20260504/inat_166820397_e4a2ac54.jpg,4,Ootaka
tool_bird_class_train/Ootaka_Northern_Goshawk/ext_inat_20260504/inat_170842077_b18a20d8.jpg,4,Ootaka
tool_bird_class_train/Ootaka_Northern_Goshawk/ext_inat_20260504/inat_171546905_55cbe22a.jpg,4,Ootaka
tool_bird_class_train/Ootaka_Northern_Goshawk/ext_inat_20260504/inat_172065695_25e796c1.jpg,4,Ootaka
tool_bird_class_train/Ootaka_Northern_Goshawk/ext_inat_20260504/inat_172326041_33757e31.jpg,4,Ootaka
tool_bird_class_train/Ootaka_Northern_Goshawk/ext_inat_20260504/inat_173311198_af32b002.jpg,4,Ootaka
tool_bird_class_train/Ootaka_Northern_Goshawk/ext_inat_20260504/inat_173846874_f09b7a08.jpg,4,Ootaka
tool_bird_class_train/Ootaka_Northern_Goshawk/ext_inat_20260504/inat_174137215_ed69cf2d.jpg,4,Ootaka
tool_bird_class_train/Ootaka_Northern_Goshawk/ext_inat_20260504/inat_174727428_64413a5a.jpg,4,Ootaka
tool_bird_class_train/Ootaka_Northern_Goshawk/ext_inat_20260504/inat_174733101_0cc4b197.jpg,4,Ootaka
tool_bird_class_train/Ootaka_Northern_Goshawk/ext_inat_20260504/inat_175498056_9acd7fa5.jpg,4,Ootaka
tool_bird_class_train/Ootaka_Northern_Goshawk/ext_inat_20260504/inat_176049826_4f95a77f.jpg,4,Ootaka
tool_bird_class_train/Ootaka_Northern_Goshawk/ext_inat_20260504/inat_176135474_cfa789e4.jpg,4,Ootaka
tool_bird_class_train/Ootaka_Northern_Goshawk/ext_inat_20260504/inat_176352334_59263ef4.jpg,4,Ootaka
tool_bird_class_train/Ootaka_Northern_Goshawk/ext_inat_20260504/inat_176596025_a3fc9b7c.jpg,4,Ootaka
tool_bird_class_train/Ootaka_Northern_Goshawk/ext_inat_20260504/inat_177794503_d2bdba23.jpg,4,Ootaka
tool_bird_class_train/Ootaka_Northern_Goshawk/ext_inat_20260504/inat_178005248_4c6159f3.jpg,4,Ootaka
tool_bird_class_train/Ootaka_Northern_Goshawk/ext_inat_20260504/inat_178440262_6dc8c068.jpg,4,Ootaka
tool_bird_class_train/Ootaka_Northern_Goshawk/ext_inat_20260504/inat_178462826_c39a3e77.jpg,4,Ootaka
tool_bird_class_train/Ootaka_Northern_Goshawk/ext_inat_20260504/inat_179010853_2f8eda61.jpg,4,Ootaka
tool_bird_class_train/Ootaka_Northern_Goshawk/ext_inat_20260504/inat_179130592_687b85d2.jpg,4,Ootaka
tool_bird_class_train/Ootaka_Northern_Goshawk/ext_inat_20260504/inat_179135278_4b02dcf8.jpg,4,Ootaka
tool_bird_class_train/Ootaka_Northern_Goshawk/ext_inat_20260504/inat_179363000_a687d8b2.jpg,4,Ootaka
tool_bird_class_train/Ootaka_Northern_Goshawk/ext_inat_20260504/inat_179707613_8c3d919c.jpg,4,Ootaka
tool_bird_class_train/Ootaka_Northern_Goshawk/ext_inat_20260504/inat_180080817_0a66489e.jpg,4,Ootaka
tool_bird_class_train/Ootaka_Northern_Goshawk/ext_inat_20260504/inat_180482509_240cf6e7.jpg,4,Ootaka
tool_bird_class_train/Ootaka_Northern_Goshawk/ext_inat_20260504/inat_180769261_209239d6.jpg,4,Ootaka
tool_bird_class_train/Ootaka_Northern_Goshawk/ext_inat_20260504/inat_181952874_fda1708c.jpg,4,Ootaka
tool_bird_class_train/Ootaka_Northern_Goshawk/ext_inat_20260504/inat_182081271_adfcae03.jpg,4,Ootaka
tool_bird_class_train/Ootaka_Northern_Goshawk/ext_inat_20260504/inat_182582999_f1b4953d.jpg,4,Ootaka
tool_bird_class_train/Ootaka_Northern_Goshawk/ext_inat_20260504/inat_183712658_3181392d.jpg,4,Ootaka
tool_bird_class_train/Ootaka_Northern_Goshawk/ext_inat_20260504/inat_183714830_97d0d67c.jpg,4,Ootaka
tool_bird_class_train/Ootaka_Northern_Goshawk/ext_inat_20260504/inat_184141058_025554ba.jpg,4,Ootaka
tool_bird_class_train/Ootaka_Northern_Goshawk/ext_inat_20260504/inat_184821983_d18d8767.jpg,4,Ootaka
tool_bird_class_train/Ootaka_Northern_Goshawk/ext_inat_20260504/inat_185561977_371c1f1a.jpg,4,Ootaka
tool_bird_class_train/Ootaka_Northern_Goshawk/ext_inat_20260504/inat_185987386_75bf17cd.jpg,4,Ootaka
tool_bird_class_train/Ootaka_Northern_Goshawk/ext_inat_20260504/inat_186202243_21e96c0d.jpg,4,Ootaka
tool_bird_class_train/Ootaka_Northern_Goshawk/ext_inat_20260504/inat_186444250_1b0ce567.jpg,4,Ootaka
tool_bird_class_train/Ootaka_Northern_Goshawk/ext_inat_20260504/inat_187717014_e6d9958e.jpg,4,Ootaka
tool_bird_class_train/Ootaka_Northern_Goshawk/ext_inat_20260504/inat_188228696_eb530f8b.jpg,4,Ootaka
tool_bird_class_train/Ootaka_Northern_Goshawk/ext_inat_20260504/inat_188525618_40f5f2bd.jpg,4,Ootaka
tool_bird_class_train/Ootaka_Northern_Goshawk/ext_inat_20260504/inat_190048069_3e25e2c3.png,4,Ootaka
tool_bird_class_train/Ootaka_Northern_Goshawk/ext_inat_20260504/inat_190929644_0379f6ad.jpg,4,Ootaka
tool_bird_class_train/Ootaka_Northern_Goshawk/ext_inat_20260504/inat_194919572_601b4e64.jpg,4,Ootaka
tool_bird_class_train/Ootaka_Northern_Goshawk/ext_inat_20260504/inat_196645691_026dc29d.jpg,4,Ootaka
tool_bird_class_train/Ootaka_Northern_Goshawk/ext_inat_20260504/inat_199429062_21cfa46a.jpg,4,Ootaka
tool_bird_class_train/Ootaka_Northern_Goshawk/ext_inat_20260504/inat_199461981_9bec654d.jpg,4,Ootaka
tool_bird_class_train/Ootaka_Northern_Goshawk/ext_inat_20260504/inat_20039640_d8957f73.jpg,4,Ootaka
tool_bird_class_train/Ootaka_Northern_Goshawk/ext_inat_20260504/inat_204324251_4e317665.jpg,4,Ootaka
tool_bird_class_train/Ootaka_Northern_Goshawk/ext_inat_20260504/inat_20461153_6d2b6659.jpg,4,Ootaka
tool_bird_class_train/Ootaka_Northern_Goshawk/ext_inat_20260504/inat_205493247_c904c508.jpg,4,Ootaka
tool_bird_class_train/Ootaka_Northern_Goshawk/ext_inat_20260504/inat_205755988_d45d2693.jpg,4,Ootaka
tool_bird_class_train/Ootaka_Northern_Goshawk/ext_inat_20260504/inat_213831611_776113d4.jpg,4,Ootaka
tool_bird_class_train/Ootaka_Northern_Goshawk/ext_inat_20260504/inat_21397707_69b0b4ff.jpg,4,Ootaka
tool_bird_class_train/Ootaka_Northern_Goshawk/ext_inat_20260504/inat_214326285_8ae45ac8.jpg,4,Ootaka
tool_bird_class_train/Ootaka_Northern_Goshawk/ext_inat_20260504/inat_214327627_9556a701.jpg,4,Ootaka
tool_bird_class_train/Ootaka_Northern_Goshawk/ext_inat_20260504/inat_220744107_81564f61.jpg,4,Ootaka
tool_bird_class_train/Ootaka_Northern_Goshawk/ext_inat_20260504/inat_221267182_062c57fc.jpg,4,Ootaka
tool_bird_class_train/Ootaka_Northern_Goshawk/ext_inat_20260504/inat_225290171_47dddb66.jpg,4,Ootaka
tool_bird_class_train/Ootaka_Northern_Goshawk/ext_inat_20260504/inat_226125811_e9b9064f.jpg,4,Ootaka
tool_bird_class_train/Ootaka_Northern_Goshawk/ext_inat_20260504/inat_226334621_180674b9.jpg,4,Ootaka
tool_bird_class_train/Ootaka_Northern_Goshawk/ext_inat_20260504/inat_228353164_ef68ce4c.jpg,4,Ootaka
tool_bird_class_train/Ootaka_Northern_Goshawk/ext_inat_20260504/inat_230823698_25f86759.jpg,4,Ootaka
tool_bird_class_train/Ootaka_Northern_Goshawk/ext_inat_20260504/inat_23361404_9c442d10.jpg,4,Ootaka
tool_bird_class_train/Ootaka_Northern_Goshawk/ext_inat_20260504/inat_235773246_445a79af.jpg,4,Ootaka
tool_bird_class_train/Ootaka_Northern_Goshawk/ext_inat_20260504/inat_236502943_47521705.jpg,4,Ootaka
tool_bird_class_train/Ootaka_Northern_Goshawk/ext_inat_20260504/inat_236908480_851d3cdb.jpg,4,Ootaka
tool_bird_class_train/Ootaka_Northern_Goshawk/ext_inat_20260504/inat_237315745_65e62d29.jpg,4,Ootaka
tool_bird_class_train/Ootaka_Northern_Goshawk/ext_inat_20260504/inat_237531672_8ecd1566.jpg,4,Ootaka
tool_bird_class_train/Ootaka_Northern_Goshawk/ext_inat_20260504/inat_237599437_6427d2aa.jpg,4,Ootaka
tool_bird_class_train/Ootaka_Northern_Goshawk/ext_inat_20260504/inat_238847481_934583fb.jpg,4,Ootaka
tool_bird_class_train/Ootaka_Northern_Goshawk/ext_inat_20260504/inat_240474922_8861c04f.jpg,4,Ootaka
tool_bird_class_train/Ootaka_Northern_Goshawk/ext_inat_20260504/inat_241962218_68bd25af.jpg,4,Ootaka
tool_bird_class_train/Ootaka_Northern_Goshawk/ext_inat_20260504/inat_243939893_ea3cd13e.jpg,4,Ootaka
tool_bird_class_train/Ootaka_Northern_Goshawk/ext_inat_20260504/inat_244347324_4827ec3a.jpg,4,Ootaka
tool_bird_class_train/Ootaka_Northern_Goshawk/ext_inat_20260504/inat_245291004_02af4414.jpg,4,Ootaka
tool_bird_class_train/Ootaka_Northern_Goshawk/ext_inat_20260504/inat_245315458_c157f73d.jpg,4,Ootaka
tool_bird_class_train/Ootaka_Northern_Goshawk/ext_inat_20260504/inat_245421729_7afa91ad.jpg,4,Ootaka
tool_bird_class_train/Ootaka_Northern_Goshawk/ext_inat_20260504/inat_245424552_4f544054.jpg,4,Ootaka
tool_bird_class_train/Ootaka_Northern_Goshawk/ext_inat_20260504/inat_246036287_ef226d71.jpg,4,Ootaka
tool_bird_class_train/Ootaka_Northern_Goshawk/ext_inat_20260504/inat_246201699_191841eb.jpg,4,Ootaka
tool_bird_class_train/Ootaka_Northern_Goshawk/ext_inat_20260504/inat_246234826_8bfa5b29.jpg,4,Ootaka
tool_bird_class_train/Ootaka_Northern_Goshawk/ext_inat_20260504/inat_247057515_b7660979.jpg,4,Ootaka
tool_bird_class_train/Ootaka_Northern_Goshawk/ext_inat_20260504/inat_247209092_b0045791.jpg,4,Ootaka
tool_bird_class_train/Ootaka_Northern_Goshawk/ext_inat_20260504/inat_247492892_200f1806.jpg,4,Ootaka
tool_bird_class_train/Ootaka_Northern_Goshawk/ext_inat_20260504/inat_249066344_d25de734.jpg,4,Ootaka
tool_bird_class_train/Ootaka_Northern_Goshawk/ext_inat_20260504/inat_249917236_22585c53.jpg,4,Ootaka
tool_bird_class_train/Ootaka_Northern_Goshawk/ext_inat_20260504/inat_249921144_6eb5158b.jpg,4,Ootaka
tool_bird_class_train/Ootaka_Northern_Goshawk/ext_inat_20260504/inat_250817875_8d5131a4.jpg,4,Ootaka
tool_bird_class_train/Ootaka_Northern_Goshawk/ext_inat_20260504/inat_251295369_26c1ed5e.jpg,4,Ootaka
tool_bird_class_train/Ootaka_Northern_Goshawk/ext_inat_20260504/inat_251795732_86d153fd.jpg,4,Ootaka
tool_bird_class_train/Ootaka_Northern_Goshawk/ext_inat_20260504/inat_252089824_7bd32405.jpg,4,Ootaka
tool_bird_class_train/Ootaka_Northern_Goshawk/ext_inat_20260504/inat_252379527_a2e0c646.jpg,4,Ootaka
tool_bird_class_train/Ootaka_Northern_Goshawk/ext_inat_20260504/inat_252919417_c21ac2d7.jpg,4,Ootaka
tool_bird_class_train/Ootaka_Northern_Goshawk/ext_inat_20260504/inat_253130327_0f0661e1.jpg,4,Ootaka
tool_bird_class_train/Ootaka_Northern_Goshawk/ext_inat_20260504/inat_253229353_6f82eac7.jpg,4,Ootaka
tool_bird_class_train/Ootaka_Northern_Goshawk/ext_inat_20260504/inat_253229357_343a2476.jpg,4,Ootaka
tool_bird_class_train/Ootaka_Northern_Goshawk/ext_inat_20260504/inat_253357276_60d7eeaa.jpg,4,Ootaka
tool_bird_class_train/Ootaka_Northern_Goshawk/ext_inat_20260504/inat_253491457_f29e71da.jpg,4,Ootaka
tool_bird_class_train/Ootaka_Northern_Goshawk/ext_inat_20260504/inat_253602006_0bae1438.jpg,4,Ootaka
tool_bird_class_train/Ootaka_Northern_Goshawk/ext_inat_20260504/inat_254020390_a39dff63.jpg,4,Ootaka
tool_bird_class_train/Ootaka_Northern_Goshawk/ext_inat_20260504/inat_254028512_0250377b.jpg,4,Ootaka
tool_bird_class_train/Ootaka_Northern_Goshawk/ext_inat_20260504/inat_254194638_8ad36e67.jpg,4,Ootaka
tool_bird_class_train/Ootaka_Northern_Goshawk/ext_inat_20260504/inat_254194653_5a849040.jpg,4,Ootaka
tool_bird_class_train/Ootaka_Northern_Goshawk/ext_inat_20260504/inat_254866166_27bd8f86.jpg,4,Ootaka
tool_bird_class_train/Ootaka_Northern_Goshawk/ext_inat_20260504/inat_255118564_e6141d38.jpg,4,Ootaka
tool_bird_class_train/Ootaka_Northern_Goshawk/ext_inat_20260504/inat_255130778_0d9d91d5.jpg,4,Ootaka
tool_bird_class_train/Ootaka_Northern_Goshawk/ext_inat_20260504/inat_256346333_ef1c2967.jpg,4,Ootaka
tool_bird_class_train/Ootaka_Northern_Goshawk/ext_inat_20260504/inat_256939458_ce12212e.jpg,4,Ootaka
tool_bird_class_train/Ootaka_Northern_Goshawk/ext_inat_20260504/inat_257319317_d3d13e8f.jpg,4,Ootaka
tool_bird_class_train/Ootaka_Northern_Goshawk/ext_inat_20260504/inat_257724961_7ce7e3f3.jpg,4,Ootaka
tool_bird_class_train/Ootaka_Northern_Goshawk/ext_inat_20260504/inat_258403562_96f95f55.jpg,4,Ootaka
tool_bird_class_train/Ootaka_Northern_Goshawk/ext_inat_20260504/inat_258491308_b97d428b.jpg,4,Ootaka
tool_bird_class_train/Ootaka_Northern_Goshawk/ext_inat_20260504/inat_258968055_9a7e2440.jpg,4,Ootaka
tool_bird_class_train/Ootaka_Northern_Goshawk/ext_inat_20260504/inat_258983015_42b3e58c.jpg,4,Ootaka
tool_bird_class_train/Ootaka_Northern_Goshawk/ext_inat_20260504/inat_261568865_33cbe706.jpg,4,Ootaka
tool_bird_class_train/Ootaka_Northern_Goshawk/ext_inat_20260504/inat_261614471_1791157f.jpg,4,Ootaka
tool_bird_class_train/Ootaka_Northern_Goshawk/ext_inat_20260504/inat_2619155_5f7ae5a7.jpg,4,Ootaka
tool_bird_class_train/Ootaka_Northern_Goshawk/ext_inat_20260504/inat_263026821_5f394631.jpg,4,Ootaka
tool_bird_class_train/Ootaka_Northern_Goshawk/ext_inat_20260504/inat_2632497_0bba0c0b.jpg,4,Ootaka
tool_bird_class_train/Ootaka_Northern_Goshawk/ext_inat_20260504/inat_264969479_e8c03fc2.jpg,4,Ootaka
tool_bird_class_train/Ootaka_Northern_Goshawk/ext_inat_20260504/inat_2655420_bdfecb4d.jpg,4,Ootaka
tool_bird_class_train/Ootaka_Northern_Goshawk/ext_inat_20260504/inat_265902467_64030388.jpg,4,Ootaka
tool_bird_class_train/Ootaka_Northern_Goshawk/ext_inat_20260504/inat_266570226_2349cd57.jpg,4,Ootaka
tool_bird_class_train/Ootaka_Northern_Goshawk/ext_inat_20260504/inat_2674052_95eabda4.jpg,4,Ootaka
tool_bird_class_train/Ootaka_Northern_Goshawk/ext_inat_20260504/inat_2679814_9e83a637.jpg,4,Ootaka
tool_bird_class_train/Ootaka_Northern_Goshawk/ext_inat_20260504/inat_2681783_64a26dd6.jpg,4,Ootaka
tool_bird_class_train/Ootaka_Northern_Goshawk/ext_inat_20260504/inat_2685662_9eae1b8e.jpg,4,Ootaka
tool_bird_class_train/Ootaka_Northern_Goshawk/ext_inat_20260504/inat_2688853_083c053f.jpg,4,Ootaka
tool_bird_class_train/Ootaka_Northern_Goshawk/ext_inat_20260504/inat_270514459_e64ef66c.jpg,4,Ootaka
tool_bird_class_train/Ootaka_Northern_Goshawk/ext_inat_20260504/inat_2714867_915d3fa3.jpg,4,Ootaka
tool_bird_class_train/Ootaka_Northern_Goshawk/ext_inat_20260504/inat_271749029_ccae78dd.jpg,4,Ootaka
tool_bird_class_train/Ootaka_Northern_Goshawk/ext_inat_20260504/inat_2739099_3fb7be33.jpg,4,Ootaka
tool_bird_class_train/Ootaka_Northern_Goshawk/ext_inat_20260504/inat_2766517_ab85414f.jpg,4,Ootaka
tool_bird_class_train/Ootaka_Northern_Goshawk/ext_inat_20260504/inat_276843077_83c2b5cc.jpg,4,Ootaka
tool_bird_class_train/Ootaka_Northern_Goshawk/ext_inat_20260504/inat_276925411_d316d615.jpg,4,Ootaka
tool_bird_class_train/Ootaka_Northern_Goshawk/ext_inat_20260504/inat_27715991_03f00470.jpg,4,Ootaka
tool_bird_class_train/Ootaka_Northern_Goshawk/ext_inat_20260504/inat_28865446_cfda1da1.jpg,4,Ootaka
tool_bird_class_train/Ootaka_Northern_Goshawk/ext_inat_20260504/inat_290295401_9e153af9.jpg,4,Ootaka
tool_bird_class_train/Ootaka_Northern_Goshawk/ext_inat_20260504/inat_292897742_2597552d.jpg,4,Ootaka
tool_bird_class_train/Ootaka_Northern_Goshawk/ext_inat_20260504/inat_293277034_17afc525.jpg,4,Ootaka
tool_bird_class_train/Ootaka_Northern_Goshawk/ext_inat_20260504/inat_29352389_9ad8ffb5.jpg,4,Ootaka
tool_bird_class_train/Ootaka_Northern_Goshawk/ext_inat_20260504/inat_301126893_9d67c579.jpg,4,Ootaka
tool_bird_class_train/Ootaka_Northern_Goshawk/ext_inat_20260504/inat_302801490_072fc38f.jpg,4,Ootaka
tool_bird_class_train/Ootaka_Northern_Goshawk/ext_inat_20260504/inat_303151211_42800c24.jpg,4,Ootaka
tool_bird_class_train/Ootaka_Northern_Goshawk/ext_inat_20260504/inat_303536380_8cecc6e5.jpg,4,Ootaka
tool_bird_class_train/Ootaka_Northern_Goshawk/ext_inat_20260504/inat_303550944_265420d0.jpg,4,Ootaka
tool_bird_class_train/Ootaka_Northern_Goshawk/ext_inat_20260504/inat_306383026_0ad97a7b.jpg,4,Ootaka
tool_bird_class_train/Ootaka_Northern_Goshawk/ext_inat_20260504/inat_308473313_f904c457.jpg,4,Ootaka
tool_bird_class_train/Ootaka_Northern_Goshawk/ext_inat_20260504/inat_309911721_758d339a.jpg,4,Ootaka
tool_bird_class_train/Ootaka_Northern_Goshawk/ext_inat_20260504/inat_309914116_38fbc0d7.jpg,4,Ootaka
tool_bird_class_train/Ootaka_Northern_Goshawk/ext_inat_20260504/inat_313414099_d025a283.jpg,4,Ootaka
tool_bird_class_train/Ootaka_Northern_Goshawk/ext_inat_20260504/inat_31382963_ca04c9bb.jpg,4,Ootaka
tool_bird_class_train/Ootaka_Northern_Goshawk/ext_inat_20260504/inat_317158458_ca64a6f5.jpg,4,Ootaka
tool_bird_class_train/Ootaka_Northern_Goshawk/ext_inat_20260504/inat_317930737_2e9820a5.jpg,4,Ootaka
tool_bird_class_train/Ootaka_Northern_Goshawk/ext_inat_20260504/inat_318378900_7a58b46d.jpg,4,Ootaka
tool_bird_class_train/Ootaka_Northern_Goshawk/ext_inat_20260504/inat_318439419_aafc408a.jpg,4,Ootaka
tool_bird_class_train/Ootaka_Northern_Goshawk/ext_inat_20260504/inat_318848799_09e2d6a6.jpg,4,Ootaka
tool_bird_class_train/Ootaka_Northern_Goshawk/ext_inat_20260504/inat_320419825_fd95dce7.jpg,4,Ootaka
tool_bird_class_train/Ootaka_Northern_Goshawk/ext_inat_20260504/inat_321514780_e03f9fd0.jpg,4,Ootaka
tool_bird_class_train/Ootaka_Northern_Goshawk/ext_inat_20260504/inat_322171577_91696343.jpg,4,Ootaka
tool_bird_class_train/Ootaka_Northern_Goshawk/ext_inat_20260504/inat_322712388_94d760ea.jpg,4,Ootaka
tool_bird_class_train/Ootaka_Northern_Goshawk/ext_inat_20260504/inat_322751682_e76f0bbc.jpg,4,Ootaka
tool_bird_class_train/Ootaka_Northern_Goshawk/ext_inat_20260504/inat_324119125_1160a8f3.jpg,4,Ootaka
tool_bird_class_train/Ootaka_Northern_Goshawk/ext_inat_20260504/inat_325746495_d52f27ac.jpg,4,Ootaka
tool_bird_class_train/Ootaka_Northern_Goshawk/ext_inat_20260504/inat_325953419_f85d19ea.jpg,4,Ootaka
tool_bird_class_train/Ootaka_Northern_Goshawk/ext_inat_20260504/inat_326275014_5ba9e32f.jpg,4,Ootaka
tool_bird_class_train/Ootaka_Northern_Goshawk/ext_inat_20260504/inat_326556860_41d8b13c.jpg,4,Ootaka
tool_bird_class_train/Ootaka_Northern_Goshawk/ext_inat_20260504/inat_326719155_ef382414.jpg,4,Ootaka
tool_bird_class_train/Ootaka_Northern_Goshawk/ext_inat_20260504/inat_327390955_1b76a91c.png,4,Ootaka
tool_bird_class_train/Ootaka_Northern_Goshawk/ext_inat_20260504/inat_328472991_35d1e0e8.jpg,4,Ootaka
tool_bird_class_train/Ootaka_Northern_Goshawk/ext_inat_20260504/inat_330262649_4905f927.jpg,4,Ootaka
tool_bird_class_train/Ootaka_Northern_Goshawk/ext_inat_20260504/inat_331460043_2589b257.jpg,4,Ootaka
tool_bird_class_train/Ootaka_Northern_Goshawk/ext_inat_20260504/inat_332691953_8da90fd6.jpg,4,Ootaka
tool_bird_class_train/Ootaka_Northern_Goshawk/ext_inat_20260504/inat_333368106_7c5e9dca.jpg,4,Ootaka
tool_bird_class_train/Ootaka_Northern_Goshawk/ext_inat_20260504/inat_333635827_5b6b9126.jpg,4,Ootaka
tool_bird_class_train/Ootaka_Northern_Goshawk/ext_inat_20260504/inat_336469025_b0f3367f.jpg,4,Ootaka
tool_bird_class_train/Ootaka_Northern_Goshawk/ext_inat_20260504/inat_337393539_d54d6489.jpg,4,Ootaka
tool_bird_class_train/Ootaka_Northern_Goshawk/ext_inat_20260504/inat_337588006_eb4f05ed.jpg,4,Ootaka
tool_bird_class_train/Ootaka_Northern_Goshawk/ext_inat_20260504/inat_338806188_afab2e04.jpg,4,Ootaka
tool_bird_class_train/Ootaka_Northern_Goshawk/ext_inat_20260504/inat_340093320_61a17d35.jpg,4,Ootaka
tool_bird_class_train/Ootaka_Northern_Goshawk/ext_inat_20260504/inat_340603532_f8a696d0.jpg,4,Ootaka
tool_bird_class_train/Ootaka_Northern_Goshawk/ext_inat_20260504/inat_341916362_d4e1389a.jpg,4,Ootaka
tool_bird_class_train/Ootaka_Northern_Goshawk/ext_inat_20260504/inat_342396421_0ffe2ab7.jpg,4,Ootaka
tool_bird_class_train/Ootaka_Northern_Goshawk/ext_inat_20260504/inat_34264889_91238417.jpg,4,Ootaka
tool_bird_class_train/Ootaka_Northern_Goshawk/ext_inat_20260504/inat_34287574_1d20cb02.jpg,4,Ootaka
tool_bird_class_train/Ootaka_Northern_Goshawk/ext_inat_20260504/inat_343048291_d382a61e.jpg,4,Ootaka
tool_bird_class_train/Ootaka_Northern_Goshawk/ext_inat_20260504/inat_343679102_89013589.jpg,4,Ootaka
tool_bird_class_train/Ootaka_Northern_Goshawk/ext_inat_20260504/inat_343884311_96354eab.jpg,4,Ootaka
tool_bird_class_train/Ootaka_Northern_Goshawk/ext_inat_20260504/inat_345020679_6a39461f.jpg,4,Ootaka
tool_bird_class_train/Ootaka_Northern_Goshawk/ext_inat_20260504/inat_345217607_5eb2f251.jpg,4,Ootaka
tool_bird_class_train/Ootaka_Northern_Goshawk/ext_inat_20260504/inat_345217631_c4476d7d.jpg,4,Ootaka
tool_bird_class_train/Ootaka_Northern_Goshawk/ext_inat_20260504/inat_345720572_310ecbe8.jpg,4,Ootaka
tool_bird_class_train/Ootaka_Northern_Goshawk/ext_inat_20260504/inat_345966122_560e887b.jpg,4,Ootaka
tool_bird_class_train/Ootaka_Northern_Goshawk/ext_inat_20260504/inat_345978483_76d6e8d1.jpg,4,Ootaka
tool_bird_class_train/Ootaka_Northern_Goshawk/ext_inat_20260504/inat_347165280_2f067e77.jpg,4,Ootaka
tool_bird_class_train/Ootaka_Northern_Goshawk/ext_inat_20260504/inat_347622633_035b1694.jpg,4,Ootaka
tool_bird_class_train/Ootaka_Northern_Goshawk/ext_inat_20260504/inat_347626186_15aa5c09.jpg,4,Ootaka
tool_bird_class_train/Ootaka_Northern_Goshawk/ext_inat_20260504/inat_348117080_015480ca.jpg,4,Ootaka
tool_bird_class_train/Ootaka_Northern_Goshawk/ext_inat_20260504/inat_348240022_b310beb0.jpg,4,Ootaka
tool_bird_class_train/Ootaka_Northern_Goshawk/ext_inat_20260504/inat_349308274_e1bafaff.jpg,4,Ootaka
tool_bird_class_train/Ootaka_Northern_Goshawk/ext_inat_20260504/inat_349847782_44f2a2aa.jpg,4,Ootaka
tool_bird_class_train/Ootaka_Northern_Goshawk/ext_inat_20260504/inat_351038753_903faa38.jpg,4,Ootaka
tool_bird_class_train/Ootaka_Northern_Goshawk/ext_inat_20260504/inat_351230535_f5839ecd.jpg,4,Ootaka
tool_bird_class_train/Ootaka_Northern_Goshawk/ext_inat_20260504/inat_351979531_5c7ea6e3.jpg,4,Ootaka
tool_bird_class_train/Ootaka_Northern_Goshawk/ext_inat_20260504/inat_351990728_7e3946ee.jpg,4,Ootaka
tool_bird_class_train/Ootaka_Northern_Goshawk/ext_inat_20260504/inat_352141022_247afcdd.jpg,4,Ootaka
tool_bird_class_train/Ootaka_Northern_Goshawk/ext_inat_20260504/inat_352946453_94a63551.jpg,4,Ootaka
tool_bird_class_train/Ootaka_Northern_Goshawk/ext_inat_20260504/inat_353165061_8164abae.jpg,4,Ootaka
tool_bird_class_train/Ootaka_Northern_Goshawk/ext_inat_20260504/inat_353288946_5d3f227e.jpg,4,Ootaka
tool_bird_class_train/Ootaka_Northern_Goshawk/ext_inat_20260504/inat_353289265_ea1f5e18.jpg,4,Ootaka
tool_bird_class_train/Ootaka_Northern_Goshawk/ext_inat_20260504/inat_353412309_f9734c9d.jpg,4,Ootaka
tool_bird_class_train/Ootaka_Northern_Goshawk/ext_inat_20260504/inat_353535409_2492860a.jpg,4,Ootaka
tool_bird_class_train/Ootaka_Northern_Goshawk/ext_inat_20260504/inat_353803820_cd7e7282.jpg,4,Ootaka
tool_bird_class_train/Ootaka_Northern_Goshawk/ext_inat_20260504/inat_354730790_8b00dc15.jpg,4,Ootaka
tool_bird_class_train/Ootaka_Northern_Goshawk/ext_inat_20260504/inat_354950208_023fea67.jpg,4,Ootaka
tool_bird_class_train/Ootaka_Northern_Goshawk/ext_inat_20260504/inat_355014033_6d65fc3e.jpg,4,Ootaka
tool_bird_class_train/Ootaka_Northern_Goshawk/ext_inat_20260504/inat_355633853_9ff9bc14.jpg,4,Ootaka
tool_bird_class_train/Ootaka_Northern_Goshawk/ext_inat_20260504/inat_355744985_574c5f11.jpg,4,Ootaka
tool_bird_class_train/Ootaka_Northern_Goshawk/ext_inat_20260504/inat_356061132_705ba1b7.jpg,4,Ootaka
tool_bird_class_train/Ootaka_Northern_Goshawk/ext_inat_20260504/inat_356524950_11e34752.jpg,4,Ootaka
tool_bird_class_train/Ootaka_Northern_Goshawk/ext_inat_20260504/inat_356603792_742cef37.jpg,4,Ootaka
tool_bird_class_train/Ootaka_Northern_Goshawk/ext_inat_20260504/inat_357445858_f4fb7c70.jpg,4,Ootaka
tool_bird_class_train/Ootaka_Northern_Goshawk/ext_inat_20260504/inat_357982257_2701a227.jpg,4,Ootaka
tool_bird_class_train/Ootaka_Northern_Goshawk/ext_inat_20260504/inat_358130574_63eeb4f2.jpg,4,Ootaka
tool_bird_class_train/Ootaka_Northern_Goshawk/ext_inat_20260504/inat_359002471_d7dbb054.jpg,4,Ootaka
tool_bird_class_train/Ootaka_Northern_Goshawk/ext_inat_20260504/inat_360355331_5a0e33f0.jpg,4,Ootaka
tool_bird_class_train/Ootaka_Northern_Goshawk/ext_inat_20260504/inat_364152395_d74836a5.jpg,4,Ootaka
tool_bird_class_train/Ootaka_Northern_Goshawk/ext_inat_20260504/inat_365433913_03c211a7.jpg,4,Ootaka
tool_bird_class_train/Ootaka_Northern_Goshawk/ext_inat_20260504/inat_36584391_299827f3.jpg,4,Ootaka
tool_bird_class_train/Ootaka_Northern_Goshawk/ext_inat_20260504/inat_368845616_63a524ce.jpg,4,Ootaka
tool_bird_class_train/Ootaka_Northern_Goshawk/ext_inat_20260504/inat_371920786_0cbdea01.jpg,4,Ootaka
tool_bird_class_train/Ootaka_Northern_Goshawk/ext_inat_20260504/inat_37599261_ca9e6e99.jpg,4,Ootaka
tool_bird_class_train/Ootaka_Northern_Goshawk/ext_inat_20260504/inat_377318938_e573b582.jpg,4,Ootaka
tool_bird_class_train/Ootaka_Northern_Goshawk/ext_inat_20260504/inat_378788423_4f16727e.jpg,4,Ootaka
tool_bird_class_train/Ootaka_Northern_Goshawk/ext_inat_20260504/inat_381133764_fbabd2ad.jpg,4,Ootaka
tool_bird_class_train/Ootaka_Northern_Goshawk/ext_inat_20260504/inat_388894692_17752f4d.jpg,4,Ootaka
tool_bird_class_train/Ootaka_Northern_Goshawk/ext_inat_20260504/inat_392002804_f08c1265.jpg,4,Ootaka
tool_bird_class_train/Ootaka_Northern_Goshawk/ext_inat_20260504/inat_396633433_0c36f976.jpg,4,Ootaka
tool_bird_class_train/Ootaka_Northern_Goshawk/ext_inat_20260504/inat_400611769_c89e8cf8.jpg,4,Ootaka
tool_bird_class_train/Ootaka_Northern_Goshawk/ext_inat_20260504/inat_402947106_513576f7.jpg,4,Ootaka
tool_bird_class_train/Ootaka_Northern_Goshawk/ext_inat_20260504/inat_403069235_d4075a37.jpg,4,Ootaka
tool_bird_class_train/Ootaka_Northern_Goshawk/ext_inat_20260504/inat_406535791_75a1b087.jpg,4,Ootaka
tool_bird_class_train/Ootaka_Northern_Goshawk/ext_inat_20260504/inat_409797485_e8a5168b.jpg,4,Ootaka
tool_bird_class_train/Ootaka_Northern_Goshawk/ext_inat_20260504/inat_414632461_4429a348.jpg,4,Ootaka
tool_bird_class_train/Ootaka_Northern_Goshawk/ext_inat_20260504/inat_415100116_8ecafdfa.jpg,4,Ootaka
tool_bird_class_train/Ootaka_Northern_Goshawk/ext_inat_20260504/inat_415904895_09a4a96d.jpg,4,Ootaka
tool_bird_class_train/Ootaka_Northern_Goshawk/ext_inat_20260504/inat_416119866_b52f354b.jpg,4,Ootaka
tool_bird_class_train/Ootaka_Northern_Goshawk/ext_inat_20260504/inat_419210087_8486444b.jpg,4,Ootaka
tool_bird_class_train/Ootaka_Northern_Goshawk/ext_inat_20260504/inat_419563089_24ad073b.jpg,4,Ootaka
tool_bird_class_train/Ootaka_Northern_Goshawk/ext_inat_20260504/inat_419633146_91966afb.jpg,4,Ootaka
tool_bird_class_train/Ootaka_Northern_Goshawk/ext_inat_20260504/inat_420464512_a321f698.jpg,4,Ootaka
tool_bird_class_train/Ootaka_Northern_Goshawk/ext_inat_20260504/inat_421974264_b78ee496.jpg,4,Ootaka
tool_bird_class_train/Ootaka_Northern_Goshawk/ext_inat_20260504/inat_423749617_61c250e6.jpg,4,Ootaka
tool_bird_class_train/Ootaka_Northern_Goshawk/ext_inat_20260504/inat_429031143_b7ec7943.jpg,4,Ootaka
tool_bird_class_train/Ootaka_Northern_Goshawk/ext_inat_20260504/inat_431233526_0670d498.jpg,4,Ootaka
tool_bird_class_train/Ootaka_Northern_Goshawk/ext_inat_20260504/inat_431876291_2fbc2445.png,4,Ootaka
tool_bird_class_train/Ootaka_Northern_Goshawk/ext_inat_20260504/inat_434687948_95c9ab18.jpg,4,Ootaka
tool_bird_class_train/Ootaka_Northern_Goshawk/ext_inat_20260504/inat_435418693_187595b5.jpg,4,Ootaka
tool_bird_class_train/Ootaka_Northern_Goshawk/ext_inat_20260504/inat_435418709_dd8247e3.jpg,4,Ootaka
tool_bird_class_train/Ootaka_Northern_Goshawk/ext_inat_20260504/inat_435418841_955728bd.jpg,4,Ootaka
tool_bird_class_train/Ootaka_Northern_Goshawk/ext_inat_20260504/inat_435736899_8ba4001d.jpg,4,Ootaka
tool_bird_class_train/Ootaka_Northern_Goshawk/ext_inat_20260504/inat_436392406_573ecc08.jpg,4,Ootaka
tool_bird_class_train/Ootaka_Northern_Goshawk/ext_inat_20260504/inat_436502290_cc48060c.jpg,4,Ootaka
tool_bird_class_train/Ootaka_Northern_Goshawk/ext_inat_20260504/inat_439486629_6811519f.jpg,4,Ootaka
tool_bird_class_train/Ootaka_Northern_Goshawk/ext_inat_20260504/inat_439716941_9f689c77.jpg,4,Ootaka
tool_bird_class_train/Ootaka_Northern_Goshawk/ext_inat_20260504/inat_439933091_a7448538.jpg,4,Ootaka
tool_bird_class_train/Ootaka_Northern_Goshawk/ext_inat_20260504/inat_440910712_0bda32d3.jpg,4,Ootaka
tool_bird_class_train/Ootaka_Northern_Goshawk/ext_inat_20260504/inat_441765906_5a22e2ec.jpg,4,Ootaka
tool_bird_class_train/Ootaka_Northern_Goshawk/ext_inat_20260504/inat_443561134_8ceea495.jpg,4,Ootaka
tool_bird_class_train/Ootaka_Northern_Goshawk/ext_inat_20260504/inat_443602604_2ce30d8a.jpg,4,Ootaka
tool_bird_class_train/Ootaka_Northern_Goshawk/ext_inat_20260504/inat_443955184_568680cf.jpg,4,Ootaka
tool_bird_class_train/Ootaka_Northern_Goshawk/ext_inat_20260504/inat_444734547_44b2531b.jpg,4,Ootaka
tool_bird_class_train/Ootaka_Northern_Goshawk/ext_inat_20260504/inat_447255838_5ee78bb2.jpg,4,Ootaka
tool_bird_class_train/Ootaka_Northern_Goshawk/ext_inat_20260504/inat_448856346_317647e2.jpg,4,Ootaka
tool_bird_class_train/Ootaka_Northern_Goshawk/ext_inat_20260504/inat_448857878_90e73805.jpg,4,Ootaka
tool_bird_class_train/Ootaka_Northern_Goshawk/ext_inat_20260504/inat_451783509_d9714004.jpg,4,Ootaka
tool_bird_class_train/Ootaka_Northern_Goshawk/ext_inat_20260504/inat_452515532_42958a73.jpg,4,Ootaka
tool_bird_class_train/Ootaka_Northern_Goshawk/ext_inat_20260504/inat_452635084_8fdd48b3.jpg,4,Ootaka
tool_bird_class_train/Ootaka_Northern_Goshawk/ext_inat_20260504/inat_453763415_4421c3bf.jpg,4,Ootaka
tool_bird_class_train/Ootaka_Northern_Goshawk/ext_inat_20260504/inat_454369576_3ec69099.jpg,4,Ootaka
tool_bird_class_train/Ootaka_Northern_Goshawk/ext_inat_20260504/inat_454402232_3cacf90b.jpg,4,Ootaka
tool_bird_class_train/Ootaka_Northern_Goshawk/ext_inat_20260504/inat_458428949_99bcc02e.jpg,4,Ootaka
tool_bird_class_train/Ootaka_Northern_Goshawk/ext_inat_20260504/inat_458648663_ce3b0d22.jpg,4,Ootaka
tool_bird_class_train/Ootaka_Northern_Goshawk/ext_inat_20260504/inat_458661900_66c070ce.jpg,4,Ootaka
tool_bird_class_train/Ootaka_Northern_Goshawk/ext_inat_20260504/inat_459886415_d5cc6c3e.jpg,4,Ootaka
tool_bird_class_train/Ootaka_Northern_Goshawk/ext_inat_20260504/inat_460148034_d3e2db4a.jpg,4,Ootaka
tool_bird_class_train/Ootaka_Northern_Goshawk/ext_inat_20260504/inat_460681171_ff21fc6f.jpg,4,Ootaka
tool_bird_class_train/Ootaka_Northern_Goshawk/ext_inat_20260504/inat_460911913_157052ef.jpg,4,Ootaka
tool_bird_class_train/Ootaka_Northern_Goshawk/ext_inat_20260504/inat_461394008_b15c31a6.jpg,4,Ootaka
tool_bird_class_train/Ootaka_Northern_Goshawk/ext_inat_20260504/inat_461395363_96200d90.jpg,4,Ootaka
tool_bird_class_train/Ootaka_Northern_Goshawk/ext_inat_20260504/inat_461445083_0b2a9d96.jpg,4,Ootaka
tool_bird_class_train/Ootaka_Northern_Goshawk/ext_inat_20260504/inat_461821869_003b5071.jpg,4,Ootaka
tool_bird_class_train/Ootaka_Northern_Goshawk/ext_inat_20260504/inat_461844483_702ffa19.jpg,4,Ootaka
tool_bird_class_train/Ootaka_Northern_Goshawk/ext_inat_20260504/inat_46194485_6b4ed625.jpg,4,Ootaka
tool_bird_class_train/Ootaka_Northern_Goshawk/ext_inat_20260504/inat_462126361_4af437d6.jpg,4,Ootaka
tool_bird_class_train/Ootaka_Northern_Goshawk/ext_inat_20260504/inat_462324098_d0ff1df1.jpg,4,Ootaka
tool_bird_class_train/Ootaka_Northern_Goshawk/ext_inat_20260504/inat_463312717_c37f0556.jpg,4,Ootaka
tool_bird_class_train/Ootaka_Northern_Goshawk/ext_inat_20260504/inat_463523357_b4fba695.jpg,4,Ootaka
tool_bird_class_train/Ootaka_Northern_Goshawk/ext_inat_20260504/inat_463538255_11470d8f.jpg,4,Ootaka
tool_bird_class_train/Ootaka_Northern_Goshawk/ext_inat_20260504/inat_463578282_4b54f3db.jpg,4,Ootaka
tool_bird_class_train/Ootaka_Northern_Goshawk/ext_inat_20260504/inat_463772815_da6a6b58.jpg,4,Ootaka
tool_bird_class_train/Ootaka_Northern_Goshawk/ext_inat_20260504/inat_463900215_17631334.jpg,4,Ootaka
tool_bird_class_train/Ootaka_Northern_Goshawk/ext_inat_20260504/inat_464745363_f268a348.jpg,4,Ootaka
tool_bird_class_train/Ootaka_Northern_Goshawk/ext_inat_20260504/inat_464919901_b47f5aa4.jpg,4,Ootaka
tool_bird_class_train/Ootaka_Northern_Goshawk/ext_inat_20260504/inat_465855777_0567b436.jpg,4,Ootaka
tool_bird_class_train/Ootaka_Northern_Goshawk/ext_inat_20260504/inat_466555190_429dbf1f.jpg,4,Ootaka
tool_bird_class_train/Ootaka_Northern_Goshawk/ext_inat_20260504/inat_466754697_c65dd4ab.jpg,4,Ootaka
tool_bird_class_train/Ootaka_Northern_Goshawk/ext_inat_20260504/inat_467381253_796d78d1.jpg,4,Ootaka
tool_bird_class_train/Ootaka_Northern_Goshawk/ext_inat_20260504/inat_467597690_e56de1ad.jpg,4,Ootaka
tool_bird_class_train/Ootaka_Northern_Goshawk/ext_inat_20260504/inat_467813998_8529844d.jpg,4,Ootaka
tool_bird_class_train/Ootaka_Northern_Goshawk/ext_inat_20260504/inat_468034091_ac23de5f.jpg,4,Ootaka
tool_bird_class_train/Ootaka_Northern_Goshawk/ext_inat_20260504/inat_468257876_1b499340.jpg,4,Ootaka
tool_bird_class_train/Ootaka_Northern_Goshawk/ext_inat_20260504/inat_46858611_cc788e85.jpg,4,Ootaka
tool_bird_class_train/Ootaka_Northern_Goshawk/ext_inat_20260504/inat_468869764_ce312fd1.jpg,4,Ootaka
tool_bird_class_train/Ootaka_Northern_Goshawk/ext_inat_20260504/inat_469061849_d6b3ea68.jpg,4,Ootaka
tool_bird_class_train/Ootaka_Northern_Goshawk/ext_inat_20260504/inat_469062041_e0c59883.jpg,4,Ootaka
tool_bird_class_train/Ootaka_Northern_Goshawk/ext_inat_20260504/inat_469073977_348b271d.jpg,4,Ootaka
tool_bird_class_train/Ootaka_Northern_Goshawk/ext_inat_20260504/inat_469163705_80386348.jpg,4,Ootaka
tool_bird_class_train/Ootaka_Northern_Goshawk/ext_inat_20260504/inat_47027502_01426873.jpg,4,Ootaka
tool_bird_class_train/Ootaka_Northern_Goshawk/ext_inat_20260504/inat_470530629_263a9089.jpg,4,Ootaka
tool_bird_class_train/Ootaka_Northern_Goshawk/ext_inat_20260504/inat_470738391_586a0f69.jpg,4,Ootaka
tool_bird_class_train/Ootaka_Northern_Goshawk/ext_inat_20260504/inat_470746636_822e1283.jpg,4,Ootaka
tool_bird_class_train/Ootaka_Northern_Goshawk/ext_inat_20260504/inat_470756131_5b7d1043.jpg,4,Ootaka
tool_bird_class_train/Ootaka_Northern_Goshawk/ext_inat_20260504/inat_470966637_c3cc9c45.jpg,4,Ootaka
tool_bird_class_train/Ootaka_Northern_Goshawk/ext_inat_20260504/inat_471434141_f090ed04.jpg,4,Ootaka
tool_bird_class_train/Ootaka_Northern_Goshawk/ext_inat_20260504/inat_471760367_b7e18fe3.jpg,4,Ootaka
tool_bird_class_train/Ootaka_Northern_Goshawk/ext_inat_20260504/inat_471775742_e24744e7.jpg,4,Ootaka
tool_bird_class_train/Ootaka_Northern_Goshawk/ext_inat_20260504/inat_471797170_f036cd8a.jpg,4,Ootaka
tool_bird_class_train/Ootaka_Northern_Goshawk/ext_inat_20260504/inat_471982779_f500bc53.jpg,4,Ootaka
tool_bird_class_train/Ootaka_Northern_Goshawk/ext_inat_20260504/inat_472743252_62b49842.jpg,4,Ootaka
tool_bird_class_train/Ootaka_Northern_Goshawk/ext_inat_20260504/inat_473127800_6c957294.jpg,4,Ootaka
tool_bird_class_train/Ootaka_Northern_Goshawk/ext_inat_20260504/inat_473127981_1053f2bc.jpg,4,Ootaka
tool_bird_class_train/Ootaka_Northern_Goshawk/ext_inat_20260504/inat_473130130_289cba1b.jpg,4,Ootaka
tool_bird_class_train/Ootaka_Northern_Goshawk/ext_inat_20260504/inat_473488691_cc0c151e.jpg,4,Ootaka
tool_bird_class_train/Ootaka_Northern_Goshawk/ext_inat_20260504/inat_474358368_1f86dfa0.jpg,4,Ootaka
tool_bird_class_train/Ootaka_Northern_Goshawk/ext_inat_20260504/inat_474719053_d5fd9e98.jpg,4,Ootaka
tool_bird_class_train/Ootaka_Northern_Goshawk/ext_inat_20260504/inat_476019973_83fcb368.jpg,4,Ootaka
tool_bird_class_train/Ootaka_Northern_Goshawk/ext_inat_20260504/inat_476545716_1ef3805e.jpg,4,Ootaka
tool_bird_class_train/Ootaka_Northern_Goshawk/ext_inat_20260504/inat_476565220_70e7ac3a.jpg,4,Ootaka
tool_bird_class_train/Ootaka_Northern_Goshawk/ext_inat_20260504/inat_476571878_f3615309.jpg,4,Ootaka
tool_bird_class_train/Ootaka_Northern_Goshawk/ext_inat_20260504/inat_477411210_dbdbba0e.jpg,4,Ootaka
tool_bird_class_train/Ootaka_Northern_Goshawk/ext_inat_20260504/inat_478063341_447662fe.jpg,4,Ootaka
tool_bird_class_train/Ootaka_Northern_Goshawk/ext_inat_20260504/inat_478065886_da9785f7.jpg,4,Ootaka
tool_bird_class_train/Ootaka_Northern_Goshawk/ext_inat_20260504/inat_478276197_e7ae7e5c.jpg,4,Ootaka
tool_bird_class_train/Ootaka_Northern_Goshawk/ext_inat_20260504/inat_479040254_816e7b21.jpg,4,Ootaka
tool_bird_class_train/Ootaka_Northern_Goshawk/ext_inat_20260504/inat_479558542_01195abc.jpg,4,Ootaka
tool_bird_class_train/Ootaka_Northern_Goshawk/ext_inat_20260504/inat_479582816_0e8c0c2d.jpg,4,Ootaka
tool_bird_class_train/Ootaka_Northern_Goshawk/ext_inat_20260504/inat_479829841_7f08c386.jpg,4,Ootaka
tool_bird_class_train/Ootaka_Northern_Goshawk/ext_inat_20260504/inat_479829930_cecba788.jpg,4,Ootaka
tool_bird_class_train/Ootaka_Northern_Goshawk/ext_inat_20260504/inat_480154794_eac181b3.jpg,4,Ootaka
tool_bird_class_train/Ootaka_Northern_Goshawk/ext_inat_20260504/inat_480163451_86ddbb75.jpg,4,Ootaka
tool_bird_class_train/Ootaka_Northern_Goshawk/ext_inat_20260504/inat_480379238_d79bee32.jpg,4,Ootaka
tool_bird_class_train/Ootaka_Northern_Goshawk/ext_inat_20260504/inat_48043890_c86dedf6.jpg,4,Ootaka
tool_bird_class_train/Ootaka_Northern_Goshawk/ext_inat_20260504/inat_480748189_bacf074a.jpg,4,Ootaka
tool_bird_class_train/Ootaka_Northern_Goshawk/ext_inat_20260504/inat_481108366_8a02df0a.jpg,4,Ootaka
tool_bird_class_train/Ootaka_Northern_Goshawk/ext_inat_20260504/inat_481220319_f2ce03f1.jpg,4,Ootaka
tool_bird_class_train/Ootaka_Northern_Goshawk/ext_inat_20260504/inat_482172531_1448e59f.jpg,4,Ootaka
tool_bird_class_train/Ootaka_Northern_Goshawk/ext_inat_20260504/inat_482427137_e2799ecf.jpg,4,Ootaka
tool_bird_class_train/Ootaka_Northern_Goshawk/ext_inat_20260504/inat_488257830_3862dd3e.jpg,4,Ootaka
tool_bird_class_train/Ootaka_Northern_Goshawk/ext_inat_20260504/inat_489347671_6285baca.jpg,4,Ootaka
tool_bird_class_train/Ootaka_Northern_Goshawk/ext_inat_20260504/inat_493286426_c7039274.jpg,4,Ootaka
tool_bird_class_train/Ootaka_Northern_Goshawk/ext_inat_20260504/inat_498721711_26d604b5.jpg,4,Ootaka
tool_bird_class_train/Ootaka_Northern_Goshawk/ext_inat_20260504/inat_501368695_4929718a.jpg,4,Ootaka
tool_bird_class_train/Ootaka_Northern_Goshawk/ext_inat_20260504/inat_502298499_108d136b.jpg,4,Ootaka
tool_bird_class_train/Ootaka_Northern_Goshawk/ext_inat_20260504/inat_504972501_9adb14e7.jpg,4,Ootaka
tool_bird_class_train/Ootaka_Northern_Goshawk/ext_inat_20260504/inat_506277081_46f1c3ce.jpg,4,Ootaka
tool_bird_class_train/Ootaka_Northern_Goshawk/ext_inat_20260504/inat_50697688_dca2dadf.jpg,4,Ootaka
tool_bird_class_train/Ootaka_Northern_Goshawk/ext_inat_20260504/inat_507244376_932389b0.jpg,4,Ootaka
tool_bird_class_train/Ootaka_Northern_Goshawk/ext_inat_20260504/inat_507299749_88b9cdd4.jpg,4,Ootaka
tool_bird_class_train/Ootaka_Northern_Goshawk/ext_inat_20260504/inat_507902699_a037512f.jpg,4,Ootaka
tool_bird_class_train/Ootaka_Northern_Goshawk/ext_inat_20260504/inat_511013764_d8db8bbc.jpg,4,Ootaka
tool_bird_class_train/Ootaka_Northern_Goshawk/ext_inat_20260504/inat_517240472_0e7c54ef.jpg,4,Ootaka
tool_bird_class_train/Ootaka_Northern_Goshawk/ext_inat_20260504/inat_518136171_548005c6.jpg,4,Ootaka
tool_bird_class_train/Ootaka_Northern_Goshawk/ext_inat_20260504/inat_521823516_2d063088.jpg,4,Ootaka
tool_bird_class_train/Ootaka_Northern_Goshawk/ext_inat_20260504/inat_521830055_e9863e26.jpg,4,Ootaka
tool_bird_class_train/Ootaka_Northern_Goshawk/ext_inat_20260504/inat_524904157_1ea6f476.jpg,4,Ootaka
tool_bird_class_train/Ootaka_Northern_Goshawk/ext_inat_20260504/inat_527053159_bdf86881.jpg,4,Ootaka
tool_bird_class_train/Ootaka_Northern_Goshawk/ext_inat_20260504/inat_528161236_b1459326.jpg,4,Ootaka
tool_bird_class_train/Ootaka_Northern_Goshawk/ext_inat_20260504/inat_528498173_18f0a8cf.jpg,4,Ootaka
tool_bird_class_train/Ootaka_Northern_Goshawk/ext_inat_20260504/inat_528525445_8cd15f0b.jpg,4,Ootaka
tool_bird_class_train/Ootaka_Northern_Goshawk/ext_inat_20260504/inat_536973793_875d2c1c.jpg,4,Ootaka
tool_bird_class_train/Ootaka_Northern_Goshawk/ext_inat_20260504/inat_537719688_7298e1ad.jpg,4,Ootaka
tool_bird_class_train/Ootaka_Northern_Goshawk/ext_inat_20260504/inat_537742179_019a9f9d.jpg,4,Ootaka
tool_bird_class_train/Ootaka_Northern_Goshawk/ext_inat_20260504/inat_537989860_9fafae5f.jpg,4,Ootaka
tool_bird_class_train/Ootaka_Northern_Goshawk/ext_inat_20260504/inat_540871391_1263e14b.jpg,4,Ootaka
tool_bird_class_train/Ootaka_Northern_Goshawk/ext_inat_20260504/inat_545346736_16508dd6.jpg,4,Ootaka
tool_bird_class_train/Ootaka_Northern_Goshawk/ext_inat_20260504/inat_545513470_5eadae13.jpg,4,Ootaka
tool_bird_class_train/Ootaka_Northern_Goshawk/ext_inat_20260504/inat_546238253_eea0ab3f.jpg,4,Ootaka
tool_bird_class_train/Ootaka_Northern_Goshawk/ext_inat_20260504/inat_546875132_443577d3.jpg,4,Ootaka
tool_bird_class_train/Ootaka_Northern_Goshawk/ext_inat_20260504/inat_547324135_c71f43cc.jpg,4,Ootaka
tool_bird_class_train/Ootaka_Northern_Goshawk/ext_inat_20260504/inat_54860379_261b55e9.jpg,4,Ootaka
tool_bird_class_train/Ootaka_Northern_Goshawk/ext_inat_20260504/inat_548734688_9ae9077a.jpg,4,Ootaka
tool_bird_class_train/Ootaka_Northern_Goshawk/ext_inat_20260504/inat_549338423_7a43de6a.jpg,4,Ootaka
tool_bird_class_train/Ootaka_Northern_Goshawk/ext_inat_20260504/inat_551246225_7544ac24.jpg,4,Ootaka
tool_bird_class_train/Ootaka_Northern_Goshawk/ext_inat_20260504/inat_552184329_a6f19c6b.jpg,4,Ootaka
tool_bird_class_train/Ootaka_Northern_Goshawk/ext_inat_20260504/inat_553079939_2d452ea8.jpg,4,Ootaka
tool_bird_class_train/Ootaka_Northern_Goshawk/ext_inat_20260504/inat_553653493_cb6ed9e6.jpg,4,Ootaka
tool_bird_class_train/Ootaka_Northern_Goshawk/ext_inat_20260504/inat_554343421_e235cb1d.jpg,4,Ootaka
tool_bird_class_train/Ootaka_Northern_Goshawk/ext_inat_20260504/inat_554752845_14a2b7d4.jpg,4,Ootaka
tool_bird_class_train/Ootaka_Northern_Goshawk/ext_inat_20260504/inat_554791840_46240a98.jpg,4,Ootaka
tool_bird_class_train/Ootaka_Northern_Goshawk/ext_inat_20260504/inat_555876318_f6391d63.jpg,4,Ootaka
tool_bird_class_train/Ootaka_Northern_Goshawk/ext_inat_20260504/inat_556180642_f807f123.jpg,4,Ootaka
tool_bird_class_train/Ootaka_Northern_Goshawk/ext_inat_20260504/inat_5567141_3fb680e2.jpg,4,Ootaka
tool_bird_class_train/Ootaka_Northern_Goshawk/ext_inat_20260504/inat_5567183_53928abb.jpg,4,Ootaka
tool_bird_class_train/Ootaka_Northern_Goshawk/ext_inat_20260504/inat_557948929_fb403680.jpg,4,Ootaka
tool_bird_class_train/Ootaka_Northern_Goshawk/ext_inat_20260504/inat_558662704_9adc45a6.jpg,4,Ootaka
tool_bird_class_train/Ootaka_Northern_Goshawk/ext_inat_20260504/inat_55904129_3cdab882.jpg,4,Ootaka
tool_bird_class_train/Ootaka_Northern_Goshawk/ext_inat_20260504/inat_559266989_15218c0a.jpg,4,Ootaka
tool_bird_class_train/Ootaka_Northern_Goshawk/ext_inat_20260504/inat_559862745_fae08952.jpg,4,Ootaka
tool_bird_class_train/Ootaka_Northern_Goshawk/ext_inat_20260504/inat_562395465_c4316269.jpg,4,Ootaka
tool_bird_class_train/Ootaka_Northern_Goshawk/ext_inat_20260504/inat_563602469_92c8440f.jpg,4,Ootaka
tool_bird_class_train/Ootaka_Northern_Goshawk/ext_inat_20260504/inat_564038687_89861827.jpg,4,Ootaka
tool_bird_class_train/Ootaka_Northern_Goshawk/ext_inat_20260504/inat_564118991_d6820e95.jpg,4,Ootaka
tool_bird_class_train/Ootaka_Northern_Goshawk/ext_inat_20260504/inat_564231494_7f515fb7.jpg,4,Ootaka
tool_bird_class_train/Ootaka_Northern_Goshawk/ext_inat_20260504/inat_564532252_f67da77c.jpg,4,Ootaka
tool_bird_class_train/Ootaka_Northern_Goshawk/ext_inat_20260504/inat_566460527_567ace61.jpg,4,Ootaka
tool_bird_class_train/Ootaka_Northern_Goshawk/ext_inat_20260504/inat_56695963_3c6c1582.jpg,4,Ootaka
tool_bird_class_train/Ootaka_Northern_Goshawk/ext_inat_20260504/inat_567277800_482dbcff.jpg,4,Ootaka
tool_bird_class_train/Ootaka_Northern_Goshawk/ext_inat_20260504/inat_567813793_230a1743.jpg,4,Ootaka
tool_bird_class_train/Ootaka_Northern_Goshawk/ext_inat_20260504/inat_568515519_a4ab3de6.jpg,4,Ootaka
tool_bird_class_train/Ootaka_Northern_Goshawk/ext_inat_20260504/inat_56952594_232cfa2b.jpg,4,Ootaka
tool_bird_class_train/Ootaka_Northern_Goshawk/ext_inat_20260504/inat_570093130_cd62053e.jpg,4,Ootaka
tool_bird_class_train/Ootaka_Northern_Goshawk/ext_inat_20260504/inat_570409929_2d63c428.jpg,4,Ootaka
tool_bird_class_train/Ootaka_Northern_Goshawk/ext_inat_20260504/inat_570962084_f1c6c4fd.jpg,4,Ootaka
tool_bird_class_train/Ootaka_Northern_Goshawk/ext_inat_20260504/inat_57221608_96104a24.jpg,4,Ootaka
tool_bird_class_train/Ootaka_Northern_Goshawk/ext_inat_20260504/inat_573187063_27d8dd36.jpg,4,Ootaka
tool_bird_class_train/Ootaka_Northern_Goshawk/ext_inat_20260504/inat_573948097_c2110d87.jpg,4,Ootaka
tool_bird_class_train/Ootaka_Northern_Goshawk/ext_inat_20260504/inat_574326977_3f651a84.jpg,4,Ootaka
tool_bird_class_train/Ootaka_Northern_Goshawk/ext_inat_20260504/inat_574641668_ec5c9f82.jpg,4,Ootaka
tool_bird_class_train/Ootaka_Northern_Goshawk/ext_inat_20260504/inat_577234698_fc78e6ef.jpg,4,Ootaka
tool_bird_class_train/Ootaka_Northern_Goshawk/ext_inat_20260504/inat_577298867_3b499244.jpg,4,Ootaka
tool_bird_class_train/Ootaka_Northern_Goshawk/ext_inat_20260504/inat_578763230_1a6a2746.jpg,4,Ootaka
tool_bird_class_train/Ootaka_Northern_Goshawk/ext_inat_20260504/inat_578763235_43361feb.jpg,4,Ootaka
tool_bird_class_train/Ootaka_Northern_Goshawk/ext_inat_20260504/inat_57994852_fabe48d4.jpg,4,Ootaka
tool_bird_class_train/Ootaka_Northern_Goshawk/ext_inat_20260504/inat_57994968_ad780854.jpg,4,Ootaka
tool_bird_class_train/Ootaka_Northern_Goshawk/ext_inat_20260504/inat_58092137_6e82f0b0.jpg,4,Ootaka
tool_bird_class_train/Ootaka_Northern_Goshawk/ext_inat_20260504/inat_580972455_16fcdbf9.jpg,4,Ootaka
tool_bird_class_train/Ootaka_Northern_Goshawk/ext_inat_20260504/inat_58161666_568e818b.jpg,4,Ootaka
tool_bird_class_train/Ootaka_Northern_Goshawk/ext_inat_20260504/inat_582477934_c4437565.jpg,4,Ootaka
tool_bird_class_train/Ootaka_Northern_Goshawk/ext_inat_20260504/inat_583169573_65bd478a.jpg,4,Ootaka
tool_bird_class_train/Ootaka_Northern_Goshawk/ext_inat_20260504/inat_58323593_48c64118.jpg,4,Ootaka
tool_bird_class_train/Ootaka_Northern_Goshawk/ext_inat_20260504/inat_583946859_4038f2ee.jpg,4,Ootaka
tool_bird_class_train/Ootaka_Northern_Goshawk/ext_inat_20260504/inat_585281745_ba9d15d3.jpg,4,Ootaka
tool_bird_class_train/Ootaka_Northern_Goshawk/ext_inat_20260504/inat_58636256_1af2f85e.jpg,4,Ootaka
tool_bird_class_train/Ootaka_Northern_Goshawk/ext_inat_20260504/inat_586603008_6750d6ef.jpg,4,Ootaka
tool_bird_class_train/Ootaka_Northern_Goshawk/ext_inat_20260504/inat_588128359_d2865517.jpg,4,Ootaka
tool_bird_class_train/Ootaka_Northern_Goshawk/ext_inat_20260504/inat_588732791_4d37ed9b.jpg,4,Ootaka
tool_bird_class_train/Ootaka_Northern_Goshawk/ext_inat_20260504/inat_589100276_fef1bf12.jpg,4,Ootaka
tool_bird_class_train/Ootaka_Northern_Goshawk/ext_inat_20260504/inat_589376622_957d2682.jpg,4,Ootaka
tool_bird_class_train/Ootaka_Northern_Goshawk/ext_inat_20260504/inat_590335693_81c3d272.jpg,4,Ootaka
tool_bird_class_train/Ootaka_Northern_Goshawk/ext_inat_20260504/inat_591565700_29fdb344.jpg,4,Ootaka
tool_bird_class_train/Ootaka_Northern_Goshawk/ext_inat_20260504/inat_592845819_076dec48.jpg,4,Ootaka
tool_bird_class_train/Ootaka_Northern_Goshawk/ext_inat_20260504/inat_593313695_5570c801.jpg,4,Ootaka
tool_bird_class_train/Ootaka_Northern_Goshawk/ext_inat_20260504/inat_593930496_aa302942.jpg,4,Ootaka
tool_bird_class_train/Ootaka_Northern_Goshawk/ext_inat_20260504/inat_595757178_223a077c.jpg,4,Ootaka
tool_bird_class_train/Ootaka_Northern_Goshawk/ext_inat_20260504/inat_595849817_97098d57.jpg,4,Ootaka
tool_bird_class_train/Ootaka_Northern_Goshawk/ext_inat_20260504/inat_596100154_9d853cd2.jpg,4,Ootaka
tool_bird_class_train/Ootaka_Northern_Goshawk/ext_inat_20260504/inat_596134881_9bf4ad6f.jpg,4,Ootaka
tool_bird_class_train/Ootaka_Northern_Goshawk/ext_inat_20260504/inat_597177434_fc4abc04.jpg,4,Ootaka
tool_bird_class_train/Ootaka_Northern_Goshawk/ext_inat_20260504/inat_597931705_cfbc6599.jpg,4,Ootaka
tool_bird_class_train/Ootaka_Northern_Goshawk/ext_inat_20260504/inat_597960173_ee03a7c5.jpg,4,Ootaka
tool_bird_class_train/Ootaka_Northern_Goshawk/ext_inat_20260504/inat_599002873_4f19066c.jpg,4,Ootaka
tool_bird_class_train/Ootaka_Northern_Goshawk/ext_inat_20260504/inat_599462953_f3b08bc9.jpg,4,Ootaka
tool_bird_class_train/Ootaka_Northern_Goshawk/ext_inat_20260504/inat_599482856_c63760f5.jpg,4,Ootaka
tool_bird_class_train/Ootaka_Northern_Goshawk/ext_inat_20260504/inat_599774208_67b8ac98.jpg,4,Ootaka
tool_bird_class_train/Ootaka_Northern_Goshawk/ext_inat_20260504/inat_599780924_c0f33284.jpg,4,Ootaka
tool_bird_class_train/Ootaka_Northern_Goshawk/ext_inat_20260504/inat_60028194_3dce4e07.jpg,4,Ootaka
tool_bird_class_train/Ootaka_Northern_Goshawk/ext_inat_20260504/inat_60086006_82dd49c3.jpg,4,Ootaka
tool_bird_class_train/Ootaka_Northern_Goshawk/ext_inat_20260504/inat_602964354_3ab1a9e8.jpg,4,Ootaka
tool_bird_class_train/Ootaka_Northern_Goshawk/ext_inat_20260504/inat_603102311_6805018d.jpg,4,Ootaka
tool_bird_class_train/Ootaka_Northern_Goshawk/ext_inat_20260504/inat_603611969_5c5db4f2.jpg,4,Ootaka
tool_bird_class_train/Ootaka_Northern_Goshawk/ext_inat_20260504/inat_604434571_b3f975b2.jpg,4,Ootaka
tool_bird_class_train/Ootaka_Northern_Goshawk/ext_inat_20260504/inat_604756868_853b0679.jpg,4,Ootaka
tool_bird_class_train/Ootaka_Northern_Goshawk/ext_inat_20260504/inat_604988289_f46b87d3.jpg,4,Ootaka
tool_bird_class_train/Ootaka_Northern_Goshawk/ext_inat_20260504/inat_605047938_d92b8ac4.jpg,4,Ootaka
tool_bird_class_train/Ootaka_Northern_Goshawk/ext_inat_20260504/inat_605330794_0601d3fa.jpg,4,Ootaka
tool_bird_class_train/Ootaka_Northern_Goshawk/ext_inat_20260504/inat_606402074_8bac9aac.jpg,4,Ootaka
tool_bird_class_train/Ootaka_Northern_Goshawk/ext_inat_20260504/inat_606407299_aaeb50f4.jpg,4,Ootaka
tool_bird_class_train/Ootaka_Northern_Goshawk/ext_inat_20260504/inat_606654348_6dd97b4e.jpg,4,Ootaka
tool_bird_class_train/Ootaka_Northern_Goshawk/ext_inat_20260504/inat_606878800_d04c0d09.jpg,4,Ootaka
tool_bird_class_train/Ootaka_Northern_Goshawk/ext_inat_20260504/inat_606906477_d5a330b3.jpg,4,Ootaka
tool_bird_class_train/Ootaka_Northern_Goshawk/ext_inat_20260504/inat_607389471_41f6142b.jpg,4,Ootaka
tool_bird_class_train/Ootaka_Northern_Goshawk/ext_inat_20260504/inat_607441538_904cb4b3.jpg,4,Ootaka
tool_bird_class_train/Ootaka_Northern_Goshawk/ext_inat_20260504/inat_607499109_3ee36bf8.jpg,4,Ootaka
tool_bird_class_train/Ootaka_Northern_Goshawk/ext_inat_20260504/inat_607703521_329e459b.jpg,4,Ootaka
tool_bird_class_train/Ootaka_Northern_Goshawk/ext_inat_20260504/inat_608129552_5a93c13b.jpg,4,Ootaka
tool_bird_class_train/Ootaka_Northern_Goshawk/ext_inat_20260504/inat_608315683_f3644647.jpg,4,Ootaka
tool_bird_class_train/Ootaka_Northern_Goshawk/ext_inat_20260504/inat_608351353_1894be9b.jpg,4,Ootaka
tool_bird_class_train/Ootaka_Northern_Goshawk/ext_inat_20260504/inat_608379738_24f34c7b.jpg,4,Ootaka
tool_bird_class_train/Ootaka_Northern_Goshawk/ext_inat_20260504/inat_608947680_5da03901.jpg,4,Ootaka
tool_bird_class_train/Ootaka_Northern_Goshawk/ext_inat_20260504/inat_609926387_648375db.jpg,4,Ootaka
tool_bird_class_train/Ootaka_Northern_Goshawk/ext_inat_20260504/inat_610106753_b6e5f053.jpg,4,Ootaka
tool_bird_class_train/Ootaka_Northern_Goshawk/ext_inat_20260504/inat_610197464_1deb0587.jpg,4,Ootaka
tool_bird_class_train/Ootaka_Northern_Goshawk/ext_inat_20260504/inat_61057219_bb697963.jpg,4,Ootaka
tool_bird_class_train/Ootaka_Northern_Goshawk/ext_inat_20260504/inat_610960087_5524107a.jpg,4,Ootaka
tool_bird_class_train/Ootaka_Northern_Goshawk/ext_inat_20260504/inat_611192278_f06bd78a.jpg,4,Ootaka
tool_bird_class_train/Ootaka_Northern_Goshawk/ext_inat_20260504/inat_611634669_c4df5eba.jpg,4,Ootaka
tool_bird_class_train/Ootaka_Northern_Goshawk/ext_inat_20260504/inat_612188191_437df76b.jpg,4,Ootaka
tool_bird_class_train/Ootaka_Northern_Goshawk/ext_inat_20260504/inat_612409078_fdb244e0.jpg,4,Ootaka
tool_bird_class_train/Ootaka_Northern_Goshawk/ext_inat_20260504/inat_612542026_a46b8ed3.jpg,4,Ootaka
tool_bird_class_train/Ootaka_Northern_Goshawk/ext_inat_20260504/inat_612786187_d1a4122e.jpg,4,Ootaka
tool_bird_class_train/Ootaka_Northern_Goshawk/ext_inat_20260504/inat_613230311_6a05d059.jpg,4,Ootaka
tool_bird_class_train/Ootaka_Northern_Goshawk/ext_inat_20260504/inat_61365970_633b07a7.jpg,4,Ootaka
tool_bird_class_train/Ootaka_Northern_Goshawk/ext_inat_20260504/inat_613895885_1c1bc188.jpg,4,Ootaka
tool_bird_class_train/Ootaka_Northern_Goshawk/ext_inat_20260504/inat_61426034_6ca81c22.jpg,4,Ootaka
tool_bird_class_train/Ootaka_Northern_Goshawk/ext_inat_20260504/inat_614463191_43725c7e.jpg,4,Ootaka
tool_bird_class_train/Ootaka_Northern_Goshawk/ext_inat_20260504/inat_615525597_018371ee.jpg,4,Ootaka
tool_bird_class_train/Ootaka_Northern_Goshawk/ext_inat_20260504/inat_615772244_b66e89e7.jpg,4,Ootaka
tool_bird_class_train/Ootaka_Northern_Goshawk/ext_inat_20260504/inat_616024201_0786e417.jpg,4,Ootaka
tool_bird_class_train/Ootaka_Northern_Goshawk/ext_inat_20260504/inat_616084292_1e48dc6e.jpg,4,Ootaka
tool_bird_class_train/Ootaka_Northern_Goshawk/ext_inat_20260504/inat_616297090_22958f84.jpg,4,Ootaka
tool_bird_class_train/Ootaka_Northern_Goshawk/ext_inat_20260504/inat_617154287_76b77454.jpg,4,Ootaka
tool_bird_class_train/Ootaka_Northern_Goshawk/ext_inat_20260504/inat_618060367_3e10fa65.jpg,4,Ootaka
tool_bird_class_train/Ootaka_Northern_Goshawk/ext_inat_20260504/inat_618336393_2641b42c.jpg,4,Ootaka
tool_bird_class_train/Ootaka_Northern_Goshawk/ext_inat_20260504/inat_618447948_114b1ecc.jpg,4,Ootaka
tool_bird_class_train/Ootaka_Northern_Goshawk/ext_inat_20260504/inat_618449027_ea527793.jpg,4,Ootaka
tool_bird_class_train/Ootaka_Northern_Goshawk/ext_inat_20260504/inat_618713601_b2ce5db1.jpg,4,Ootaka
tool_bird_class_train/Ootaka_Northern_Goshawk/ext_inat_20260504/inat_619437137_448bd294.jpg,4,Ootaka
tool_bird_class_train/Ootaka_Northern_Goshawk/ext_inat_20260504/inat_619548405_9e84abad.jpg,4,Ootaka
tool_bird_class_train/Ootaka_Northern_Goshawk/ext_inat_20260504/inat_619585175_1d143454.jpg,4,Ootaka
tool_bird_class_train/Ootaka_Northern_Goshawk/ext_inat_20260504/inat_619739283_bc14cd43.jpg,4,Ootaka
tool_bird_class_train/Ootaka_Northern_Goshawk/ext_inat_20260504/inat_619822305_51bcc6e0.jpg,4,Ootaka
tool_bird_class_train/Ootaka_Northern_Goshawk/ext_inat_20260504/inat_619906242_98f3571d.jpg,4,Ootaka
tool_bird_class_train/Ootaka_Northern_Goshawk/ext_inat_20260504/inat_621182843_253c49b2.jpg,4,Ootaka
tool_bird_class_train/Ootaka_Northern_Goshawk/ext_inat_20260504/inat_621192272_c833c17e.jpg,4,Ootaka
tool_bird_class_train/Ootaka_Northern_Goshawk/ext_inat_20260504/inat_621516861_16e241f3.jpg,4,Ootaka
tool_bird_class_train/Ootaka_Northern_Goshawk/ext_inat_20260504/inat_621912906_7f4fc210.jpg,4,Ootaka
tool_bird_class_train/Ootaka_Northern_Goshawk/ext_inat_20260504/inat_623573095_d3cb794c.jpg,4,Ootaka
tool_bird_class_train/Ootaka_Northern_Goshawk/ext_inat_20260504/inat_623689210_08a4b577.jpg,4,Ootaka
tool_bird_class_train/Ootaka_Northern_Goshawk/ext_inat_20260504/inat_623818214_87217c40.jpg,4,Ootaka
tool_bird_class_train/Ootaka_Northern_Goshawk/ext_inat_20260504/inat_624960970_6c567f10.jpg,4,Ootaka
tool_bird_class_train/Ootaka_Northern_Goshawk/ext_inat_20260504/inat_625217450_589a04e5.jpg,4,Ootaka
tool_bird_class_train/Ootaka_Northern_Goshawk/ext_inat_20260504/inat_627037361_8e62349a.jpg,4,Ootaka
tool_bird_class_train/Ootaka_Northern_Goshawk/ext_inat_20260504/inat_627072360_2dfc2709.jpg,4,Ootaka
tool_bird_class_train/Ootaka_Northern_Goshawk/ext_inat_20260504/inat_627215824_4367bd4c.jpg,4,Ootaka
tool_bird_class_train/Ootaka_Northern_Goshawk/ext_inat_20260504/inat_627470758_152e7e2e.jpg,4,Ootaka
tool_bird_class_train/Ootaka_Northern_Goshawk/ext_inat_20260504/inat_630042092_9e6af216.jpg,4,Ootaka
tool_bird_class_train/Ootaka_Northern_Goshawk/ext_inat_20260504/inat_63088575_188e3f64.jpg,4,Ootaka
tool_bird_class_train/Ootaka_Northern_Goshawk/ext_inat_20260504/inat_631916800_8b87df97.jpg,4,Ootaka
tool_bird_class_train/Ootaka_Northern_Goshawk/ext_inat_20260504/inat_633545975_c56f7215.jpg,4,Ootaka
tool_bird_class_train/Ootaka_Northern_Goshawk/ext_inat_20260504/inat_633734881_f69a9dcd.jpg,4,Ootaka
tool_bird_class_train/Ootaka_Northern_Goshawk/ext_inat_20260504/inat_633754059_37d48c24.jpg,4,Ootaka
tool_bird_class_train/Ootaka_Northern_Goshawk/ext_inat_20260504/inat_634677077_f5daf440.jpg,4,Ootaka
tool_bird_class_train/Ootaka_Northern_Goshawk/ext_inat_20260504/inat_634771182_097e0577.jpg,4,Ootaka
tool_bird_class_train/Ootaka_Northern_Goshawk/ext_inat_20260504/inat_636890838_94e9672c.jpg,4,Ootaka
tool_bird_class_train/Ootaka_Northern_Goshawk/ext_inat_20260504/inat_637519791_c11f523b.jpg,4,Ootaka
tool_bird_class_train/Ootaka_Northern_Goshawk/ext_inat_20260504/inat_638460266_1a72cd52.jpg,4,Ootaka
tool_bird_class_train/Ootaka_Northern_Goshawk/ext_inat_20260504/inat_639509942_14781ff2.jpg,4,Ootaka
tool_bird_class_train/Ootaka_Northern_Goshawk/ext_inat_20260504/inat_641792872_b8beab39.jpg,4,Ootaka
tool_bird_class_train/Ootaka_Northern_Goshawk/ext_inat_20260504/inat_642320179_594bac88.jpg,4,Ootaka
tool_bird_class_train/Ootaka_Northern_Goshawk/ext_inat_20260504/inat_643367212_c9f707a8.jpg,4,Ootaka
tool_bird_class_train/Ootaka_Northern_Goshawk/ext_inat_20260504/inat_645897942_436972a5.jpg,4,Ootaka
tool_bird_class_train/Ootaka_Northern_Goshawk/ext_inat_20260504/inat_645898062_bc447502.jpg,4,Ootaka
tool_bird_class_train/Ootaka_Northern_Goshawk/ext_inat_20260504/inat_646863090_8a7484e9.jpg,4,Ootaka
tool_bird_class_train/Ootaka_Northern_Goshawk/ext_inat_20260504/inat_647857867_6b167ff7.jpg,4,Ootaka
tool_bird_class_train/Ootaka_Northern_Goshawk/ext_inat_20260504/inat_64803817_adda18a8.jpg,4,Ootaka
tool_bird_class_train/Ootaka_Northern_Goshawk/ext_inat_20260504/inat_649205499_ca184052.jpg,4,Ootaka
tool_bird_class_train/Ootaka_Northern_Goshawk/ext_inat_20260504/inat_652768974_eb662b4a.jpg,4,Ootaka
tool_bird_class_train/Ootaka_Northern_Goshawk/ext_inat_20260504/inat_66635248_5907e002.jpg,4,Ootaka
tool_bird_class_train/Ootaka_Northern_Goshawk/ext_inat_20260504/inat_66816703_62eac8dc.jpg,4,Ootaka
tool_bird_class_train/Ootaka_Northern_Goshawk/ext_inat_20260504/inat_70511362_6fb64ec4.jpg,4,Ootaka
tool_bird_class_train/Ootaka_Northern_Goshawk/ext_inat_20260504/inat_72437162_d74b8336.jpg,4,Ootaka
tool_bird_class_train/Ootaka_Northern_Goshawk/ext_inat_20260504/inat_74173186_8d25327d.jpg,4,Ootaka
tool_bird_class_train/Ootaka_Northern_Goshawk/ext_inat_20260504/inat_74479760_91bb74b0.jpg,4,Ootaka
tool_bird_class_train/Ootaka_Northern_Goshawk/ext_inat_20260504/inat_76106768_8cafdf73.jpg,4,Ootaka
tool_bird_class_train/Ootaka_Northern_Goshawk/ext_inat_20260504/inat_83079358_45c2a983.jpg,4,Ootaka
tool_bird_class_train/Ootaka_Northern_Goshawk/ext_inat_20260504/inat_85016532_a143c53b.jpg,4,Ootaka
tool_bird_class_train/Ootaka_Northern_Goshawk/ext_inat_20260504/inat_88515261_967b41f5.jpg,4,Ootaka
tool_bird_class_train/Ootaka_Northern_Goshawk/ext_inat_20260504/inat_91056857_af76c025.jpg,4,Ootaka
tool_bird_class_train/Ootaka_Northern_Goshawk/ext_inat_20260504/inat_94960171_8010fa7b.jpg,4,Ootaka
tool_bird_class_train/Ootaka_Northern_Goshawk/ext_inat_20260504/inat_95020344_fde2ac44.jpg,4,Ootaka
tool_bird_class_train/Ootaka_Northern_Goshawk/ext_inat_20260504/inat_95850328_10a97434.jpg,4,Ootaka
tool_bird_class_train/Ootaka_Northern_Goshawk/ext_inat_20260504/inat_96974886_66f2d658.jpg,4,Ootaka
tool_bird_class_train/Ootaka_Northern_Goshawk/ext_inat_20260504/inat_96979070_d6d89b9b.jpg,4,Ootaka
tool_bird_class_train/Ootaka_Northern_Goshawk/ext_wikimedia_20260504/wm_012903398ce6.jpg,4,Ootaka
tool_bird_class_train/Ootaka_Northern_Goshawk/ext_wikimedia_20260504/wm_02606a590a0e.jpg,4,Ootaka
tool_bird_class_train/Ootaka_Northern_Goshawk/ext_wikimedia_20260504/wm_026baed3d85f.jpg,4,Ootaka
tool_bird_class_train/Ootaka_Northern_Goshawk/ext_wikimedia_20260504/wm_042ff27138d2.jpg,4,Ootaka
tool_bird_class_train/Ootaka_Northern_Goshawk/ext_wikimedia_20260504/wm_05f6d215cac8.jpg,4,Ootaka
tool_bird_class_train/Ootaka_Northern_Goshawk/ext_wikimedia_20260504/wm_060434e91d1f.jpg,4,Ootaka
tool_bird_class_train/Ootaka_Northern_Goshawk/ext_wikimedia_20260504/wm_08496fd9251a.jpg,4,Ootaka
tool_bird_class_train/Ootaka_Northern_Goshawk/ext_wikimedia_20260504/wm_085ffa2bf8cc.jpg,4,Ootaka
tool_bird_class_train/Ootaka_Northern_Goshawk/ext_wikimedia_20260504/wm_08b1ecef54eb.jpg,4,Ootaka
tool_bird_class_train/Ootaka_Northern_Goshawk/ext_wikimedia_20260504/wm_0a2056855dec.jpg,4,Ootaka
tool_bird_class_train/Ootaka_Northern_Goshawk/ext_wikimedia_20260504/wm_0a496da908e5.jpg,4,Ootaka
tool_bird_class_train/Ootaka_Northern_Goshawk/ext_wikimedia_20260504/wm_0cb86ae340bc.jpg,4,Ootaka
tool_bird_class_train/Ootaka_Northern_Goshawk/ext_wikimedia_20260504/wm_0e643d0bf192.jpg,4,Ootaka
tool_bird_class_train/Ootaka_Northern_Goshawk/ext_wikimedia_20260504/wm_0ef14cb84b4d.jpg,4,Ootaka
tool_bird_class_train/Ootaka_Northern_Goshawk/ext_wikimedia_20260504/wm_106213ecfb1c.jpg,4,Ootaka
tool_bird_class_train/Ootaka_Northern_Goshawk/ext_wikimedia_20260504/wm_11fd1603640e.jpg,4,Ootaka
tool_bird_class_train/Ootaka_Northern_Goshawk/ext_wikimedia_20260504/wm_12deae2b867a.jpg,4,Ootaka
tool_bird_class_train/Ootaka_Northern_Goshawk/ext_wikimedia_20260504/wm_13c3ae06308f.jpg,4,Ootaka
tool_bird_class_train/Ootaka_Northern_Goshawk/ext_wikimedia_20260504/wm_14fd47b092cf.jpg,4,Ootaka
tool_bird_class_train/Ootaka_Northern_Goshawk/ext_wikimedia_20260504/wm_14ff9cee7459.jpg,4,Ootaka
tool_bird_class_train/Ootaka_Northern_Goshawk/ext_wikimedia_20260504/wm_15cb89071556.png,4,Ootaka
tool_bird_class_train/Ootaka_Northern_Goshawk/ext_wikimedia_20260504/wm_1769ef662a46.jpg,4,Ootaka
tool_bird_class_train/Ootaka_Northern_Goshawk/ext_wikimedia_20260504/wm_17fe540160d8.jpg,4,Ootaka
tool_bird_class_train/Ootaka_Northern_Goshawk/ext_wikimedia_20260504/wm_1890d4c72fb2.jpg,4,Ootaka
tool_bird_class_train/Ootaka_Northern_Goshawk/ext_wikimedia_20260504/wm_195142d2ac6e.jpg,4,Ootaka
tool_bird_class_train/Ootaka_Northern_Goshawk/ext_wikimedia_20260504/wm_1c02c70fe7e5.jpg,4,Ootaka
tool_bird_class_train/Ootaka_Northern_Goshawk/ext_wikimedia_20260504/wm_1c559eb80086.jpg,4,Ootaka
tool_bird_class_train/Ootaka_Northern_Goshawk/ext_wikimedia_20260504/wm_1d53ac68266a.jpg,4,Ootaka
tool_bird_class_train/Ootaka_Northern_Goshawk/ext_wikimedia_20260504/wm_1ea0fe3bec8f.png,4,Ootaka
tool_bird_class_train/Ootaka_Northern_Goshawk/ext_wikimedia_20260504/wm_1fe1c5783107.jpg,4,Ootaka
tool_bird_class_train/Ootaka_Northern_Goshawk/ext_wikimedia_20260504/wm_1fe931cb654b.png,4,Ootaka
tool_bird_class_train/Ootaka_Northern_Goshawk/ext_wikimedia_20260504/wm_204e081d7442.jpg,4,Ootaka
tool_bird_class_train/Ootaka_Northern_Goshawk/ext_wikimedia_20260504/wm_219a7cdbebb2.jpg,4,Ootaka
tool_bird_class_train/Ootaka_Northern_Goshawk/ext_wikimedia_20260504/wm_21a7a4ac19ed.jpg,4,Ootaka
tool_bird_class_train/Ootaka_Northern_Goshawk/ext_wikimedia_20260504/wm_250323fd7553.jpg,4,Ootaka
tool_bird_class_train/Ootaka_Northern_Goshawk/ext_wikimedia_20260504/wm_271347fff543.jpg,4,Ootaka
tool_bird_class_train/Ootaka_Northern_Goshawk/ext_wikimedia_20260504/wm_2722d94b996e.jpg,4,Ootaka
tool_bird_class_train/Ootaka_Northern_Goshawk/ext_wikimedia_20260504/wm_28370be76e3a.jpg,4,Ootaka
tool_bird_class_train/Ootaka_Northern_Goshawk/ext_wikimedia_20260504/wm_2bee5c82337e.jpg,4,Ootaka
tool_bird_class_train/Ootaka_Northern_Goshawk/ext_wikimedia_20260504/wm_2bfa5e140831.jpg,4,Ootaka
tool_bird_class_train/Ootaka_Northern_Goshawk/ext_wikimedia_20260504/wm_2c34c9a27b67.jpg,4,Ootaka
tool_bird_class_train/Ootaka_Northern_Goshawk/ext_wikimedia_20260504/wm_2d83960dfb9a.jpg,4,Ootaka
tool_bird_class_train/Ootaka_Northern_Goshawk/ext_wikimedia_20260504/wm_2dba8a7cf194.jpg,4,Ootaka
tool_bird_class_train/Ootaka_Northern_Goshawk/ext_wikimedia_20260504/wm_3158b2c005bd.jpg,4,Ootaka
tool_bird_class_train/Ootaka_Northern_Goshawk/ext_wikimedia_20260504/wm_319fb68d8e57.jpg,4,Ootaka
tool_bird_class_train/Ootaka_Northern_Goshawk/ext_wikimedia_20260504/wm_329c0cbbd528.jpg,4,Ootaka
tool_bird_class_train/Ootaka_Northern_Goshawk/ext_wikimedia_20260504/wm_331dd38fcbc1.jpg,4,Ootaka
tool_bird_class_train/Ootaka_Northern_Goshawk/ext_wikimedia_20260504/wm_33a7c1fcd5c5.jpg,4,Ootaka
tool_bird_class_train/Ootaka_Northern_Goshawk/ext_wikimedia_20260504/wm_345eebd3ac8d.jpg,4,Ootaka
tool_bird_class_train/Ootaka_Northern_Goshawk/ext_wikimedia_20260504/wm_351d56429d7c.jpg,4,Ootaka
tool_bird_class_train/Ootaka_Northern_Goshawk/ext_wikimedia_20260504/wm_377e8e5d2191.jpg,4,Ootaka
tool_bird_class_train/Ootaka_Northern_Goshawk/ext_wikimedia_20260504/wm_3906d7d8b161.jpg,4,Ootaka
tool_bird_class_train/Ootaka_Northern_Goshawk/ext_wikimedia_20260504/wm_399125e62593.jpg,4,Ootaka
tool_bird_class_train/Ootaka_Northern_Goshawk/ext_wikimedia_20260504/wm_3c5f2db5d119.jpg,4,Ootaka
tool_bird_class_train/Ootaka_Northern_Goshawk/ext_wikimedia_20260504/wm_3cd9fe1c6941.jpg,4,Ootaka
tool_bird_class_train/Ootaka_Northern_Goshawk/ext_wikimedia_20260504/wm_3dd14aacad15.jpg,4,Ootaka
tool_bird_class_train/Ootaka_Northern_Goshawk/ext_wikimedia_20260504/wm_3e88eb1ca40b.jpg,4,Ootaka
tool_bird_class_train/Ootaka_Northern_Goshawk/ext_wikimedia_20260504/wm_3f7b9281e28e.jpg,4,Ootaka
tool_bird_class_train/Ootaka_Northern_Goshawk/ext_wikimedia_20260504/wm_3fff24e1cd43.jpg,4,Ootaka
tool_bird_class_train/Ootaka_Northern_Goshawk/ext_wikimedia_20260504/wm_423a820b6730.jpg,4,Ootaka
tool_bird_class_train/Ootaka_Northern_Goshawk/ext_wikimedia_20260504/wm_470e37198d70.jpg,4,Ootaka
tool_bird_class_train/Ootaka_Northern_Goshawk/ext_wikimedia_20260504/wm_48db8b294b65.jpg,4,Ootaka
tool_bird_class_train/Ootaka_Northern_Goshawk/ext_wikimedia_20260504/wm_4994d4362e88.jpg,4,Ootaka
tool_bird_class_train/Ootaka_Northern_Goshawk/ext_wikimedia_20260504/wm_4a0b3770bbe2.jpg,4,Ootaka
tool_bird_class_train/Ootaka_Northern_Goshawk/ext_wikimedia_20260504/wm_4c7de9437c43.jpg,4,Ootaka
tool_bird_class_train/Ootaka_Northern_Goshawk/ext_wikimedia_20260504/wm_4cc3a6445641.jpg,4,Ootaka
tool_bird_class_train/Ootaka_Northern_Goshawk/ext_wikimedia_20260504/wm_517750080875.jpg,4,Ootaka
tool_bird_class_train/Ootaka_Northern_Goshawk/ext_wikimedia_20260504/wm_55756ecf4014.jpg,4,Ootaka
tool_bird_class_train/Ootaka_Northern_Goshawk/ext_wikimedia_20260504/wm_565d87c41a91.jpg,4,Ootaka
tool_bird_class_train/Ootaka_Northern_Goshawk/ext_wikimedia_20260504/wm_5724795d6692.jpg,4,Ootaka
tool_bird_class_train/Ootaka_Northern_Goshawk/ext_wikimedia_20260504/wm_5af2c1788b0c.jpg,4,Ootaka
tool_bird_class_train/Ootaka_Northern_Goshawk/ext_wikimedia_20260504/wm_5ca91447ec92.jpg,4,Ootaka
tool_bird_class_train/Ootaka_Northern_Goshawk/ext_wikimedia_20260504/wm_5d32b17919d5.jpg,4,Ootaka
tool_bird_class_train/Ootaka_Northern_Goshawk/ext_wikimedia_20260504/wm_5d51ff75c3c8.jpg,4,Ootaka
tool_bird_class_train/Ootaka_Northern_Goshawk/ext_wikimedia_20260504/wm_636376a6c431.jpg,4,Ootaka
tool_bird_class_train/Ootaka_Northern_Goshawk/ext_wikimedia_20260504/wm_648dc9fdfef1.jpg,4,Ootaka
tool_bird_class_train/Ootaka_Northern_Goshawk/ext_wikimedia_20260504/wm_65b84da49b06.jpg,4,Ootaka
tool_bird_class_train/Ootaka_Northern_Goshawk/ext_wikimedia_20260504/wm_66a2e263dec4.jpg,4,Ootaka
tool_bird_class_train/Ootaka_Northern_Goshawk/ext_wikimedia_20260504/wm_695592123ff4.jpg,4,Ootaka
tool_bird_class_train/Ootaka_Northern_Goshawk/ext_wikimedia_20260504/wm_6b511d8c38a8.jpg,4,Ootaka
tool_bird_class_train/Ootaka_Northern_Goshawk/ext_wikimedia_20260504/wm_6c3594192b34.jpg,4,Ootaka
tool_bird_class_train/Ootaka_Northern_Goshawk/ext_wikimedia_20260504/wm_6c57247bda22.jpg,4,Ootaka
tool_bird_class_train/Ootaka_Northern_Goshawk/ext_wikimedia_20260504/wm_6c8c080a03a6.jpg,4,Ootaka
tool_bird_class_train/Ootaka_Northern_Goshawk/ext_wikimedia_20260504/wm_6df66cc41b4f.jpg,4,Ootaka
tool_bird_class_train/Ootaka_Northern_Goshawk/ext_wikimedia_20260504/wm_6f5f83e12436.jpg,4,Ootaka
tool_bird_class_train/Ootaka_Northern_Goshawk/ext_wikimedia_20260504/wm_72506335fb44.jpg,4,Ootaka
tool_bird_class_train/Ootaka_Northern_Goshawk/ext_wikimedia_20260504/wm_7424c1bf6441.jpg,4,Ootaka
tool_bird_class_train/Ootaka_Northern_Goshawk/ext_wikimedia_20260504/wm_74ae4526a1ee.jpg,4,Ootaka
tool_bird_class_train/Ootaka_Northern_Goshawk/ext_wikimedia_20260504/wm_75b7a775b3be.jpg,4,Ootaka
tool_bird_class_train/Ootaka_Northern_Goshawk/ext_wikimedia_20260504/wm_75fbc5a6ea8f.jpg,4,Ootaka
tool_bird_class_train/Ootaka_Northern_Goshawk/ext_wikimedia_20260504/wm_78019357fb25.png,4,Ootaka
tool_bird_class_train/Ootaka_Northern_Goshawk/ext_wikimedia_20260504/wm_7834c6f7a10e.jpg,4,Ootaka
tool_bird_class_train/Ootaka_Northern_Goshawk/ext_wikimedia_20260504/wm_7919e48d3149.png,4,Ootaka
tool_bird_class_train/Ootaka_Northern_Goshawk/ext_wikimedia_20260504/wm_7a67ba954c06.jpg,4,Ootaka
tool_bird_class_train/Ootaka_Northern_Goshawk/ext_wikimedia_20260504/wm_7afcf0a203cd.png,4,Ootaka
tool_bird_class_train/Ootaka_Northern_Goshawk/ext_wikimedia_20260504/wm_7b59e3160ce1.jpg,4,Ootaka
tool_bird_class_train/Ootaka_Northern_Goshawk/ext_wikimedia_20260504/wm_7bc005379a02.jpg,4,Ootaka
tool_bird_class_train/Ootaka_Northern_Goshawk/ext_wikimedia_20260504/wm_7d77f2dceb73.jpg,4,Ootaka
tool_bird_class_train/Ootaka_Northern_Goshawk/ext_wikimedia_20260504/wm_7e0a590ecae9.jpg,4,Ootaka
tool_bird_class_train/Ootaka_Northern_Goshawk/ext_wikimedia_20260504/wm_80f5044821b9.jpg,4,Ootaka
tool_bird_class_train/Ootaka_Northern_Goshawk/ext_wikimedia_20260504/wm_81e16320d9b9.jpg,4,Ootaka
tool_bird_class_train/Ootaka_Northern_Goshawk/ext_wikimedia_20260504/wm_81fba9c41c9d.jpg,4,Ootaka
tool_bird_class_train/Ootaka_Northern_Goshawk/ext_wikimedia_20260504/wm_824215f8b556.jpg,4,Ootaka
tool_bird_class_train/Ootaka_Northern_Goshawk/ext_wikimedia_20260504/wm_82a8495076ea.jpg,4,Ootaka
tool_bird_class_train/Ootaka_Northern_Goshawk/ext_wikimedia_20260504/wm_83bd1f593e88.jpg,4,Ootaka
tool_bird_class_train/Ootaka_Northern_Goshawk/ext_wikimedia_20260504/wm_849b91042f17.jpg,4,Ootaka
tool_bird_class_train/Ootaka_Northern_Goshawk/ext_wikimedia_20260504/wm_85a71faa0233.jpg,4,Ootaka
tool_bird_class_train/Ootaka_Northern_Goshawk/ext_wikimedia_20260504/wm_8662ef9f6feb.jpg,4,Ootaka
tool_bird_class_train/Ootaka_Northern_Goshawk/ext_wikimedia_20260504/wm_86b3d2b86d80.jpg,4,Ootaka
tool_bird_class_train/Ootaka_Northern_Goshawk/ext_wikimedia_20260504/wm_86bc5452c512.jpg,4,Ootaka
tool_bird_class_train/Ootaka_Northern_Goshawk/ext_wikimedia_20260504/wm_86eb4b334776.jpg,4,Ootaka
tool_bird_class_train/Ootaka_Northern_Goshawk/ext_wikimedia_20260504/wm_8829e5ce9461.jpg,4,Ootaka
tool_bird_class_train/Ootaka_Northern_Goshawk/ext_wikimedia_20260504/wm_8a223fa63789.jpg,4,Ootaka
tool_bird_class_train/Ootaka_Northern_Goshawk/ext_wikimedia_20260504/wm_8bd47c3aac24.jpg,4,Ootaka
tool_bird_class_train/Ootaka_Northern_Goshawk/ext_wikimedia_20260504/wm_8cee917c970f.jpg,4,Ootaka
tool_bird_class_train/Ootaka_Northern_Goshawk/ext_wikimedia_20260504/wm_8f7d734103e4.jpg,4,Ootaka
tool_bird_class_train/Ootaka_Northern_Goshawk/ext_wikimedia_20260504/wm_90376e4bb70f.jpg,4,Ootaka
tool_bird_class_train/Ootaka_Northern_Goshawk/ext_wikimedia_20260504/wm_919ecebaeac5.jpg,4,Ootaka
tool_bird_class_train/Ootaka_Northern_Goshawk/ext_wikimedia_20260504/wm_933e4c51481b.jpg,4,Ootaka
tool_bird_class_train/Ootaka_Northern_Goshawk/ext_wikimedia_20260504/wm_968e7b145278.jpg,4,Ootaka
tool_bird_class_train/Ootaka_Northern_Goshawk/ext_wikimedia_20260504/wm_98ab26daf8f0.jpg,4,Ootaka
tool_bird_class_train/Ootaka_Northern_Goshawk/ext_wikimedia_20260504/wm_9ba740f5a4cd.jpg,4,Ootaka
tool_bird_class_train/Ootaka_Northern_Goshawk/ext_wikimedia_20260504/wm_9d7a5c3f1e34.png,4,Ootaka
tool_bird_class_train/Ootaka_Northern_Goshawk/ext_wikimedia_20260504/wm_a1589a51e509.jpg,4,Ootaka
tool_bird_class_train/Ootaka_Northern_Goshawk/ext_wikimedia_20260504/wm_a18496f9b1d1.jpg,4,Ootaka
tool_bird_class_train/Ootaka_Northern_Goshawk/ext_wikimedia_20260504/wm_a18596185b71.jpg,4,Ootaka
tool_bird_class_train/Ootaka_Northern_Goshawk/ext_wikimedia_20260504/wm_a417670abb6d.jpg,4,Ootaka
tool_bird_class_train/Ootaka_Northern_Goshawk/ext_wikimedia_20260504/wm_a4a8c62de704.jpg,4,Ootaka
tool_bird_class_train/Ootaka_Northern_Goshawk/ext_wikimedia_20260504/wm_a58536459c07.jpg,4,Ootaka
tool_bird_class_train/Ootaka_Northern_Goshawk/ext_wikimedia_20260504/wm_a7cea61a62e6.jpg,4,Ootaka
tool_bird_class_train/Ootaka_Northern_Goshawk/ext_wikimedia_20260504/wm_aa095793e870.jpg,4,Ootaka
tool_bird_class_train/Ootaka_Northern_Goshawk/ext_wikimedia_20260504/wm_ab42cf01c4f0.jpg,4,Ootaka
tool_bird_class_train/Ootaka_Northern_Goshawk/ext_wikimedia_20260504/wm_ace4c5bdf02b.jpg,4,Ootaka
tool_bird_class_train/Ootaka_Northern_Goshawk/ext_wikimedia_20260504/wm_b05e55f2166a.jpg,4,Ootaka
tool_bird_class_train/Ootaka_Northern_Goshawk/ext_wikimedia_20260504/wm_b380eed1a53a.jpg,4,Ootaka
tool_bird_class_train/Ootaka_Northern_Goshawk/ext_wikimedia_20260504/wm_b516fb042b58.jpg,4,Ootaka
tool_bird_class_train/Ootaka_Northern_Goshawk/ext_wikimedia_20260504/wm_b57e42112785.jpg,4,Ootaka
tool_bird_class_train/Ootaka_Northern_Goshawk/ext_wikimedia_20260504/wm_b660829f9f75.jpg,4,Ootaka
tool_bird_class_train/Ootaka_Northern_Goshawk/ext_wikimedia_20260504/wm_b8803265bc85.jpg,4,Ootaka
tool_bird_class_train/Ootaka_Northern_Goshawk/ext_wikimedia_20260504/wm_b96ecc145896.jpg,4,Ootaka
tool_bird_class_train/Ootaka_Northern_Goshawk/ext_wikimedia_20260504/wm_ba118a08bcdb.jpg,4,Ootaka
tool_bird_class_train/Ootaka_Northern_Goshawk/ext_wikimedia_20260504/wm_c02babf34958.jpg,4,Ootaka
tool_bird_class_train/Ootaka_Northern_Goshawk/ext_wikimedia_20260504/wm_c10be77baa7c.jpg,4,Ootaka
tool_bird_class_train/Ootaka_Northern_Goshawk/ext_wikimedia_20260504/wm_c146904c94a8.jpg,4,Ootaka
tool_bird_class_train/Ootaka_Northern_Goshawk/ext_wikimedia_20260504/wm_c1b83da2ae55.jpg,4,Ootaka
tool_bird_class_train/Ootaka_Northern_Goshawk/ext_wikimedia_20260504/wm_c20da699dc70.jpg,4,Ootaka
tool_bird_class_train/Ootaka_Northern_Goshawk/ext_wikimedia_20260504/wm_c226e8c4dde0.jpg,4,Ootaka
tool_bird_class_train/Ootaka_Northern_Goshawk/ext_wikimedia_20260504/wm_c4a63cc4261e.png,4,Ootaka
tool_bird_class_train/Ootaka_Northern_Goshawk/ext_wikimedia_20260504/wm_c59407536077.jpg,4,Ootaka
tool_bird_class_train/Ootaka_Northern_Goshawk/ext_wikimedia_20260504/wm_c63808ea9237.jpg,4,Ootaka
tool_bird_class_train/Ootaka_Northern_Goshawk/ext_wikimedia_20260504/wm_c6755aa5b06d.jpg,4,Ootaka
tool_bird_class_train/Ootaka_Northern_Goshawk/ext_wikimedia_20260504/wm_c70e137bd977.jpg,4,Ootaka
tool_bird_class_train/Ootaka_Northern_Goshawk/ext_wikimedia_20260504/wm_ca1fdec76657.jpg,4,Ootaka
tool_bird_class_train/Ootaka_Northern_Goshawk/ext_wikimedia_20260504/wm_ca7e7264c179.jpg,4,Ootaka
tool_bird_class_train/Ootaka_Northern_Goshawk/ext_wikimedia_20260504/wm_cb8e13e1d40b.jpg,4,Ootaka
tool_bird_class_train/Ootaka_Northern_Goshawk/ext_wikimedia_20260504/wm_ccb8b0e30a86.jpg,4,Ootaka
tool_bird_class_train/Ootaka_Northern_Goshawk/ext_wikimedia_20260504/wm_cd225a9645e5.jpg,4,Ootaka
tool_bird_class_train/Ootaka_Northern_Goshawk/ext_wikimedia_20260504/wm_ced90c2dba30.jpg,4,Ootaka
tool_bird_class_train/Ootaka_Northern_Goshawk/ext_wikimedia_20260504/wm_cefae1c7351d.jpg,4,Ootaka
tool_bird_class_train/Ootaka_Northern_Goshawk/ext_wikimedia_20260504/wm_d13c2a1012d0.jpg,4,Ootaka
tool_bird_class_train/Ootaka_Northern_Goshawk/ext_wikimedia_20260504/wm_d3ebc397874b.jpg,4,Ootaka
tool_bird_class_train/Ootaka_Northern_Goshawk/ext_wikimedia_20260504/wm_d714976884d8.jpg,4,Ootaka
tool_bird_class_train/Ootaka_Northern_Goshawk/ext_wikimedia_20260504/wm_d85827c6d002.jpg,4,Ootaka
tool_bird_class_train/Ootaka_Northern_Goshawk/ext_wikimedia_20260504/wm_dd61e686256b.jpg,4,Ootaka
tool_bird_class_train/Ootaka_Northern_Goshawk/ext_wikimedia_20260504/wm_dd70a2d0ea67.jpg,4,Ootaka
tool_bird_class_train/Ootaka_Northern_Goshawk/ext_wikimedia_20260504/wm_e0735ca1a9e7.jpg,4,Ootaka
tool_bird_class_train/Ootaka_Northern_Goshawk/ext_wikimedia_20260504/wm_e102b426227b.jpg,4,Ootaka
tool_bird_class_train/Ootaka_Northern_Goshawk/ext_wikimedia_20260504/wm_e11b5b55ceb2.jpg,4,Ootaka
tool_bird_class_train/Ootaka_Northern_Goshawk/ext_wikimedia_20260504/wm_e6e6894761e2.png,4,Ootaka
tool_bird_class_train/Ootaka_Northern_Goshawk/ext_wikimedia_20260504/wm_e834f2ba87f0.jpg,4,Ootaka
tool_bird_class_train/Ootaka_Northern_Goshawk/ext_wikimedia_20260504/wm_e8c14ef495a2.jpg,4,Ootaka
tool_bird_class_train/Ootaka_Northern_Goshawk/ext_wikimedia_20260504/wm_e9677c6aa933.jpg,4,Ootaka
tool_bird_class_train/Ootaka_Northern_Goshawk/ext_wikimedia_20260504/wm_ebeba28191aa.jpg,4,Ootaka
tool_bird_class_train/Ootaka_Northern_Goshawk/ext_wikimedia_20260504/wm_ed5cee608b92.jpg,4,Ootaka
tool_bird_class_train/Ootaka_Northern_Goshawk/ext_wikimedia_20260504/wm_eddf2c4ec666.jpg,4,Ootaka
tool_bird_class_train/Ootaka_Northern_Goshawk/ext_wikimedia_20260504/wm_ede565a72ace.jpg,4,Ootaka
tool_bird_class_train/Ootaka_Northern_Goshawk/ext_wikimedia_20260504/wm_eeb5247e4b6a.jpg,4,Ootaka
tool_bird_class_train/Ootaka_Northern_Goshawk/ext_wikimedia_20260504/wm_ef748b22b427.jpg,4,Ootaka
tool_bird_class_train/Ootaka_Northern_Goshawk/ext_wikimedia_20260504/wm_efb1a2541c98.jpg,4,Ootaka
tool_bird_class_train/Ootaka_Northern_Goshawk/ext_wikimedia_20260504/wm_f05826c5840d.jpg,4,Ootaka
tool_bird_class_train/Ootaka_Northern_Goshawk/ext_wikimedia_20260504/wm_f142a3c35b64.jpg,4,Ootaka
tool_bird_class_train/Ootaka_Northern_Goshawk/ext_wikimedia_20260504/wm_f4aa42b11e85.jpg,4,Ootaka
tool_bird_class_train/Ootaka_Northern_Goshawk/ext_wikimedia_20260504/wm_f763a28cc6e9.jpg,4,Ootaka
tool_bird_class_train/Ootaka_Northern_Goshawk/ext_wikimedia_20260504/wm_f90e032fa668.jpg,4,Ootaka
tool_bird_class_train/Ootaka_Northern_Goshawk/ext_wikimedia_20260504/wm_f9b259afecb8.jpg,4,Ootaka
tool_bird_class_train/Ootaka_Northern_Goshawk/ext_wikimedia_20260504/wm_faf659bd2934.jpg,4,Ootaka
tool_bird_class_train/Ootaka_Northern_Goshawk/ext_wikimedia_20260504/wm_fb72264df3be.jpg,4,Ootaka
tool_bird_class_train/Ootaka_Northern_Goshawk/ext_wikimedia_20260504/wm_fd566c957a71.jpg,4,Ootaka
tool_bird_class_train/Ootaka_Northern_Goshawk/ext_wikimedia_20260504/wm_fe6bbeff20a7.jpg,4,Ootaka
tool_bird_class_train/Ootaka_Northern_Goshawk/inat_3113/0931664d-2e51-4715-bb8d-cd98ef6795c8.jpg,4,Ootaka
tool_bird_class_train/Ootaka_Northern_Goshawk/inat_3113/2a569ead-a5fa-4ee4-b443-9ae9fc4d3353.jpg,4,Ootaka
tool_bird_class_train/Ootaka_Northern_Goshawk/inat_3113/2c31fd7e-6eb0-4bec-bb2b-10e105420285.jpg,4,Ootaka
tool_bird_class_train/Ootaka_Northern_Goshawk/inat_3113/2d910234-0412-4b10-9f14-c86b15569bfe.jpg,4,Ootaka
tool_bird_class_train/Ootaka_Northern_Goshawk/inat_3113/333c2511-8548-41d7-a68b-ed421cfdac6c.jpg,4,Ootaka
tool_bird_class_train/Ootaka_Northern_Goshawk/inat_3113/3bea7113-75dc-4573-83af-80db7ed9e569.jpg,4,Ootaka
tool_bird_class_train/Ootaka_Northern_Goshawk/inat_3113/45e2b6a1-8bcb-420f-8c93-4a9639b0d641.jpg,4,Ootaka
tool_bird_class_train/Ootaka_Northern_Goshawk/inat_3113/4d638de9-e373-40e3-9418-04ee852d7e35.jpg,4,Ootaka
tool_bird_class_train/Ootaka_Northern_Goshawk/inat_3113/50dbc509-1f6a-4e62-b96d-2867e035b5a9.jpg,4,Ootaka
tool_bird_class_train/Ootaka_Northern_Goshawk/inat_3113/5495158c-2d77-407e-97bc-504a7c3cb68d.jpg,4,Ootaka
tool_bird_class_train/Ootaka_Northern_Goshawk/inat_3113/54a9c0d2-0ae6-4dd3-a08b-eae5c254604b.jpg,4,Ootaka
tool_bird_class_train/Ootaka_Northern_Goshawk/inat_3113/59cfbfb3-1171-4d56-8e53-147545692803.jpg,4,Ootaka
tool_bird_class_train/Ootaka_Northern_Goshawk/inat_3113/5d73c80e-8a15-4a2e-b0d1-b90cd469308d.jpg,4,Ootaka
tool_bird_class_train/Ootaka_Northern_Goshawk/inat_3113/5e1061ee-3030-43eb-9f24-a8cf05c2b117.jpg,4,Ootaka
tool_bird_class_train/Ootaka_Northern_Goshawk/inat_3113/73a867c7-6023-4fe5-a01e-cabccbe466c3.jpg,4,Ootaka
tool_bird_class_train/Ootaka_Northern_Goshawk/inat_3113/7f9a5895-4565-48b2-a9e2-cd07e4dcff49.jpg,4,Ootaka
tool_bird_class_train/Ootaka_Northern_Goshawk/inat_3113/7ff03c1f-a30e-45bf-896c-590d2fa10251.jpg,4,Ootaka
tool_bird_class_train/Ootaka_Northern_Goshawk/inat_3113/8f849a21-2adc-4176-b6f1-d3ec6ecbe018.jpg,4,Ootaka
tool_bird_class_train/Ootaka_Northern_Goshawk/inat_3113/93d0b04e-058a-4653-95b1-417d8bb79ddd.jpg,4,Ootaka
tool_bird_class_train/Ootaka_Northern_Goshawk/inat_3113/9b80e97f-ceeb-4fc3-b897-a99778574352.jpg,4,Ootaka
tool_bird_class_train/Ootaka_Northern_Goshawk/inat_3113/9c574d18-a885-49ae-9fa7-e3744d5802c7.jpg,4,Ootaka
tool_bird_class_train/Ootaka_Northern_Goshawk/inat_3113/a646e0fa-09a7-4c78-8679-9bbe59939af3.jpg,4,Ootaka
tool_bird_class_train/Ootaka_Northern_Goshawk/inat_3113/a997544a-955a-44fa-a121-94ae24bf1f31.jpg,4,Ootaka
tool_bird_class_train/Ootaka_Northern_Goshawk/inat_3113/a9a08f10-5f7a-48de-af00-1b9f604c19a6.jpg,4,Ootaka
tool_bird_class_train/Ootaka_Northern_Goshawk/inat_3113/ac476589-f40c-474c-ae3e-17ab91640910.jpg,4,Ootaka
tool_bird_class_train/Ootaka_Northern_Goshawk/inat_3113/ae136fe2-3bd5-4ac4-8afc-eb6696427164.jpg,4,Ootaka
tool_bird_class_train/Ootaka_Northern_Goshawk/inat_3113/b6a20ac1-f481-4948-975c-7e0094f69b6e.jpg,4,Ootaka
tool_bird_class_train/Ootaka_Northern_Goshawk/inat_3113/c977623f-b332-4dd7-9362-ef4b85152079.jpg,4,Ootaka
tool_bird_class_train/Ootaka_Northern_Goshawk/inat_3113/cf4cd447-72d0-48c1-a31e-00ebe76e9485.jpg,4,Ootaka
tool_bird_class_train/Ootaka_Northern_Goshawk/inat_3113/d6b4b488-7a44-4cdf-831b-b830c39632e3.jpg,4,Ootaka
tool_bird_class_train/Ootaka_Northern_Goshawk/inat_3113/e7574602-f8ce-49be-bd3d-18dd9453f5fe.jpg,4,Ootaka
tool_bird_class_train/Ootaka_Northern_Goshawk/inat_3113/ec80d81e-991e-4b91-af39-1649430732a4.jpg,4,Ootaka
tool_bird_class_train/Ootaka_Northern_Goshawk/inat_3113/f1b254f6-dce4-406f-aaf4-80684eb44e2d.jpg,4,Ootaka
tool_bird_class_train/Ootaka_Northern_Goshawk/inat_3113/fd5cb364-25cf-407f-bf8f-92cd1f137bcf.jpg,4,Ootaka
tool_bird_class_train/Ootaka_Northern_Goshawk/inat_3113/fdbb3704-525c-48b2-9bb4-7184cd9b1e7b.jpg,4,Ootaka
tool_bird_class_train/Ootaka_Northern_Goshawk/inat_3113/ffcfc645-3285-4f43-859f-792c6026877d.jpg,4,Ootaka
tool_bird_class_train/Ootaka_Northern_Goshawk/v4_gt/347577645.jpg,4,Ootaka
tool_bird_class_train/Ootaka_Northern_Goshawk/v4_gt/348034912.jpg,4,Ootaka
tool_bird_class_train/Ootaka_Northern_Goshawk/v4_gt/348279034.jpg,4,Ootaka
tool_bird_class_train/Ootaka_Northern_Goshawk/v4_gt/349156294.jpg,4,Ootaka
tool_bird_class_train/Ootaka_Northern_Goshawk/v4_gt/349216293.jpg,4,Ootaka
tool_bird_class_train/Ootaka_Northern_Goshawk/v5_ds_beta_bird/001.jpg,4,Ootaka
tool_bird_class_train/Ootaka_Northern_Goshawk/v5_ds_beta_bird/002.jpg,4,Ootaka
tool_bird_class_train/Ootaka_Northern_Goshawk/v5_ds_beta_bird/004.jpg,4,Ootaka
tool_bird_class_train/Ootaka_Northern_Goshawk/v5_ds_beta_bird/005.jpg,4,Ootaka
tool_bird_class_train/Ootaka_Northern_Goshawk/v5_ds_beta_bird/007.jpg,4,Ootaka
tool_bird_class_train/Ootaka_Northern_Goshawk/v5_ds_beta_bird/011.jpg,4,Ootaka
tool_bird_class_train/Ootaka_Northern_Goshawk/v5_ds_beta_bird/012.jpg,4,Ootaka
tool_bird_class_train/Ootaka_Northern_Goshawk/v5_ds_beta_bird/015.jpg,4,Ootaka
tool_bird_class_train/Ootaka_Northern_Goshawk/v5_ds_beta_bird/016.jpg,4,Ootaka
tool_bird_class_train/Ootaka_Northern_Goshawk/v5_ds_beta_bird/017.jpg,4,Ootaka
tool_bird_class_train/Ootaka_Northern_Goshawk/v5_ds_beta_bird/018.jpg,4,Ootaka
tool_bird_class_train/Ootaka_Northern_Goshawk/v5_ds_beta_bird/019.jpg,4,Ootaka
tool_bird_class_train/Ootaka_Northern_Goshawk/v5_ds_beta_bird/020.jpg,4,Ootaka
tool_bird_class_train/Ootaka_Northern_Goshawk/v5_ds_beta_bird/022.jpg,4,Ootaka
tool_bird_class_train/Ootaka_Northern_Goshawk/v5_ds_beta_bird/024.jpg,4,Ootaka
tool_bird_class_train/Ootaka_Northern_Goshawk/v5_ds_beta_bird/025.jpg,4,Ootaka
tool_bird_class_train/Ootaka_Northern_Goshawk/v5_ds_beta_bird/026.jpg,4,Ootaka
tool_bird_class_train/Ootaka_Northern_Goshawk/v5_ds_beta_bird/027.jpg,4,Ootaka
tool_bird_class_train/Ootaka_Northern_Goshawk/v5_ds_beta_bird/028.jpg,4,Ootaka
tool_bird_class_train/Ootaka_Northern_Goshawk/v5_ds_beta_bird/029.jpg,4,Ootaka
tool_bird_class_train/Ootaka_Northern_Goshawk/v5_ds_beta_bird/030.jpg,4,Ootaka
tool_bird_class_train/Ootaka_Northern_Goshawk/v5_ds_beta_bird/032.jpg,4,Ootaka
tool_bird_class_train/Ootaka_Northern_Goshawk/v5_ds_beta_bird/034.jpg,4,Ootaka
tool_bird_class_train/Ootaka_Northern_Goshawk/v5_ds_beta_bird/035.jpg,4,Ootaka
tool_bird_class_train/Ootaka_Northern_Goshawk/v5_ds_beta_bird/036.jpg,4,Ootaka
tool_bird_class_train/Ootaka_Northern_Goshawk/v5_ds_beta_bird/037.jpg,4,Ootaka
tool_bird_class_train/Ootaka_Northern_Goshawk/v5_ds_beta_bird/038.jpg,4,Ootaka
tool_bird_class_train/Ootaka_Northern_Goshawk/v5_ds_beta_bird/039.jpg,4,Ootaka
tool_bird_class_train/Ootaka_Northern_Goshawk/v5_ds_beta_bird/040.jpg,4,Ootaka
tool_bird_class_train/Ootaka_Northern_Goshawk/v5_ds_beta_bird/041.jpg,4,Ootaka
tool_bird_class_train/Ootaka_Northern_Goshawk/v5_ds_beta_bird/044.jpg,4,Ootaka
tool_bird_class_train/Ootaka_Northern_Goshawk/v5_ds_beta_bird/047.jpg,4,Ootaka
tool_bird_class_train/Ootaka_Northern_Goshawk/v5_ds_beta_bird/048.jpg,4,Ootaka
tool_bird_class_train/Ootaka_Northern_Goshawk/v5_ds_beta_bird/050.jpg,4,Ootaka
tool_bird_class_train/Ootaka_Northern_Goshawk/v5_ds_beta_bird/051.jpg,4,Ootaka
tool_bird_class_train/Ootaka_Northern_Goshawk/v5_ds_beta_bird/052.jpg,4,Ootaka
tool_bird_class_train/Ootaka_Northern_Goshawk/v5_ds_beta_bird/053.jpg,4,Ootaka
tool_bird_class_train/Ootaka_Northern_Goshawk/v5_ds_beta_bird/055.jpg,4,Ootaka
tool_bird_class_train/Ootaka_Northern_Goshawk/v5_ds_beta_bird/057.jpg,4,Ootaka
tool_bird_class_train/Ootaka_Northern_Goshawk/v5_ds_beta_bird/058.jpg,4,Ootaka
tool_bird_class_train/Ootaka_Northern_Goshawk/v5_ds_beta_bird/059.jpg,4,Ootaka
tool_bird_class_train/Ootaka_Northern_Goshawk/v5_ds_beta_bird/060.jpg,4,Ootaka
tool_bird_class_train/Ootaka_Northern_Goshawk/v5_ds_beta_bird/062.jpg,4,Ootaka
tool_bird_class_train/Ootaka_Northern_Goshawk/v5_ds_beta_bird/064.jpg,4,Ootaka
tool_bird_class_train/Ootaka_Northern_Goshawk/v5_ds_beta_bird/067.jpg,4,Ootaka
tool_bird_class_train/Ootaka_Northern_Goshawk/v5_ds_beta_bird/068.jpg,4,Ootaka
tool_bird_class_train/Ootaka_Northern_Goshawk/v5_ds_beta_bird/070.jpg,4,Ootaka
tool_bird_class_train/Ootaka_Northern_Goshawk/v5_ds_beta_bird/071.jpg,4,Ootaka
tool_bird_class_train/Ootaka_Northern_Goshawk/v5_ds_beta_bird/072.jpg,4,Ootaka
tool_bird_class_train/Ootaka_Northern_Goshawk/v5_ds_beta_bird/074.jpg,4,Ootaka
tool_bird_class_train/Ootaka_Northern_Goshawk/v5_ds_beta_bird/075.jpg,4,Ootaka
tool_bird_class_train/Ootaka_Northern_Goshawk/v5_ds_beta_bird/076.jpg,4,Ootaka
tool_bird_class_train/Ootaka_Northern_Goshawk/v5_ds_beta_bird/077.jpg,4,Ootaka
tool_bird_class_train/Ootaka_Northern_Goshawk/v5_ds_beta_bird/078.jpg,4,Ootaka
tool_bird_class_train/Ootaka_Northern_Goshawk/v5_ds_beta_bird/083.jpg,4,Ootaka
tool_bird_class_train/Ootaka_Northern_Goshawk/v5_ds_beta_bird/084.jpg,4,Ootaka
tool_bird_class_train/Ootaka_Northern_Goshawk/v5_ds_beta_bird/085.jpg,4,Ootaka
tool_bird_class_train/Ootaka_Northern_Goshawk/v5_ds_beta_bird/086.jpg,4,Ootaka
tool_bird_class_train/Ootaka_Northern_Goshawk/v5_ds_beta_bird/089.jpg,4,Ootaka
tool_bird_class_train/Ootaka_Northern_Goshawk/v5_ds_beta_bird/090.jpg,4,Ootaka
tool_bird_class_train/Ootaka_Northern_Goshawk/v5_ds_beta_bird/091.jpg,4,Ootaka
tool_bird_class_train/Ootaka_Northern_Goshawk/v5_ds_beta_bird/092.jpg,4,Ootaka
tool_bird_class_train/Ootaka_Northern_Goshawk/v5_ds_beta_bird/093.jpg,4,Ootaka
tool_bird_class_train/Ootaka_Northern_Goshawk/v5_ds_beta_bird/094.jpg,4,Ootaka
tool_bird_class_train/Ootaka_Northern_Goshawk/v5_ds_beta_bird/097.jpg,4,Ootaka
tool_bird_class_train/Ootaka_Northern_Goshawk/v5_ds_beta_bird/098.jpg,4,Ootaka
tool_bird_class_train/Ootaka_Northern_Goshawk/v5_ds_beta_bird/100.jpg,4,Ootaka
tool_bird_class_train/Ootaka_Northern_Goshawk/v5_ds_beta_bird/102.jpg,4,Ootaka
tool_bird_class_train/Ootaka_Northern_Goshawk/v5_ds_beta_bird/103.jpg,4,Ootaka
tool_bird_class_train/Ootaka_Northern_Goshawk/v5_ds_beta_bird/106.jpg,4,Ootaka
tool_bird_class_train/Ootaka_Northern_Goshawk/v5_ds_beta_bird/109.jpg,4,Ootaka
tool_bird_class_train/Ootaka_Northern_Goshawk/v5_ds_beta_bird/110.jpg,4,Ootaka
tool_bird_class_train/Ootaka_Northern_Goshawk/v5_ds_beta_bird/111.jpg,4,Ootaka
tool_bird_class_train/Ootaka_Northern_Goshawk/v5_ds_beta_bird/112.jpg,4,Ootaka
tool_bird_class_train/Ootaka_Northern_Goshawk/v5_ds_beta_bird/113.jpg,4,Ootaka
tool_bird_class_train/Ootaka_Northern_Goshawk/v5_ds_beta_bird/114.jpg,4,Ootaka
tool_bird_class_train/Ootaka_Northern_Goshawk/v5_ds_beta_bird/115.jpg,4,Ootaka
tool_bird_class_train/Ootaka_Northern_Goshawk/v5_ds_beta_bird/116.jpg,4,Ootaka
tool_bird_class_train/Ootaka_Northern_Goshawk/v5_ds_beta_bird/118.jpg,4,Ootaka
tool_bird_class_train/Ootaka_Northern_Goshawk/v5_ds_beta_bird/122.jpg,4,Ootaka
tool_bird_class_train/Ootaka_Northern_Goshawk/v5_ds_beta_bird/124.jpg,4,Ootaka
tool_bird_class_train/Ootaka_Northern_Goshawk/v5_ds_beta_bird/127.jpg,4,Ootaka
tool_bird_class_train/Ootaka_Northern_Goshawk/v5_ds_beta_bird/128.jpg,4,Ootaka
tool_bird_class_train/Ootaka_Northern_Goshawk/v5_ds_beta_bird/129.jpg,4,Ootaka
tool_bird_class_train/Ootaka_Northern_Goshawk/v5_ds_beta_bird/130.jpg,4,Ootaka
tool_bird_class_train/Ootaka_Northern_Goshawk/v5_ds_beta_bird/131.jpg,4,Ootaka
tool_bird_class_train/Ootaka_Northern_Goshawk/v5_ds_beta_bird/133.jpg,4,Ootaka
tool_bird_class_train/Ootaka_Northern_Goshawk/v5_ds_beta_bird/134.jpg,4,Ootaka
tool_bird_class_train/Ootaka_Northern_Goshawk/v5_ds_beta_bird/139.jpg,4,Ootaka
tool_bird_class_train/Ootaka_Northern_Goshawk/v5_ds_beta_bird/140.jpg,4,Ootaka
tool_bird_class_train/Ootaka_Northern_Goshawk/v5_ds_beta_bird/141.jpg,4,Ootaka
tool_bird_class_train/Ootaka_Northern_Goshawk/v5_ds_beta_bird/142.jpg,4,Ootaka
tool_bird_class_train/Ootaka_Northern_Goshawk/v5_ds_beta_bird/143.jpg,4,Ootaka
tool_bird_class_train/Ootaka_Northern_Goshawk/v5_ds_beta_bird/144.jpg,4,Ootaka
tool_bird_class_train/Ootaka_Northern_Goshawk/v5_ds_beta_bird/145.jpg,4,Ootaka
tool_bird_class_train/Ootaka_Northern_Goshawk/v5_ds_beta_bird/146.jpg,4,Ootaka
tool_bird_class_train/Ootaka_Northern_Goshawk/v5_ds_beta_bird/147.jpg,4,Ootaka
tool_bird_class_train/Ootaka_Northern_Goshawk/v5_ds_beta_bird/151.jpg,4,Ootaka
tool_bird_class_train/Ootaka_Northern_Goshawk/v5_ds_beta_bird/152.jpg,4,Ootaka
tool_bird_class_train/Ootaka_Northern_Goshawk/v5_ds_beta_bird/154.jpg,4,Ootaka
tool_bird_class_train/Ootaka_Northern_Goshawk/v5_ds_beta_bird/155.jpg,4,Ootaka
tool_bird_class_train/Ootaka_Northern_Goshawk/v5_ds_beta_bird/156.jpg,4,Ootaka
tool_bird_class_train/Ootaka_Northern_Goshawk/v5_ds_beta_bird/157.jpg,4,Ootaka
tool_bird_class_train/Ootaka_Northern_Goshawk/v5_ds_beta_bird/158.jpg,4,Ootaka
tool_bird_class_train/Ootaka_Northern_Goshawk/v5_ds_beta_bird/159.jpg,4,Ootaka
tool_bird_class_train/Ootaka_Northern_Goshawk/v5_ds_beta_bird/160.jpg,4,Ootaka
tool_bird_class_train/Ootaka_Northern_Goshawk/v5_ds_beta_bird/Ootaka_Eurasian_Goshawk.jpg,4,Ootaka
tool_bird_class_train/Ootaka_Northern_Goshawk/v5_ds_beta_bird/ebird_171235621.jpg,4,Ootaka
tool_bird_class_train/Ootaka_Northern_Goshawk/v5_ds_beta_bird/ebird_209779601.jpg,4,Ootaka
tool_bird_class_train/Ootaka_Northern_Goshawk/v5_ds_beta_bird/ebird_247190591.jpg,4,Ootaka
tool_bird_class_train/Ootaka_Northern_Goshawk/v5_ds_beta_bird/ebird_451035691.jpg,4,Ootaka
tool_bird_class_train/Ootaka_Northern_Goshawk/v5_ds_beta_bird/ebird_508106351.jpg,4,Ootaka
tool_bird_class_train/Ootaka_Northern_Goshawk/v5_ds_beta_bird/ebird_525954311.jpg,4,Ootaka
tool_bird_class_train/Ootaka_Northern_Goshawk/v5_ds_beta_bird/ebird_527708641.jpg,4,Ootaka
tool_bird_class_train/Ootaka_Northern_Goshawk/v5_ds_beta_bird/ebird_551681591.jpg,4,Ootaka
tool_bird_class_train/Ootaka_Northern_Goshawk/v5_ds_beta_bird/ebird_612773717.jpg,4,Ootaka
tool_bird_class_train/Ootaka_Northern_Goshawk/v5_ds_beta_bird/ebird_613156950.jpg,4,Ootaka
tool_bird_class_train/Ootaka_Northern_Goshawk/v5_ds_beta_bird/ebird_614625273.jpg,4,Ootaka
tool_bird_class_train/Ootaka_Northern_Goshawk/v5_ds_beta_bird/ebird_615579355.jpg,4,Ootaka
tool_bird_class_train/Ootaka_Northern_Goshawk/v5_ds_beta_bird/ebird_616666214.jpg,4,Ootaka
tool_bird_class_train/Ootaka_Northern_Goshawk/v5_ds_beta_bird/ebird_617704124.jpg,4,Ootaka
tool_bird_class_train/Ootaka_Northern_Goshawk/v5_ds_beta_bird/ebird_618786227.jpg,4,Ootaka
tool_bird_class_train/Ootaka_Northern_Goshawk/v5_ds_beta_bird/ebird_627990125.jpg,4,Ootaka
tool_bird_class_train/Ootaka_Northern_Goshawk/v5_ds_beta_bird/ebird_637568762.jpg,4,Ootaka
tool_bird_class_train/Ootaka_Northern_Goshawk/v5_ds_beta_bird/ebird_645153364.jpg,4,Ootaka
tool_bird_class_train/Ootaka_Northern_Goshawk/v5_ds_beta_bird/ebird_645597173.jpg,4,Ootaka
tool_bird_class_train/Ootaka_Northern_Goshawk/v5_ds_beta_bird/ebird_647940029.jpg,4,Ootaka
tool_bird_class_train/Ootaka_Northern_Goshawk/v5_ds_beta_bird/inat_128387669.jpg,4,Ootaka
tool_bird_class_train/Ootaka_Northern_Goshawk/v5_ds_beta_bird/inat_252371841.jpg,4,Ootaka
tool_bird_class_train/Ootaka_Northern_Goshawk/v5_ds_beta_bird/inat_256588302.jpg,4,Ootaka
tool_bird_class_train/Ootaka_Northern_Goshawk/v5_ds_beta_bird/inat_262787591.jpg,4,Ootaka
tool_bird_class_train/Ootaka_Northern_Goshawk/v5_ds_beta_bird/inat_299094460.jpg,4,Ootaka
tool_bird_class_train/Ootaka_Northern_Goshawk/v5_ds_beta_bird/inat_303927667.jpg,4,Ootaka
tool_bird_class_train/Ootaka_Northern_Goshawk/v5_ds_beta_bird/inat_337964725.jpg,4,Ootaka
tool_bird_class_train/Ootaka_Northern_Goshawk/v5_ds_beta_bird/inat_342859769.jpg,4,Ootaka
tool_bird_class_train/Ootaka_Northern_Goshawk/v5_train_v5_inat/342213240.jpg,4,Ootaka
tool_bird_class_train/Ootaka_Northern_Goshawk/v5_train_v5_inat/342482864.jpg,4,Ootaka
tool_bird_class_train/Ootaka_Northern_Goshawk/v5_train_v5_inat/342545437.jpg,4,Ootaka
tool_bird_class_train/Ootaka_Northern_Goshawk/v5_train_v5_inat/342683334.jpg,4,Ootaka
tool_bird_class_train/Ootaka_Northern_Goshawk/v5_train_v5_inat/342951331.jpg,4,Ootaka
tool_bird_class_train/Ootaka_Northern_Goshawk/v5_train_v5_inat/343123755.jpg,4,Ootaka
tool_bird_class_train/Ootaka_Northern_Goshawk/v5_train_v5_inat/343247574.jpg,4,Ootaka
tool_bird_class_train/Ootaka_Northern_Goshawk/v5_train_v5_inat/344156442.jpg,4,Ootaka
tool_bird_class_train/Ootaka_Northern_Goshawk/v5_train_v5_inat/344174425.jpg,4,Ootaka
tool_bird_class_train/Ootaka_Northern_Goshawk/v5_train_v5_inat/344190149.jpg,4,Ootaka
tool_bird_class_train/Ootaka_Northern_Goshawk/v5_train_v5_inat/344252628.jpg,4,Ootaka
tool_bird_class_train/Ootaka_Northern_Goshawk/v5_train_v5_inat/344377060.jpg,4,Ootaka
tool_bird_class_train/Ootaka_Northern_Goshawk/v5_train_v5_inat/345538439.jpg,4,Ootaka
tool_bird_class_train/Ootaka_Northern_Goshawk/v5_train_v5_inat/345695925.jpg,4,Ootaka
tool_bird_class_train/Ootaka_Northern_Goshawk/v5_train_v5_inat/351671221.jpg,4,Ootaka
tool_bird_class_train/Ootaka_Northern_Goshawk/v5_train_v5_inat/351776513.jpg,4,Ootaka
tool_bird_class_train/Ootaka_Northern_Goshawk/v5_train_v5_inat/351943184.jpg,4,Ootaka
tool_bird_class_train/Oowashi_Stellers_Sea_Eagle/bird_frames_pure_oowashi_20260504/0b68a0b5__frame_012780_bb00_t0533.03_conf0.998.jpg,2,Oowashi
tool_bird_class_train/Oowashi_Stellers_Sea_Eagle/bird_frames_pure_oowashi_20260504/0b68a0b5__frame_013550_bb00_t0565.15_conf1.000.jpg,2,Oowashi
tool_bird_class_train/Oowashi_Stellers_Sea_Eagle/bird_frames_pure_oowashi_20260504/0b68a0b5__frame_014000_bb00_t0583.92_conf0.998.jpg,2,Oowashi
tool_bird_class_train/Oowashi_Stellers_Sea_Eagle/bird_frames_pure_oowashi_20260504/0b68a0b5__frame_021930_bb00_t0914.66_conf0.998.jpg,2,Oowashi
tool_bird_class_train/Oowashi_Stellers_Sea_Eagle/bird_frames_pure_oowashi_20260504/0b68a0b5__frame_023630_bb00_t0985.57_conf0.998.jpg,2,Oowashi
tool_bird_class_train/Oowashi_Stellers_Sea_Eagle/bird_frames_pure_oowashi_20260504/0b68a0b5__frame_024170_bb00_t1008.09_conf0.998.jpg,2,Oowashi
tool_bird_class_train/Oowashi_Stellers_Sea_Eagle/bird_frames_pure_oowashi_20260504/0b68a0b5__frame_024200_bb00_t1009.34_conf0.998.jpg,2,Oowashi
tool_bird_class_train/Oowashi_Stellers_Sea_Eagle/bird_frames_pure_oowashi_20260504/0b68a0b5__frame_024740_bb00_t1031.86_conf0.998.jpg,2,Oowashi
tool_bird_class_train/Oowashi_Stellers_Sea_Eagle/bird_frames_pure_oowashi_20260504/0b68a0b5__frame_026270_bb00_t1095.68_conf0.998.jpg,2,Oowashi
tool_bird_class_train/Oowashi_Stellers_Sea_Eagle/bird_frames_pure_oowashi_20260504/0b68a0b5__frame_026490_bb00_t1104.85_conf0.998.jpg,2,Oowashi
tool_bird_class_train/Oowashi_Stellers_Sea_Eagle/bird_frames_pure_oowashi_20260504/0b68a0b5__frame_026900_bb00_t1121.95_conf0.998.jpg,2,Oowashi
tool_bird_class_train/Oowashi_Stellers_Sea_Eagle/bird_frames_pure_oowashi_20260504/0b68a0b5__frame_032500_bb00_t1355.52_conf1.000.jpg,2,Oowashi
tool_bird_class_train/Oowashi_Stellers_Sea_Eagle/bird_frames_pure_oowashi_20260504/0b68a0b5__frame_043250_bb00_t1803.89_conf1.000.jpg,2,Oowashi
tool_bird_class_train/Oowashi_Stellers_Sea_Eagle/bird_frames_pure_oowashi_20260504/0b68a0b5__frame_043560_bb00_t1816.81_conf1.000.jpg,2,Oowashi
tool_bird_class_train/Oowashi_Stellers_Sea_Eagle/bird_frames_pure_oowashi_20260504/0b68a0b5__frame_043820_bb00_t1827.66_conf1.000.jpg,2,Oowashi
tool_bird_class_train/Oowashi_Stellers_Sea_Eagle/bird_frames_pure_oowashi_20260504/0b68a0b5__frame_043840_bb00_t1828.49_conf1.000.jpg,2,Oowashi
tool_bird_class_train/Oowashi_Stellers_Sea_Eagle/bird_frames_pure_oowashi_20260504/0b68a0b5__frame_044210_bb00_t1843.93_conf1.000.jpg,2,Oowashi
tool_bird_class_train/Oowashi_Stellers_Sea_Eagle/bird_frames_pure_oowashi_20260504/12c29cd5__frame_003760_bb00_t0156.82_conf0.998.jpg,2,Oowashi
tool_bird_class_train/Oowashi_Stellers_Sea_Eagle/bird_frames_pure_oowashi_20260504/12c29cd5__frame_004590_bb00_t0191.44_conf0.998.jpg,2,Oowashi
tool_bird_class_train/Oowashi_Stellers_Sea_Eagle/bird_frames_pure_oowashi_20260504/12c29cd5__frame_010220_bb00_t0426.26_conf0.998.jpg,2,Oowashi
tool_bird_class_train/Oowashi_Stellers_Sea_Eagle/bird_frames_pure_oowashi_20260504/12c29cd5__frame_010250_bb00_t0427.51_conf0.998.jpg,2,Oowashi
tool_bird_class_train/Oowashi_Stellers_Sea_Eagle/bird_frames_pure_oowashi_20260504/12c29cd5__frame_010420_bb00_t0434.60_conf1.000.jpg,2,Oowashi
tool_bird_class_train/Oowashi_Stellers_Sea_Eagle/bird_frames_pure_oowashi_20260504/12c29cd5__frame_010470_bb00_t0436.69_conf0.998.jpg,2,Oowashi
tool_bird_class_train/Oowashi_Stellers_Sea_Eagle/bird_frames_pure_oowashi_20260504/12c29cd5__frame_010620_bb00_t0442.94_conf0.998.jpg,2,Oowashi
tool_bird_class_train/Oowashi_Stellers_Sea_Eagle/bird_frames_pure_oowashi_20260504/12c29cd5__frame_010840_bb00_t0452.12_conf0.998.jpg,2,Oowashi
tool_bird_class_train/Oowashi_Stellers_Sea_Eagle/bird_frames_pure_oowashi_20260504/12c29cd5__frame_010860_bb00_t0452.95_conf0.998.jpg,2,Oowashi
tool_bird_class_train/Oowashi_Stellers_Sea_Eagle/bird_frames_pure_oowashi_20260504/12c29cd5__frame_010910_bb00_t0455.04_conf0.998.jpg,2,Oowashi
tool_bird_class_train/Oowashi_Stellers_Sea_Eagle/bird_frames_pure_oowashi_20260504/12c29cd5__frame_010930_bb00_t0455.87_conf1.000.jpg,2,Oowashi
tool_bird_class_train/Oowashi_Stellers_Sea_Eagle/bird_frames_pure_oowashi_20260504/12c29cd5__frame_010970_bb00_t0457.54_conf0.998.jpg,2,Oowashi
tool_bird_class_train/Oowashi_Stellers_Sea_Eagle/bird_frames_pure_oowashi_20260504/12c29cd5__frame_011100_bb00_t0462.96_conf0.998.jpg,2,Oowashi
tool_bird_class_train/Oowashi_Stellers_Sea_Eagle/bird_frames_pure_oowashi_20260504/12c29cd5__frame_012460_bb00_t0519.69_conf0.998.jpg,2,Oowashi
tool_bird_class_train/Oowashi_Stellers_Sea_Eagle/bird_frames_pure_oowashi_20260504/12c29cd5__frame_013160_bb00_t0548.88_conf0.998.jpg,2,Oowashi
tool_bird_class_train/Oowashi_Stellers_Sea_Eagle/bird_frames_pure_oowashi_20260504/12c29cd5__frame_013930_bb00_t0581.00_conf0.998.jpg,2,Oowashi
tool_bird_class_train/Oowashi_Stellers_Sea_Eagle/bird_frames_pure_oowashi_20260504/12c29cd5__frame_022500_bb00_t0938.44_conf1.000.jpg,2,Oowashi
tool_bird_class_train/Oowashi_Stellers_Sea_Eagle/bird_frames_pure_oowashi_20260504/12c29cd5__frame_022520_bb00_t0939.27_conf1.000.jpg,2,Oowashi
tool_bird_class_train/Oowashi_Stellers_Sea_Eagle/bird_frames_pure_oowashi_20260504/12c29cd5__frame_022550_bb00_t0940.52_conf1.000.jpg,2,Oowashi
tool_bird_class_train/Oowashi_Stellers_Sea_Eagle/bird_frames_pure_oowashi_20260504/12c29cd5__frame_028120_bb00_t1172.84_conf1.000.jpg,2,Oowashi
tool_bird_class_train/Oowashi_Stellers_Sea_Eagle/bird_frames_pure_oowashi_20260504/12c29cd5__frame_030990_bb00_t1292.54_conf1.000.jpg,2,Oowashi
tool_bird_class_train/Oowashi_Stellers_Sea_Eagle/bird_frames_pure_oowashi_20260504/2d7d6696__frame_001280_bb00_t0053.39_conf0.994.jpg,2,Oowashi
tool_bird_class_train/Oowashi_Stellers_Sea_Eagle/bird_frames_pure_oowashi_20260504/2d7d6696__frame_001290_bb00_t0053.80_conf0.995.jpg,2,Oowashi
tool_bird_class_train/Oowashi_Stellers_Sea_Eagle/bird_frames_pure_oowashi_20260504/2d7d6696__frame_001300_bb00_t0054.22_conf0.987.jpg,2,Oowashi
tool_bird_class_train/Oowashi_Stellers_Sea_Eagle/bird_frames_pure_oowashi_20260504/2d7d6696__frame_001320_bb00_t0055.05_conf0.990.jpg,2,Oowashi
tool_bird_class_train/Oowashi_Stellers_Sea_Eagle/bird_frames_pure_oowashi_20260504/2d7d6696__frame_001350_bb00_t0056.31_conf0.986.jpg,2,Oowashi
tool_bird_class_train/Oowashi_Stellers_Sea_Eagle/bird_frames_pure_oowashi_20260504/2d7d6696__frame_001430_bb00_t0059.64_conf0.994.jpg,2,Oowashi
tool_bird_class_train/Oowashi_Stellers_Sea_Eagle/bird_frames_pure_oowashi_20260504/2d7d6696__frame_006930_bb00_t0289.04_conf0.990.jpg,2,Oowashi
tool_bird_class_train/Oowashi_Stellers_Sea_Eagle/bird_frames_pure_oowashi_20260504/2d7d6696__frame_006950_bb00_t0289.87_conf0.986.jpg,2,Oowashi
tool_bird_class_train/Oowashi_Stellers_Sea_Eagle/bird_frames_pure_oowashi_20260504/2d7d6696__frame_007310_bb00_t0304.89_conf0.986.jpg,2,Oowashi
tool_bird_class_train/Oowashi_Stellers_Sea_Eagle/bird_frames_pure_oowashi_20260504/2d7d6696__frame_007340_bb00_t0306.14_conf0.990.jpg,2,Oowashi
tool_bird_class_train/Oowashi_Stellers_Sea_Eagle/bird_frames_pure_oowashi_20260504/2d7d6696__frame_007570_bb00_t0315.73_conf0.987.jpg,2,Oowashi
tool_bird_class_train/Oowashi_Stellers_Sea_Eagle/bird_frames_pure_oowashi_20260504/2d7d6696__frame_007890_bb00_t0329.08_conf0.994.jpg,2,Oowashi
tool_bird_class_train/Oowashi_Stellers_Sea_Eagle/bird_frames_pure_oowashi_20260504/2d7d6696__frame_007930_bb00_t0330.75_conf0.990.jpg,2,Oowashi
tool_bird_class_train/Oowashi_Stellers_Sea_Eagle/bird_frames_pure_oowashi_20260504/2d7d6696__frame_008990_bb00_t0374.96_conf0.998.jpg,2,Oowashi
tool_bird_class_train/Oowashi_Stellers_Sea_Eagle/bird_frames_pure_oowashi_20260504/2d7d6696__frame_009010_bb00_t0375.79_conf0.990.jpg,2,Oowashi
tool_bird_class_train/Oowashi_Stellers_Sea_Eagle/bird_frames_pure_oowashi_20260504/2d7d6696__frame_009030_bb00_t0376.63_conf0.989.jpg,2,Oowashi
tool_bird_class_train/Oowashi_Stellers_Sea_Eagle/bird_frames_pure_oowashi_20260504/2d7d6696__frame_009050_bb00_t0377.46_conf0.998.jpg,2,Oowashi
tool_bird_class_train/Oowashi_Stellers_Sea_Eagle/bird_frames_pure_oowashi_20260504/2d7d6696__frame_010920_bb00_t0455.45_conf0.987.jpg,2,Oowashi
tool_bird_class_train/Oowashi_Stellers_Sea_Eagle/bird_frames_pure_oowashi_20260504/33ae26f1__frame_010340_bb00_t0431.26_conf0.995.jpg,2,Oowashi
tool_bird_class_train/Oowashi_Stellers_Sea_Eagle/bird_frames_pure_oowashi_20260504/33ae26f1__frame_010400_bb01_t0433.77_conf0.998.jpg,2,Oowashi
tool_bird_class_train/Oowashi_Stellers_Sea_Eagle/bird_frames_pure_oowashi_20260504/33ae26f1__frame_010440_bb01_t0435.43_conf0.995.jpg,2,Oowashi
tool_bird_class_train/Oowashi_Stellers_Sea_Eagle/bird_frames_pure_oowashi_20260504/33ae26f1__frame_010490_bb05_t0437.52_conf0.998.jpg,2,Oowashi
tool_bird_class_train/Oowashi_Stellers_Sea_Eagle/bird_frames_pure_oowashi_20260504/33ae26f1__frame_010500_bb01_t0437.94_conf0.994.jpg,2,Oowashi
tool_bird_class_train/Oowashi_Stellers_Sea_Eagle/bird_frames_pure_oowashi_20260504/33ae26f1__frame_011150_bb00_t0465.05_conf1.000.jpg,2,Oowashi
tool_bird_class_train/Oowashi_Stellers_Sea_Eagle/bird_frames_pure_oowashi_20260504/33ae26f1__frame_013170_bb01_t0549.30_conf0.995.jpg,2,Oowashi
tool_bird_class_train/Oowashi_Stellers_Sea_Eagle/bird_frames_pure_oowashi_20260504/33ae26f1__frame_013560_bb00_t0565.56_conf0.995.jpg,2,Oowashi
tool_bird_class_train/Oowashi_Stellers_Sea_Eagle/bird_frames_pure_oowashi_20260504/33ae26f1__frame_013630_bb00_t0568.48_conf0.998.jpg,2,Oowashi
tool_bird_class_train/Oowashi_Stellers_Sea_Eagle/bird_frames_pure_oowashi_20260504/33ae26f1__frame_013730_bb00_t0572.66_conf0.997.jpg,2,Oowashi
tool_bird_class_train/Oowashi_Stellers_Sea_Eagle/bird_frames_pure_oowashi_20260504/33ae26f1__frame_014820_bb00_t0618.12_conf0.998.jpg,2,Oowashi
tool_bird_class_train/Oowashi_Stellers_Sea_Eagle/bird_frames_pure_oowashi_20260504/33ae26f1__frame_014840_bb01_t0618.95_conf0.995.jpg,2,Oowashi
tool_bird_class_train/Oowashi_Stellers_Sea_Eagle/bird_frames_pure_oowashi_20260504/33ae26f1__frame_014870_bb00_t0620.20_conf0.997.jpg,2,Oowashi
tool_bird_class_train/Oowashi_Stellers_Sea_Eagle/bird_frames_pure_oowashi_20260504/33ae26f1__frame_017910_bb00_t0747.00_conf0.995.jpg,2,Oowashi
tool_bird_class_train/Oowashi_Stellers_Sea_Eagle/bird_frames_pure_oowashi_20260504/33ae26f1__frame_017950_bb00_t0748.66_conf0.998.jpg,2,Oowashi
tool_bird_class_train/Oowashi_Stellers_Sea_Eagle/bird_frames_pure_oowashi_20260504/33ae26f1__frame_018110_bb00_t0755.34_conf0.995.jpg,2,Oowashi
tool_bird_class_train/Oowashi_Stellers_Sea_Eagle/bird_frames_pure_oowashi_20260504/33ae26f1__frame_018140_bb00_t0756.59_conf0.997.jpg,2,Oowashi
tool_bird_class_train/Oowashi_Stellers_Sea_Eagle/bird_frames_pure_oowashi_20260504/33ae26f1__frame_018180_bb00_t0758.26_conf0.997.jpg,2,Oowashi
tool_bird_class_train/Oowashi_Stellers_Sea_Eagle/bird_frames_pure_oowashi_20260504/33ae26f1__frame_018190_bb00_t0758.67_conf0.997.jpg,2,Oowashi
tool_bird_class_train/Oowashi_Stellers_Sea_Eagle/bird_frames_pure_oowashi_20260504/33ae26f1__frame_018220_bb00_t0759.93_conf0.998.jpg,2,Oowashi
tool_bird_class_train/Oowashi_Stellers_Sea_Eagle/bird_frames_pure_oowashi_20260504/33ae26f1__frame_018360_bb00_t0765.76_conf0.995.jpg,2,Oowashi
tool_bird_class_train/Oowashi_Stellers_Sea_Eagle/bird_frames_pure_oowashi_20260504/33ae26f1__frame_018400_bb00_t0767.43_conf0.997.jpg,2,Oowashi
tool_bird_class_train/Oowashi_Stellers_Sea_Eagle/bird_frames_pure_oowashi_20260504/33ae26f1__frame_018430_bb00_t0768.68_conf0.998.jpg,2,Oowashi
tool_bird_class_train/Oowashi_Stellers_Sea_Eagle/bird_frames_pure_oowashi_20260504/354441cb__frame_003300_bb00_t0137.64_conf0.997.jpg,2,Oowashi
tool_bird_class_train/Oowashi_Stellers_Sea_Eagle/bird_frames_pure_oowashi_20260504/354441cb__frame_012990_bb00_t0541.79_conf0.998.jpg,2,Oowashi
tool_bird_class_train/Oowashi_Stellers_Sea_Eagle/bird_frames_pure_oowashi_20260504/354441cb__frame_013040_bb00_t0543.88_conf0.997.jpg,2,Oowashi
tool_bird_class_train/Oowashi_Stellers_Sea_Eagle/bird_frames_pure_oowashi_20260504/354441cb__frame_015380_bb00_t0641.47_conf0.998.jpg,2,Oowashi
tool_bird_class_train/Oowashi_Stellers_Sea_Eagle/bird_frames_pure_oowashi_20260504/354441cb__frame_015980_bb00_t0666.50_conf0.997.jpg,2,Oowashi
tool_bird_class_train/Oowashi_Stellers_Sea_Eagle/bird_frames_pure_oowashi_20260504/354441cb__frame_016420_bb00_t0684.85_conf0.997.jpg,2,Oowashi
tool_bird_class_train/Oowashi_Stellers_Sea_Eagle/bird_frames_pure_oowashi_20260504/354441cb__frame_017090_bb00_t0712.80_conf0.997.jpg,2,Oowashi
tool_bird_class_train/Oowashi_Stellers_Sea_Eagle/bird_frames_pure_oowashi_20260504/354441cb__frame_017130_bb00_t0714.46_conf1.000.jpg,2,Oowashi
tool_bird_class_train/Oowashi_Stellers_Sea_Eagle/bird_frames_pure_oowashi_20260504/354441cb__frame_017160_bb00_t0715.71_conf0.997.jpg,2,Oowashi
tool_bird_class_train/Oowashi_Stellers_Sea_Eagle/bird_frames_pure_oowashi_20260504/354441cb__frame_017170_bb00_t0716.13_conf0.998.jpg,2,Oowashi
tool_bird_class_train/Oowashi_Stellers_Sea_Eagle/bird_frames_pure_oowashi_20260504/354441cb__frame_019530_bb00_t0814.56_conf0.997.jpg,2,Oowashi
tool_bird_class_train/Oowashi_Stellers_Sea_Eagle/bird_frames_pure_oowashi_20260504/354441cb__frame_019570_bb00_t0816.23_conf0.998.jpg,2,Oowashi
tool_bird_class_train/Oowashi_Stellers_Sea_Eagle/bird_frames_pure_oowashi_20260504/354441cb__frame_020410_bb00_t0851.27_conf0.997.jpg,2,Oowashi
tool_bird_class_train/Oowashi_Stellers_Sea_Eagle/bird_frames_pure_oowashi_20260504/354441cb__frame_020910_bb00_t0872.12_conf0.998.jpg,2,Oowashi
tool_bird_class_train/Oowashi_Stellers_Sea_Eagle/bird_frames_pure_oowashi_20260504/354441cb__frame_024040_bb00_t1002.67_conf0.997.jpg,2,Oowashi
tool_bird_class_train/Oowashi_Stellers_Sea_Eagle/bird_frames_pure_oowashi_20260504/354441cb__frame_028020_bb00_t1168.67_conf0.998.jpg,2,Oowashi
tool_bird_class_train/Oowashi_Stellers_Sea_Eagle/bird_frames_pure_oowashi_20260504/354441cb__frame_028390_bb00_t1184.10_conf0.997.jpg,2,Oowashi
tool_bird_class_train/Oowashi_Stellers_Sea_Eagle/bird_frames_pure_oowashi_20260504/354441cb__frame_029510_bb00_t1230.81_conf0.998.jpg,2,Oowashi
tool_bird_class_train/Oowashi_Stellers_Sea_Eagle/bird_frames_pure_oowashi_20260504/354441cb__frame_030610_bb00_t1276.69_conf0.998.jpg,2,Oowashi
tool_bird_class_train/Oowashi_Stellers_Sea_Eagle/bird_frames_pure_oowashi_20260504/354441cb__frame_030860_bb01_t1287.12_conf0.998.jpg,2,Oowashi
tool_bird_class_train/Oowashi_Stellers_Sea_Eagle/bird_frames_pure_oowashi_20260504/3cf2e325__frame_005350_bb02_t0223.14_conf0.998.jpg,2,Oowashi
tool_bird_class_train/Oowashi_Stellers_Sea_Eagle/bird_frames_pure_oowashi_20260504/3cf2e325__frame_005520_bb01_t0230.23_conf0.998.jpg,2,Oowashi
tool_bird_class_train/Oowashi_Stellers_Sea_Eagle/bird_frames_pure_oowashi_20260504/3cf2e325__frame_005630_bb01_t0234.82_conf0.998.jpg,2,Oowashi
tool_bird_class_train/Oowashi_Stellers_Sea_Eagle/bird_frames_pure_oowashi_20260504/3cf2e325__frame_011980_bb00_t0499.67_conf1.000.jpg,2,Oowashi
tool_bird_class_train/Oowashi_Stellers_Sea_Eagle/bird_frames_pure_oowashi_20260504/3cf2e325__frame_015230_bb00_t0635.22_conf0.998.jpg,2,Oowashi
tool_bird_class_train/Oowashi_Stellers_Sea_Eagle/bird_frames_pure_oowashi_20260504/3cf2e325__frame_021530_bb00_t0897.98_conf0.998.jpg,2,Oowashi
tool_bird_class_train/Oowashi_Stellers_Sea_Eagle/bird_frames_pure_oowashi_20260504/3cf2e325__frame_021570_bb00_t0899.65_conf0.998.jpg,2,Oowashi
tool_bird_class_train/Oowashi_Stellers_Sea_Eagle/bird_frames_pure_oowashi_20260504/3cf2e325__frame_032830_bb00_t1369.28_conf1.000.jpg,2,Oowashi
tool_bird_class_train/Oowashi_Stellers_Sea_Eagle/bird_frames_pure_oowashi_20260504/3cf2e325__frame_032850_bb00_t1370.12_conf1.000.jpg,2,Oowashi
tool_bird_class_train/Oowashi_Stellers_Sea_Eagle/bird_frames_pure_oowashi_20260504/3cf2e325__frame_033430_bb00_t1394.31_conf0.998.jpg,2,Oowashi
tool_bird_class_train/Oowashi_Stellers_Sea_Eagle/bird_frames_pure_oowashi_20260504/3cf2e325__frame_033540_bb00_t1398.90_conf0.998.jpg,2,Oowashi
tool_bird_class_train/Oowashi_Stellers_Sea_Eagle/bird_frames_pure_oowashi_20260504/3cf2e325__frame_037850_bb00_t1578.66_conf1.000.jpg,2,Oowashi
tool_bird_class_train/Oowashi_Stellers_Sea_Eagle/bird_frames_pure_oowashi_20260504/3cf2e325__frame_037960_bb01_t1583.25_conf1.000.jpg,2,Oowashi
tool_bird_class_train/Oowashi_Stellers_Sea_Eagle/bird_frames_pure_oowashi_20260504/3cf2e325__frame_039050_bb00_t1628.71_conf0.998.jpg,2,Oowashi
tool_bird_class_train/Oowashi_Stellers_Sea_Eagle/bird_frames_pure_oowashi_20260504/3cf2e325__frame_041950_bb00_t1749.66_conf0.998.jpg,2,Oowashi
tool_bird_class_train/Oowashi_Stellers_Sea_Eagle/bird_frames_pure_oowashi_20260504/3cf2e325__frame_042000_bb01_t1751.75_conf0.998.jpg,2,Oowashi
tool_bird_class_train/Oowashi_Stellers_Sea_Eagle/bird_frames_pure_oowashi_20260504/3cf2e325__frame_042760_bb00_t1783.45_conf0.998.jpg,2,Oowashi
tool_bird_class_train/Oowashi_Stellers_Sea_Eagle/bird_frames_pure_oowashi_20260504/3cf2e325__frame_044190_bb02_t1843.09_conf1.000.jpg,2,Oowashi
tool_bird_class_train/Oowashi_Stellers_Sea_Eagle/bird_frames_pure_oowashi_20260504/3cf2e325__frame_044220_bb00_t1844.34_conf0.998.jpg,2,Oowashi
tool_bird_class_train/Oowashi_Stellers_Sea_Eagle/bird_frames_pure_oowashi_20260504/3cf2e325__frame_045400_bb00_t1893.56_conf0.998.jpg,2,Oowashi
tool_bird_class_train/Oowashi_Stellers_Sea_Eagle/bird_frames_pure_oowashi_20260504/3cf2e325__frame_045820_bb00_t1911.08_conf0.998.jpg,2,Oowashi
tool_bird_class_train/Oowashi_Stellers_Sea_Eagle/bird_frames_pure_oowashi_20260504/3cf2e325__frame_046070_bb00_t1921.50_conf0.998.jpg,2,Oowashi
tool_bird_class_train/Oowashi_Stellers_Sea_Eagle/bird_frames_pure_oowashi_20260504/3cf2e325__frame_046490_bb00_t1939.02_conf0.998.jpg,2,Oowashi
tool_bird_class_train/Oowashi_Stellers_Sea_Eagle/bird_frames_pure_oowashi_20260504/3ee82129__frame_015070_bb00_t0628.54_conf0.997.jpg,2,Oowashi
tool_bird_class_train/Oowashi_Stellers_Sea_Eagle/bird_frames_pure_oowashi_20260504/3ee82129__frame_015840_bb00_t0660.66_conf0.995.jpg,2,Oowashi
tool_bird_class_train/Oowashi_Stellers_Sea_Eagle/bird_frames_pure_oowashi_20260504/3ee82129__frame_017150_bb00_t0715.30_conf0.997.jpg,2,Oowashi
tool_bird_class_train/Oowashi_Stellers_Sea_Eagle/bird_frames_pure_oowashi_20260504/3ee82129__frame_018010_bb00_t0751.17_conf0.998.jpg,2,Oowashi
tool_bird_class_train/Oowashi_Stellers_Sea_Eagle/bird_frames_pure_oowashi_20260504/3ee82129__frame_018030_bb00_t0752.00_conf0.998.jpg,2,Oowashi
tool_bird_class_train/Oowashi_Stellers_Sea_Eagle/bird_frames_pure_oowashi_20260504/3ee82129__frame_018040_bb00_t0752.42_conf0.997.jpg,2,Oowashi
tool_bird_class_train/Oowashi_Stellers_Sea_Eagle/bird_frames_pure_oowashi_20260504/3ee82129__frame_019630_bb00_t0818.73_conf0.998.jpg,2,Oowashi
tool_bird_class_train/Oowashi_Stellers_Sea_Eagle/bird_frames_pure_oowashi_20260504/3ee82129__frame_019680_bb00_t0820.82_conf0.997.jpg,2,Oowashi
tool_bird_class_train/Oowashi_Stellers_Sea_Eagle/bird_frames_pure_oowashi_20260504/3ee82129__frame_019750_bb00_t0823.74_conf0.998.jpg,2,Oowashi
tool_bird_class_train/Oowashi_Stellers_Sea_Eagle/bird_frames_pure_oowashi_20260504/3ee82129__frame_019830_bb00_t0827.08_conf0.998.jpg,2,Oowashi
tool_bird_class_train/Oowashi_Stellers_Sea_Eagle/bird_frames_pure_oowashi_20260504/3ee82129__frame_020120_bb00_t0839.17_conf1.000.jpg,2,Oowashi
tool_bird_class_train/Oowashi_Stellers_Sea_Eagle/bird_frames_pure_oowashi_20260504/3ee82129__frame_022580_bb00_t0941.77_conf0.998.jpg,2,Oowashi
tool_bird_class_train/Oowashi_Stellers_Sea_Eagle/bird_frames_pure_oowashi_20260504/3ee82129__frame_028290_bb00_t1179.93_conf0.997.jpg,2,Oowashi
tool_bird_class_train/Oowashi_Stellers_Sea_Eagle/bird_frames_pure_oowashi_20260504/3ee82129__frame_028300_bb00_t1180.35_conf0.997.jpg,2,Oowashi
tool_bird_class_train/Oowashi_Stellers_Sea_Eagle/bird_frames_pure_oowashi_20260504/3ee82129__frame_028340_bb00_t1182.01_conf1.000.jpg,2,Oowashi
tool_bird_class_train/Oowashi_Stellers_Sea_Eagle/bird_frames_pure_oowashi_20260504/3ee82129__frame_028730_bb00_t1198.28_conf0.998.jpg,2,Oowashi
tool_bird_class_train/Oowashi_Stellers_Sea_Eagle/bird_frames_pure_oowashi_20260504/3ee82129__frame_028770_bb01_t1199.95_conf0.997.jpg,2,Oowashi
tool_bird_class_train/Oowashi_Stellers_Sea_Eagle/bird_frames_pure_oowashi_20260504/3ee82129__frame_029010_bb00_t1209.96_conf0.997.jpg,2,Oowashi
tool_bird_class_train/Oowashi_Stellers_Sea_Eagle/bird_frames_pure_oowashi_20260504/3ee82129__frame_029080_bb00_t1212.88_conf0.997.jpg,2,Oowashi
tool_bird_class_train/Oowashi_Stellers_Sea_Eagle/bird_frames_pure_oowashi_20260504/3ee82129__frame_029120_bb00_t1214.55_conf1.000.jpg,2,Oowashi
tool_bird_class_train/Oowashi_Stellers_Sea_Eagle/bird_frames_pure_oowashi_20260504/3ee82129__frame_043300_bb00_t1805.97_conf0.997.jpg,2,Oowashi
tool_bird_class_train/Oowashi_Stellers_Sea_Eagle/bird_frames_pure_oowashi_20260504/4c78b51a__frame_006470_bb00_t0269.85_conf0.998.jpg,2,Oowashi
tool_bird_class_train/Oowashi_Stellers_Sea_Eagle/bird_frames_pure_oowashi_20260504/4c78b51a__frame_006480_bb00_t0270.27_conf0.995.jpg,2,Oowashi
tool_bird_class_train/Oowashi_Stellers_Sea_Eagle/bird_frames_pure_oowashi_20260504/4c78b51a__frame_006680_bb00_t0278.61_conf0.998.jpg,2,Oowashi
tool_bird_class_train/Oowashi_Stellers_Sea_Eagle/bird_frames_pure_oowashi_20260504/4c78b51a__frame_006690_bb00_t0279.03_conf0.998.jpg,2,Oowashi
tool_bird_class_train/Oowashi_Stellers_Sea_Eagle/bird_frames_pure_oowashi_20260504/4c78b51a__frame_006720_bb00_t0280.28_conf0.994.jpg,2,Oowashi
tool_bird_class_train/Oowashi_Stellers_Sea_Eagle/bird_frames_pure_oowashi_20260504/4c78b51a__frame_006990_bb00_t0291.54_conf0.998.jpg,2,Oowashi
tool_bird_class_train/Oowashi_Stellers_Sea_Eagle/bird_frames_pure_oowashi_20260504/4c78b51a__frame_007000_bb00_t0291.96_conf0.997.jpg,2,Oowashi
tool_bird_class_train/Oowashi_Stellers_Sea_Eagle/bird_frames_pure_oowashi_20260504/4c78b51a__frame_007200_bb00_t0300.30_conf0.998.jpg,2,Oowashi
tool_bird_class_train/Oowashi_Stellers_Sea_Eagle/bird_frames_pure_oowashi_20260504/4c78b51a__frame_009490_bb00_t0395.81_conf0.994.jpg,2,Oowashi
tool_bird_class_train/Oowashi_Stellers_Sea_Eagle/bird_frames_pure_oowashi_20260504/4c78b51a__frame_009500_bb00_t0396.23_conf0.997.jpg,2,Oowashi
tool_bird_class_train/Oowashi_Stellers_Sea_Eagle/bird_frames_pure_oowashi_20260504/4c78b51a__frame_009600_bb00_t0400.40_conf0.994.jpg,2,Oowashi
tool_bird_class_train/Oowashi_Stellers_Sea_Eagle/bird_frames_pure_oowashi_20260504/4c78b51a__frame_010000_bb00_t0417.08_conf0.994.jpg,2,Oowashi
tool_bird_class_train/Oowashi_Stellers_Sea_Eagle/bird_frames_pure_oowashi_20260504/4c78b51a__frame_010260_bb00_t0427.93_conf0.997.jpg,2,Oowashi
tool_bird_class_train/Oowashi_Stellers_Sea_Eagle/bird_frames_pure_oowashi_20260504/4c78b51a__frame_014850_bb00_t0619.37_conf0.994.jpg,2,Oowashi
tool_bird_class_train/Oowashi_Stellers_Sea_Eagle/bird_frames_pure_oowashi_20260504/4c78b51a__frame_020090_bb00_t0837.92_conf0.995.jpg,2,Oowashi
tool_bird_class_train/Oowashi_Stellers_Sea_Eagle/bird_frames_pure_oowashi_20260504/4c78b51a__frame_020160_bb00_t0840.84_conf0.995.jpg,2,Oowashi
tool_bird_class_train/Oowashi_Stellers_Sea_Eagle/bird_frames_pure_oowashi_20260504/4c78b51a__frame_020730_bb00_t0864.61_conf0.998.jpg,2,Oowashi
tool_bird_class_train/Oowashi_Stellers_Sea_Eagle/bird_frames_pure_oowashi_20260504/4c78b51a__frame_025160_bb00_t1049.38_conf0.995.jpg,2,Oowashi
tool_bird_class_train/Oowashi_Stellers_Sea_Eagle/bird_frames_pure_oowashi_20260504/4c78b51a__frame_025210_bb01_t1051.47_conf0.994.jpg,2,Oowashi
tool_bird_class_train/Oowashi_Stellers_Sea_Eagle/bird_frames_pure_oowashi_20260504/4c78b51a__frame_025360_bb00_t1057.72_conf0.994.jpg,2,Oowashi
tool_bird_class_train/Oowashi_Stellers_Sea_Eagle/bird_frames_pure_oowashi_20260504/4c78b51a__frame_030430_bb00_t1269.18_conf0.997.jpg,2,Oowashi
tool_bird_class_train/Oowashi_Stellers_Sea_Eagle/bird_frames_pure_oowashi_20260504/4c78b51a__frame_030730_bb00_t1281.70_conf0.998.jpg,2,Oowashi
tool_bird_class_train/Oowashi_Stellers_Sea_Eagle/bird_frames_pure_oowashi_20260504/4d1f9966__frame_016050_bb00_t0669.42_conf0.998.jpg,2,Oowashi
tool_bird_class_train/Oowashi_Stellers_Sea_Eagle/bird_frames_pure_oowashi_20260504/4d1f9966__frame_016060_bb00_t0669.84_conf0.974.jpg,2,Oowashi
tool_bird_class_train/Oowashi_Stellers_Sea_Eagle/bird_frames_pure_oowashi_20260504/4d1f9966__frame_016070_bb00_t0670.25_conf0.990.jpg,2,Oowashi
tool_bird_class_train/Oowashi_Stellers_Sea_Eagle/bird_frames_pure_oowashi_20260504/4d1f9966__frame_016080_bb00_t0670.67_conf0.990.jpg,2,Oowashi
tool_bird_class_train/Oowashi_Stellers_Sea_Eagle/bird_frames_pure_oowashi_20260504/4d1f9966__frame_016090_bb00_t0671.09_conf0.994.jpg,2,Oowashi
tool_bird_class_train/Oowashi_Stellers_Sea_Eagle/bird_frames_pure_oowashi_20260504/4d1f9966__frame_016100_bb00_t0671.50_conf0.987.jpg,2,Oowashi
tool_bird_class_train/Oowashi_Stellers_Sea_Eagle/bird_frames_pure_oowashi_20260504/4d1f9966__frame_016110_bb00_t0671.92_conf0.973.jpg,2,Oowashi
tool_bird_class_train/Oowashi_Stellers_Sea_Eagle/bird_frames_pure_oowashi_20260504/4d1f9966__frame_016130_bb00_t0672.76_conf0.981.jpg,2,Oowashi
tool_bird_class_train/Oowashi_Stellers_Sea_Eagle/bird_frames_pure_oowashi_20260504/4d1f9966__frame_016170_bb00_t0674.42_conf0.978.jpg,2,Oowashi
tool_bird_class_train/Oowashi_Stellers_Sea_Eagle/bird_frames_pure_oowashi_20260504/4d1f9966__frame_016190_bb00_t0675.26_conf0.962.jpg,2,Oowashi
tool_bird_class_train/Oowashi_Stellers_Sea_Eagle/bird_frames_pure_oowashi_20260504/4d1f9966__frame_016240_bb00_t0677.34_conf0.974.jpg,2,Oowashi
tool_bird_class_train/Oowashi_Stellers_Sea_Eagle/bird_frames_pure_oowashi_20260504/4d1f9966__frame_016290_bb00_t0679.43_conf0.989.jpg,2,Oowashi
tool_bird_class_train/Oowashi_Stellers_Sea_Eagle/bird_frames_pure_oowashi_20260504/4d1f9966__frame_016340_bb00_t0681.51_conf0.992.jpg,2,Oowashi
tool_bird_class_train/Oowashi_Stellers_Sea_Eagle/bird_frames_pure_oowashi_20260504/4d1f9966__frame_016380_bb00_t0683.18_conf0.979.jpg,2,Oowashi
tool_bird_class_train/Oowashi_Stellers_Sea_Eagle/bird_frames_pure_oowashi_20260504/4d1f9966__frame_016420_bb00_t0684.85_conf0.962.jpg,2,Oowashi
tool_bird_class_train/Oowashi_Stellers_Sea_Eagle/bird_frames_pure_oowashi_20260504/4d49e9f6__frame_007110_bb00_t0296.55_conf0.995.jpg,2,Oowashi
tool_bird_class_train/Oowashi_Stellers_Sea_Eagle/bird_frames_pure_oowashi_20260504/4d49e9f6__frame_007110_bb01_t0296.55_conf0.995.jpg,2,Oowashi
tool_bird_class_train/Oowashi_Stellers_Sea_Eagle/bird_frames_pure_oowashi_20260504/4d49e9f6__frame_007120_bb00_t0296.96_conf1.000.jpg,2,Oowashi
tool_bird_class_train/Oowashi_Stellers_Sea_Eagle/bird_frames_pure_oowashi_20260504/4d49e9f6__frame_007150_bb00_t0298.21_conf0.997.jpg,2,Oowashi
tool_bird_class_train/Oowashi_Stellers_Sea_Eagle/bird_frames_pure_oowashi_20260504/4d49e9f6__frame_007170_bb00_t0299.05_conf0.998.jpg,2,Oowashi
tool_bird_class_train/Oowashi_Stellers_Sea_Eagle/bird_frames_pure_oowashi_20260504/4d49e9f6__frame_007230_bb00_t0301.55_conf0.998.jpg,2,Oowashi
tool_bird_class_train/Oowashi_Stellers_Sea_Eagle/bird_frames_pure_oowashi_20260504/4d49e9f6__frame_007430_bb00_t0309.89_conf0.997.jpg,2,Oowashi
tool_bird_class_train/Oowashi_Stellers_Sea_Eagle/bird_frames_pure_oowashi_20260504/4d49e9f6__frame_007490_bb00_t0312.40_conf0.995.jpg,2,Oowashi
tool_bird_class_train/Oowashi_Stellers_Sea_Eagle/bird_frames_pure_oowashi_20260504/4d49e9f6__frame_007510_bb00_t0313.23_conf0.997.jpg,2,Oowashi
tool_bird_class_train/Oowashi_Stellers_Sea_Eagle/bird_frames_pure_oowashi_20260504/4d49e9f6__frame_007520_bb00_t0313.65_conf0.998.jpg,2,Oowashi
tool_bird_class_train/Oowashi_Stellers_Sea_Eagle/bird_frames_pure_oowashi_20260504/4d49e9f6__frame_007730_bb00_t0322.41_conf0.998.jpg,2,Oowashi
tool_bird_class_train/Oowashi_Stellers_Sea_Eagle/bird_frames_pure_oowashi_20260504/4d49e9f6__frame_007820_bb00_t0326.16_conf0.995.jpg,2,Oowashi
tool_bird_class_train/Oowashi_Stellers_Sea_Eagle/bird_frames_pure_oowashi_20260504/4d49e9f6__frame_026360_bb00_t1099.43_conf0.995.jpg,2,Oowashi
tool_bird_class_train/Oowashi_Stellers_Sea_Eagle/bird_frames_pure_oowashi_20260504/4d49e9f6__frame_026370_bb00_t1099.85_conf0.995.jpg,2,Oowashi
tool_bird_class_train/Oowashi_Stellers_Sea_Eagle/bird_frames_pure_oowashi_20260504/4d49e9f6__frame_033050_bb00_t1378.46_conf0.998.jpg,2,Oowashi
tool_bird_class_train/Oowashi_Stellers_Sea_Eagle/bird_frames_pure_oowashi_20260504/4d49e9f6__frame_033180_bb00_t1383.88_conf0.998.jpg,2,Oowashi
tool_bird_class_train/Oowashi_Stellers_Sea_Eagle/bird_frames_pure_oowashi_20260504/523aa2cf__frame_008690_bb00_t0362.45_conf0.997.jpg,2,Oowashi
tool_bird_class_train/Oowashi_Stellers_Sea_Eagle/bird_frames_pure_oowashi_20260504/523aa2cf__frame_008700_bb00_t0362.86_conf0.995.jpg,2,Oowashi
tool_bird_class_train/Oowashi_Stellers_Sea_Eagle/bird_frames_pure_oowashi_20260504/523aa2cf__frame_008770_bb00_t0365.78_conf0.994.jpg,2,Oowashi
tool_bird_class_train/Oowashi_Stellers_Sea_Eagle/bird_frames_pure_oowashi_20260504/523aa2cf__frame_009250_bb00_t0385.80_conf0.997.jpg,2,Oowashi
tool_bird_class_train/Oowashi_Stellers_Sea_Eagle/bird_frames_pure_oowashi_20260504/523aa2cf__frame_009540_bb01_t0397.90_conf0.998.jpg,2,Oowashi
tool_bird_class_train/Oowashi_Stellers_Sea_Eagle/bird_frames_pure_oowashi_20260504/523aa2cf__frame_011170_bb00_t0465.88_conf0.998.jpg,2,Oowashi
tool_bird_class_train/Oowashi_Stellers_Sea_Eagle/bird_frames_pure_oowashi_20260504/523aa2cf__frame_014030_bb01_t0585.17_conf0.995.jpg,2,Oowashi
tool_bird_class_train/Oowashi_Stellers_Sea_Eagle/bird_frames_pure_oowashi_20260504/523aa2cf__frame_015080_bb00_t0628.96_conf0.998.jpg,2,Oowashi
tool_bird_class_train/Oowashi_Stellers_Sea_Eagle/bird_frames_pure_oowashi_20260504/523aa2cf__frame_017640_bb00_t0735.73_conf0.995.jpg,2,Oowashi
tool_bird_class_train/Oowashi_Stellers_Sea_Eagle/bird_frames_pure_oowashi_20260504/523aa2cf__frame_017650_bb00_t0736.15_conf0.998.jpg,2,Oowashi
tool_bird_class_train/Oowashi_Stellers_Sea_Eagle/bird_frames_pure_oowashi_20260504/523aa2cf__frame_017680_bb00_t0737.40_conf0.995.jpg,2,Oowashi
tool_bird_class_train/Oowashi_Stellers_Sea_Eagle/bird_frames_pure_oowashi_20260504/523aa2cf__frame_017720_bb00_t0739.07_conf0.997.jpg,2,Oowashi
tool_bird_class_train/Oowashi_Stellers_Sea_Eagle/bird_frames_pure_oowashi_20260504/523aa2cf__frame_018650_bb00_t0777.86_conf0.994.jpg,2,Oowashi
tool_bird_class_train/Oowashi_Stellers_Sea_Eagle/bird_frames_pure_oowashi_20260504/523aa2cf__frame_018660_bb00_t0778.28_conf0.995.jpg,2,Oowashi
tool_bird_class_train/Oowashi_Stellers_Sea_Eagle/bird_frames_pure_oowashi_20260504/523aa2cf__frame_019750_bb00_t0823.74_conf0.998.jpg,2,Oowashi
tool_bird_class_train/Oowashi_Stellers_Sea_Eagle/bird_frames_pure_oowashi_20260504/751cf927__frame_007850_bb00_t0327.41_conf0.995.jpg,2,Oowashi
tool_bird_class_train/Oowashi_Stellers_Sea_Eagle/bird_frames_pure_oowashi_20260504/751cf927__frame_007860_bb00_t0327.83_conf0.995.jpg,2,Oowashi
tool_bird_class_train/Oowashi_Stellers_Sea_Eagle/bird_frames_pure_oowashi_20260504/751cf927__frame_009150_bb00_t0381.63_conf0.997.jpg,2,Oowashi
tool_bird_class_train/Oowashi_Stellers_Sea_Eagle/bird_frames_pure_oowashi_20260504/751cf927__frame_009180_bb00_t0382.88_conf0.995.jpg,2,Oowashi
tool_bird_class_train/Oowashi_Stellers_Sea_Eagle/bird_frames_pure_oowashi_20260504/751cf927__frame_009220_bb00_t0384.55_conf0.997.jpg,2,Oowashi
tool_bird_class_train/Oowashi_Stellers_Sea_Eagle/bird_frames_pure_oowashi_20260504/751cf927__frame_009360_bb00_t0390.39_conf0.997.jpg,2,Oowashi
tool_bird_class_train/Oowashi_Stellers_Sea_Eagle/bird_frames_pure_oowashi_20260504/751cf927__frame_014810_bb00_t0617.70_conf1.000.jpg,2,Oowashi
tool_bird_class_train/Oowashi_Stellers_Sea_Eagle/bird_frames_pure_oowashi_20260504/751cf927__frame_015090_bb00_t0629.38_conf1.000.jpg,2,Oowashi
tool_bird_class_train/Oowashi_Stellers_Sea_Eagle/bird_frames_pure_oowashi_20260504/751cf927__frame_018140_bb01_t0756.59_conf0.998.jpg,2,Oowashi
tool_bird_class_train/Oowashi_Stellers_Sea_Eagle/bird_frames_pure_oowashi_20260504/751cf927__frame_023010_bb00_t0959.71_conf0.998.jpg,2,Oowashi
tool_bird_class_train/Oowashi_Stellers_Sea_Eagle/bird_frames_pure_oowashi_20260504/751cf927__frame_023020_bb00_t0960.13_conf0.997.jpg,2,Oowashi
tool_bird_class_train/Oowashi_Stellers_Sea_Eagle/bird_frames_pure_oowashi_20260504/751cf927__frame_023130_bb00_t0964.71_conf0.998.jpg,2,Oowashi
tool_bird_class_train/Oowashi_Stellers_Sea_Eagle/bird_frames_pure_oowashi_20260504/751cf927__frame_031230_bb00_t1302.55_conf0.997.jpg,2,Oowashi
tool_bird_class_train/Oowashi_Stellers_Sea_Eagle/bird_frames_pure_oowashi_20260504/751cf927__frame_032660_bb00_t1362.19_conf0.998.jpg,2,Oowashi
tool_bird_class_train/Oowashi_Stellers_Sea_Eagle/bird_frames_pure_oowashi_20260504/751cf927__frame_032940_bb00_t1373.87_conf0.997.jpg,2,Oowashi
tool_bird_class_train/Oowashi_Stellers_Sea_Eagle/bird_frames_pure_oowashi_20260504/751cf927__frame_034950_bb00_t1457.71_conf0.998.jpg,2,Oowashi
tool_bird_class_train/Oowashi_Stellers_Sea_Eagle/bird_frames_pure_oowashi_20260504/751cf927__frame_034960_bb00_t1458.12_conf0.997.jpg,2,Oowashi
tool_bird_class_train/Oowashi_Stellers_Sea_Eagle/bird_frames_pure_oowashi_20260504/751cf927__frame_040980_bb00_t1709.21_conf0.997.jpg,2,Oowashi
tool_bird_class_train/Oowashi_Stellers_Sea_Eagle/bird_frames_pure_oowashi_20260504/751cf927__frame_041080_bb00_t1713.38_conf0.998.jpg,2,Oowashi
tool_bird_class_train/Oowashi_Stellers_Sea_Eagle/bird_frames_pure_oowashi_20260504/751cf927__frame_041380_bb00_t1725.89_conf0.997.jpg,2,Oowashi
tool_bird_class_train/Oowashi_Stellers_Sea_Eagle/bird_frames_pure_oowashi_20260504/751cf927__frame_042640_bb00_t1778.44_conf0.997.jpg,2,Oowashi
tool_bird_class_train/Oowashi_Stellers_Sea_Eagle/bird_frames_pure_oowashi_20260504/845670df__frame_002250_bb00_t0093.84_conf0.997.jpg,2,Oowashi
tool_bird_class_train/Oowashi_Stellers_Sea_Eagle/bird_frames_pure_oowashi_20260504/845670df__frame_002250_bb01_t0093.84_conf0.994.jpg,2,Oowashi
tool_bird_class_train/Oowashi_Stellers_Sea_Eagle/bird_frames_pure_oowashi_20260504/845670df__frame_002320_bb00_t0096.76_conf0.998.jpg,2,Oowashi
tool_bird_class_train/Oowashi_Stellers_Sea_Eagle/bird_frames_pure_oowashi_20260504/845670df__frame_008120_bb01_t0338.67_conf0.976.jpg,2,Oowashi
tool_bird_class_train/Oowashi_Stellers_Sea_Eagle/bird_frames_pure_oowashi_20260504/845670df__frame_009620_bb00_t0401.23_conf0.976.jpg,2,Oowashi
tool_bird_class_train/Oowashi_Stellers_Sea_Eagle/bird_frames_pure_oowashi_20260504/845670df__frame_009890_bb00_t0412.50_conf0.973.jpg,2,Oowashi
tool_bird_class_train/Oowashi_Stellers_Sea_Eagle/bird_frames_pure_oowashi_20260504/845670df__frame_011340_bb00_t0472.97_conf0.982.jpg,2,Oowashi
tool_bird_class_train/Oowashi_Stellers_Sea_Eagle/bird_frames_pure_oowashi_20260504/845670df__frame_012980_bb00_t0541.37_conf0.986.jpg,2,Oowashi
tool_bird_class_train/Oowashi_Stellers_Sea_Eagle/bird_frames_pure_oowashi_20260504/845670df__frame_014190_bb00_t0591.84_conf0.970.jpg,2,Oowashi
tool_bird_class_train/Oowashi_Stellers_Sea_Eagle/bird_frames_pure_oowashi_20260504/845670df__frame_014670_bb00_t0611.86_conf0.986.jpg,2,Oowashi
tool_bird_class_train/Oowashi_Stellers_Sea_Eagle/bird_frames_pure_oowashi_20260504/845670df__frame_014690_bb00_t0612.70_conf0.992.jpg,2,Oowashi
tool_bird_class_train/Oowashi_Stellers_Sea_Eagle/bird_frames_pure_oowashi_20260504/845670df__frame_014720_bb00_t0613.95_conf0.990.jpg,2,Oowashi
tool_bird_class_train/Oowashi_Stellers_Sea_Eagle/bird_frames_pure_oowashi_20260504/845670df__frame_014730_bb00_t0614.36_conf0.992.jpg,2,Oowashi
tool_bird_class_train/Oowashi_Stellers_Sea_Eagle/bird_frames_pure_oowashi_20260504/845670df__frame_014750_bb00_t0615.20_conf0.995.jpg,2,Oowashi
tool_bird_class_train/Oowashi_Stellers_Sea_Eagle/bird_frames_pure_oowashi_20260504/845670df__frame_014820_bb00_t0618.12_conf0.992.jpg,2,Oowashi
tool_bird_class_train/Oowashi_Stellers_Sea_Eagle/bird_frames_pure_oowashi_20260504/845670df__frame_014830_bb00_t0618.53_conf0.992.jpg,2,Oowashi
tool_bird_class_train/Oowashi_Stellers_Sea_Eagle/bird_frames_pure_oowashi_20260504/845670df__frame_014900_bb00_t0621.45_conf0.990.jpg,2,Oowashi
tool_bird_class_train/Oowashi_Stellers_Sea_Eagle/bird_frames_pure_oowashi_20260504/845670df__frame_014920_bb00_t0622.29_conf0.995.jpg,2,Oowashi
tool_bird_class_train/Oowashi_Stellers_Sea_Eagle/bird_frames_pure_oowashi_20260504/845670df__frame_014930_bb00_t0622.71_conf0.986.jpg,2,Oowashi
tool_bird_class_train/Oowashi_Stellers_Sea_Eagle/bird_frames_pure_oowashi_20260504/845670df__frame_014940_bb00_t0623.12_conf0.976.jpg,2,Oowashi
tool_bird_class_train/Oowashi_Stellers_Sea_Eagle/bird_frames_pure_oowashi_20260504/845670df__frame_014950_bb00_t0623.54_conf0.990.jpg,2,Oowashi
tool_bird_class_train/Oowashi_Stellers_Sea_Eagle/bird_frames_pure_oowashi_20260504/845670df__frame_014980_bb00_t0624.79_conf0.987.jpg,2,Oowashi
tool_bird_class_train/Oowashi_Stellers_Sea_Eagle/bird_frames_pure_oowashi_20260504/845670df__frame_021360_bb00_t0890.89_conf0.992.jpg,2,Oowashi
tool_bird_class_train/Oowashi_Stellers_Sea_Eagle/bird_frames_pure_oowashi_20260504/8c3a2f11__frame_004460_bb00_t0186.02_conf1.000.jpg,2,Oowashi
tool_bird_class_train/Oowashi_Stellers_Sea_Eagle/bird_frames_pure_oowashi_20260504/8c3a2f11__frame_008440_bb00_t0352.02_conf0.997.jpg,2,Oowashi
tool_bird_class_train/Oowashi_Stellers_Sea_Eagle/bird_frames_pure_oowashi_20260504/8c3a2f11__frame_012600_bb01_t0525.52_conf1.000.jpg,2,Oowashi
tool_bird_class_train/Oowashi_Stellers_Sea_Eagle/bird_frames_pure_oowashi_20260504/8c3a2f11__frame_013080_bb00_t0545.54_conf0.997.jpg,2,Oowashi
tool_bird_class_train/Oowashi_Stellers_Sea_Eagle/bird_frames_pure_oowashi_20260504/8c3a2f11__frame_013190_bb00_t0550.13_conf0.997.jpg,2,Oowashi
tool_bird_class_train/Oowashi_Stellers_Sea_Eagle/bird_frames_pure_oowashi_20260504/8c3a2f11__frame_015760_bb00_t0657.32_conf0.997.jpg,2,Oowashi
tool_bird_class_train/Oowashi_Stellers_Sea_Eagle/bird_frames_pure_oowashi_20260504/8c3a2f11__frame_016530_bb00_t0689.44_conf1.000.jpg,2,Oowashi
tool_bird_class_train/Oowashi_Stellers_Sea_Eagle/bird_frames_pure_oowashi_20260504/8c3a2f11__frame_017430_bb00_t0726.98_conf1.000.jpg,2,Oowashi
tool_bird_class_train/Oowashi_Stellers_Sea_Eagle/bird_frames_pure_oowashi_20260504/8c3a2f11__frame_018650_bb00_t0777.86_conf0.997.jpg,2,Oowashi
tool_bird_class_train/Oowashi_Stellers_Sea_Eagle/bird_frames_pure_oowashi_20260504/8c3a2f11__frame_020610_bb00_t0859.61_conf0.997.jpg,2,Oowashi
tool_bird_class_train/Oowashi_Stellers_Sea_Eagle/bird_frames_pure_oowashi_20260504/8c3a2f11__frame_020650_bb00_t0861.28_conf0.997.jpg,2,Oowashi
tool_bird_class_train/Oowashi_Stellers_Sea_Eagle/bird_frames_pure_oowashi_20260504/8c3a2f11__frame_020660_bb00_t0861.69_conf0.998.jpg,2,Oowashi
tool_bird_class_train/Oowashi_Stellers_Sea_Eagle/bird_frames_pure_oowashi_20260504/8c3a2f11__frame_021740_bb01_t0906.74_conf0.997.jpg,2,Oowashi
tool_bird_class_train/Oowashi_Stellers_Sea_Eagle/bird_frames_pure_oowashi_20260504/8c3a2f11__frame_022140_bb01_t0923.42_conf0.998.jpg,2,Oowashi
tool_bird_class_train/Oowashi_Stellers_Sea_Eagle/bird_frames_pure_oowashi_20260504/8c3a2f11__frame_022150_bb00_t0923.84_conf0.997.jpg,2,Oowashi
tool_bird_class_train/Oowashi_Stellers_Sea_Eagle/bird_frames_pure_oowashi_20260504/8c3a2f11__frame_026920_bb04_t1122.79_conf0.998.jpg,2,Oowashi
tool_bird_class_train/Oowashi_Stellers_Sea_Eagle/bird_frames_pure_oowashi_20260504/8c3a2f11__frame_027310_bb00_t1139.05_conf0.998.jpg,2,Oowashi
tool_bird_class_train/Oowashi_Stellers_Sea_Eagle/bird_frames_pure_oowashi_20260504/8c3a2f11__frame_027360_bb01_t1141.14_conf0.998.jpg,2,Oowashi
tool_bird_class_train/Oowashi_Stellers_Sea_Eagle/bird_frames_pure_oowashi_20260504/8c3a2f11__frame_027970_bb00_t1166.58_conf1.000.jpg,2,Oowashi
tool_bird_class_train/Oowashi_Stellers_Sea_Eagle/bird_frames_pure_oowashi_20260504/8c3a2f11__frame_029020_bb01_t1210.38_conf1.000.jpg,2,Oowashi
tool_bird_class_train/Oowashi_Stellers_Sea_Eagle/bird_frames_pure_oowashi_20260504/8f06c527__frame_010380_bb01_t0432.93_conf0.995.jpg,2,Oowashi
tool_bird_class_train/Oowashi_Stellers_Sea_Eagle/bird_frames_pure_oowashi_20260504/8f06c527__frame_010480_bb01_t0437.10_conf1.000.jpg,2,Oowashi
tool_bird_class_train/Oowashi_Stellers_Sea_Eagle/bird_frames_pure_oowashi_20260504/8f06c527__frame_010520_bb00_t0438.77_conf0.994.jpg,2,Oowashi
tool_bird_class_train/Oowashi_Stellers_Sea_Eagle/bird_frames_pure_oowashi_20260504/8f06c527__frame_011090_bb00_t0462.55_conf1.000.jpg,2,Oowashi
tool_bird_class_train/Oowashi_Stellers_Sea_Eagle/bird_frames_pure_oowashi_20260504/8f06c527__frame_012260_bb00_t0511.34_conf0.994.jpg,2,Oowashi
tool_bird_class_train/Oowashi_Stellers_Sea_Eagle/bird_frames_pure_oowashi_20260504/8f06c527__frame_016370_bb00_t0682.77_conf0.995.jpg,2,Oowashi
tool_bird_class_train/Oowashi_Stellers_Sea_Eagle/bird_frames_pure_oowashi_20260504/8f06c527__frame_016390_bb00_t0683.60_conf0.995.jpg,2,Oowashi
tool_bird_class_train/Oowashi_Stellers_Sea_Eagle/bird_frames_pure_oowashi_20260504/8f06c527__frame_016780_bb00_t0699.87_conf0.997.jpg,2,Oowashi
tool_bird_class_train/Oowashi_Stellers_Sea_Eagle/bird_frames_pure_oowashi_20260504/8f06c527__frame_017010_bb00_t0709.46_conf0.995.jpg,2,Oowashi
tool_bird_class_train/Oowashi_Stellers_Sea_Eagle/bird_frames_pure_oowashi_20260504/8f06c527__frame_017890_bb00_t0746.16_conf0.998.jpg,2,Oowashi
tool_bird_class_train/Oowashi_Stellers_Sea_Eagle/bird_frames_pure_oowashi_20260504/8f06c527__frame_017900_bb03_t0746.58_conf0.995.jpg,2,Oowashi
tool_bird_class_train/Oowashi_Stellers_Sea_Eagle/bird_frames_pure_oowashi_20260504/8f06c527__frame_018410_bb00_t0767.85_conf0.997.jpg,2,Oowashi
tool_bird_class_train/Oowashi_Stellers_Sea_Eagle/bird_frames_pure_oowashi_20260504/8f06c527__frame_019080_bb00_t0795.79_conf0.997.jpg,2,Oowashi
tool_bird_class_train/Oowashi_Stellers_Sea_Eagle/bird_frames_pure_oowashi_20260504/8f06c527__frame_019100_bb00_t0796.63_conf0.995.jpg,2,Oowashi
tool_bird_class_train/Oowashi_Stellers_Sea_Eagle/bird_frames_pure_oowashi_20260504/8f06c527__frame_019120_bb00_t0797.46_conf0.997.jpg,2,Oowashi
tool_bird_class_train/Oowashi_Stellers_Sea_Eagle/bird_frames_pure_oowashi_20260504/8f06c527__frame_020270_bb00_t0845.43_conf0.995.jpg,2,Oowashi
tool_bird_class_train/Oowashi_Stellers_Sea_Eagle/bird_frames_pure_oowashi_20260504/8f06c527__frame_020340_bb00_t0848.35_conf0.997.jpg,2,Oowashi
tool_bird_class_train/Oowashi_Stellers_Sea_Eagle/bird_frames_pure_oowashi_20260504/8f06c527__frame_023710_bb00_t0988.90_conf0.995.jpg,2,Oowashi
tool_bird_class_train/Oowashi_Stellers_Sea_Eagle/bird_frames_pure_oowashi_20260504/8f06c527__frame_023720_bb00_t0989.32_conf0.997.jpg,2,Oowashi
tool_bird_class_train/Oowashi_Stellers_Sea_Eagle/bird_frames_pure_oowashi_20260504/954ff94e__frame_009960_bb00_t0415.41_conf0.997.jpg,2,Oowashi
tool_bird_class_train/Oowashi_Stellers_Sea_Eagle/bird_frames_pure_oowashi_20260504/954ff94e__frame_018040_bb00_t0752.42_conf0.997.jpg,2,Oowashi
tool_bird_class_train/Oowashi_Stellers_Sea_Eagle/bird_frames_pure_oowashi_20260504/954ff94e__frame_020550_bb00_t0857.11_conf0.997.jpg,2,Oowashi
tool_bird_class_train/Oowashi_Stellers_Sea_Eagle/bird_frames_pure_oowashi_20260504/954ff94e__frame_020570_bb00_t0857.94_conf0.997.jpg,2,Oowashi
tool_bird_class_train/Oowashi_Stellers_Sea_Eagle/bird_frames_pure_oowashi_20260504/954ff94e__frame_020590_bb00_t0858.77_conf0.998.jpg,2,Oowashi
tool_bird_class_train/Oowashi_Stellers_Sea_Eagle/bird_frames_pure_oowashi_20260504/954ff94e__frame_020790_bb00_t0867.12_conf0.997.jpg,2,Oowashi
tool_bird_class_train/Oowashi_Stellers_Sea_Eagle/bird_frames_pure_oowashi_20260504/954ff94e__frame_021360_bb01_t0890.89_conf0.998.jpg,2,Oowashi
tool_bird_class_train/Oowashi_Stellers_Sea_Eagle/bird_frames_pure_oowashi_20260504/954ff94e__frame_021480_bb00_t0895.89_conf0.997.jpg,2,Oowashi
tool_bird_class_train/Oowashi_Stellers_Sea_Eagle/bird_frames_pure_oowashi_20260504/954ff94e__frame_021490_bb00_t0896.31_conf0.997.jpg,2,Oowashi
tool_bird_class_train/Oowashi_Stellers_Sea_Eagle/bird_frames_pure_oowashi_20260504/954ff94e__frame_021730_bb00_t0906.32_conf0.998.jpg,2,Oowashi
tool_bird_class_train/Oowashi_Stellers_Sea_Eagle/bird_frames_pure_oowashi_20260504/954ff94e__frame_023510_bb01_t0980.56_conf0.997.jpg,2,Oowashi
tool_bird_class_train/Oowashi_Stellers_Sea_Eagle/bird_frames_pure_oowashi_20260504/954ff94e__frame_025170_bb00_t1049.80_conf0.997.jpg,2,Oowashi
tool_bird_class_train/Oowashi_Stellers_Sea_Eagle/bird_frames_pure_oowashi_20260504/954ff94e__frame_025230_bb00_t1052.30_conf1.000.jpg,2,Oowashi
tool_bird_class_train/Oowashi_Stellers_Sea_Eagle/bird_frames_pure_oowashi_20260504/954ff94e__frame_025260_bb00_t1053.55_conf0.997.jpg,2,Oowashi
tool_bird_class_train/Oowashi_Stellers_Sea_Eagle/bird_frames_pure_oowashi_20260504/954ff94e__frame_025400_bb00_t1059.39_conf0.998.jpg,2,Oowashi
tool_bird_class_train/Oowashi_Stellers_Sea_Eagle/bird_frames_pure_oowashi_20260504/954ff94e__frame_025690_bb00_t1071.49_conf0.997.jpg,2,Oowashi
tool_bird_class_train/Oowashi_Stellers_Sea_Eagle/bird_frames_pure_oowashi_20260504/954ff94e__frame_025770_bb00_t1074.82_conf1.000.jpg,2,Oowashi
tool_bird_class_train/Oowashi_Stellers_Sea_Eagle/bird_frames_pure_oowashi_20260504/954ff94e__frame_025990_bb00_t1084.00_conf0.998.jpg,2,Oowashi
tool_bird_class_train/Oowashi_Stellers_Sea_Eagle/bird_frames_pure_oowashi_20260504/954ff94e__frame_026010_bb00_t1084.83_conf0.998.jpg,2,Oowashi
tool_bird_class_train/Oowashi_Stellers_Sea_Eagle/bird_frames_pure_oowashi_20260504/954ff94e__frame_026110_bb00_t1089.00_conf0.998.jpg,2,Oowashi
tool_bird_class_train/Oowashi_Stellers_Sea_Eagle/bird_frames_pure_oowashi_20260504/954ff94e__frame_033090_bb00_t1380.13_conf1.000.jpg,2,Oowashi
tool_bird_class_train/Oowashi_Stellers_Sea_Eagle/bird_frames_pure_oowashi_20260504/a45d9fc9__frame_003570_bb00_t0148.90_conf0.997.jpg,2,Oowashi
tool_bird_class_train/Oowashi_Stellers_Sea_Eagle/bird_frames_pure_oowashi_20260504/a45d9fc9__frame_003580_bb00_t0149.32_conf0.998.jpg,2,Oowashi
tool_bird_class_train/Oowashi_Stellers_Sea_Eagle/bird_frames_pure_oowashi_20260504/a45d9fc9__frame_003590_bb00_t0149.73_conf0.998.jpg,2,Oowashi
tool_bird_class_train/Oowashi_Stellers_Sea_Eagle/bird_frames_pure_oowashi_20260504/a45d9fc9__frame_017070_bb00_t0711.96_conf0.997.jpg,2,Oowashi
tool_bird_class_train/Oowashi_Stellers_Sea_Eagle/bird_frames_pure_oowashi_20260504/a45d9fc9__frame_017200_bb00_t0717.38_conf0.998.jpg,2,Oowashi
tool_bird_class_train/Oowashi_Stellers_Sea_Eagle/bird_frames_pure_oowashi_20260504/a45d9fc9__frame_017240_bb00_t0719.05_conf0.998.jpg,2,Oowashi
tool_bird_class_train/Oowashi_Stellers_Sea_Eagle/bird_frames_pure_oowashi_20260504/a45d9fc9__frame_017410_bb00_t0726.14_conf0.997.jpg,2,Oowashi
tool_bird_class_train/Oowashi_Stellers_Sea_Eagle/bird_frames_pure_oowashi_20260504/a45d9fc9__frame_017440_bb00_t0727.39_conf0.997.jpg,2,Oowashi
tool_bird_class_train/Oowashi_Stellers_Sea_Eagle/bird_frames_pure_oowashi_20260504/a45d9fc9__frame_017530_bb00_t0731.15_conf0.998.jpg,2,Oowashi
tool_bird_class_train/Oowashi_Stellers_Sea_Eagle/bird_frames_pure_oowashi_20260504/a45d9fc9__frame_019450_bb00_t0811.23_conf1.000.jpg,2,Oowashi
tool_bird_class_train/Oowashi_Stellers_Sea_Eagle/bird_frames_pure_oowashi_20260504/a45d9fc9__frame_019530_bb00_t0814.56_conf0.998.jpg,2,Oowashi
tool_bird_class_train/Oowashi_Stellers_Sea_Eagle/bird_frames_pure_oowashi_20260504/a45d9fc9__frame_020170_bb00_t0841.26_conf1.000.jpg,2,Oowashi
tool_bird_class_train/Oowashi_Stellers_Sea_Eagle/bird_frames_pure_oowashi_20260504/a45d9fc9__frame_020410_bb00_t0851.27_conf0.997.jpg,2,Oowashi
tool_bird_class_train/Oowashi_Stellers_Sea_Eagle/bird_frames_pure_oowashi_20260504/a45d9fc9__frame_020430_bb00_t0852.10_conf0.997.jpg,2,Oowashi
tool_bird_class_train/Oowashi_Stellers_Sea_Eagle/bird_frames_pure_oowashi_20260504/a45d9fc9__frame_021080_bb00_t0879.21_conf0.997.jpg,2,Oowashi
tool_bird_class_train/Oowashi_Stellers_Sea_Eagle/bird_frames_pure_oowashi_20260504/a45d9fc9__frame_021300_bb01_t0888.39_conf0.997.jpg,2,Oowashi
tool_bird_class_train/Oowashi_Stellers_Sea_Eagle/bird_frames_pure_oowashi_20260504/a45d9fc9__frame_021330_bb00_t0889.64_conf0.997.jpg,2,Oowashi
tool_bird_class_train/Oowashi_Stellers_Sea_Eagle/bird_frames_pure_oowashi_20260504/a45d9fc9__frame_021450_bb00_t0894.64_conf0.998.jpg,2,Oowashi
tool_bird_class_train/Oowashi_Stellers_Sea_Eagle/bird_frames_pure_oowashi_20260504/a45d9fc9__frame_021720_bb00_t0905.90_conf0.997.jpg,2,Oowashi
tool_bird_class_train/Oowashi_Stellers_Sea_Eagle/bird_frames_pure_oowashi_20260504/a45d9fc9__frame_022860_bb00_t0953.45_conf0.997.jpg,2,Oowashi
tool_bird_class_train/Oowashi_Stellers_Sea_Eagle/bird_frames_pure_oowashi_20260504/a45d9fc9__frame_037910_bb00_t1581.16_conf0.998.jpg,2,Oowashi
tool_bird_class_train/Oowashi_Stellers_Sea_Eagle/bird_frames_pure_oowashi_20260504/a45d9fc9__frame_038270_bb00_t1596.18_conf0.998.jpg,2,Oowashi
tool_bird_class_train/Oowashi_Stellers_Sea_Eagle/bird_frames_pure_oowashi_20260504/a45d9fc9__frame_043380_bb00_t1809.31_conf0.998.jpg,2,Oowashi
tool_bird_class_train/Oowashi_Stellers_Sea_Eagle/bird_frames_pure_oowashi_20260504/a45d9fc9__frame_043410_bb00_t1810.56_conf0.998.jpg,2,Oowashi
tool_bird_class_train/Oowashi_Stellers_Sea_Eagle/bird_frames_pure_oowashi_20260504/a45d9fc9__frame_043600_bb00_t1818.48_conf0.997.jpg,2,Oowashi
tool_bird_class_train/Oowashi_Stellers_Sea_Eagle/bird_frames_pure_oowashi_20260504/a45d9fc9__frame_043680_bb00_t1821.82_conf0.998.jpg,2,Oowashi
tool_bird_class_train/Oowashi_Stellers_Sea_Eagle/bird_frames_pure_oowashi_20260504/b2eec3f4__frame_005350_bb00_t0223.14_conf0.997.jpg,2,Oowashi
tool_bird_class_train/Oowashi_Stellers_Sea_Eagle/bird_frames_pure_oowashi_20260504/b2eec3f4__frame_007380_bb00_t0307.81_conf1.000.jpg,2,Oowashi
tool_bird_class_train/Oowashi_Stellers_Sea_Eagle/bird_frames_pure_oowashi_20260504/b2eec3f4__frame_013030_bb01_t0543.46_conf0.998.jpg,2,Oowashi
tool_bird_class_train/Oowashi_Stellers_Sea_Eagle/bird_frames_pure_oowashi_20260504/b2eec3f4__frame_013100_bb00_t0546.38_conf0.997.jpg,2,Oowashi
tool_bird_class_train/Oowashi_Stellers_Sea_Eagle/bird_frames_pure_oowashi_20260504/b2eec3f4__frame_013110_bb01_t0546.80_conf0.997.jpg,2,Oowashi
tool_bird_class_train/Oowashi_Stellers_Sea_Eagle/bird_frames_pure_oowashi_20260504/b2eec3f4__frame_018480_bb00_t0770.77_conf1.000.jpg,2,Oowashi
tool_bird_class_train/Oowashi_Stellers_Sea_Eagle/bird_frames_pure_oowashi_20260504/b2eec3f4__frame_018520_bb01_t0772.44_conf0.998.jpg,2,Oowashi
tool_bird_class_train/Oowashi_Stellers_Sea_Eagle/bird_frames_pure_oowashi_20260504/b2eec3f4__frame_018580_bb00_t0774.94_conf0.997.jpg,2,Oowashi
tool_bird_class_train/Oowashi_Stellers_Sea_Eagle/bird_frames_pure_oowashi_20260504/b2eec3f4__frame_018840_bb00_t0785.78_conf0.998.jpg,2,Oowashi
tool_bird_class_train/Oowashi_Stellers_Sea_Eagle/bird_frames_pure_oowashi_20260504/b2eec3f4__frame_019010_bb00_t0792.88_conf1.000.jpg,2,Oowashi
tool_bird_class_train/Oowashi_Stellers_Sea_Eagle/bird_frames_pure_oowashi_20260504/b2eec3f4__frame_026010_bb00_t1084.83_conf1.000.jpg,2,Oowashi
tool_bird_class_train/Oowashi_Stellers_Sea_Eagle/bird_frames_pure_oowashi_20260504/b2eec3f4__frame_026460_bb01_t1103.60_conf0.998.jpg,2,Oowashi
tool_bird_class_train/Oowashi_Stellers_Sea_Eagle/bird_frames_pure_oowashi_20260504/b2eec3f4__frame_026480_bb00_t1104.44_conf0.997.jpg,2,Oowashi
tool_bird_class_train/Oowashi_Stellers_Sea_Eagle/bird_frames_pure_oowashi_20260504/b2eec3f4__frame_026500_bb00_t1105.27_conf0.997.jpg,2,Oowashi
tool_bird_class_train/Oowashi_Stellers_Sea_Eagle/bird_frames_pure_oowashi_20260504/b2eec3f4__frame_026510_bb00_t1105.69_conf0.997.jpg,2,Oowashi
tool_bird_class_train/Oowashi_Stellers_Sea_Eagle/bird_frames_pure_oowashi_20260504/b2eec3f4__frame_030370_bb00_t1266.68_conf0.997.jpg,2,Oowashi
tool_bird_class_train/Oowashi_Stellers_Sea_Eagle/bird_frames_pure_oowashi_20260504/b2eec3f4__frame_031380_bb00_t1308.81_conf0.997.jpg,2,Oowashi
tool_bird_class_train/Oowashi_Stellers_Sea_Eagle/bird_frames_pure_oowashi_20260504/b2eec3f4__frame_033300_bb00_t1388.89_conf0.997.jpg,2,Oowashi
tool_bird_class_train/Oowashi_Stellers_Sea_Eagle/bird_frames_pure_oowashi_20260504/b2eec3f4__frame_039160_bb00_t1633.30_conf0.998.jpg,2,Oowashi
tool_bird_class_train/Oowashi_Stellers_Sea_Eagle/bird_frames_pure_oowashi_20260504/b2eec3f4__frame_039170_bb00_t1633.72_conf0.997.jpg,2,Oowashi
tool_bird_class_train/Oowashi_Stellers_Sea_Eagle/bird_frames_pure_oowashi_20260504/b36610f1__frame_002130_bb00_t0088.84_conf0.990.jpg,2,Oowashi
tool_bird_class_train/Oowashi_Stellers_Sea_Eagle/bird_frames_pure_oowashi_20260504/b36610f1__frame_002260_bb00_t0094.26_conf0.997.jpg,2,Oowashi
tool_bird_class_train/Oowashi_Stellers_Sea_Eagle/bird_frames_pure_oowashi_20260504/b36610f1__frame_005360_bb00_t0223.56_conf0.989.jpg,2,Oowashi
tool_bird_class_train/Oowashi_Stellers_Sea_Eagle/bird_frames_pure_oowashi_20260504/b36610f1__frame_006100_bb00_t0254.42_conf0.987.jpg,2,Oowashi
tool_bird_class_train/Oowashi_Stellers_Sea_Eagle/bird_frames_pure_oowashi_20260504/b36610f1__frame_007040_bb00_t0293.63_conf0.990.jpg,2,Oowashi
tool_bird_class_train/Oowashi_Stellers_Sea_Eagle/bird_frames_pure_oowashi_20260504/b36610f1__frame_007070_bb00_t0294.88_conf0.994.jpg,2,Oowashi
tool_bird_class_train/Oowashi_Stellers_Sea_Eagle/bird_frames_pure_oowashi_20260504/b36610f1__frame_007130_bb00_t0297.38_conf0.994.jpg,2,Oowashi
tool_bird_class_train/Oowashi_Stellers_Sea_Eagle/bird_frames_pure_oowashi_20260504/b36610f1__frame_009610_bb00_t0400.82_conf0.990.jpg,2,Oowashi
tool_bird_class_train/Oowashi_Stellers_Sea_Eagle/bird_frames_pure_oowashi_20260504/b36610f1__frame_009650_bb00_t0402.49_conf0.990.jpg,2,Oowashi
tool_bird_class_train/Oowashi_Stellers_Sea_Eagle/bird_frames_pure_oowashi_20260504/b36610f1__frame_009920_bb00_t0413.75_conf0.990.jpg,2,Oowashi
tool_bird_class_train/Oowashi_Stellers_Sea_Eagle/bird_frames_pure_oowashi_20260504/b36610f1__frame_010590_bb00_t0441.69_conf0.989.jpg,2,Oowashi
tool_bird_class_train/Oowashi_Stellers_Sea_Eagle/bird_frames_pure_oowashi_20260504/b36610f1__frame_011090_bb00_t0462.55_conf0.987.jpg,2,Oowashi
tool_bird_class_train/Oowashi_Stellers_Sea_Eagle/bird_frames_pure_oowashi_20260504/b36610f1__frame_011130_bb00_t0464.21_conf0.997.jpg,2,Oowashi
tool_bird_class_train/Oowashi_Stellers_Sea_Eagle/bird_frames_pure_oowashi_20260504/b36610f1__frame_011560_bb00_t0482.15_conf0.994.jpg,2,Oowashi
tool_bird_class_train/Oowashi_Stellers_Sea_Eagle/bird_frames_pure_oowashi_20260504/b36610f1__frame_011610_bb00_t0484.23_conf0.990.jpg,2,Oowashi
tool_bird_class_train/Oowashi_Stellers_Sea_Eagle/bird_frames_pure_oowashi_20260504/b36610f1__frame_011620_bb00_t0484.65_conf0.989.jpg,2,Oowashi
tool_bird_class_train/Oowashi_Stellers_Sea_Eagle/bird_frames_pure_oowashi_20260504/b36610f1__frame_011710_bb00_t0488.40_conf0.992.jpg,2,Oowashi
tool_bird_class_train/Oowashi_Stellers_Sea_Eagle/bird_frames_pure_oowashi_20260504/b36610f1__frame_011770_bb00_t0490.91_conf0.995.jpg,2,Oowashi
tool_bird_class_train/Oowashi_Stellers_Sea_Eagle/bird_frames_pure_oowashi_20260504/b36610f1__frame_012990_bb01_t0541.79_conf0.994.jpg,2,Oowashi
tool_bird_class_train/Oowashi_Stellers_Sea_Eagle/bird_frames_pure_oowashi_20260504/b36610f1__frame_013010_bb00_t0542.63_conf0.994.jpg,2,Oowashi
tool_bird_class_train/Oowashi_Stellers_Sea_Eagle/bird_frames_pure_oowashi_20260504/b36610f1__frame_014220_bb00_t0593.09_conf0.989.jpg,2,Oowashi
tool_bird_class_train/Oowashi_Stellers_Sea_Eagle/bird_frames_pure_oowashi_20260504/b36610f1__frame_021350_bb00_t0890.47_conf0.995.jpg,2,Oowashi
tool_bird_class_train/Oowashi_Stellers_Sea_Eagle/bird_frames_pure_oowashi_20260504/b36610f1__frame_021500_bb00_t0896.73_conf0.998.jpg,2,Oowashi
tool_bird_class_train/Oowashi_Stellers_Sea_Eagle/bird_frames_pure_oowashi_20260504/bdb9e3fa__frame_001520_bb00_t0063.40_conf0.998.jpg,2,Oowashi
tool_bird_class_train/Oowashi_Stellers_Sea_Eagle/bird_frames_pure_oowashi_20260504/bdb9e3fa__frame_003750_bb00_t0156.41_conf0.978.jpg,2,Oowashi
tool_bird_class_train/Oowashi_Stellers_Sea_Eagle/bird_frames_pure_oowashi_20260504/bdb9e3fa__frame_003780_bb00_t0157.66_conf0.962.jpg,2,Oowashi
tool_bird_class_train/Oowashi_Stellers_Sea_Eagle/bird_frames_pure_oowashi_20260504/bdb9e3fa__frame_003820_bb00_t0159.33_conf0.981.jpg,2,Oowashi
tool_bird_class_train/Oowashi_Stellers_Sea_Eagle/bird_frames_pure_oowashi_20260504/bdb9e3fa__frame_003840_bb00_t0160.16_conf0.990.jpg,2,Oowashi
tool_bird_class_train/Oowashi_Stellers_Sea_Eagle/bird_frames_pure_oowashi_20260504/bdb9e3fa__frame_004130_bb00_t0172.26_conf0.970.jpg,2,Oowashi
tool_bird_class_train/Oowashi_Stellers_Sea_Eagle/bird_frames_pure_oowashi_20260504/bdb9e3fa__frame_004160_bb00_t0173.51_conf0.982.jpg,2,Oowashi
tool_bird_class_train/Oowashi_Stellers_Sea_Eagle/bird_frames_pure_oowashi_20260504/bdb9e3fa__frame_004550_bb00_t0189.77_conf0.970.jpg,2,Oowashi
tool_bird_class_train/Oowashi_Stellers_Sea_Eagle/bird_frames_pure_oowashi_20260504/bdb9e3fa__frame_004620_bb00_t0192.69_conf0.962.jpg,2,Oowashi
tool_bird_class_train/Oowashi_Stellers_Sea_Eagle/bird_frames_pure_oowashi_20260504/bdb9e3fa__frame_004690_bb00_t0195.61_conf0.978.jpg,2,Oowashi
tool_bird_class_train/Oowashi_Stellers_Sea_Eagle/bird_frames_pure_oowashi_20260504/bdb9e3fa__frame_004710_bb00_t0196.45_conf0.990.jpg,2,Oowashi
tool_bird_class_train/Oowashi_Stellers_Sea_Eagle/bird_frames_pure_oowashi_20260504/bdb9e3fa__frame_004850_bb00_t0202.29_conf0.990.jpg,2,Oowashi
tool_bird_class_train/Oowashi_Stellers_Sea_Eagle/bird_frames_pure_oowashi_20260504/bdb9e3fa__frame_004920_bb00_t0205.20_conf0.998.jpg,2,Oowashi
tool_bird_class_train/Oowashi_Stellers_Sea_Eagle/bird_frames_pure_oowashi_20260504/bdb9e3fa__frame_005040_bb00_t0210.21_conf0.989.jpg,2,Oowashi
tool_bird_class_train/Oowashi_Stellers_Sea_Eagle/bird_frames_pure_oowashi_20260504/bdb9e3fa__frame_005080_bb00_t0211.88_conf0.957.jpg,2,Oowashi
tool_bird_class_train/Oowashi_Stellers_Sea_Eagle/bird_frames_pure_oowashi_20260504/bdb9e3fa__frame_006880_bb00_t0286.95_conf0.987.jpg,2,Oowashi
tool_bird_class_train/Oowashi_Stellers_Sea_Eagle/bird_frames_pure_oowashi_20260504/bdb9e3fa__frame_006990_bb00_t0291.54_conf0.960.jpg,2,Oowashi
tool_bird_class_train/Oowashi_Stellers_Sea_Eagle/bird_frames_pure_oowashi_20260504/bdb9e3fa__frame_007020_bb00_t0292.79_conf0.958.jpg,2,Oowashi
tool_bird_class_train/Oowashi_Stellers_Sea_Eagle/bird_frames_pure_oowashi_20260504/bdb9e3fa__frame_007050_bb00_t0294.04_conf0.973.jpg,2,Oowashi
tool_bird_class_train/Oowashi_Stellers_Sea_Eagle/bird_frames_pure_oowashi_20260504/bdb9e3fa__frame_007070_bb00_t0294.88_conf0.965.jpg,2,Oowashi
tool_bird_class_train/Oowashi_Stellers_Sea_Eagle/bird_frames_pure_oowashi_20260504/c300095d__frame_003560_bb00_t0148.48_conf1.000.jpg,2,Oowashi
tool_bird_class_train/Oowashi_Stellers_Sea_Eagle/bird_frames_pure_oowashi_20260504/c300095d__frame_003610_bb00_t0150.57_conf0.995.jpg,2,Oowashi
tool_bird_class_train/Oowashi_Stellers_Sea_Eagle/bird_frames_pure_oowashi_20260504/c300095d__frame_003620_bb00_t0150.98_conf0.990.jpg,2,Oowashi
tool_bird_class_train/Oowashi_Stellers_Sea_Eagle/bird_frames_pure_oowashi_20260504/c300095d__frame_005820_bb00_t0242.74_conf0.992.jpg,2,Oowashi
tool_bird_class_train/Oowashi_Stellers_Sea_Eagle/bird_frames_pure_oowashi_20260504/c300095d__frame_005830_bb00_t0243.16_conf0.994.jpg,2,Oowashi
tool_bird_class_train/Oowashi_Stellers_Sea_Eagle/bird_frames_pure_oowashi_20260504/c300095d__frame_005890_bb00_t0245.66_conf0.994.jpg,2,Oowashi
tool_bird_class_train/Oowashi_Stellers_Sea_Eagle/bird_frames_pure_oowashi_20260504/c300095d__frame_005900_bb00_t0246.08_conf0.989.jpg,2,Oowashi
tool_bird_class_train/Oowashi_Stellers_Sea_Eagle/bird_frames_pure_oowashi_20260504/c300095d__frame_012450_bb00_t0519.27_conf0.995.jpg,2,Oowashi
tool_bird_class_train/Oowashi_Stellers_Sea_Eagle/bird_frames_pure_oowashi_20260504/c300095d__frame_015910_bb00_t0663.58_conf0.990.jpg,2,Oowashi
tool_bird_class_train/Oowashi_Stellers_Sea_Eagle/bird_frames_pure_oowashi_20260504/c300095d__frame_015940_bb00_t0664.83_conf0.995.jpg,2,Oowashi
tool_bird_class_train/Oowashi_Stellers_Sea_Eagle/bird_frames_pure_oowashi_20260504/c300095d__frame_016150_bb00_t0673.59_conf0.992.jpg,2,Oowashi
tool_bird_class_train/Oowashi_Stellers_Sea_Eagle/bird_frames_pure_oowashi_20260504/c300095d__frame_016180_bb00_t0674.84_conf0.992.jpg,2,Oowashi
tool_bird_class_train/Oowashi_Stellers_Sea_Eagle/bird_frames_pure_oowashi_20260504/c300095d__frame_016210_bb00_t0676.09_conf0.989.jpg,2,Oowashi
tool_bird_class_train/Oowashi_Stellers_Sea_Eagle/bird_frames_pure_oowashi_20260504/c300095d__frame_016280_bb00_t0679.01_conf0.994.jpg,2,Oowashi
tool_bird_class_train/Oowashi_Stellers_Sea_Eagle/bird_frames_pure_oowashi_20260504/c300095d__frame_020190_bb00_t0842.09_conf0.994.jpg,2,Oowashi
tool_bird_class_train/Oowashi_Stellers_Sea_Eagle/bird_frames_pure_oowashi_20260504/c300095d__frame_020200_bb00_t0842.51_conf0.990.jpg,2,Oowashi
tool_bird_class_train/Oowashi_Stellers_Sea_Eagle/bird_frames_pure_oowashi_20260504/c300095d__frame_021600_bb02_t0900.90_conf0.997.jpg,2,Oowashi
tool_bird_class_train/Oowashi_Stellers_Sea_Eagle/bird_frames_pure_oowashi_20260504/c300095d__frame_021620_bb01_t0901.73_conf0.989.jpg,2,Oowashi
tool_bird_class_train/Oowashi_Stellers_Sea_Eagle/bird_frames_pure_oowashi_20260504/c300095d__frame_021670_bb01_t0903.82_conf0.994.jpg,2,Oowashi
tool_bird_class_train/Oowashi_Stellers_Sea_Eagle/bird_frames_pure_oowashi_20260504/c300095d__frame_022780_bb00_t0950.12_conf0.989.jpg,2,Oowashi
tool_bird_class_train/Oowashi_Stellers_Sea_Eagle/bird_frames_pure_oowashi_20260504/c300095d__frame_022830_bb00_t0952.20_conf0.990.jpg,2,Oowashi
tool_bird_class_train/Oowashi_Stellers_Sea_Eagle/bird_frames_pure_oowashi_20260504/c300095d__frame_027490_bb00_t1146.56_conf0.989.jpg,2,Oowashi
tool_bird_class_train/Oowashi_Stellers_Sea_Eagle/bird_frames_pure_oowashi_20260504/c300095d__frame_027520_bb00_t1147.81_conf1.000.jpg,2,Oowashi
tool_bird_class_train/Oowashi_Stellers_Sea_Eagle/bird_frames_pure_oowashi_20260504/c300095d__frame_037220_bb00_t1552.38_conf0.995.jpg,2,Oowashi
tool_bird_class_train/Oowashi_Stellers_Sea_Eagle/bird_frames_pure_oowashi_20260504/c83cffa8__frame_003270_bb00_t0136.39_conf0.997.jpg,2,Oowashi
tool_bird_class_train/Oowashi_Stellers_Sea_Eagle/bird_frames_pure_oowashi_20260504/c83cffa8__frame_003350_bb00_t0139.72_conf0.995.jpg,2,Oowashi
tool_bird_class_train/Oowashi_Stellers_Sea_Eagle/bird_frames_pure_oowashi_20260504/c83cffa8__frame_003470_bb00_t0144.73_conf1.000.jpg,2,Oowashi
tool_bird_class_train/Oowashi_Stellers_Sea_Eagle/bird_frames_pure_oowashi_20260504/c83cffa8__frame_007710_bb00_t0321.57_conf0.997.jpg,2,Oowashi
tool_bird_class_train/Oowashi_Stellers_Sea_Eagle/bird_frames_pure_oowashi_20260504/c83cffa8__frame_007760_bb00_t0323.66_conf0.998.jpg,2,Oowashi
tool_bird_class_train/Oowashi_Stellers_Sea_Eagle/bird_frames_pure_oowashi_20260504/c83cffa8__frame_010020_bb00_t0417.92_conf0.997.jpg,2,Oowashi
tool_bird_class_train/Oowashi_Stellers_Sea_Eagle/bird_frames_pure_oowashi_20260504/c83cffa8__frame_010070_bb00_t0420.00_conf0.997.jpg,2,Oowashi
tool_bird_class_train/Oowashi_Stellers_Sea_Eagle/bird_frames_pure_oowashi_20260504/c83cffa8__frame_010440_bb00_t0435.43_conf1.000.jpg,2,Oowashi
tool_bird_class_train/Oowashi_Stellers_Sea_Eagle/bird_frames_pure_oowashi_20260504/c83cffa8__frame_016320_bb00_t0680.68_conf1.000.jpg,2,Oowashi
tool_bird_class_train/Oowashi_Stellers_Sea_Eagle/bird_frames_pure_oowashi_20260504/c83cffa8__frame_016330_bb00_t0681.10_conf0.997.jpg,2,Oowashi
tool_bird_class_train/Oowashi_Stellers_Sea_Eagle/bird_frames_pure_oowashi_20260504/c83cffa8__frame_016750_bb00_t0698.61_conf0.997.jpg,2,Oowashi
tool_bird_class_train/Oowashi_Stellers_Sea_Eagle/bird_frames_pure_oowashi_20260504/c83cffa8__frame_016840_bb00_t0702.37_conf0.998.jpg,2,Oowashi
tool_bird_class_train/Oowashi_Stellers_Sea_Eagle/bird_frames_pure_oowashi_20260504/c83cffa8__frame_016900_bb00_t0704.87_conf1.000.jpg,2,Oowashi
tool_bird_class_train/Oowashi_Stellers_Sea_Eagle/bird_frames_pure_oowashi_20260504/c83cffa8__frame_017740_bb00_t0739.91_conf0.997.jpg,2,Oowashi
tool_bird_class_train/Oowashi_Stellers_Sea_Eagle/bird_frames_pure_oowashi_20260504/c83cffa8__frame_018650_bb00_t0777.86_conf1.000.jpg,2,Oowashi
tool_bird_class_train/Oowashi_Stellers_Sea_Eagle/bird_frames_pure_oowashi_20260504/c83cffa8__frame_020700_bb02_t0863.36_conf0.997.jpg,2,Oowashi
tool_bird_class_train/Oowashi_Stellers_Sea_Eagle/bird_frames_pure_oowashi_20260504/c83cffa8__frame_022040_bb00_t0919.25_conf0.997.jpg,2,Oowashi
tool_bird_class_train/Oowashi_Stellers_Sea_Eagle/bird_frames_pure_oowashi_20260504/c83cffa8__frame_022400_bb00_t0934.27_conf0.997.jpg,2,Oowashi
tool_bird_class_train/Oowashi_Stellers_Sea_Eagle/bird_frames_pure_oowashi_20260504/c83cffa8__frame_022410_bb00_t0934.68_conf0.998.jpg,2,Oowashi
tool_bird_class_train/Oowashi_Stellers_Sea_Eagle/bird_frames_pure_oowashi_20260504/c83cffa8__frame_026530_bb00_t1106.52_conf0.997.jpg,2,Oowashi
tool_bird_class_train/Oowashi_Stellers_Sea_Eagle/bird_frames_pure_oowashi_20260504/c83cffa8__frame_030480_bb02_t1271.27_conf0.998.jpg,2,Oowashi
tool_bird_class_train/Oowashi_Stellers_Sea_Eagle/bird_frames_pure_oowashi_20260504/cb471018__frame_001630_bb00_t0067.98_conf0.997.jpg,2,Oowashi
tool_bird_class_train/Oowashi_Stellers_Sea_Eagle/bird_frames_pure_oowashi_20260504/cb471018__frame_016190_bb00_t0675.26_conf1.000.jpg,2,Oowashi
tool_bird_class_train/Oowashi_Stellers_Sea_Eagle/bird_frames_pure_oowashi_20260504/cb471018__frame_017320_bb00_t0722.39_conf0.997.jpg,2,Oowashi
tool_bird_class_train/Oowashi_Stellers_Sea_Eagle/bird_frames_pure_oowashi_20260504/cb471018__frame_017760_bb00_t0740.74_conf0.997.jpg,2,Oowashi
tool_bird_class_train/Oowashi_Stellers_Sea_Eagle/bird_frames_pure_oowashi_20260504/cb471018__frame_017770_bb00_t0741.16_conf0.998.jpg,2,Oowashi
tool_bird_class_train/Oowashi_Stellers_Sea_Eagle/bird_frames_pure_oowashi_20260504/cb471018__frame_017810_bb00_t0742.83_conf0.997.jpg,2,Oowashi
tool_bird_class_train/Oowashi_Stellers_Sea_Eagle/bird_frames_pure_oowashi_20260504/cb471018__frame_017960_bb00_t0749.08_conf0.997.jpg,2,Oowashi
tool_bird_class_train/Oowashi_Stellers_Sea_Eagle/bird_frames_pure_oowashi_20260504/cb471018__frame_019180_bb00_t0799.97_conf1.000.jpg,2,Oowashi
tool_bird_class_train/Oowashi_Stellers_Sea_Eagle/bird_frames_pure_oowashi_20260504/cb471018__frame_019570_bb00_t0816.23_conf0.997.jpg,2,Oowashi
tool_bird_class_train/Oowashi_Stellers_Sea_Eagle/bird_frames_pure_oowashi_20260504/cb471018__frame_019710_bb00_t0822.07_conf0.997.jpg,2,Oowashi
tool_bird_class_train/Oowashi_Stellers_Sea_Eagle/bird_frames_pure_oowashi_20260504/cb471018__frame_020160_bb00_t0840.84_conf0.997.jpg,2,Oowashi
tool_bird_class_train/Oowashi_Stellers_Sea_Eagle/bird_frames_pure_oowashi_20260504/cb471018__frame_020190_bb00_t0842.09_conf0.997.jpg,2,Oowashi
tool_bird_class_train/Oowashi_Stellers_Sea_Eagle/bird_frames_pure_oowashi_20260504/cb471018__frame_021040_bb00_t0877.54_conf0.998.jpg,2,Oowashi
tool_bird_class_train/Oowashi_Stellers_Sea_Eagle/bird_frames_pure_oowashi_20260504/cb471018__frame_021740_bb00_t0906.74_conf0.998.jpg,2,Oowashi
tool_bird_class_train/Oowashi_Stellers_Sea_Eagle/bird_frames_pure_oowashi_20260504/cb471018__frame_022700_bb00_t0946.78_conf0.997.jpg,2,Oowashi
tool_bird_class_train/Oowashi_Stellers_Sea_Eagle/bird_frames_pure_oowashi_20260504/cb471018__frame_024910_bb00_t1038.95_conf0.997.jpg,2,Oowashi
tool_bird_class_train/Oowashi_Stellers_Sea_Eagle/bird_frames_pure_oowashi_20260504/cb471018__frame_026550_bb00_t1107.36_conf0.997.jpg,2,Oowashi
tool_bird_class_train/Oowashi_Stellers_Sea_Eagle/bird_frames_pure_oowashi_20260504/cb471018__frame_027750_bb00_t1157.41_conf0.997.jpg,2,Oowashi
tool_bird_class_train/Oowashi_Stellers_Sea_Eagle/bird_frames_pure_oowashi_20260504/cb471018__frame_027760_bb00_t1157.82_conf0.997.jpg,2,Oowashi
tool_bird_class_train/Oowashi_Stellers_Sea_Eagle/bird_frames_pure_oowashi_20260504/cb471018__frame_028600_bb00_t1192.86_conf0.997.jpg,2,Oowashi
tool_bird_class_train/Oowashi_Stellers_Sea_Eagle/bird_frames_pure_oowashi_20260504/cb471018__frame_028820_bb00_t1202.03_conf0.997.jpg,2,Oowashi
tool_bird_class_train/Oowashi_Stellers_Sea_Eagle/bird_frames_pure_oowashi_20260504/cb471018__frame_036260_bb00_t1512.34_conf0.998.jpg,2,Oowashi
tool_bird_class_train/Oowashi_Stellers_Sea_Eagle/bird_frames_pure_oowashi_20260504/cb471018__frame_036620_bb00_t1527.36_conf0.998.jpg,2,Oowashi
tool_bird_class_train/Oowashi_Stellers_Sea_Eagle/bird_frames_pure_oowashi_20260504/cb471018__frame_041280_bb00_t1721.72_conf0.998.jpg,2,Oowashi
tool_bird_class_train/Oowashi_Stellers_Sea_Eagle/bird_frames_pure_oowashi_20260504/cd92b757__frame_008470_bb00_t0353.27_conf0.998.jpg,2,Oowashi
tool_bird_class_train/Oowashi_Stellers_Sea_Eagle/bird_frames_pure_oowashi_20260504/cd92b757__frame_008620_bb00_t0359.53_conf0.997.jpg,2,Oowashi
tool_bird_class_train/Oowashi_Stellers_Sea_Eagle/bird_frames_pure_oowashi_20260504/cd92b757__frame_008630_bb00_t0359.94_conf0.997.jpg,2,Oowashi
tool_bird_class_train/Oowashi_Stellers_Sea_Eagle/bird_frames_pure_oowashi_20260504/cd92b757__frame_008660_bb00_t0361.19_conf0.998.jpg,2,Oowashi
tool_bird_class_train/Oowashi_Stellers_Sea_Eagle/bird_frames_pure_oowashi_20260504/cd92b757__frame_009140_bb00_t0381.21_conf0.998.jpg,2,Oowashi
tool_bird_class_train/Oowashi_Stellers_Sea_Eagle/bird_frames_pure_oowashi_20260504/cd92b757__frame_010910_bb00_t0455.04_conf0.998.jpg,2,Oowashi
tool_bird_class_train/Oowashi_Stellers_Sea_Eagle/bird_frames_pure_oowashi_20260504/cd92b757__frame_010970_bb00_t0457.54_conf0.998.jpg,2,Oowashi
tool_bird_class_train/Oowashi_Stellers_Sea_Eagle/bird_frames_pure_oowashi_20260504/cd92b757__frame_010980_bb00_t0457.96_conf0.998.jpg,2,Oowashi
tool_bird_class_train/Oowashi_Stellers_Sea_Eagle/bird_frames_pure_oowashi_20260504/cd92b757__frame_011100_bb00_t0462.96_conf0.998.jpg,2,Oowashi
tool_bird_class_train/Oowashi_Stellers_Sea_Eagle/bird_frames_pure_oowashi_20260504/cd92b757__frame_011210_bb00_t0467.55_conf0.998.jpg,2,Oowashi
tool_bird_class_train/Oowashi_Stellers_Sea_Eagle/bird_frames_pure_oowashi_20260504/cd92b757__frame_013330_bb00_t0555.97_conf1.000.jpg,2,Oowashi
tool_bird_class_train/Oowashi_Stellers_Sea_Eagle/bird_frames_pure_oowashi_20260504/cd92b757__frame_013380_bb00_t0558.06_conf0.998.jpg,2,Oowashi
tool_bird_class_train/Oowashi_Stellers_Sea_Eagle/bird_frames_pure_oowashi_20260504/cd92b757__frame_013470_bb00_t0561.81_conf0.998.jpg,2,Oowashi
tool_bird_class_train/Oowashi_Stellers_Sea_Eagle/bird_frames_pure_oowashi_20260504/cd92b757__frame_013530_bb00_t0564.31_conf0.998.jpg,2,Oowashi
tool_bird_class_train/Oowashi_Stellers_Sea_Eagle/bird_frames_pure_oowashi_20260504/cd92b757__frame_018180_bb00_t0758.26_conf0.998.jpg,2,Oowashi
tool_bird_class_train/Oowashi_Stellers_Sea_Eagle/bird_frames_pure_oowashi_20260504/cd92b757__frame_018590_bb00_t0775.36_conf0.998.jpg,2,Oowashi
tool_bird_class_train/Oowashi_Stellers_Sea_Eagle/bird_frames_pure_oowashi_20260504/cd92b757__frame_018710_bb00_t0780.36_conf0.998.jpg,2,Oowashi
tool_bird_class_train/Oowashi_Stellers_Sea_Eagle/bird_frames_pure_oowashi_20260504/d0805753__frame_002520_bb00_t0105.10_conf0.998.jpg,2,Oowashi
tool_bird_class_train/Oowashi_Stellers_Sea_Eagle/bird_frames_pure_oowashi_20260504/d0805753__frame_006520_bb00_t0271.94_conf1.000.jpg,2,Oowashi
tool_bird_class_train/Oowashi_Stellers_Sea_Eagle/bird_frames_pure_oowashi_20260504/d0805753__frame_011980_bb00_t0499.67_conf0.995.jpg,2,Oowashi
tool_bird_class_train/Oowashi_Stellers_Sea_Eagle/bird_frames_pure_oowashi_20260504/d0805753__frame_015290_bb00_t0637.72_conf0.998.jpg,2,Oowashi
tool_bird_class_train/Oowashi_Stellers_Sea_Eagle/bird_frames_pure_oowashi_20260504/d0805753__frame_017630_bb00_t0735.32_conf0.998.jpg,2,Oowashi
tool_bird_class_train/Oowashi_Stellers_Sea_Eagle/bird_frames_pure_oowashi_20260504/d0805753__frame_017670_bb00_t0736.99_conf0.995.jpg,2,Oowashi
tool_bird_class_train/Oowashi_Stellers_Sea_Eagle/bird_frames_pure_oowashi_20260504/d0805753__frame_017730_bb00_t0739.49_conf0.997.jpg,2,Oowashi
tool_bird_class_train/Oowashi_Stellers_Sea_Eagle/bird_frames_pure_oowashi_20260504/d0805753__frame_017910_bb06_t0747.00_conf0.997.jpg,2,Oowashi
tool_bird_class_train/Oowashi_Stellers_Sea_Eagle/bird_frames_pure_oowashi_20260504/d0805753__frame_018190_bb01_t0758.67_conf0.998.jpg,2,Oowashi
tool_bird_class_train/Oowashi_Stellers_Sea_Eagle/bird_frames_pure_oowashi_20260504/d0805753__frame_031680_bb03_t1321.32_conf0.997.jpg,2,Oowashi
tool_bird_class_train/Oowashi_Stellers_Sea_Eagle/bird_frames_pure_oowashi_20260504/d0805753__frame_031710_bb01_t1322.57_conf0.997.jpg,2,Oowashi
tool_bird_class_train/Oowashi_Stellers_Sea_Eagle/bird_frames_pure_oowashi_20260504/d0805753__frame_034560_bb00_t1441.44_conf0.998.jpg,2,Oowashi
tool_bird_class_train/Oowashi_Stellers_Sea_Eagle/bird_frames_pure_oowashi_20260504/d0805753__frame_034650_bb00_t1445.19_conf0.998.jpg,2,Oowashi
tool_bird_class_train/Oowashi_Stellers_Sea_Eagle/bird_frames_pure_oowashi_20260504/d0805753__frame_034650_bb02_t1445.19_conf1.000.jpg,2,Oowashi
tool_bird_class_train/Oowashi_Stellers_Sea_Eagle/bird_frames_pure_oowashi_20260504/d0805753__frame_034670_bb02_t1446.03_conf0.998.jpg,2,Oowashi
tool_bird_class_train/Oowashi_Stellers_Sea_Eagle/bird_frames_pure_oowashi_20260504/d0805753__frame_034760_bb01_t1449.78_conf0.998.jpg,2,Oowashi
tool_bird_class_train/Oowashi_Stellers_Sea_Eagle/bird_frames_pure_oowashi_20260504/d0805753__frame_035540_bb00_t1482.31_conf0.997.jpg,2,Oowashi
tool_bird_class_train/Oowashi_Stellers_Sea_Eagle/bird_frames_pure_oowashi_20260504/d1115f70__frame_008320_bb00_t0347.01_conf0.998.jpg,2,Oowashi
tool_bird_class_train/Oowashi_Stellers_Sea_Eagle/bird_frames_pure_oowashi_20260504/d1115f70__frame_013880_bb00_t0578.91_conf1.000.jpg,2,Oowashi
tool_bird_class_train/Oowashi_Stellers_Sea_Eagle/bird_frames_pure_oowashi_20260504/d1115f70__frame_013970_bb00_t0582.67_conf0.998.jpg,2,Oowashi
tool_bird_class_train/Oowashi_Stellers_Sea_Eagle/bird_frames_pure_oowashi_20260504/d1115f70__frame_014840_bb00_t0618.95_conf0.997.jpg,2,Oowashi
tool_bird_class_train/Oowashi_Stellers_Sea_Eagle/bird_frames_pure_oowashi_20260504/d1115f70__frame_014890_bb00_t0621.04_conf0.997.jpg,2,Oowashi
tool_bird_class_train/Oowashi_Stellers_Sea_Eagle/bird_frames_pure_oowashi_20260504/d1115f70__frame_015100_bb00_t0629.80_conf0.997.jpg,2,Oowashi
tool_bird_class_train/Oowashi_Stellers_Sea_Eagle/bird_frames_pure_oowashi_20260504/d1115f70__frame_041020_bb00_t1710.88_conf0.998.jpg,2,Oowashi
tool_bird_class_train/Oowashi_Stellers_Sea_Eagle/bird_frames_pure_oowashi_20260504/d1115f70__frame_041040_bb00_t1711.71_conf0.998.jpg,2,Oowashi
tool_bird_class_train/Oowashi_Stellers_Sea_Eagle/bird_frames_pure_oowashi_20260504/d1115f70__frame_041730_bb00_t1740.49_conf0.998.jpg,2,Oowashi
tool_bird_class_train/Oowashi_Stellers_Sea_Eagle/bird_frames_pure_oowashi_20260504/d1115f70__frame_041740_bb00_t1740.91_conf1.000.jpg,2,Oowashi
tool_bird_class_train/Oowashi_Stellers_Sea_Eagle/bird_frames_pure_oowashi_20260504/d1115f70__frame_041780_bb00_t1742.57_conf0.998.jpg,2,Oowashi
tool_bird_class_train/Oowashi_Stellers_Sea_Eagle/bird_frames_pure_oowashi_20260504/d1115f70__frame_041920_bb00_t1748.41_conf1.000.jpg,2,Oowashi
tool_bird_class_train/Oowashi_Stellers_Sea_Eagle/bird_frames_pure_oowashi_20260504/d1115f70__frame_042660_bb00_t1779.28_conf0.998.jpg,2,Oowashi
tool_bird_class_train/Oowashi_Stellers_Sea_Eagle/bird_frames_pure_oowashi_20260504/d1115f70__frame_042920_bb00_t1790.12_conf0.998.jpg,2,Oowashi
tool_bird_class_train/Oowashi_Stellers_Sea_Eagle/bird_frames_pure_oowashi_20260504/d1115f70__frame_042960_bb00_t1791.79_conf1.000.jpg,2,Oowashi
tool_bird_class_train/Oowashi_Stellers_Sea_Eagle/bird_frames_pure_oowashi_20260504/d1115f70__frame_042980_bb00_t1792.62_conf1.000.jpg,2,Oowashi
tool_bird_class_train/Oowashi_Stellers_Sea_Eagle/bird_frames_pure_oowashi_20260504/d1115f70__frame_043140_bb00_t1799.30_conf0.998.jpg,2,Oowashi
tool_bird_class_train/Oowashi_Stellers_Sea_Eagle/bird_frames_pure_oowashi_20260504/d1115f70__frame_043170_bb00_t1800.55_conf1.000.jpg,2,Oowashi
tool_bird_class_train/Oowashi_Stellers_Sea_Eagle/bird_frames_pure_oowashi_20260504/d1115f70__frame_043180_bb00_t1800.97_conf0.998.jpg,2,Oowashi
tool_bird_class_train/Oowashi_Stellers_Sea_Eagle/bird_frames_pure_oowashi_20260504/d1115f70__frame_043320_bb00_t1806.80_conf1.000.jpg,2,Oowashi
tool_bird_class_train/Oowashi_Stellers_Sea_Eagle/bird_frames_pure_oowashi_20260504/d1115f70__frame_043340_bb00_t1807.64_conf1.000.jpg,2,Oowashi
tool_bird_class_train/Oowashi_Stellers_Sea_Eagle/bird_frames_pure_oowashi_20260504/d1115f70__frame_046100_bb00_t1922.75_conf1.000.jpg,2,Oowashi
tool_bird_class_train/Oowashi_Stellers_Sea_Eagle/bird_frames_pure_oowashi_20260504/d1115f70__frame_048780_bb01_t2034.53_conf1.000.jpg,2,Oowashi
tool_bird_class_train/Oowashi_Stellers_Sea_Eagle/bird_frames_pure_oowashi_20260504/d1115f70__frame_049000_bb00_t2043.71_conf0.998.jpg,2,Oowashi
tool_bird_class_train/Oowashi_Stellers_Sea_Eagle/bird_frames_pure_oowashi_20260504/d33c0305__frame_003460_bb01_t0144.31_conf0.998.jpg,2,Oowashi
tool_bird_class_train/Oowashi_Stellers_Sea_Eagle/bird_frames_pure_oowashi_20260504/d33c0305__frame_003490_bb00_t0145.56_conf0.995.jpg,2,Oowashi
tool_bird_class_train/Oowashi_Stellers_Sea_Eagle/bird_frames_pure_oowashi_20260504/d33c0305__frame_004230_bb00_t0176.43_conf0.998.jpg,2,Oowashi
tool_bird_class_train/Oowashi_Stellers_Sea_Eagle/bird_frames_pure_oowashi_20260504/d33c0305__frame_008460_bb00_t0352.85_conf0.995.jpg,2,Oowashi
tool_bird_class_train/Oowashi_Stellers_Sea_Eagle/bird_frames_pure_oowashi_20260504/d33c0305__frame_009110_bb00_t0379.96_conf0.997.jpg,2,Oowashi
tool_bird_class_train/Oowashi_Stellers_Sea_Eagle/bird_frames_pure_oowashi_20260504/d33c0305__frame_009150_bb00_t0381.63_conf0.995.jpg,2,Oowashi
tool_bird_class_train/Oowashi_Stellers_Sea_Eagle/bird_frames_pure_oowashi_20260504/d33c0305__frame_009160_bb00_t0382.05_conf0.998.jpg,2,Oowashi
tool_bird_class_train/Oowashi_Stellers_Sea_Eagle/bird_frames_pure_oowashi_20260504/d33c0305__frame_009170_bb00_t0382.47_conf0.995.jpg,2,Oowashi
tool_bird_class_train/Oowashi_Stellers_Sea_Eagle/bird_frames_pure_oowashi_20260504/d33c0305__frame_013180_bb00_t0549.72_conf0.995.jpg,2,Oowashi
tool_bird_class_train/Oowashi_Stellers_Sea_Eagle/bird_frames_pure_oowashi_20260504/d33c0305__frame_013230_bb00_t0551.80_conf0.995.jpg,2,Oowashi
tool_bird_class_train/Oowashi_Stellers_Sea_Eagle/bird_frames_pure_oowashi_20260504/d33c0305__frame_013530_bb00_t0564.31_conf1.000.jpg,2,Oowashi
tool_bird_class_train/Oowashi_Stellers_Sea_Eagle/bird_frames_pure_oowashi_20260504/d33c0305__frame_013640_bb00_t0568.90_conf0.995.jpg,2,Oowashi
tool_bird_class_train/Oowashi_Stellers_Sea_Eagle/bird_frames_pure_oowashi_20260504/d33c0305__frame_013660_bb00_t0569.74_conf0.995.jpg,2,Oowashi
tool_bird_class_train/Oowashi_Stellers_Sea_Eagle/bird_frames_pure_oowashi_20260504/d33c0305__frame_013820_bb00_t0576.41_conf0.995.jpg,2,Oowashi
tool_bird_class_train/Oowashi_Stellers_Sea_Eagle/bird_frames_pure_oowashi_20260504/d33c0305__frame_013830_bb00_t0576.83_conf0.995.jpg,2,Oowashi
tool_bird_class_train/Oowashi_Stellers_Sea_Eagle/bird_frames_pure_oowashi_20260504/d33c0305__frame_014070_bb00_t0586.84_conf0.998.jpg,2,Oowashi
tool_bird_class_train/Oowashi_Stellers_Sea_Eagle/bird_frames_pure_oowashi_20260504/d33c0305__frame_016810_bb00_t0701.12_conf0.997.jpg,2,Oowashi
tool_bird_class_train/Oowashi_Stellers_Sea_Eagle/bird_frames_pure_oowashi_20260504/d5c9304b__frame_012820_bb00_t0534.70_conf0.998.jpg,2,Oowashi
tool_bird_class_train/Oowashi_Stellers_Sea_Eagle/bird_frames_pure_oowashi_20260504/d5c9304b__frame_012870_bb00_t0536.79_conf0.997.jpg,2,Oowashi
tool_bird_class_train/Oowashi_Stellers_Sea_Eagle/bird_frames_pure_oowashi_20260504/d5c9304b__frame_014720_bb00_t0613.95_conf1.000.jpg,2,Oowashi
tool_bird_class_train/Oowashi_Stellers_Sea_Eagle/bird_frames_pure_oowashi_20260504/d5c9304b__frame_014900_bb00_t0621.45_conf0.998.jpg,2,Oowashi
tool_bird_class_train/Oowashi_Stellers_Sea_Eagle/bird_frames_pure_oowashi_20260504/d5c9304b__frame_015150_bb00_t0631.88_conf0.998.jpg,2,Oowashi
tool_bird_class_train/Oowashi_Stellers_Sea_Eagle/bird_frames_pure_oowashi_20260504/d5c9304b__frame_015430_bb00_t0643.56_conf0.997.jpg,2,Oowashi
tool_bird_class_train/Oowashi_Stellers_Sea_Eagle/bird_frames_pure_oowashi_20260504/d5c9304b__frame_015520_bb00_t0647.31_conf0.997.jpg,2,Oowashi
tool_bird_class_train/Oowashi_Stellers_Sea_Eagle/bird_frames_pure_oowashi_20260504/d5c9304b__frame_015570_bb00_t0649.40_conf1.000.jpg,2,Oowashi
tool_bird_class_train/Oowashi_Stellers_Sea_Eagle/bird_frames_pure_oowashi_20260504/d5c9304b__frame_015590_bb00_t0650.23_conf0.997.jpg,2,Oowashi
tool_bird_class_train/Oowashi_Stellers_Sea_Eagle/bird_frames_pure_oowashi_20260504/d5c9304b__frame_015680_bb00_t0653.99_conf0.998.jpg,2,Oowashi
tool_bird_class_train/Oowashi_Stellers_Sea_Eagle/bird_frames_pure_oowashi_20260504/d5c9304b__frame_015690_bb00_t0654.40_conf0.997.jpg,2,Oowashi
tool_bird_class_train/Oowashi_Stellers_Sea_Eagle/bird_frames_pure_oowashi_20260504/d5c9304b__frame_015910_bb00_t0663.58_conf0.997.jpg,2,Oowashi
tool_bird_class_train/Oowashi_Stellers_Sea_Eagle/bird_frames_pure_oowashi_20260504/d5c9304b__frame_016940_bb00_t0706.54_conf0.997.jpg,2,Oowashi
tool_bird_class_train/Oowashi_Stellers_Sea_Eagle/bird_frames_pure_oowashi_20260504/d5c9304b__frame_017260_bb00_t0719.89_conf0.997.jpg,2,Oowashi
tool_bird_class_train/Oowashi_Stellers_Sea_Eagle/bird_frames_pure_oowashi_20260504/d5c9304b__frame_018150_bb00_t0757.01_conf0.998.jpg,2,Oowashi
tool_bird_class_train/Oowashi_Stellers_Sea_Eagle/bird_frames_pure_oowashi_20260504/d5c9304b__frame_019300_bb00_t0804.97_conf0.998.jpg,2,Oowashi
tool_bird_class_train/Oowashi_Stellers_Sea_Eagle/bird_frames_pure_oowashi_20260504/d5c9304b__frame_019720_bb00_t0822.49_conf0.997.jpg,2,Oowashi
tool_bird_class_train/Oowashi_Stellers_Sea_Eagle/bird_frames_pure_oowashi_20260504/d5c9304b__frame_019760_bb00_t0824.16_conf0.998.jpg,2,Oowashi
tool_bird_class_train/Oowashi_Stellers_Sea_Eagle/bird_frames_pure_oowashi_20260504/d5c9304b__frame_019850_bb00_t0827.91_conf0.997.jpg,2,Oowashi
tool_bird_class_train/Oowashi_Stellers_Sea_Eagle/bird_frames_pure_oowashi_20260504/d5c9304b__frame_020290_bb00_t0846.26_conf0.997.jpg,2,Oowashi
tool_bird_class_train/Oowashi_Stellers_Sea_Eagle/bird_frames_pure_oowashi_20260504/d5c9304b__frame_021290_bb00_t0887.97_conf0.997.jpg,2,Oowashi
tool_bird_class_train/Oowashi_Stellers_Sea_Eagle/bird_frames_pure_oowashi_20260504/d5c9304b__frame_021540_bb00_t0898.40_conf0.997.jpg,2,Oowashi
tool_bird_class_train/Oowashi_Stellers_Sea_Eagle/bird_frames_pure_oowashi_20260504/d5c9304b__frame_021590_bb00_t0900.48_conf0.997.jpg,2,Oowashi
tool_bird_class_train/Oowashi_Stellers_Sea_Eagle/bird_frames_pure_oowashi_20260504/d5c9304b__frame_021670_bb00_t0903.82_conf0.997.jpg,2,Oowashi
tool_bird_class_train/Oowashi_Stellers_Sea_Eagle/bird_frames_pure_oowashi_20260504/d72a3a60__frame_009010_bb00_t0375.79_conf0.994.jpg,2,Oowashi
tool_bird_class_train/Oowashi_Stellers_Sea_Eagle/bird_frames_pure_oowashi_20260504/d72a3a60__frame_009500_bb00_t0396.23_conf0.997.jpg,2,Oowashi
tool_bird_class_train/Oowashi_Stellers_Sea_Eagle/bird_frames_pure_oowashi_20260504/d72a3a60__frame_009520_bb00_t0397.06_conf0.995.jpg,2,Oowashi
tool_bird_class_train/Oowashi_Stellers_Sea_Eagle/bird_frames_pure_oowashi_20260504/d72a3a60__frame_009650_bb00_t0402.49_conf1.000.jpg,2,Oowashi
tool_bird_class_train/Oowashi_Stellers_Sea_Eagle/bird_frames_pure_oowashi_20260504/d72a3a60__frame_009660_bb00_t0402.90_conf0.997.jpg,2,Oowashi
tool_bird_class_train/Oowashi_Stellers_Sea_Eagle/bird_frames_pure_oowashi_20260504/d72a3a60__frame_009740_bb00_t0406.24_conf0.997.jpg,2,Oowashi
tool_bird_class_train/Oowashi_Stellers_Sea_Eagle/bird_frames_pure_oowashi_20260504/d72a3a60__frame_010910_bb00_t0455.04_conf0.994.jpg,2,Oowashi
tool_bird_class_train/Oowashi_Stellers_Sea_Eagle/bird_frames_pure_oowashi_20260504/d72a3a60__frame_011640_bb01_t0485.48_conf0.997.jpg,2,Oowashi
tool_bird_class_train/Oowashi_Stellers_Sea_Eagle/bird_frames_pure_oowashi_20260504/d72a3a60__frame_012330_bb00_t0514.26_conf0.995.jpg,2,Oowashi
tool_bird_class_train/Oowashi_Stellers_Sea_Eagle/bird_frames_pure_oowashi_20260504/d72a3a60__frame_013190_bb01_t0550.13_conf0.994.jpg,2,Oowashi
tool_bird_class_train/Oowashi_Stellers_Sea_Eagle/bird_frames_pure_oowashi_20260504/d72a3a60__frame_016620_bb00_t0693.19_conf0.998.jpg,2,Oowashi
tool_bird_class_train/Oowashi_Stellers_Sea_Eagle/bird_frames_pure_oowashi_20260504/d72a3a60__frame_017860_bb00_t0744.91_conf0.998.jpg,2,Oowashi
tool_bird_class_train/Oowashi_Stellers_Sea_Eagle/bird_frames_pure_oowashi_20260504/d72a3a60__frame_017890_bb00_t0746.16_conf0.995.jpg,2,Oowashi
tool_bird_class_train/Oowashi_Stellers_Sea_Eagle/bird_frames_pure_oowashi_20260504/d72a3a60__frame_017910_bb00_t0747.00_conf0.997.jpg,2,Oowashi
tool_bird_class_train/Oowashi_Stellers_Sea_Eagle/bird_frames_pure_oowashi_20260504/d72a3a60__frame_018230_bb00_t0760.34_conf0.998.jpg,2,Oowashi
tool_bird_class_train/Oowashi_Stellers_Sea_Eagle/bird_frames_pure_oowashi_20260504/d72a3a60__frame_018520_bb00_t0772.44_conf1.000.jpg,2,Oowashi
tool_bird_class_train/Oowashi_Stellers_Sea_Eagle/bird_frames_pure_oowashi_20260504/d72a3a60__frame_019510_bb00_t0813.73_conf0.994.jpg,2,Oowashi
tool_bird_class_train/Oowashi_Stellers_Sea_Eagle/bird_frames_pure_oowashi_20260504/d72a3a60__frame_019980_bb00_t0833.33_conf0.994.jpg,2,Oowashi
tool_bird_class_train/Oowashi_Stellers_Sea_Eagle/bird_frames_pure_oowashi_20260504/d72a3a60__frame_019990_bb00_t0833.75_conf0.994.jpg,2,Oowashi
tool_bird_class_train/Oowashi_Stellers_Sea_Eagle/bird_frames_pure_oowashi_20260504/dc3bcf2b__frame_006630_bb00_t0276.53_conf0.994.jpg,2,Oowashi
tool_bird_class_train/Oowashi_Stellers_Sea_Eagle/bird_frames_pure_oowashi_20260504/dc3bcf2b__frame_006690_bb00_t0279.03_conf0.997.jpg,2,Oowashi
tool_bird_class_train/Oowashi_Stellers_Sea_Eagle/bird_frames_pure_oowashi_20260504/dc3bcf2b__frame_007730_bb00_t0322.41_conf0.992.jpg,2,Oowashi
tool_bird_class_train/Oowashi_Stellers_Sea_Eagle/bird_frames_pure_oowashi_20260504/dc3bcf2b__frame_010070_bb00_t0420.00_conf0.998.jpg,2,Oowashi
tool_bird_class_train/Oowashi_Stellers_Sea_Eagle/bird_frames_pure_oowashi_20260504/dc3bcf2b__frame_010080_bb00_t0420.42_conf0.997.jpg,2,Oowashi
tool_bird_class_train/Oowashi_Stellers_Sea_Eagle/bird_frames_pure_oowashi_20260504/dc3bcf2b__frame_010400_bb00_t0433.77_conf0.995.jpg,2,Oowashi
tool_bird_class_train/Oowashi_Stellers_Sea_Eagle/bird_frames_pure_oowashi_20260504/dc3bcf2b__frame_010420_bb00_t0434.60_conf0.995.jpg,2,Oowashi
tool_bird_class_train/Oowashi_Stellers_Sea_Eagle/bird_frames_pure_oowashi_20260504/dc3bcf2b__frame_010430_bb00_t0435.02_conf0.994.jpg,2,Oowashi
tool_bird_class_train/Oowashi_Stellers_Sea_Eagle/bird_frames_pure_oowashi_20260504/dc3bcf2b__frame_010570_bb00_t0440.86_conf0.997.jpg,2,Oowashi
tool_bird_class_train/Oowashi_Stellers_Sea_Eagle/bird_frames_pure_oowashi_20260504/dc3bcf2b__frame_010590_bb00_t0441.69_conf0.997.jpg,2,Oowashi
tool_bird_class_train/Oowashi_Stellers_Sea_Eagle/bird_frames_pure_oowashi_20260504/dc3bcf2b__frame_010640_bb00_t0443.78_conf0.995.jpg,2,Oowashi
tool_bird_class_train/Oowashi_Stellers_Sea_Eagle/bird_frames_pure_oowashi_20260504/dc3bcf2b__frame_010680_bb00_t0445.44_conf0.994.jpg,2,Oowashi
tool_bird_class_train/Oowashi_Stellers_Sea_Eagle/bird_frames_pure_oowashi_20260504/dc3bcf2b__frame_010720_bb00_t0447.11_conf0.992.jpg,2,Oowashi
tool_bird_class_train/Oowashi_Stellers_Sea_Eagle/bird_frames_pure_oowashi_20260504/dc3bcf2b__frame_010800_bb00_t0450.45_conf0.997.jpg,2,Oowashi
tool_bird_class_train/Oowashi_Stellers_Sea_Eagle/bird_frames_pure_oowashi_20260504/dc3bcf2b__frame_014790_bb00_t0616.87_conf0.998.jpg,2,Oowashi
tool_bird_class_train/Oowashi_Stellers_Sea_Eagle/bird_frames_pure_oowashi_20260504/dc3bcf2b__frame_016560_bb00_t0690.69_conf0.994.jpg,2,Oowashi
tool_bird_class_train/Oowashi_Stellers_Sea_Eagle/bird_frames_pure_oowashi_20260504/dc3bcf2b__frame_016660_bb00_t0694.86_conf0.997.jpg,2,Oowashi
tool_bird_class_train/Oowashi_Stellers_Sea_Eagle/bird_frames_pure_oowashi_20260504/dc3bcf2b__frame_016960_bb00_t0707.37_conf0.997.jpg,2,Oowashi
tool_bird_class_train/Oowashi_Stellers_Sea_Eagle/bird_frames_pure_oowashi_20260504/dc3bcf2b__frame_017440_bb00_t0727.39_conf0.997.jpg,2,Oowashi
tool_bird_class_train/Oowashi_Stellers_Sea_Eagle/bird_frames_pure_oowashi_20260504/dc3bcf2b__frame_022820_bb00_t0951.78_conf0.994.jpg,2,Oowashi
tool_bird_class_train/Oowashi_Stellers_Sea_Eagle/bird_frames_pure_oowashi_20260504/dc3bcf2b__frame_027730_bb00_t1156.57_conf0.994.jpg,2,Oowashi
tool_bird_class_train/Oowashi_Stellers_Sea_Eagle/bird_frames_pure_oowashi_20260504/dc3bcf2b__frame_030470_bb00_t1270.85_conf0.995.jpg,2,Oowashi
tool_bird_class_train/Oowashi_Stellers_Sea_Eagle/bird_frames_pure_oowashi_20260504/e6c95a53__frame_010780_bb00_t0449.62_conf0.990.jpg,2,Oowashi
tool_bird_class_train/Oowashi_Stellers_Sea_Eagle/bird_frames_pure_oowashi_20260504/e6c95a53__frame_012420_bb00_t0518.02_conf0.994.jpg,2,Oowashi
tool_bird_class_train/Oowashi_Stellers_Sea_Eagle/bird_frames_pure_oowashi_20260504/e6c95a53__frame_012540_bb00_t0523.02_conf0.997.jpg,2,Oowashi
tool_bird_class_train/Oowashi_Stellers_Sea_Eagle/bird_frames_pure_oowashi_20260504/e6c95a53__frame_012550_bb00_t0523.44_conf0.990.jpg,2,Oowashi
tool_bird_class_train/Oowashi_Stellers_Sea_Eagle/bird_frames_pure_oowashi_20260504/e6c95a53__frame_012560_bb00_t0523.86_conf0.989.jpg,2,Oowashi
tool_bird_class_train/Oowashi_Stellers_Sea_Eagle/bird_frames_pure_oowashi_20260504/e6c95a53__frame_012570_bb00_t0524.27_conf0.989.jpg,2,Oowashi
tool_bird_class_train/Oowashi_Stellers_Sea_Eagle/bird_frames_pure_oowashi_20260504/e6c95a53__frame_012600_bb00_t0525.52_conf0.992.jpg,2,Oowashi
tool_bird_class_train/Oowashi_Stellers_Sea_Eagle/bird_frames_pure_oowashi_20260504/e6c95a53__frame_012700_bb00_t0529.70_conf0.995.jpg,2,Oowashi
tool_bird_class_train/Oowashi_Stellers_Sea_Eagle/bird_frames_pure_oowashi_20260504/e6c95a53__frame_012720_bb00_t0530.53_conf0.982.jpg,2,Oowashi
tool_bird_class_train/Oowashi_Stellers_Sea_Eagle/bird_frames_pure_oowashi_20260504/e6c95a53__frame_012820_bb00_t0534.70_conf0.989.jpg,2,Oowashi
tool_bird_class_train/Oowashi_Stellers_Sea_Eagle/bird_frames_pure_oowashi_20260504/e6c95a53__frame_012900_bb00_t0538.04_conf0.992.jpg,2,Oowashi
tool_bird_class_train/Oowashi_Stellers_Sea_Eagle/bird_frames_pure_oowashi_20260504/e6c95a53__frame_012930_bb00_t0539.29_conf0.990.jpg,2,Oowashi
tool_bird_class_train/Oowashi_Stellers_Sea_Eagle/bird_frames_pure_oowashi_20260504/e6c95a53__frame_012940_bb00_t0539.71_conf0.997.jpg,2,Oowashi
tool_bird_class_train/Oowashi_Stellers_Sea_Eagle/bird_frames_pure_oowashi_20260504/e6c95a53__frame_012950_bb00_t0540.12_conf0.984.jpg,2,Oowashi
tool_bird_class_train/Oowashi_Stellers_Sea_Eagle/bird_frames_pure_oowashi_20260504/e6c95a53__frame_012990_bb00_t0541.79_conf0.990.jpg,2,Oowashi
tool_bird_class_train/Oowashi_Stellers_Sea_Eagle/bird_frames_pure_oowashi_20260504/e6c95a53__frame_013000_bb00_t0542.21_conf0.984.jpg,2,Oowashi
tool_bird_class_train/Oowashi_Stellers_Sea_Eagle/bird_frames_pure_oowashi_20260504/e6c95a53__frame_013030_bb00_t0543.46_conf0.982.jpg,2,Oowashi
tool_bird_class_train/Oowashi_Stellers_Sea_Eagle/bird_frames_pure_oowashi_20260504/e6c95a53__frame_013850_bb00_t0577.66_conf0.987.jpg,2,Oowashi
tool_bird_class_train/Oowashi_Stellers_Sea_Eagle/bird_frames_pure_oowashi_20260504/e6c95a53__frame_013880_bb00_t0578.91_conf0.982.jpg,2,Oowashi
tool_bird_class_train/Oowashi_Stellers_Sea_Eagle/bird_frames_pure_oowashi_20260504/e6c95a53__frame_013990_bb00_t0583.50_conf0.994.jpg,2,Oowashi
tool_bird_class_train/Oowashi_Stellers_Sea_Eagle/bird_frames_pure_oowashi_20260504/e6c95a53__frame_014000_bb00_t0583.92_conf0.992.jpg,2,Oowashi
tool_bird_class_train/Oowashi_Stellers_Sea_Eagle/bird_frames_pure_oowashi_20260504/e6c95a53__frame_014080_bb00_t0587.25_conf0.982.jpg,2,Oowashi
tool_bird_class_train/Oowashi_Stellers_Sea_Eagle/bird_frames_pure_oowashi_20260504/ed31ce54__frame_003580_bb00_t0149.32_conf0.994.jpg,2,Oowashi
tool_bird_class_train/Oowashi_Stellers_Sea_Eagle/bird_frames_pure_oowashi_20260504/ed31ce54__frame_009050_bb00_t0377.46_conf0.987.jpg,2,Oowashi
tool_bird_class_train/Oowashi_Stellers_Sea_Eagle/bird_frames_pure_oowashi_20260504/ed31ce54__frame_009060_bb00_t0377.88_conf0.986.jpg,2,Oowashi
tool_bird_class_train/Oowashi_Stellers_Sea_Eagle/bird_frames_pure_oowashi_20260504/ed31ce54__frame_009210_bb00_t0384.13_conf0.998.jpg,2,Oowashi
tool_bird_class_train/Oowashi_Stellers_Sea_Eagle/bird_frames_pure_oowashi_20260504/ed31ce54__frame_009500_bb00_t0396.23_conf0.990.jpg,2,Oowashi
tool_bird_class_train/Oowashi_Stellers_Sea_Eagle/bird_frames_pure_oowashi_20260504/ed31ce54__frame_009550_bb00_t0398.31_conf0.992.jpg,2,Oowashi
tool_bird_class_train/Oowashi_Stellers_Sea_Eagle/bird_frames_pure_oowashi_20260504/ed31ce54__frame_009580_bb00_t0399.57_conf0.987.jpg,2,Oowashi
tool_bird_class_train/Oowashi_Stellers_Sea_Eagle/bird_frames_pure_oowashi_20260504/ed31ce54__frame_009590_bb00_t0399.98_conf0.987.jpg,2,Oowashi
tool_bird_class_train/Oowashi_Stellers_Sea_Eagle/bird_frames_pure_oowashi_20260504/ed31ce54__frame_009690_bb00_t0404.15_conf0.994.jpg,2,Oowashi
tool_bird_class_train/Oowashi_Stellers_Sea_Eagle/bird_frames_pure_oowashi_20260504/ed31ce54__frame_009790_bb00_t0408.32_conf0.987.jpg,2,Oowashi
tool_bird_class_train/Oowashi_Stellers_Sea_Eagle/bird_frames_pure_oowashi_20260504/ed31ce54__frame_013410_bb00_t0559.31_conf0.987.jpg,2,Oowashi
tool_bird_class_train/Oowashi_Stellers_Sea_Eagle/bird_frames_pure_oowashi_20260504/ed31ce54__frame_013430_bb00_t0560.14_conf0.989.jpg,2,Oowashi
tool_bird_class_train/Oowashi_Stellers_Sea_Eagle/bird_frames_pure_oowashi_20260504/ed31ce54__frame_013720_bb00_t0572.24_conf0.992.jpg,2,Oowashi
tool_bird_class_train/Oowashi_Stellers_Sea_Eagle/bird_frames_pure_oowashi_20260504/ed31ce54__frame_013860_bb00_t0578.08_conf1.000.jpg,2,Oowashi
tool_bird_class_train/Oowashi_Stellers_Sea_Eagle/bird_frames_pure_oowashi_20260504/ed31ce54__frame_013890_bb00_t0579.33_conf0.992.jpg,2,Oowashi
tool_bird_class_train/Oowashi_Stellers_Sea_Eagle/bird_frames_pure_oowashi_20260504/ed31ce54__frame_013900_bb00_t0579.75_conf0.994.jpg,2,Oowashi
tool_bird_class_train/Oowashi_Stellers_Sea_Eagle/bird_frames_pure_oowashi_20260504/ed31ce54__frame_015140_bb00_t0631.46_conf1.000.jpg,2,Oowashi
tool_bird_class_train/Oowashi_Stellers_Sea_Eagle/bird_frames_pure_oowashi_20260504/ed31ce54__frame_015210_bb00_t0634.38_conf0.998.jpg,2,Oowashi
tool_bird_class_train/Oowashi_Stellers_Sea_Eagle/bird_frames_pure_oowashi_20260504/ed31ce54__frame_015440_bb00_t0643.98_conf0.992.jpg,2,Oowashi
tool_bird_class_train/Oowashi_Stellers_Sea_Eagle/bird_frames_pure_oowashi_20260504/ed31ce54__frame_016920_bb00_t0705.70_conf0.995.jpg,2,Oowashi
tool_bird_class_train/Oowashi_Stellers_Sea_Eagle/bird_frames_pure_oowashi_20260504/ed31ce54__frame_019820_bb00_t0826.66_conf0.987.jpg,2,Oowashi
tool_bird_class_train/Oowashi_Stellers_Sea_Eagle/bird_frames_pure_oowashi_20260504/f26b689b__frame_009950_bb00_t0415.00_conf0.995.jpg,2,Oowashi
tool_bird_class_train/Oowashi_Stellers_Sea_Eagle/bird_frames_pure_oowashi_20260504/f26b689b__frame_010140_bb00_t0422.92_conf0.997.jpg,2,Oowashi
tool_bird_class_train/Oowashi_Stellers_Sea_Eagle/bird_frames_pure_oowashi_20260504/f26b689b__frame_010210_bb00_t0425.84_conf0.992.jpg,2,Oowashi
tool_bird_class_train/Oowashi_Stellers_Sea_Eagle/bird_frames_pure_oowashi_20260504/f26b689b__frame_010390_bb00_t0433.35_conf0.992.jpg,2,Oowashi
tool_bird_class_train/Oowashi_Stellers_Sea_Eagle/bird_frames_pure_oowashi_20260504/f26b689b__frame_010480_bb00_t0437.10_conf0.994.jpg,2,Oowashi
tool_bird_class_train/Oowashi_Stellers_Sea_Eagle/bird_frames_pure_oowashi_20260504/f26b689b__frame_010490_bb00_t0437.52_conf0.994.jpg,2,Oowashi
tool_bird_class_train/Oowashi_Stellers_Sea_Eagle/bird_frames_pure_oowashi_20260504/f26b689b__frame_010510_bb00_t0438.35_conf0.997.jpg,2,Oowashi
tool_bird_class_train/Oowashi_Stellers_Sea_Eagle/bird_frames_pure_oowashi_20260504/f26b689b__frame_010520_bb00_t0438.77_conf0.997.jpg,2,Oowashi
tool_bird_class_train/Oowashi_Stellers_Sea_Eagle/bird_frames_pure_oowashi_20260504/f26b689b__frame_010620_bb00_t0442.94_conf0.992.jpg,2,Oowashi
tool_bird_class_train/Oowashi_Stellers_Sea_Eagle/bird_frames_pure_oowashi_20260504/f26b689b__frame_010670_bb00_t0445.03_conf0.997.jpg,2,Oowashi
tool_bird_class_train/Oowashi_Stellers_Sea_Eagle/bird_frames_pure_oowashi_20260504/f26b689b__frame_010750_bb00_t0448.36_conf0.994.jpg,2,Oowashi
tool_bird_class_train/Oowashi_Stellers_Sea_Eagle/bird_frames_pure_oowashi_20260504/f26b689b__frame_010880_bb00_t0453.79_conf0.994.jpg,2,Oowashi
tool_bird_class_train/Oowashi_Stellers_Sea_Eagle/bird_frames_pure_oowashi_20260504/f26b689b__frame_010910_bb00_t0455.04_conf0.995.jpg,2,Oowashi
tool_bird_class_train/Oowashi_Stellers_Sea_Eagle/bird_frames_pure_oowashi_20260504/f26b689b__frame_017300_bb00_t0721.55_conf0.994.jpg,2,Oowashi
tool_bird_class_train/Oowashi_Stellers_Sea_Eagle/bird_frames_pure_oowashi_20260504/f26b689b__frame_017310_bb00_t0721.97_conf0.992.jpg,2,Oowashi
tool_bird_class_train/Oowashi_Stellers_Sea_Eagle/bird_frames_pure_oowashi_20260504/f26b689b__frame_017330_bb00_t0722.81_conf0.995.jpg,2,Oowashi
tool_bird_class_train/Oowashi_Stellers_Sea_Eagle/bird_frames_pure_oowashi_20260504/f26b689b__frame_017400_bb00_t0725.72_conf0.995.jpg,2,Oowashi
tool_bird_class_train/Oowashi_Stellers_Sea_Eagle/bird_frames_pure_oowashi_20260504/f26b689b__frame_020700_bb00_t0863.36_conf1.000.jpg,2,Oowashi
tool_bird_class_train/Oowashi_Stellers_Sea_Eagle/bird_frames_pure_oowashi_20260504/f26b689b__frame_023070_bb00_t0962.21_conf0.998.jpg,2,Oowashi
tool_bird_class_train/Oowashi_Stellers_Sea_Eagle/bird_frames_pure_oowashi_20260504/f26b689b__frame_028730_bb00_t1198.28_conf0.994.jpg,2,Oowashi
tool_bird_class_train/Oowashi_Stellers_Sea_Eagle/bird_frames_pure_oowashi_20260504/f26b689b__frame_030330_bb00_t1265.01_conf0.997.jpg,2,Oowashi
tool_bird_class_train/Oowashi_Stellers_Sea_Eagle/ext_inat_20260504/inat_102481704_730dc52c.jpg,2,Oowashi
tool_bird_class_train/Oowashi_Stellers_Sea_Eagle/ext_inat_20260504/inat_102482260_21bbe3a9.jpg,2,Oowashi
tool_bird_class_train/Oowashi_Stellers_Sea_Eagle/ext_inat_20260504/inat_102482267_4b1dec16.jpg,2,Oowashi
tool_bird_class_train/Oowashi_Stellers_Sea_Eagle/ext_inat_20260504/inat_102482293_9c541aa8.jpg,2,Oowashi
tool_bird_class_train/Oowashi_Stellers_Sea_Eagle/ext_inat_20260504/inat_102482332_da883709.jpg,2,Oowashi
tool_bird_class_train/Oowashi_Stellers_Sea_Eagle/ext_inat_20260504/inat_102482339_51a6b71b.jpg,2,Oowashi
tool_bird_class_train/Oowashi_Stellers_Sea_Eagle/ext_inat_20260504/inat_102482363_35725623.jpg,2,Oowashi
tool_bird_class_train/Oowashi_Stellers_Sea_Eagle/ext_inat_20260504/inat_102482390_c1314cae.jpg,2,Oowashi
tool_bird_class_train/Oowashi_Stellers_Sea_Eagle/ext_inat_20260504/inat_102482456_7c0b3ebb.jpg,2,Oowashi
tool_bird_class_train/Oowashi_Stellers_Sea_Eagle/ext_inat_20260504/inat_102482506_491dc263.jpg,2,Oowashi
tool_bird_class_train/Oowashi_Stellers_Sea_Eagle/ext_inat_20260504/inat_102482575_dd797e0c.jpg,2,Oowashi
tool_bird_class_train/Oowashi_Stellers_Sea_Eagle/ext_inat_20260504/inat_102482580_96f1e964.jpg,2,Oowashi
tool_bird_class_train/Oowashi_Stellers_Sea_Eagle/ext_inat_20260504/inat_102482594_0d2201d2.jpg,2,Oowashi
tool_bird_class_train/Oowashi_Stellers_Sea_Eagle/ext_inat_20260504/inat_102482642_7a203325.jpg,2,Oowashi
tool_bird_class_train/Oowashi_Stellers_Sea_Eagle/ext_inat_20260504/inat_102482690_b8937979.jpg,2,Oowashi
tool_bird_class_train/Oowashi_Stellers_Sea_Eagle/ext_inat_20260504/inat_102492261_4a62c525.jpg,2,Oowashi
tool_bird_class_train/Oowashi_Stellers_Sea_Eagle/ext_inat_20260504/inat_102492388_352720dd.jpg,2,Oowashi
tool_bird_class_train/Oowashi_Stellers_Sea_Eagle/ext_inat_20260504/inat_102492656_01245bb1.jpg,2,Oowashi
tool_bird_class_train/Oowashi_Stellers_Sea_Eagle/ext_inat_20260504/inat_102493602_ef8bb4b4.jpg,2,Oowashi
tool_bird_class_train/Oowashi_Stellers_Sea_Eagle/ext_inat_20260504/inat_120858776_c4203341.jpg,2,Oowashi
tool_bird_class_train/Oowashi_Stellers_Sea_Eagle/ext_inat_20260504/inat_120859029_e877b489.jpg,2,Oowashi
tool_bird_class_train/Oowashi_Stellers_Sea_Eagle/ext_inat_20260504/inat_173118687_edb7ce5a.png,2,Oowashi
tool_bird_class_train/Oowashi_Stellers_Sea_Eagle/ext_inat_20260504/inat_174436853_8cb2f426.jpg,2,Oowashi
tool_bird_class_train/Oowashi_Stellers_Sea_Eagle/ext_inat_20260504/inat_174458274_e2ae2592.jpg,2,Oowashi
tool_bird_class_train/Oowashi_Stellers_Sea_Eagle/ext_inat_20260504/inat_175257294_cfe3daaa.jpg,2,Oowashi
tool_bird_class_train/Oowashi_Stellers_Sea_Eagle/ext_inat_20260504/inat_175925144_0c232c1e.jpg,2,Oowashi
tool_bird_class_train/Oowashi_Stellers_Sea_Eagle/ext_inat_20260504/inat_176269215_789c53b5.jpg,2,Oowashi
tool_bird_class_train/Oowashi_Stellers_Sea_Eagle/ext_inat_20260504/inat_176367030_8ee25e71.jpg,2,Oowashi
tool_bird_class_train/Oowashi_Stellers_Sea_Eagle/ext_inat_20260504/inat_176456968_bd0e8c8a.jpg,2,Oowashi
tool_bird_class_train/Oowashi_Stellers_Sea_Eagle/ext_inat_20260504/inat_176964731_5fa53704.jpg,2,Oowashi
tool_bird_class_train/Oowashi_Stellers_Sea_Eagle/ext_inat_20260504/inat_177055601_a82e9774.jpg,2,Oowashi
tool_bird_class_train/Oowashi_Stellers_Sea_Eagle/ext_inat_20260504/inat_181959665_73bf4d30.jpg,2,Oowashi
tool_bird_class_train/Oowashi_Stellers_Sea_Eagle/ext_inat_20260504/inat_182179863_fa0f55f1.jpg,2,Oowashi
tool_bird_class_train/Oowashi_Stellers_Sea_Eagle/ext_inat_20260504/inat_182180400_54acc7b8.jpg,2,Oowashi
tool_bird_class_train/Oowashi_Stellers_Sea_Eagle/ext_inat_20260504/inat_182182253_e79d9d01.jpg,2,Oowashi
tool_bird_class_train/Oowashi_Stellers_Sea_Eagle/ext_inat_20260504/inat_182182525_924ff997.jpg,2,Oowashi
tool_bird_class_train/Oowashi_Stellers_Sea_Eagle/ext_inat_20260504/inat_208638278_0a31b484.jpg,2,Oowashi
tool_bird_class_train/Oowashi_Stellers_Sea_Eagle/ext_inat_20260504/inat_245751013_ecd6c704.jpg,2,Oowashi
tool_bird_class_train/Oowashi_Stellers_Sea_Eagle/ext_inat_20260504/inat_2635430_23c5f751.jpg,2,Oowashi
tool_bird_class_train/Oowashi_Stellers_Sea_Eagle/ext_inat_20260504/inat_2655524_12737f89.jpg,2,Oowashi
tool_bird_class_train/Oowashi_Stellers_Sea_Eagle/ext_inat_20260504/inat_2668072_47c19560.jpg,2,Oowashi
tool_bird_class_train/Oowashi_Stellers_Sea_Eagle/ext_inat_20260504/inat_2684031_cad5bba7.jpg,2,Oowashi
tool_bird_class_train/Oowashi_Stellers_Sea_Eagle/ext_inat_20260504/inat_2686255_a4d3dd88.jpg,2,Oowashi
tool_bird_class_train/Oowashi_Stellers_Sea_Eagle/ext_inat_20260504/inat_2686388_67756151.jpg,2,Oowashi
tool_bird_class_train/Oowashi_Stellers_Sea_Eagle/ext_inat_20260504/inat_2714895_919dd82d.jpg,2,Oowashi
tool_bird_class_train/Oowashi_Stellers_Sea_Eagle/ext_inat_20260504/inat_305668745_ecdc876b.jpg,2,Oowashi
tool_bird_class_train/Oowashi_Stellers_Sea_Eagle/ext_inat_20260504/inat_336820599_e9bd6afd.jpg,2,Oowashi
tool_bird_class_train/Oowashi_Stellers_Sea_Eagle/ext_inat_20260504/inat_337453771_a96a2d25.jpg,2,Oowashi
tool_bird_class_train/Oowashi_Stellers_Sea_Eagle/ext_inat_20260504/inat_343050257_308bb9c3.jpg,2,Oowashi
tool_bird_class_train/Oowashi_Stellers_Sea_Eagle/ext_inat_20260504/inat_358194239_3d29bf1b.jpg,2,Oowashi
tool_bird_class_train/Oowashi_Stellers_Sea_Eagle/ext_inat_20260504/inat_364085026_a7568ffc.jpg,2,Oowashi
tool_bird_class_train/Oowashi_Stellers_Sea_Eagle/ext_inat_20260504/inat_364088311_e6656137.jpg,2,Oowashi
tool_bird_class_train/Oowashi_Stellers_Sea_Eagle/ext_inat_20260504/inat_364735736_57ae35b2.jpg,2,Oowashi
tool_bird_class_train/Oowashi_Stellers_Sea_Eagle/ext_inat_20260504/inat_364751800_f4cd93c0.jpg,2,Oowashi
tool_bird_class_train/Oowashi_Stellers_Sea_Eagle/ext_inat_20260504/inat_364752481_26ed796b.jpg,2,Oowashi
tool_bird_class_train/Oowashi_Stellers_Sea_Eagle/ext_inat_20260504/inat_364753253_7f9a1ca5.jpg,2,Oowashi
tool_bird_class_train/Oowashi_Stellers_Sea_Eagle/ext_inat_20260504/inat_364753877_ddeb3c50.jpg,2,Oowashi
tool_bird_class_train/Oowashi_Stellers_Sea_Eagle/ext_inat_20260504/inat_364754533_ba026abf.jpg,2,Oowashi
tool_bird_class_train/Oowashi_Stellers_Sea_Eagle/ext_inat_20260504/inat_364754855_f3142df5.jpg,2,Oowashi
tool_bird_class_train/Oowashi_Stellers_Sea_Eagle/ext_inat_20260504/inat_395006594_227ff108.jpg,2,Oowashi
tool_bird_class_train/Oowashi_Stellers_Sea_Eagle/ext_inat_20260504/inat_426845858_a815cb02.jpg,2,Oowashi
tool_bird_class_train/Oowashi_Stellers_Sea_Eagle/ext_inat_20260504/inat_452007378_f4a1b6b4.jpg,2,Oowashi
tool_bird_class_train/Oowashi_Stellers_Sea_Eagle/ext_inat_20260504/inat_462844744_72321f49.jpg,2,Oowashi
tool_bird_class_train/Oowashi_Stellers_Sea_Eagle/ext_inat_20260504/inat_474061512_d48baace.jpg,2,Oowashi
tool_bird_class_train/Oowashi_Stellers_Sea_Eagle/ext_inat_20260504/inat_477835772_6bf308b1.jpg,2,Oowashi
tool_bird_class_train/Oowashi_Stellers_Sea_Eagle/ext_inat_20260504/inat_477837271_82016939.jpg,2,Oowashi
tool_bird_class_train/Oowashi_Stellers_Sea_Eagle/ext_inat_20260504/inat_478059278_572856ea.jpg,2,Oowashi
tool_bird_class_train/Oowashi_Stellers_Sea_Eagle/ext_inat_20260504/inat_485463728_e8d0b9a3.jpg,2,Oowashi
tool_bird_class_train/Oowashi_Stellers_Sea_Eagle/ext_inat_20260504/inat_485467804_072d0923.jpg,2,Oowashi
tool_bird_class_train/Oowashi_Stellers_Sea_Eagle/ext_inat_20260504/inat_485469129_0806bf29.jpg,2,Oowashi
tool_bird_class_train/Oowashi_Stellers_Sea_Eagle/ext_inat_20260504/inat_485471899_db226ce3.jpg,2,Oowashi
tool_bird_class_train/Oowashi_Stellers_Sea_Eagle/ext_inat_20260504/inat_486338550_284fe6b3.jpg,2,Oowashi
tool_bird_class_train/Oowashi_Stellers_Sea_Eagle/ext_inat_20260504/inat_486344480_224423f5.jpg,2,Oowashi
tool_bird_class_train/Oowashi_Stellers_Sea_Eagle/ext_inat_20260504/inat_486347313_72f1eccb.jpg,2,Oowashi
tool_bird_class_train/Oowashi_Stellers_Sea_Eagle/ext_inat_20260504/inat_525975700_d0708073.jpg,2,Oowashi
tool_bird_class_train/Oowashi_Stellers_Sea_Eagle/ext_inat_20260504/inat_548571561_6cbfbe60.jpg,2,Oowashi
tool_bird_class_train/Oowashi_Stellers_Sea_Eagle/ext_inat_20260504/inat_548956400_3b93ae83.jpg,2,Oowashi
tool_bird_class_train/Oowashi_Stellers_Sea_Eagle/ext_inat_20260504/inat_588697464_1bdb0ab5.jpg,2,Oowashi
tool_bird_class_train/Oowashi_Stellers_Sea_Eagle/ext_inat_20260504/inat_605780000_47fc36c2.jpg,2,Oowashi
tool_bird_class_train/Oowashi_Stellers_Sea_Eagle/ext_inat_20260504/inat_605780038_fc721787.jpg,2,Oowashi
tool_bird_class_train/Oowashi_Stellers_Sea_Eagle/ext_inat_20260504/inat_605780054_f85200bf.jpg,2,Oowashi
tool_bird_class_train/Oowashi_Stellers_Sea_Eagle/ext_inat_20260504/inat_612189309_8bee2da8.jpg,2,Oowashi
tool_bird_class_train/Oowashi_Stellers_Sea_Eagle/ext_inat_20260504/inat_616942493_dbc8c7b9.jpg,2,Oowashi
tool_bird_class_train/Oowashi_Stellers_Sea_Eagle/ext_inat_20260504/inat_616942819_ba2e50fd.jpg,2,Oowashi
tool_bird_class_train/Oowashi_Stellers_Sea_Eagle/ext_inat_20260504/inat_616945685_fa2424c1.jpg,2,Oowashi
tool_bird_class_train/Oowashi_Stellers_Sea_Eagle/ext_inat_20260504/inat_616945948_3c4a2858.jpg,2,Oowashi
tool_bird_class_train/Oowashi_Stellers_Sea_Eagle/ext_inat_20260504/inat_616946130_690dfd71.jpg,2,Oowashi
tool_bird_class_train/Oowashi_Stellers_Sea_Eagle/ext_inat_20260504/inat_616946147_2f5d6208.jpg,2,Oowashi
tool_bird_class_train/Oowashi_Stellers_Sea_Eagle/ext_inat_20260504/inat_617710328_9c9fb7b8.jpg,2,Oowashi
tool_bird_class_train/Oowashi_Stellers_Sea_Eagle/ext_inat_20260504/inat_629320018_30ae0b0a.jpg,2,Oowashi
tool_bird_class_train/Oowashi_Stellers_Sea_Eagle/ext_inat_20260504/inat_633978092_75b65e6c.jpg,2,Oowashi
tool_bird_class_train/Oowashi_Stellers_Sea_Eagle/ext_inat_20260504/inat_636223687_19a2f801.jpg,2,Oowashi
tool_bird_class_train/Oowashi_Stellers_Sea_Eagle/ext_wikimedia_20260504/wm_0155bb58d659.jpg,2,Oowashi
tool_bird_class_train/Oowashi_Stellers_Sea_Eagle/ext_wikimedia_20260504/wm_025acca9cba2.jpg,2,Oowashi
tool_bird_class_train/Oowashi_Stellers_Sea_Eagle/ext_wikimedia_20260504/wm_0285f2c2181a.jpg,2,Oowashi
tool_bird_class_train/Oowashi_Stellers_Sea_Eagle/ext_wikimedia_20260504/wm_02ce7815db39.jpg,2,Oowashi
tool_bird_class_train/Oowashi_Stellers_Sea_Eagle/ext_wikimedia_20260504/wm_03003d699dc3.jpg,2,Oowashi
tool_bird_class_train/Oowashi_Stellers_Sea_Eagle/ext_wikimedia_20260504/wm_0394d62852ec.jpg,2,Oowashi
tool_bird_class_train/Oowashi_Stellers_Sea_Eagle/ext_wikimedia_20260504/wm_03c7f7e7e1c8.jpg,2,Oowashi
tool_bird_class_train/Oowashi_Stellers_Sea_Eagle/ext_wikimedia_20260504/wm_041bd66429cd.jpg,2,Oowashi
tool_bird_class_train/Oowashi_Stellers_Sea_Eagle/ext_wikimedia_20260504/wm_042330524d7f.jpg,2,Oowashi
tool_bird_class_train/Oowashi_Stellers_Sea_Eagle/ext_wikimedia_20260504/wm_04714f51a100.jpg,2,Oowashi
tool_bird_class_train/Oowashi_Stellers_Sea_Eagle/ext_wikimedia_20260504/wm_05cbf460d72c.jpg,2,Oowashi
tool_bird_class_train/Oowashi_Stellers_Sea_Eagle/ext_wikimedia_20260504/wm_05d7a2ee622c.jpg,2,Oowashi
tool_bird_class_train/Oowashi_Stellers_Sea_Eagle/ext_wikimedia_20260504/wm_06dfaf2482d7.jpg,2,Oowashi
tool_bird_class_train/Oowashi_Stellers_Sea_Eagle/ext_wikimedia_20260504/wm_07773be9a3ce.jpg,2,Oowashi
tool_bird_class_train/Oowashi_Stellers_Sea_Eagle/ext_wikimedia_20260504/wm_07e5fbf6d5ec.jpg,2,Oowashi
tool_bird_class_train/Oowashi_Stellers_Sea_Eagle/ext_wikimedia_20260504/wm_0a8dd1a0ad9b.jpg,2,Oowashi
tool_bird_class_train/Oowashi_Stellers_Sea_Eagle/ext_wikimedia_20260504/wm_0a8eb8b96dad.jpg,2,Oowashi
tool_bird_class_train/Oowashi_Stellers_Sea_Eagle/ext_wikimedia_20260504/wm_0be603c132cb.jpg,2,Oowashi
tool_bird_class_train/Oowashi_Stellers_Sea_Eagle/ext_wikimedia_20260504/wm_0bedf5be8097.jpg,2,Oowashi
tool_bird_class_train/Oowashi_Stellers_Sea_Eagle/ext_wikimedia_20260504/wm_0cbe1778b7d7.jpg,2,Oowashi
tool_bird_class_train/Oowashi_Stellers_Sea_Eagle/ext_wikimedia_20260504/wm_0d10955d9e08.jpg,2,Oowashi
tool_bird_class_train/Oowashi_Stellers_Sea_Eagle/ext_wikimedia_20260504/wm_0d5408e1a8ea.jpg,2,Oowashi
tool_bird_class_train/Oowashi_Stellers_Sea_Eagle/ext_wikimedia_20260504/wm_0ecd2de73568.jpg,2,Oowashi
tool_bird_class_train/Oowashi_Stellers_Sea_Eagle/ext_wikimedia_20260504/wm_0f2b846e7c8f.jpg,2,Oowashi
tool_bird_class_train/Oowashi_Stellers_Sea_Eagle/ext_wikimedia_20260504/wm_10bee6682542.jpg,2,Oowashi
tool_bird_class_train/Oowashi_Stellers_Sea_Eagle/ext_wikimedia_20260504/wm_10fe64bedb90.jpg,2,Oowashi
tool_bird_class_train/Oowashi_Stellers_Sea_Eagle/ext_wikimedia_20260504/wm_110aa271de06.jpg,2,Oowashi
tool_bird_class_train/Oowashi_Stellers_Sea_Eagle/ext_wikimedia_20260504/wm_12c99e5a682a.jpg,2,Oowashi
tool_bird_class_train/Oowashi_Stellers_Sea_Eagle/ext_wikimedia_20260504/wm_12fd87d8af90.jpg,2,Oowashi
tool_bird_class_train/Oowashi_Stellers_Sea_Eagle/ext_wikimedia_20260504/wm_138cdd7777ab.jpg,2,Oowashi
tool_bird_class_train/Oowashi_Stellers_Sea_Eagle/ext_wikimedia_20260504/wm_13a5b7e151ba.jpg,2,Oowashi
tool_bird_class_train/Oowashi_Stellers_Sea_Eagle/ext_wikimedia_20260504/wm_14663c1f706e.jpg,2,Oowashi
tool_bird_class_train/Oowashi_Stellers_Sea_Eagle/ext_wikimedia_20260504/wm_156774794dbd.jpg,2,Oowashi
tool_bird_class_train/Oowashi_Stellers_Sea_Eagle/ext_wikimedia_20260504/wm_15ae3483fe06.jpg,2,Oowashi
tool_bird_class_train/Oowashi_Stellers_Sea_Eagle/ext_wikimedia_20260504/wm_15e2f1fa2117.jpg,2,Oowashi
tool_bird_class_train/Oowashi_Stellers_Sea_Eagle/ext_wikimedia_20260504/wm_16811a91c218.jpg,2,Oowashi
tool_bird_class_train/Oowashi_Stellers_Sea_Eagle/ext_wikimedia_20260504/wm_174be3f6c544.jpg,2,Oowashi
tool_bird_class_train/Oowashi_Stellers_Sea_Eagle/ext_wikimedia_20260504/wm_1be77fc53120.jpg,2,Oowashi
tool_bird_class_train/Oowashi_Stellers_Sea_Eagle/ext_wikimedia_20260504/wm_1c16818c400f.jpg,2,Oowashi
tool_bird_class_train/Oowashi_Stellers_Sea_Eagle/ext_wikimedia_20260504/wm_1d39b9278522.jpg,2,Oowashi
tool_bird_class_train/Oowashi_Stellers_Sea_Eagle/ext_wikimedia_20260504/wm_1e3583bbce3b.jpg,2,Oowashi
tool_bird_class_train/Oowashi_Stellers_Sea_Eagle/ext_wikimedia_20260504/wm_1f4f33afb63d.jpg,2,Oowashi
tool_bird_class_train/Oowashi_Stellers_Sea_Eagle/ext_wikimedia_20260504/wm_1f8bb2c267ef.jpg,2,Oowashi
tool_bird_class_train/Oowashi_Stellers_Sea_Eagle/ext_wikimedia_20260504/wm_20bd5e14f9b2.jpg,2,Oowashi
tool_bird_class_train/Oowashi_Stellers_Sea_Eagle/ext_wikimedia_20260504/wm_2272a38e5ea6.jpg,2,Oowashi
tool_bird_class_train/Oowashi_Stellers_Sea_Eagle/ext_wikimedia_20260504/wm_22c652d1b40a.jpg,2,Oowashi
tool_bird_class_train/Oowashi_Stellers_Sea_Eagle/ext_wikimedia_20260504/wm_22e7185a9c60.jpg,2,Oowashi
tool_bird_class_train/Oowashi_Stellers_Sea_Eagle/ext_wikimedia_20260504/wm_243aba4291a4.jpg,2,Oowashi
tool_bird_class_train/Oowashi_Stellers_Sea_Eagle/ext_wikimedia_20260504/wm_2445f42b20b7.jpg,2,Oowashi
tool_bird_class_train/Oowashi_Stellers_Sea_Eagle/ext_wikimedia_20260504/wm_24ffe5fcbe90.jpg,2,Oowashi
tool_bird_class_train/Oowashi_Stellers_Sea_Eagle/ext_wikimedia_20260504/wm_2578b55df1e3.jpg,2,Oowashi
tool_bird_class_train/Oowashi_Stellers_Sea_Eagle/ext_wikimedia_20260504/wm_27a7e4de679b.jpg,2,Oowashi
tool_bird_class_train/Oowashi_Stellers_Sea_Eagle/ext_wikimedia_20260504/wm_285ee075ee91.jpg,2,Oowashi
tool_bird_class_train/Oowashi_Stellers_Sea_Eagle/ext_wikimedia_20260504/wm_291796431ae5.jpg,2,Oowashi
tool_bird_class_train/Oowashi_Stellers_Sea_Eagle/ext_wikimedia_20260504/wm_2a0c87edd25b.jpg,2,Oowashi
tool_bird_class_train/Oowashi_Stellers_Sea_Eagle/ext_wikimedia_20260504/wm_2a9669ce4628.jpg,2,Oowashi
tool_bird_class_train/Oowashi_Stellers_Sea_Eagle/ext_wikimedia_20260504/wm_2cd8255a2da5.jpg,2,Oowashi
tool_bird_class_train/Oowashi_Stellers_Sea_Eagle/ext_wikimedia_20260504/wm_2e025b0ec744.jpg,2,Oowashi
tool_bird_class_train/Oowashi_Stellers_Sea_Eagle/ext_wikimedia_20260504/wm_2f3487bafe71.jpg,2,Oowashi
tool_bird_class_train/Oowashi_Stellers_Sea_Eagle/ext_wikimedia_20260504/wm_31529496ff29.jpg,2,Oowashi
tool_bird_class_train/Oowashi_Stellers_Sea_Eagle/ext_wikimedia_20260504/wm_318be91ec5b1.jpg,2,Oowashi
tool_bird_class_train/Oowashi_Stellers_Sea_Eagle/ext_wikimedia_20260504/wm_32715197459e.jpg,2,Oowashi
tool_bird_class_train/Oowashi_Stellers_Sea_Eagle/ext_wikimedia_20260504/wm_3309c2a60e55.jpg,2,Oowashi
tool_bird_class_train/Oowashi_Stellers_Sea_Eagle/ext_wikimedia_20260504/wm_33d32c3b83da.jpg,2,Oowashi
tool_bird_class_train/Oowashi_Stellers_Sea_Eagle/ext_wikimedia_20260504/wm_34d570e95141.jpg,2,Oowashi
tool_bird_class_train/Oowashi_Stellers_Sea_Eagle/ext_wikimedia_20260504/wm_34f6865b9832.jpg,2,Oowashi
tool_bird_class_train/Oowashi_Stellers_Sea_Eagle/ext_wikimedia_20260504/wm_358b3b5bc196.jpg,2,Oowashi
tool_bird_class_train/Oowashi_Stellers_Sea_Eagle/ext_wikimedia_20260504/wm_36aaf83c1e40.jpg,2,Oowashi
tool_bird_class_train/Oowashi_Stellers_Sea_Eagle/ext_wikimedia_20260504/wm_3919e258afde.jpg,2,Oowashi
tool_bird_class_train/Oowashi_Stellers_Sea_Eagle/ext_wikimedia_20260504/wm_3935704fa2fd.jpg,2,Oowashi
tool_bird_class_train/Oowashi_Stellers_Sea_Eagle/ext_wikimedia_20260504/wm_3c6e10b9fc8c.jpg,2,Oowashi
tool_bird_class_train/Oowashi_Stellers_Sea_Eagle/ext_wikimedia_20260504/wm_3cd8d12535fd.jpg,2,Oowashi
tool_bird_class_train/Oowashi_Stellers_Sea_Eagle/ext_wikimedia_20260504/wm_3dcb43df1381.jpg,2,Oowashi
tool_bird_class_train/Oowashi_Stellers_Sea_Eagle/ext_wikimedia_20260504/wm_3e8a032de5b6.png,2,Oowashi
tool_bird_class_train/Oowashi_Stellers_Sea_Eagle/ext_wikimedia_20260504/wm_3f52ceef2897.jpg,2,Oowashi
tool_bird_class_train/Oowashi_Stellers_Sea_Eagle/ext_wikimedia_20260504/wm_4066d304ebfa.jpg,2,Oowashi
tool_bird_class_train/Oowashi_Stellers_Sea_Eagle/ext_wikimedia_20260504/wm_466451b4830d.jpg,2,Oowashi
tool_bird_class_train/Oowashi_Stellers_Sea_Eagle/ext_wikimedia_20260504/wm_47a516234a38.jpg,2,Oowashi
tool_bird_class_train/Oowashi_Stellers_Sea_Eagle/ext_wikimedia_20260504/wm_480d8db6ffe6.jpg,2,Oowashi
tool_bird_class_train/Oowashi_Stellers_Sea_Eagle/ext_wikimedia_20260504/wm_4c8ab35e9e6b.jpg,2,Oowashi
tool_bird_class_train/Oowashi_Stellers_Sea_Eagle/ext_wikimedia_20260504/wm_4c9606688bdc.jpg,2,Oowashi
tool_bird_class_train/Oowashi_Stellers_Sea_Eagle/ext_wikimedia_20260504/wm_4d6716696cb8.jpg,2,Oowashi
tool_bird_class_train/Oowashi_Stellers_Sea_Eagle/ext_wikimedia_20260504/wm_4d8e9ff3ad74.jpg,2,Oowashi
tool_bird_class_train/Oowashi_Stellers_Sea_Eagle/ext_wikimedia_20260504/wm_4fa103daf004.jpg,2,Oowashi
tool_bird_class_train/Oowashi_Stellers_Sea_Eagle/ext_wikimedia_20260504/wm_508a3c4f8308.jpg,2,Oowashi
tool_bird_class_train/Oowashi_Stellers_Sea_Eagle/ext_wikimedia_20260504/wm_50e27ba7afe0.jpg,2,Oowashi
tool_bird_class_train/Oowashi_Stellers_Sea_Eagle/ext_wikimedia_20260504/wm_514fb63b0792.jpg,2,Oowashi
tool_bird_class_train/Oowashi_Stellers_Sea_Eagle/ext_wikimedia_20260504/wm_51f3e8fe14cb.jpg,2,Oowashi
tool_bird_class_train/Oowashi_Stellers_Sea_Eagle/ext_wikimedia_20260504/wm_5213109ebf56.jpg,2,Oowashi
tool_bird_class_train/Oowashi_Stellers_Sea_Eagle/ext_wikimedia_20260504/wm_52a87dddc2ac.jpg,2,Oowashi
tool_bird_class_train/Oowashi_Stellers_Sea_Eagle/ext_wikimedia_20260504/wm_531406927c0d.jpg,2,Oowashi
tool_bird_class_train/Oowashi_Stellers_Sea_Eagle/ext_wikimedia_20260504/wm_538af83c449d.jpg,2,Oowashi
tool_bird_class_train/Oowashi_Stellers_Sea_Eagle/ext_wikimedia_20260504/wm_542edde3d166.jpg,2,Oowashi
tool_bird_class_train/Oowashi_Stellers_Sea_Eagle/ext_wikimedia_20260504/wm_550ca8b43400.jpg,2,Oowashi
tool_bird_class_train/Oowashi_Stellers_Sea_Eagle/ext_wikimedia_20260504/wm_594734cac810.jpg,2,Oowashi
tool_bird_class_train/Oowashi_Stellers_Sea_Eagle/ext_wikimedia_20260504/wm_59d88442df9d.jpg,2,Oowashi
tool_bird_class_train/Oowashi_Stellers_Sea_Eagle/ext_wikimedia_20260504/wm_5aea2c707268.jpg,2,Oowashi
tool_bird_class_train/Oowashi_Stellers_Sea_Eagle/ext_wikimedia_20260504/wm_5b4d27ff74b8.jpg,2,Oowashi
tool_bird_class_train/Oowashi_Stellers_Sea_Eagle/ext_wikimedia_20260504/wm_5ba786476b39.jpg,2,Oowashi
tool_bird_class_train/Oowashi_Stellers_Sea_Eagle/ext_wikimedia_20260504/wm_5e5ccca32e35.jpg,2,Oowashi
tool_bird_class_train/Oowashi_Stellers_Sea_Eagle/ext_wikimedia_20260504/wm_5f11044835c4.jpg,2,Oowashi
tool_bird_class_train/Oowashi_Stellers_Sea_Eagle/ext_wikimedia_20260504/wm_60c8e20c34d8.jpg,2,Oowashi
tool_bird_class_train/Oowashi_Stellers_Sea_Eagle/ext_wikimedia_20260504/wm_6194e81b4a1d.jpg,2,Oowashi
tool_bird_class_train/Oowashi_Stellers_Sea_Eagle/ext_wikimedia_20260504/wm_6310807d964c.jpg,2,Oowashi
tool_bird_class_train/Oowashi_Stellers_Sea_Eagle/ext_wikimedia_20260504/wm_63945017e0bb.jpg,2,Oowashi
tool_bird_class_train/Oowashi_Stellers_Sea_Eagle/ext_wikimedia_20260504/wm_63c97f5664ef.jpg,2,Oowashi
tool_bird_class_train/Oowashi_Stellers_Sea_Eagle/ext_wikimedia_20260504/wm_641df556cce0.jpg,2,Oowashi
tool_bird_class_train/Oowashi_Stellers_Sea_Eagle/ext_wikimedia_20260504/wm_68e2c1991842.jpg,2,Oowashi
tool_bird_class_train/Oowashi_Stellers_Sea_Eagle/ext_wikimedia_20260504/wm_69ede74ceb11.jpg,2,Oowashi
tool_bird_class_train/Oowashi_Stellers_Sea_Eagle/ext_wikimedia_20260504/wm_6ac26b484784.jpg,2,Oowashi
tool_bird_class_train/Oowashi_Stellers_Sea_Eagle/ext_wikimedia_20260504/wm_6b8196ccc707.jpg,2,Oowashi
tool_bird_class_train/Oowashi_Stellers_Sea_Eagle/ext_wikimedia_20260504/wm_6cc52ceac570.jpg,2,Oowashi
tool_bird_class_train/Oowashi_Stellers_Sea_Eagle/ext_wikimedia_20260504/wm_6db844880899.jpg,2,Oowashi
tool_bird_class_train/Oowashi_Stellers_Sea_Eagle/ext_wikimedia_20260504/wm_6dbc5836b642.jpg,2,Oowashi
tool_bird_class_train/Oowashi_Stellers_Sea_Eagle/ext_wikimedia_20260504/wm_6f1754a45dc2.jpg,2,Oowashi
tool_bird_class_train/Oowashi_Stellers_Sea_Eagle/ext_wikimedia_20260504/wm_6f8b65f0fbf5.jpg,2,Oowashi
tool_bird_class_train/Oowashi_Stellers_Sea_Eagle/ext_wikimedia_20260504/wm_7080c80da711.jpg,2,Oowashi
tool_bird_class_train/Oowashi_Stellers_Sea_Eagle/ext_wikimedia_20260504/wm_70d56e68daa0.jpg,2,Oowashi
tool_bird_class_train/Oowashi_Stellers_Sea_Eagle/ext_wikimedia_20260504/wm_70e9d6ee6b31.jpg,2,Oowashi
tool_bird_class_train/Oowashi_Stellers_Sea_Eagle/ext_wikimedia_20260504/wm_7212da18e9e2.jpg,2,Oowashi
tool_bird_class_train/Oowashi_Stellers_Sea_Eagle/ext_wikimedia_20260504/wm_72d5e2f956bb.jpg,2,Oowashi
tool_bird_class_train/Oowashi_Stellers_Sea_Eagle/ext_wikimedia_20260504/wm_72eece0554f1.jpg,2,Oowashi
tool_bird_class_train/Oowashi_Stellers_Sea_Eagle/ext_wikimedia_20260504/wm_72f2446ca9e8.jpg,2,Oowashi
tool_bird_class_train/Oowashi_Stellers_Sea_Eagle/ext_wikimedia_20260504/wm_74bb323c54c0.jpg,2,Oowashi
tool_bird_class_train/Oowashi_Stellers_Sea_Eagle/ext_wikimedia_20260504/wm_75173021bddf.jpg,2,Oowashi
tool_bird_class_train/Oowashi_Stellers_Sea_Eagle/ext_wikimedia_20260504/wm_75db87669616.jpg,2,Oowashi
tool_bird_class_train/Oowashi_Stellers_Sea_Eagle/ext_wikimedia_20260504/wm_75ede6c3e777.jpg,2,Oowashi
tool_bird_class_train/Oowashi_Stellers_Sea_Eagle/ext_wikimedia_20260504/wm_76703f6cd24d.jpg,2,Oowashi
tool_bird_class_train/Oowashi_Stellers_Sea_Eagle/ext_wikimedia_20260504/wm_78b0943e1cc9.jpg,2,Oowashi
tool_bird_class_train/Oowashi_Stellers_Sea_Eagle/ext_wikimedia_20260504/wm_79f6a7943e36.jpg,2,Oowashi
tool_bird_class_train/Oowashi_Stellers_Sea_Eagle/ext_wikimedia_20260504/wm_7a0442a12060.jpg,2,Oowashi
tool_bird_class_train/Oowashi_Stellers_Sea_Eagle/ext_wikimedia_20260504/wm_7b25098bcf2d.jpg,2,Oowashi
tool_bird_class_train/Oowashi_Stellers_Sea_Eagle/ext_wikimedia_20260504/wm_7c6fa62ae67a.jpg,2,Oowashi
tool_bird_class_train/Oowashi_Stellers_Sea_Eagle/ext_wikimedia_20260504/wm_7d848635c800.jpg,2,Oowashi
tool_bird_class_train/Oowashi_Stellers_Sea_Eagle/ext_wikimedia_20260504/wm_7db51ac40177.jpg,2,Oowashi
tool_bird_class_train/Oowashi_Stellers_Sea_Eagle/ext_wikimedia_20260504/wm_7e07f262b6f8.jpg,2,Oowashi
tool_bird_class_train/Oowashi_Stellers_Sea_Eagle/ext_wikimedia_20260504/wm_7e5adf191c8b.jpg,2,Oowashi
tool_bird_class_train/Oowashi_Stellers_Sea_Eagle/ext_wikimedia_20260504/wm_7f22fdd8848d.jpg,2,Oowashi
tool_bird_class_train/Oowashi_Stellers_Sea_Eagle/ext_wikimedia_20260504/wm_7f2a5ad21dd3.jpg,2,Oowashi
tool_bird_class_train/Oowashi_Stellers_Sea_Eagle/ext_wikimedia_20260504/wm_8083e794453c.jpg,2,Oowashi
tool_bird_class_train/Oowashi_Stellers_Sea_Eagle/ext_wikimedia_20260504/wm_83049db160cf.jpg,2,Oowashi
tool_bird_class_train/Oowashi_Stellers_Sea_Eagle/ext_wikimedia_20260504/wm_8381c1bb504f.jpg,2,Oowashi
tool_bird_class_train/Oowashi_Stellers_Sea_Eagle/ext_wikimedia_20260504/wm_83a5dd0b853f.jpg,2,Oowashi
tool_bird_class_train/Oowashi_Stellers_Sea_Eagle/ext_wikimedia_20260504/wm_864e290f9e03.jpg,2,Oowashi
tool_bird_class_train/Oowashi_Stellers_Sea_Eagle/ext_wikimedia_20260504/wm_864fb95df305.jpg,2,Oowashi
tool_bird_class_train/Oowashi_Stellers_Sea_Eagle/ext_wikimedia_20260504/wm_865da6df3d19.jpg,2,Oowashi
tool_bird_class_train/Oowashi_Stellers_Sea_Eagle/ext_wikimedia_20260504/wm_876272e205aa.jpg,2,Oowashi
tool_bird_class_train/Oowashi_Stellers_Sea_Eagle/ext_wikimedia_20260504/wm_877387884aeb.jpg,2,Oowashi
tool_bird_class_train/Oowashi_Stellers_Sea_Eagle/ext_wikimedia_20260504/wm_89af5440d8b5.jpg,2,Oowashi
tool_bird_class_train/Oowashi_Stellers_Sea_Eagle/ext_wikimedia_20260504/wm_89e946c152d4.jpg,2,Oowashi
tool_bird_class_train/Oowashi_Stellers_Sea_Eagle/ext_wikimedia_20260504/wm_8b2872a7e367.jpg,2,Oowashi
tool_bird_class_train/Oowashi_Stellers_Sea_Eagle/ext_wikimedia_20260504/wm_8e01132b1187.jpg,2,Oowashi
tool_bird_class_train/Oowashi_Stellers_Sea_Eagle/ext_wikimedia_20260504/wm_8e594971ff56.jpg,2,Oowashi
tool_bird_class_train/Oowashi_Stellers_Sea_Eagle/ext_wikimedia_20260504/wm_8ea19989bede.jpg,2,Oowashi
tool_bird_class_train/Oowashi_Stellers_Sea_Eagle/ext_wikimedia_20260504/wm_8f37b1e9e508.jpg,2,Oowashi
tool_bird_class_train/Oowashi_Stellers_Sea_Eagle/ext_wikimedia_20260504/wm_90005214ca35.jpg,2,Oowashi
tool_bird_class_train/Oowashi_Stellers_Sea_Eagle/ext_wikimedia_20260504/wm_90288c92fdda.jpg,2,Oowashi
tool_bird_class_train/Oowashi_Stellers_Sea_Eagle/ext_wikimedia_20260504/wm_90b8a6819ace.jpg,2,Oowashi
tool_bird_class_train/Oowashi_Stellers_Sea_Eagle/ext_wikimedia_20260504/wm_911c6a503fdd.jpg,2,Oowashi
tool_bird_class_train/Oowashi_Stellers_Sea_Eagle/ext_wikimedia_20260504/wm_913d3a2aaf67.jpg,2,Oowashi
tool_bird_class_train/Oowashi_Stellers_Sea_Eagle/ext_wikimedia_20260504/wm_91898c76bc5a.jpg,2,Oowashi
tool_bird_class_train/Oowashi_Stellers_Sea_Eagle/ext_wikimedia_20260504/wm_92b7a1a91e76.jpg,2,Oowashi
tool_bird_class_train/Oowashi_Stellers_Sea_Eagle/ext_wikimedia_20260504/wm_9457b814db87.jpg,2,Oowashi
tool_bird_class_train/Oowashi_Stellers_Sea_Eagle/ext_wikimedia_20260504/wm_945e3a433c88.jpg,2,Oowashi
tool_bird_class_train/Oowashi_Stellers_Sea_Eagle/ext_wikimedia_20260504/wm_94771b434ff3.jpg,2,Oowashi
tool_bird_class_train/Oowashi_Stellers_Sea_Eagle/ext_wikimedia_20260504/wm_950e00a2ed85.jpg,2,Oowashi
tool_bird_class_train/Oowashi_Stellers_Sea_Eagle/ext_wikimedia_20260504/wm_96633c383825.jpg,2,Oowashi
tool_bird_class_train/Oowashi_Stellers_Sea_Eagle/ext_wikimedia_20260504/wm_96e580d62420.jpg,2,Oowashi
tool_bird_class_train/Oowashi_Stellers_Sea_Eagle/ext_wikimedia_20260504/wm_970f27aace1b.jpg,2,Oowashi
tool_bird_class_train/Oowashi_Stellers_Sea_Eagle/ext_wikimedia_20260504/wm_97cd8f3c7c51.jpg,2,Oowashi
tool_bird_class_train/Oowashi_Stellers_Sea_Eagle/ext_wikimedia_20260504/wm_97e8a7a5d15d.jpg,2,Oowashi
tool_bird_class_train/Oowashi_Stellers_Sea_Eagle/ext_wikimedia_20260504/wm_98a8084bfd4b.jpg,2,Oowashi
tool_bird_class_train/Oowashi_Stellers_Sea_Eagle/ext_wikimedia_20260504/wm_99ed82ce48c6.jpg,2,Oowashi
tool_bird_class_train/Oowashi_Stellers_Sea_Eagle/ext_wikimedia_20260504/wm_9a5a49721cf2.jpg,2,Oowashi
tool_bird_class_train/Oowashi_Stellers_Sea_Eagle/ext_wikimedia_20260504/wm_9a5cc4539459.jpg,2,Oowashi
tool_bird_class_train/Oowashi_Stellers_Sea_Eagle/ext_wikimedia_20260504/wm_9a62990bea1c.jpg,2,Oowashi
tool_bird_class_train/Oowashi_Stellers_Sea_Eagle/ext_wikimedia_20260504/wm_9afdf6461a3b.jpg,2,Oowashi
tool_bird_class_train/Oowashi_Stellers_Sea_Eagle/ext_wikimedia_20260504/wm_9c4b8a21898a.jpg,2,Oowashi
tool_bird_class_train/Oowashi_Stellers_Sea_Eagle/ext_wikimedia_20260504/wm_9c675715802b.jpg,2,Oowashi
tool_bird_class_train/Oowashi_Stellers_Sea_Eagle/ext_wikimedia_20260504/wm_9ccae1af0681.jpg,2,Oowashi
tool_bird_class_train/Oowashi_Stellers_Sea_Eagle/ext_wikimedia_20260504/wm_9d8476df569b.jpg,2,Oowashi
tool_bird_class_train/Oowashi_Stellers_Sea_Eagle/ext_wikimedia_20260504/wm_9da8354a7a59.jpg,2,Oowashi
tool_bird_class_train/Oowashi_Stellers_Sea_Eagle/ext_wikimedia_20260504/wm_9e5840d24267.jpg,2,Oowashi
tool_bird_class_train/Oowashi_Stellers_Sea_Eagle/ext_wikimedia_20260504/wm_a04d8566db03.jpg,2,Oowashi
tool_bird_class_train/Oowashi_Stellers_Sea_Eagle/ext_wikimedia_20260504/wm_a09f25007a39.jpg,2,Oowashi
tool_bird_class_train/Oowashi_Stellers_Sea_Eagle/ext_wikimedia_20260504/wm_a2113d9ee635.jpg,2,Oowashi
tool_bird_class_train/Oowashi_Stellers_Sea_Eagle/ext_wikimedia_20260504/wm_a2913904130e.jpg,2,Oowashi
tool_bird_class_train/Oowashi_Stellers_Sea_Eagle/ext_wikimedia_20260504/wm_a33d910d25a0.jpg,2,Oowashi
tool_bird_class_train/Oowashi_Stellers_Sea_Eagle/ext_wikimedia_20260504/wm_a4531e1084da.jpg,2,Oowashi
tool_bird_class_train/Oowashi_Stellers_Sea_Eagle/ext_wikimedia_20260504/wm_a48082b47c65.jpg,2,Oowashi
tool_bird_class_train/Oowashi_Stellers_Sea_Eagle/ext_wikimedia_20260504/wm_aa1faea41b2f.jpg,2,Oowashi
tool_bird_class_train/Oowashi_Stellers_Sea_Eagle/ext_wikimedia_20260504/wm_ab9371fb0df5.jpg,2,Oowashi
tool_bird_class_train/Oowashi_Stellers_Sea_Eagle/ext_wikimedia_20260504/wm_abdea6cb0bd4.jpg,2,Oowashi
tool_bird_class_train/Oowashi_Stellers_Sea_Eagle/ext_wikimedia_20260504/wm_ac87e487cdd1.png,2,Oowashi
tool_bird_class_train/Oowashi_Stellers_Sea_Eagle/ext_wikimedia_20260504/wm_ad87648601a5.jpg,2,Oowashi
tool_bird_class_train/Oowashi_Stellers_Sea_Eagle/ext_wikimedia_20260504/wm_aeb877431576.jpg,2,Oowashi
tool_bird_class_train/Oowashi_Stellers_Sea_Eagle/ext_wikimedia_20260504/wm_afee7987a460.jpg,2,Oowashi
tool_bird_class_train/Oowashi_Stellers_Sea_Eagle/ext_wikimedia_20260504/wm_b0c1f945934e.jpg,2,Oowashi
tool_bird_class_train/Oowashi_Stellers_Sea_Eagle/ext_wikimedia_20260504/wm_b1b56b478821.jpg,2,Oowashi
tool_bird_class_train/Oowashi_Stellers_Sea_Eagle/ext_wikimedia_20260504/wm_b1cd25892d82.jpg,2,Oowashi
tool_bird_class_train/Oowashi_Stellers_Sea_Eagle/ext_wikimedia_20260504/wm_b215b8e7edd2.jpg,2,Oowashi
tool_bird_class_train/Oowashi_Stellers_Sea_Eagle/ext_wikimedia_20260504/wm_b22f09c9e358.jpg,2,Oowashi
tool_bird_class_train/Oowashi_Stellers_Sea_Eagle/ext_wikimedia_20260504/wm_b35078371f97.jpg,2,Oowashi
tool_bird_class_train/Oowashi_Stellers_Sea_Eagle/ext_wikimedia_20260504/wm_b5035a92d887.jpg,2,Oowashi
tool_bird_class_train/Oowashi_Stellers_Sea_Eagle/ext_wikimedia_20260504/wm_b53bbe6d2e2c.jpg,2,Oowashi
tool_bird_class_train/Oowashi_Stellers_Sea_Eagle/ext_wikimedia_20260504/wm_b55650a5ae76.jpg,2,Oowashi
tool_bird_class_train/Oowashi_Stellers_Sea_Eagle/ext_wikimedia_20260504/wm_b871aed25036.jpg,2,Oowashi
tool_bird_class_train/Oowashi_Stellers_Sea_Eagle/ext_wikimedia_20260504/wm_b94ba79633ca.jpg,2,Oowashi
tool_bird_class_train/Oowashi_Stellers_Sea_Eagle/ext_wikimedia_20260504/wm_ba4390b08c50.jpg,2,Oowashi
tool_bird_class_train/Oowashi_Stellers_Sea_Eagle/ext_wikimedia_20260504/wm_baecd4a32849.jpg,2,Oowashi
tool_bird_class_train/Oowashi_Stellers_Sea_Eagle/ext_wikimedia_20260504/wm_bb2e169a4a83.jpg,2,Oowashi
tool_bird_class_train/Oowashi_Stellers_Sea_Eagle/ext_wikimedia_20260504/wm_bdcd6899bfa3.jpg,2,Oowashi
tool_bird_class_train/Oowashi_Stellers_Sea_Eagle/ext_wikimedia_20260504/wm_bea513bc8fb5.jpg,2,Oowashi
tool_bird_class_train/Oowashi_Stellers_Sea_Eagle/ext_wikimedia_20260504/wm_bef025343d92.jpg,2,Oowashi
tool_bird_class_train/Oowashi_Stellers_Sea_Eagle/ext_wikimedia_20260504/wm_bf2a5e28813e.jpg,2,Oowashi
tool_bird_class_train/Oowashi_Stellers_Sea_Eagle/ext_wikimedia_20260504/wm_c0a5bf3f98dc.jpg,2,Oowashi
tool_bird_class_train/Oowashi_Stellers_Sea_Eagle/ext_wikimedia_20260504/wm_c0cfa3199c38.jpg,2,Oowashi
tool_bird_class_train/Oowashi_Stellers_Sea_Eagle/ext_wikimedia_20260504/wm_c18331c35866.jpg,2,Oowashi
tool_bird_class_train/Oowashi_Stellers_Sea_Eagle/ext_wikimedia_20260504/wm_c24afbcf676a.jpg,2,Oowashi
tool_bird_class_train/Oowashi_Stellers_Sea_Eagle/ext_wikimedia_20260504/wm_c25d0f8a81d2.jpg,2,Oowashi
tool_bird_class_train/Oowashi_Stellers_Sea_Eagle/ext_wikimedia_20260504/wm_c47693504155.jpg,2,Oowashi
tool_bird_class_train/Oowashi_Stellers_Sea_Eagle/ext_wikimedia_20260504/wm_c4f9a7898829.jpg,2,Oowashi
tool_bird_class_train/Oowashi_Stellers_Sea_Eagle/ext_wikimedia_20260504/wm_c5b8f7f7f54e.jpg,2,Oowashi
tool_bird_class_train/Oowashi_Stellers_Sea_Eagle/ext_wikimedia_20260504/wm_c612ba67c931.jpg,2,Oowashi
tool_bird_class_train/Oowashi_Stellers_Sea_Eagle/ext_wikimedia_20260504/wm_c682b351741a.jpg,2,Oowashi
tool_bird_class_train/Oowashi_Stellers_Sea_Eagle/ext_wikimedia_20260504/wm_c7839b26042e.jpg,2,Oowashi
tool_bird_class_train/Oowashi_Stellers_Sea_Eagle/ext_wikimedia_20260504/wm_c803192bd6c1.jpg,2,Oowashi
tool_bird_class_train/Oowashi_Stellers_Sea_Eagle/ext_wikimedia_20260504/wm_c9388a2c10a3.jpg,2,Oowashi
tool_bird_class_train/Oowashi_Stellers_Sea_Eagle/ext_wikimedia_20260504/wm_c940b9a87429.jpg,2,Oowashi
tool_bird_class_train/Oowashi_Stellers_Sea_Eagle/ext_wikimedia_20260504/wm_c97e2ec86e79.jpg,2,Oowashi
tool_bird_class_train/Oowashi_Stellers_Sea_Eagle/ext_wikimedia_20260504/wm_cb905fc2fba7.jpg,2,Oowashi
tool_bird_class_train/Oowashi_Stellers_Sea_Eagle/ext_wikimedia_20260504/wm_cc13e030b8e9.jpg,2,Oowashi
tool_bird_class_train/Oowashi_Stellers_Sea_Eagle/ext_wikimedia_20260504/wm_cc29ab3ca94e.jpg,2,Oowashi
tool_bird_class_train/Oowashi_Stellers_Sea_Eagle/ext_wikimedia_20260504/wm_cc3d163c480e.jpg,2,Oowashi
tool_bird_class_train/Oowashi_Stellers_Sea_Eagle/ext_wikimedia_20260504/wm_ccaf9b3beef4.jpg,2,Oowashi
tool_bird_class_train/Oowashi_Stellers_Sea_Eagle/ext_wikimedia_20260504/wm_ccd569ca48cd.jpg,2,Oowashi
tool_bird_class_train/Oowashi_Stellers_Sea_Eagle/ext_wikimedia_20260504/wm_ccea0658da1a.jpg,2,Oowashi
tool_bird_class_train/Oowashi_Stellers_Sea_Eagle/ext_wikimedia_20260504/wm_cd27f721bdd7.jpg,2,Oowashi
tool_bird_class_train/Oowashi_Stellers_Sea_Eagle/ext_wikimedia_20260504/wm_cda9c5f5690a.jpg,2,Oowashi
tool_bird_class_train/Oowashi_Stellers_Sea_Eagle/ext_wikimedia_20260504/wm_cf69078802da.jpg,2,Oowashi
tool_bird_class_train/Oowashi_Stellers_Sea_Eagle/ext_wikimedia_20260504/wm_cf94154be063.jpg,2,Oowashi
tool_bird_class_train/Oowashi_Stellers_Sea_Eagle/ext_wikimedia_20260504/wm_cfe6cbfa1f5a.jpg,2,Oowashi
tool_bird_class_train/Oowashi_Stellers_Sea_Eagle/ext_wikimedia_20260504/wm_d0814eec2878.jpg,2,Oowashi
tool_bird_class_train/Oowashi_Stellers_Sea_Eagle/ext_wikimedia_20260504/wm_d1539b1185f3.jpg,2,Oowashi
tool_bird_class_train/Oowashi_Stellers_Sea_Eagle/ext_wikimedia_20260504/wm_d228c882e39f.jpg,2,Oowashi
tool_bird_class_train/Oowashi_Stellers_Sea_Eagle/ext_wikimedia_20260504/wm_d62b0755d0c1.jpg,2,Oowashi
tool_bird_class_train/Oowashi_Stellers_Sea_Eagle/ext_wikimedia_20260504/wm_d62c478ecef3.jpg,2,Oowashi
tool_bird_class_train/Oowashi_Stellers_Sea_Eagle/ext_wikimedia_20260504/wm_d6588c0c1644.jpg,2,Oowashi
tool_bird_class_train/Oowashi_Stellers_Sea_Eagle/ext_wikimedia_20260504/wm_d920d8961634.jpg,2,Oowashi
tool_bird_class_train/Oowashi_Stellers_Sea_Eagle/ext_wikimedia_20260504/wm_d92de0811a27.jpg,2,Oowashi
tool_bird_class_train/Oowashi_Stellers_Sea_Eagle/ext_wikimedia_20260504/wm_d96035d72008.jpg,2,Oowashi
tool_bird_class_train/Oowashi_Stellers_Sea_Eagle/ext_wikimedia_20260504/wm_da2afe95fbab.jpg,2,Oowashi
tool_bird_class_train/Oowashi_Stellers_Sea_Eagle/ext_wikimedia_20260504/wm_da50051f2558.jpg,2,Oowashi
tool_bird_class_train/Oowashi_Stellers_Sea_Eagle/ext_wikimedia_20260504/wm_da97bc18886a.jpg,2,Oowashi
tool_bird_class_train/Oowashi_Stellers_Sea_Eagle/ext_wikimedia_20260504/wm_db3e44a2455e.jpg,2,Oowashi
tool_bird_class_train/Oowashi_Stellers_Sea_Eagle/ext_wikimedia_20260504/wm_dc09aa8e6cc3.jpg,2,Oowashi
tool_bird_class_train/Oowashi_Stellers_Sea_Eagle/ext_wikimedia_20260504/wm_dd43ad3050ee.jpg,2,Oowashi
tool_bird_class_train/Oowashi_Stellers_Sea_Eagle/ext_wikimedia_20260504/wm_de08959428fd.jpg,2,Oowashi
tool_bird_class_train/Oowashi_Stellers_Sea_Eagle/ext_wikimedia_20260504/wm_e23a14131ad0.jpg,2,Oowashi
tool_bird_class_train/Oowashi_Stellers_Sea_Eagle/ext_wikimedia_20260504/wm_e29da81cde58.jpg,2,Oowashi
tool_bird_class_train/Oowashi_Stellers_Sea_Eagle/ext_wikimedia_20260504/wm_e44c75a4c35c.jpg,2,Oowashi
tool_bird_class_train/Oowashi_Stellers_Sea_Eagle/ext_wikimedia_20260504/wm_e6ce78749a8c.jpg,2,Oowashi
tool_bird_class_train/Oowashi_Stellers_Sea_Eagle/ext_wikimedia_20260504/wm_e7732621acc1.jpg,2,Oowashi
tool_bird_class_train/Oowashi_Stellers_Sea_Eagle/ext_wikimedia_20260504/wm_e94a2756e4e1.jpg,2,Oowashi
tool_bird_class_train/Oowashi_Stellers_Sea_Eagle/ext_wikimedia_20260504/wm_e9627f599462.jpg,2,Oowashi
tool_bird_class_train/Oowashi_Stellers_Sea_Eagle/ext_wikimedia_20260504/wm_eac7c046b144.jpg,2,Oowashi
tool_bird_class_train/Oowashi_Stellers_Sea_Eagle/ext_wikimedia_20260504/wm_ed34e8aec81e.jpg,2,Oowashi
tool_bird_class_train/Oowashi_Stellers_Sea_Eagle/ext_wikimedia_20260504/wm_eea6025b7a0d.jpg,2,Oowashi
tool_bird_class_train/Oowashi_Stellers_Sea_Eagle/ext_wikimedia_20260504/wm_ef0ed39b9642.jpg,2,Oowashi
tool_bird_class_train/Oowashi_Stellers_Sea_Eagle/ext_wikimedia_20260504/wm_f02a206539e9.jpg,2,Oowashi
tool_bird_class_train/Oowashi_Stellers_Sea_Eagle/ext_wikimedia_20260504/wm_f047caf13850.jpg,2,Oowashi
tool_bird_class_train/Oowashi_Stellers_Sea_Eagle/ext_wikimedia_20260504/wm_f220a30801b1.jpg,2,Oowashi
tool_bird_class_train/Oowashi_Stellers_Sea_Eagle/ext_wikimedia_20260504/wm_f2c624c2a518.jpg,2,Oowashi
tool_bird_class_train/Oowashi_Stellers_Sea_Eagle/ext_wikimedia_20260504/wm_f41f23fa9074.jpg,2,Oowashi
tool_bird_class_train/Oowashi_Stellers_Sea_Eagle/ext_wikimedia_20260504/wm_f6913c0a83a7.jpg,2,Oowashi
tool_bird_class_train/Oowashi_Stellers_Sea_Eagle/ext_wikimedia_20260504/wm_f7a1e409d61b.jpg,2,Oowashi
tool_bird_class_train/Oowashi_Stellers_Sea_Eagle/ext_wikimedia_20260504/wm_f8582ba9567f.jpg,2,Oowashi
tool_bird_class_train/Oowashi_Stellers_Sea_Eagle/ext_wikimedia_20260504/wm_f8b074d3d2c7.jpg,2,Oowashi
tool_bird_class_train/Oowashi_Stellers_Sea_Eagle/ext_wikimedia_20260504/wm_f91db60df00b.jpg,2,Oowashi
tool_bird_class_train/Oowashi_Stellers_Sea_Eagle/ext_wikimedia_20260504/wm_fad207cdc225.jpg,2,Oowashi
tool_bird_class_train/Oowashi_Stellers_Sea_Eagle/ext_wikimedia_20260504/wm_fc95ebbcb362.jpg,2,Oowashi
tool_bird_class_train/Oowashi_Stellers_Sea_Eagle/ext_wikimedia_20260504/wm_fcbf181473c9.jpg,2,Oowashi
tool_bird_class_train/Oowashi_Stellers_Sea_Eagle/ext_wikimedia_20260504/wm_fe1dcefd311c.jpg,2,Oowashi
tool_bird_class_train/Oowashi_Stellers_Sea_Eagle/ext_wikimedia_20260504/wm_fee0672b0bff.jpg,2,Oowashi
tool_bird_class_train/Oowashi_Stellers_Sea_Eagle/ext_wikimedia_20260504/wm_ff9ff2bba6e6.jpg,2,Oowashi
tool_bird_class_train/Oowashi_Stellers_Sea_Eagle/ext_wikimedia_20260504/wm_ffc9846e5db0.png,2,Oowashi
tool_bird_class_train/Oowashi_Stellers_Sea_Eagle/ext_wikimedia_20260504/wm_ffe3126f5668.jpg,2,Oowashi
tool_bird_class_train/Oowashi_Stellers_Sea_Eagle/ext_wikimedia_20260504/wm_fff54a1c724f.jpg,2,Oowashi
tool_bird_class_train/Oowashi_Stellers_Sea_Eagle/frame_000050_bb00_t0001.67_conf0.978.jpg,2,Oowashi
tool_bird_class_train/Oowashi_Stellers_Sea_Eagle/frame_000060_bb00_t0002.00_conf0.982.jpg,2,Oowashi
tool_bird_class_train/Oowashi_Stellers_Sea_Eagle/frame_000090_bb00_t0003.00_conf0.990.jpg,2,Oowashi
tool_bird_class_train/Oowashi_Stellers_Sea_Eagle/frame_000100_bb00_t0003.34_conf0.982.jpg,2,Oowashi
tool_bird_class_train/Oowashi_Stellers_Sea_Eagle/frame_000170_bb00_t0005.67_conf0.990.jpg,2,Oowashi
tool_bird_class_train/Oowashi_Stellers_Sea_Eagle/frame_000240_bb00_t0008.01_conf0.989.jpg,2,Oowashi
tool_bird_class_train/Oowashi_Stellers_Sea_Eagle/frame_000250_bb00_t0008.34_conf0.989.jpg,2,Oowashi
tool_bird_class_train/Oowashi_Stellers_Sea_Eagle/frame_000260_bb00_t0008.68_conf0.976.jpg,2,Oowashi
tool_bird_class_train/Oowashi_Stellers_Sea_Eagle/frame_000270_bb00_t0009.01_conf0.987.jpg,2,Oowashi
tool_bird_class_train/Oowashi_Stellers_Sea_Eagle/frame_000280_bb00_t0009.34_conf0.986.jpg,2,Oowashi
tool_bird_class_train/Oowashi_Stellers_Sea_Eagle/frame_000390_bb00_t0013.01_conf0.995.jpg,2,Oowashi
tool_bird_class_train/Oowashi_Stellers_Sea_Eagle/frame_000400_bb00_t0013.35_conf0.998.jpg,2,Oowashi
tool_bird_class_train/Oowashi_Stellers_Sea_Eagle/frame_000410_bb00_t0013.68_conf0.994.jpg,2,Oowashi
tool_bird_class_train/Oowashi_Stellers_Sea_Eagle/frame_000420_bb00_t0014.01_conf0.994.jpg,2,Oowashi
tool_bird_class_train/Oowashi_Stellers_Sea_Eagle/frame_000450_bb00_t0015.02_conf0.998.jpg,2,Oowashi
tool_bird_class_train/Oowashi_Stellers_Sea_Eagle/frame_000480_bb00_t0016.02_conf0.994.jpg,2,Oowashi
tool_bird_class_train/Oowashi_Stellers_Sea_Eagle/frame_000650_bb00_t0021.69_conf1.000.jpg,2,Oowashi
tool_bird_class_train/Oowashi_Stellers_Sea_Eagle/frame_000660_bb00_t0022.02_conf1.000.jpg,2,Oowashi
tool_bird_class_train/Oowashi_Stellers_Sea_Eagle/frame_000680_bb00_t0022.69_conf0.998.jpg,2,Oowashi
tool_bird_class_train/Oowashi_Stellers_Sea_Eagle/frame_001170_bb00_t0039.04_conf0.978.jpg,2,Oowashi
tool_bird_class_train/Oowashi_Stellers_Sea_Eagle/frame_010610_bb00_t0354.02_conf0.979.jpg,2,Oowashi
tool_bird_class_train/Oowashi_Stellers_Sea_Eagle/frame_011130_bb00_t0371.37_conf0.965.jpg,2,Oowashi
tool_bird_class_train/Oowashi_Stellers_Sea_Eagle/frame_015380_bb00_t0641.47_conf0.973.jpg,2,Oowashi
tool_bird_class_train/Oowashi_Stellers_Sea_Eagle/frame_015390_bb00_t0641.89_conf0.989.jpg,2,Oowashi
tool_bird_class_train/Oowashi_Stellers_Sea_Eagle/frame_015410_bb00_t0642.73_conf0.974.jpg,2,Oowashi
tool_bird_class_train/Oowashi_Stellers_Sea_Eagle/frame_015420_bb00_t0643.14_conf0.990.jpg,2,Oowashi
tool_bird_class_train/Oowashi_Stellers_Sea_Eagle/frame_015440_bb00_t0643.98_conf0.995.jpg,2,Oowashi
tool_bird_class_train/Oowashi_Stellers_Sea_Eagle/frame_015460_bb00_t0644.81_conf0.995.jpg,2,Oowashi
tool_bird_class_train/Oowashi_Stellers_Sea_Eagle/frame_015510_bb00_t0646.90_conf0.990.jpg,2,Oowashi
tool_bird_class_train/Oowashi_Stellers_Sea_Eagle/frame_015550_bb01_t0648.56_conf0.965.jpg,2,Oowashi
tool_bird_class_train/Oowashi_Stellers_Sea_Eagle/frame_015570_bb01_t0649.40_conf0.992.jpg,2,Oowashi
tool_bird_class_train/Oowashi_Stellers_Sea_Eagle/frame_015580_bb00_t0649.82_conf0.986.jpg,2,Oowashi
tool_bird_class_train/Oowashi_Stellers_Sea_Eagle/frame_015590_bb00_t0650.23_conf0.992.jpg,2,Oowashi
tool_bird_class_train/Oowashi_Stellers_Sea_Eagle/frame_015600_bb01_t0650.65_conf0.987.jpg,2,Oowashi
tool_bird_class_train/Oowashi_Stellers_Sea_Eagle/frame_015640_bb04_t0652.32_conf0.981.jpg,2,Oowashi
tool_bird_class_train/Oowashi_Stellers_Sea_Eagle/frame_015660_bb00_t0653.15_conf0.992.jpg,2,Oowashi
tool_bird_class_train/Oowashi_Stellers_Sea_Eagle/frame_015670_bb00_t0653.57_conf0.981.jpg,2,Oowashi
tool_bird_class_train/Oowashi_Stellers_Sea_Eagle/frame_015720_bb00_t0655.65_conf0.962.jpg,2,Oowashi
tool_bird_class_train/Oowashi_Stellers_Sea_Eagle/frame_015870_bb02_t0661.91_conf0.995.jpg,2,Oowashi
tool_bird_class_train/Oowashi_Stellers_Sea_Eagle/frame_016350_bb00_t0681.93_conf0.992.jpg,2,Oowashi
tool_bird_class_train/Oowashi_Stellers_Sea_Eagle/frame_016360_bb00_t0682.35_conf0.950.jpg,2,Oowashi
tool_bird_class_train/Oowashi_Stellers_Sea_Eagle/frame_016390_bb02_t0683.60_conf0.994.jpg,2,Oowashi
tool_bird_class_train/Oowashi_Stellers_Sea_Eagle/frame_016400_bb00_t0684.02_conf0.995.jpg,2,Oowashi
tool_bird_class_train/Oowashi_Stellers_Sea_Eagle/frame_016470_bb01_t0686.94_conf0.997.jpg,2,Oowashi
tool_bird_class_train/Oowashi_Stellers_Sea_Eagle/frame_016510_bb02_t0688.60_conf0.978.jpg,2,Oowashi
tool_bird_class_train/Oowashi_Stellers_Sea_Eagle/frame_016540_bb02_t0689.86_conf0.990.jpg,2,Oowashi
tool_bird_class_train/Oowashi_Stellers_Sea_Eagle/frame_016550_bb01_t0690.27_conf0.986.jpg,2,Oowashi
tool_bird_class_train/Oowashi_Stellers_Sea_Eagle/frame_016580_bb01_t0691.52_conf0.971.jpg,2,Oowashi
tool_bird_class_train/Oowashi_Stellers_Sea_Eagle/frame_016590_bb01_t0691.94_conf0.997.jpg,2,Oowashi
tool_bird_class_train/Oowashi_Stellers_Sea_Eagle/frame_016610_bb00_t0692.78_conf0.986.jpg,2,Oowashi
tool_bird_class_train/Oowashi_Stellers_Sea_Eagle/frame_016620_bb02_t0693.19_conf0.992.jpg,2,Oowashi
tool_bird_class_train/Oowashi_Stellers_Sea_Eagle/frame_016630_bb01_t0693.61_conf0.992.jpg,2,Oowashi
tool_bird_class_train/Oowashi_Stellers_Sea_Eagle/frame_016660_bb00_t0694.86_conf0.986.jpg,2,Oowashi
tool_bird_class_train/Oowashi_Stellers_Sea_Eagle/frame_016670_bb03_t0695.28_conf0.994.jpg,2,Oowashi
tool_bird_class_train/Oowashi_Stellers_Sea_Eagle/frame_016700_bb01_t0696.53_conf0.986.jpg,2,Oowashi
tool_bird_class_train/Oowashi_Stellers_Sea_Eagle/frame_016710_bb01_t0696.95_conf0.995.jpg,2,Oowashi
tool_bird_class_train/Oowashi_Stellers_Sea_Eagle/frame_016740_bb00_t0698.20_conf0.995.jpg,2,Oowashi
tool_bird_class_train/Oowashi_Stellers_Sea_Eagle/frame_016750_bb00_t0698.61_conf0.963.jpg,2,Oowashi
tool_bird_class_train/Oowashi_Stellers_Sea_Eagle/frame_016760_bb00_t0699.03_conf0.978.jpg,2,Oowashi
tool_bird_class_train/Oowashi_Stellers_Sea_Eagle/frame_016770_bb00_t0699.45_conf0.978.jpg,2,Oowashi
tool_bird_class_train/Oowashi_Stellers_Sea_Eagle/frame_016780_bb00_t0699.87_conf0.994.jpg,2,Oowashi
tool_bird_class_train/Oowashi_Stellers_Sea_Eagle/frame_016790_bb00_t0700.28_conf0.995.jpg,2,Oowashi
tool_bird_class_train/Oowashi_Stellers_Sea_Eagle/frame_016800_bb00_t0700.70_conf0.960.jpg,2,Oowashi
tool_bird_class_train/Oowashi_Stellers_Sea_Eagle/frame_016810_bb00_t0701.12_conf0.976.jpg,2,Oowashi
tool_bird_class_train/Oowashi_Stellers_Sea_Eagle/frame_016820_bb00_t0701.53_conf0.998.jpg,2,Oowashi
tool_bird_class_train/Oowashi_Stellers_Sea_Eagle/frame_017030_bb00_t0710.29_conf0.994.jpg,2,Oowashi
tool_bird_class_train/Oowashi_Stellers_Sea_Eagle/frame_017040_bb00_t0710.71_conf0.997.jpg,2,Oowashi
tool_bird_class_train/Oowashi_Stellers_Sea_Eagle/frame_017070_bb00_t0711.96_conf0.986.jpg,2,Oowashi
tool_bird_class_train/Oowashi_Stellers_Sea_Eagle/frame_017080_bb00_t0712.38_conf0.989.jpg,2,Oowashi
tool_bird_class_train/Oowashi_Stellers_Sea_Eagle/frame_017120_bb00_t0714.05_conf0.992.jpg,2,Oowashi
tool_bird_class_train/Oowashi_Stellers_Sea_Eagle/frame_017150_bb00_t0715.30_conf0.990.jpg,2,Oowashi
tool_bird_class_train/Oowashi_Stellers_Sea_Eagle/frame_017340_bb00_t0723.22_conf0.971.jpg,2,Oowashi
tool_bird_class_train/Oowashi_Stellers_Sea_Eagle/frame_017410_bb00_t0726.14_conf0.995.jpg,2,Oowashi
tool_bird_class_train/Oowashi_Stellers_Sea_Eagle/frame_017430_bb00_t0726.98_conf0.965.jpg,2,Oowashi
tool_bird_class_train/Oowashi_Stellers_Sea_Eagle/frame_017440_bb00_t0727.39_conf0.997.jpg,2,Oowashi
tool_bird_class_train/Oowashi_Stellers_Sea_Eagle/frame_017780_bb00_t0741.57_conf0.990.jpg,2,Oowashi
tool_bird_class_train/Oowashi_Stellers_Sea_Eagle/frame_018740_bb00_t0781.61_conf0.995.jpg,2,Oowashi
tool_bird_class_train/Oowashi_Stellers_Sea_Eagle/frame_019360_bb00_t0807.47_conf1.000.jpg,2,Oowashi
tool_bird_class_train/Oowashi_Stellers_Sea_Eagle/frame_019380_bb00_t0808.31_conf1.000.jpg,2,Oowashi
tool_bird_class_train/Oowashi_Stellers_Sea_Eagle/frame_019390_bb00_t0808.72_conf0.994.jpg,2,Oowashi
tool_bird_class_train/Oowashi_Stellers_Sea_Eagle/frame_019400_bb00_t0809.14_conf0.981.jpg,2,Oowashi
tool_bird_class_train/Oowashi_Stellers_Sea_Eagle/frame_019410_bb00_t0809.56_conf0.989.jpg,2,Oowashi
tool_bird_class_train/Oowashi_Stellers_Sea_Eagle/frame_019420_bb00_t0809.98_conf0.981.jpg,2,Oowashi
tool_bird_class_train/Oowashi_Stellers_Sea_Eagle/frame_019460_bb00_t0811.64_conf0.990.jpg,2,Oowashi
tool_bird_class_train/Oowashi_Stellers_Sea_Eagle/frame_019490_bb00_t0812.90_conf0.995.jpg,2,Oowashi
tool_bird_class_train/Oowashi_Stellers_Sea_Eagle/frame_019520_bb01_t0814.15_conf0.986.jpg,2,Oowashi
tool_bird_class_train/Oowashi_Stellers_Sea_Eagle/frame_019750_bb00_t0823.74_conf0.979.jpg,2,Oowashi
tool_bird_class_train/Oowashi_Stellers_Sea_Eagle/frame_019820_bb02_t0826.66_conf0.998.jpg,2,Oowashi
tool_bird_class_train/Oowashi_Stellers_Sea_Eagle/frame_019830_bb00_t0827.08_conf1.000.jpg,2,Oowashi
tool_bird_class_train/Oowashi_Stellers_Sea_Eagle/frame_019840_bb00_t0827.49_conf0.998.jpg,2,Oowashi
tool_bird_class_train/Oowashi_Stellers_Sea_Eagle/frame_019850_bb00_t0827.91_conf0.997.jpg,2,Oowashi
tool_bird_class_train/Oowashi_Stellers_Sea_Eagle/frame_019860_bb00_t0828.33_conf0.992.jpg,2,Oowashi
tool_bird_class_train/Oowashi_Stellers_Sea_Eagle/frame_021140_bb00_t0881.71_conf0.994.jpg,2,Oowashi
tool_bird_class_train/Oowashi_Stellers_Sea_Eagle/frame_021660_bb00_t0903.40_conf0.966.jpg,2,Oowashi
tool_bird_class_train/Oowashi_Stellers_Sea_Eagle/frame_021680_bb00_t0904.24_conf0.950.jpg,2,Oowashi
tool_bird_class_train/Oowashi_Stellers_Sea_Eagle/frame_021860_bb00_t0911.74_conf0.987.jpg,2,Oowashi
tool_bird_class_train/Oowashi_Stellers_Sea_Eagle/frame_021870_bb01_t0912.16_conf0.963.jpg,2,Oowashi
tool_bird_class_train/Oowashi_Stellers_Sea_Eagle/frame_023490_bb01_t0979.73_conf1.000.jpg,2,Oowashi
tool_bird_class_train/Oowashi_Stellers_Sea_Eagle/frame_023500_bb00_t0980.15_conf0.989.jpg,2,Oowashi
tool_bird_class_train/Oowashi_Stellers_Sea_Eagle/frame_023510_bb00_t0980.56_conf0.994.jpg,2,Oowashi
tool_bird_class_train/Oowashi_Stellers_Sea_Eagle/frame_023520_bb00_t0980.98_conf0.968.jpg,2,Oowashi
tool_bird_class_train/Oowashi_Stellers_Sea_Eagle/frame_023530_bb00_t0981.40_conf0.963.jpg,2,Oowashi
tool_bird_class_train/Oowashi_Stellers_Sea_Eagle/frame_024290_bb01_t1013.10_conf0.997.jpg,2,Oowashi
tool_bird_class_train/Oowashi_Stellers_Sea_Eagle/frame_024310_bb00_t1013.93_conf0.997.jpg,2,Oowashi
tool_bird_class_train/Oowashi_Stellers_Sea_Eagle/frame_024320_bb00_t1014.35_conf0.990.jpg,2,Oowashi
tool_bird_class_train/Oowashi_Stellers_Sea_Eagle/frame_024330_bb00_t1014.76_conf0.982.jpg,2,Oowashi
tool_bird_class_train/Oowashi_Stellers_Sea_Eagle/frame_024350_bb00_t1015.60_conf0.994.jpg,2,Oowashi
tool_bird_class_train/Oowashi_Stellers_Sea_Eagle/frame_024360_bb00_t1016.01_conf0.997.jpg,2,Oowashi
tool_bird_class_train/Oowashi_Stellers_Sea_Eagle/frame_024370_bb00_t1016.43_conf1.000.jpg,2,Oowashi
tool_bird_class_train/Oowashi_Stellers_Sea_Eagle/frame_024400_bb00_t1017.68_conf0.998.jpg,2,Oowashi
tool_bird_class_train/Oowashi_Stellers_Sea_Eagle/frame_024410_bb00_t1018.10_conf0.981.jpg,2,Oowashi
tool_bird_class_train/Oowashi_Stellers_Sea_Eagle/frame_024430_bb00_t1018.93_conf0.987.jpg,2,Oowashi
tool_bird_class_train/Oowashi_Stellers_Sea_Eagle/frame_024440_bb00_t1019.35_conf1.000.jpg,2,Oowashi
tool_bird_class_train/Oowashi_Stellers_Sea_Eagle/frame_024450_bb00_t1019.77_conf0.992.jpg,2,Oowashi
tool_bird_class_train/Oowashi_Stellers_Sea_Eagle/frame_024470_bb00_t1020.60_conf0.982.jpg,2,Oowashi
tool_bird_class_train/Oowashi_Stellers_Sea_Eagle/frame_024480_bb00_t1021.02_conf0.998.jpg,2,Oowashi
tool_bird_class_train/Oowashi_Stellers_Sea_Eagle/frame_024490_bb00_t1021.44_conf0.990.jpg,2,Oowashi
tool_bird_class_train/Oowashi_Stellers_Sea_Eagle/frame_024510_bb00_t1022.27_conf0.986.jpg,2,Oowashi
tool_bird_class_train/Oowashi_Stellers_Sea_Eagle/frame_024520_bb00_t1022.69_conf0.994.jpg,2,Oowashi
tool_bird_class_train/Oowashi_Stellers_Sea_Eagle/frame_024530_bb00_t1023.11_conf0.979.jpg,2,Oowashi
tool_bird_class_train/Oowashi_Stellers_Sea_Eagle/frame_024560_bb00_t1024.36_conf0.979.jpg,2,Oowashi
tool_bird_class_train/Oowashi_Stellers_Sea_Eagle/frame_024570_bb00_t1024.77_conf0.995.jpg,2,Oowashi
tool_bird_class_train/Oowashi_Stellers_Sea_Eagle/frame_024600_bb00_t1026.02_conf0.960.jpg,2,Oowashi
tool_bird_class_train/Oowashi_Stellers_Sea_Eagle/frame_024960_bb00_t1041.04_conf0.994.jpg,2,Oowashi
tool_bird_class_train/Oowashi_Stellers_Sea_Eagle/frame_024970_bb00_t1041.46_conf0.987.jpg,2,Oowashi
tool_bird_class_train/Oowashi_Stellers_Sea_Eagle/frame_025000_bb00_t1042.71_conf0.973.jpg,2,Oowashi
tool_bird_class_train/Oowashi_Stellers_Sea_Eagle/frame_025010_bb00_t1043.13_conf0.994.jpg,2,Oowashi
tool_bird_class_train/Oowashi_Stellers_Sea_Eagle/frame_025040_bb00_t1044.38_conf0.978.jpg,2,Oowashi
tool_bird_class_train/Oowashi_Stellers_Sea_Eagle/frame_025050_bb00_t1044.79_conf0.995.jpg,2,Oowashi
tool_bird_class_train/Oowashi_Stellers_Sea_Eagle/frame_025090_bb00_t1046.46_conf0.946.jpg,2,Oowashi
tool_bird_class_train/Oowashi_Stellers_Sea_Eagle/frame_025120_bb00_t1047.71_conf0.982.jpg,2,Oowashi
tool_bird_class_train/Oowashi_Stellers_Sea_Eagle/frame_025130_bb00_t1048.13_conf0.955.jpg,2,Oowashi
tool_bird_class_train/Oowashi_Stellers_Sea_Eagle/frame_025160_bb00_t1049.38_conf0.982.jpg,2,Oowashi
tool_bird_class_train/Oowashi_Stellers_Sea_Eagle/frame_025200_bb00_t1051.05_conf0.992.jpg,2,Oowashi
tool_bird_class_train/Oowashi_Stellers_Sea_Eagle/frame_025210_bb00_t1051.47_conf0.989.jpg,2,Oowashi
tool_bird_class_train/Oowashi_Stellers_Sea_Eagle/frame_025230_bb00_t1052.30_conf0.976.jpg,2,Oowashi
tool_bird_class_train/Oowashi_Stellers_Sea_Eagle/frame_025240_bb00_t1052.72_conf0.987.jpg,2,Oowashi
tool_bird_class_train/Oowashi_Stellers_Sea_Eagle/frame_025270_bb00_t1053.97_conf0.997.jpg,2,Oowashi
tool_bird_class_train/Oowashi_Stellers_Sea_Eagle/frame_025280_bb00_t1054.39_conf0.990.jpg,2,Oowashi
tool_bird_class_train/Oowashi_Stellers_Sea_Eagle/frame_025290_bb00_t1054.80_conf0.982.jpg,2,Oowashi
tool_bird_class_train/Oowashi_Stellers_Sea_Eagle/frame_025310_bb00_t1055.64_conf0.998.jpg,2,Oowashi
tool_bird_class_train/Oowashi_Stellers_Sea_Eagle/frame_025320_bb00_t1056.05_conf0.982.jpg,2,Oowashi
tool_bird_class_train/Oowashi_Stellers_Sea_Eagle/frame_025330_bb00_t1056.47_conf0.992.jpg,2,Oowashi
tool_bird_class_train/Oowashi_Stellers_Sea_Eagle/frame_025570_bb00_t1066.48_conf0.982.jpg,2,Oowashi
tool_bird_class_train/Oowashi_Stellers_Sea_Eagle/frame_025610_bb00_t1068.15_conf0.962.jpg,2,Oowashi
tool_bird_class_train/Oowashi_Stellers_Sea_Eagle/frame_027990_bb00_t1167.42_conf0.990.jpg,2,Oowashi
tool_bird_class_train/Oowashi_Stellers_Sea_Eagle/frame_028020_bb00_t1168.67_conf0.994.jpg,2,Oowashi
tool_bird_class_train/Oowashi_Stellers_Sea_Eagle/frame_028280_bb00_t1179.51_conf1.000.jpg,2,Oowashi
tool_bird_class_train/Oowashi_Stellers_Sea_Eagle/frame_028650_bb00_t1194.94_conf0.976.jpg,2,Oowashi
tool_bird_class_train/Oowashi_Stellers_Sea_Eagle/frame_028660_bb00_t1195.36_conf0.971.jpg,2,Oowashi
tool_bird_class_train/Oowashi_Stellers_Sea_Eagle/frame_028900_bb00_t1205.37_conf0.981.jpg,2,Oowashi
tool_bird_class_train/Oowashi_Stellers_Sea_Eagle/frame_029750_bb00_t1240.82_conf0.997.jpg,2,Oowashi
tool_bird_class_train/Oowashi_Stellers_Sea_Eagle/frame_029790_bb00_t1242.49_conf0.998.jpg,2,Oowashi
tool_bird_class_train/Oowashi_Stellers_Sea_Eagle/frame_032730_bb00_t1365.11_conf0.992.jpg,2,Oowashi
tool_bird_class_train/Oowashi_Stellers_Sea_Eagle/frame_032740_bb00_t1365.53_conf0.990.jpg,2,Oowashi
tool_bird_class_train/Oowashi_Stellers_Sea_Eagle/frame_032760_bb00_t1366.37_conf0.994.jpg,2,Oowashi
tool_bird_class_train/Oowashi_Stellers_Sea_Eagle/frame_032780_bb00_t1367.20_conf0.992.jpg,2,Oowashi
tool_bird_class_train/Oowashi_Stellers_Sea_Eagle/frame_038360_bb00_t1599.93_conf0.994.jpg,2,Oowashi
tool_bird_class_train/Oowashi_Stellers_Sea_Eagle/frame_038370_bb00_t1600.35_conf0.992.jpg,2,Oowashi
tool_bird_class_train/Oowashi_Stellers_Sea_Eagle/frame_038500_bb00_t1605.77_conf0.979.jpg,2,Oowashi
tool_bird_class_train/Oowashi_Stellers_Sea_Eagle/frame_038520_bb00_t1606.60_conf0.998.jpg,2,Oowashi
tool_bird_class_train/Oowashi_Stellers_Sea_Eagle/frame_038530_bb00_t1607.02_conf0.992.jpg,2,Oowashi
tool_bird_class_train/Oowashi_Stellers_Sea_Eagle/frame_038610_bb00_t1610.36_conf0.989.jpg,2,Oowashi
tool_bird_class_train/Oowashi_Stellers_Sea_Eagle/frame_038620_bb00_t1610.78_conf0.995.jpg,2,Oowashi
tool_bird_class_train/Oowashi_Stellers_Sea_Eagle/frame_038630_bb00_t1611.19_conf0.990.jpg,2,Oowashi
tool_bird_class_train/Oowashi_Stellers_Sea_Eagle/frame_038650_bb00_t1612.03_conf0.987.jpg,2,Oowashi
tool_bird_class_train/Oowashi_Stellers_Sea_Eagle/frame_038660_bb00_t1612.44_conf0.995.jpg,2,Oowashi
tool_bird_class_train/Oowashi_Stellers_Sea_Eagle/frame_038750_bb00_t1616.20_conf0.997.jpg,2,Oowashi
tool_bird_class_train/Oowashi_Stellers_Sea_Eagle/frame_038820_bb00_t1619.12_conf0.994.jpg,2,Oowashi
tool_bird_class_train/Oowashi_Stellers_Sea_Eagle/frame_039720_bb00_t1656.65_conf0.997.jpg,2,Oowashi
tool_bird_class_train/Oowashi_Stellers_Sea_Eagle/frame_039730_bb00_t1657.07_conf0.962.jpg,2,Oowashi
tool_bird_class_train/Oowashi_Stellers_Sea_Eagle/frame_039940_bb00_t1665.83_conf0.994.jpg,2,Oowashi
tool_bird_class_train/Oowashi_Stellers_Sea_Eagle/frame_039950_bb00_t1666.25_conf0.990.jpg,2,Oowashi
tool_bird_class_train/Oowashi_Stellers_Sea_Eagle/frame_040100_bb00_t1672.50_conf0.978.jpg,2,Oowashi
tool_bird_class_train/Oowashi_Stellers_Sea_Eagle/frame_040130_bb00_t1673.76_conf0.987.jpg,2,Oowashi
tool_bird_class_train/Oowashi_Stellers_Sea_Eagle/frame_040170_bb00_t1675.42_conf0.989.jpg,2,Oowashi
tool_bird_class_train/Oowashi_Stellers_Sea_Eagle/frame_040280_bb00_t1680.01_conf0.995.jpg,2,Oowashi
tool_bird_class_train/Oowashi_Stellers_Sea_Eagle/frame_040310_bb00_t1681.26_conf0.986.jpg,2,Oowashi
tool_bird_class_train/Oowashi_Stellers_Sea_Eagle/frame_040320_bb00_t1681.68_conf0.986.jpg,2,Oowashi
tool_bird_class_train/Oowashi_Stellers_Sea_Eagle/frame_040910_bb00_t1706.29_conf0.997.jpg,2,Oowashi
tool_bird_class_train/Oowashi_Stellers_Sea_Eagle/frame_040990_bb00_t1709.62_conf0.997.jpg,2,Oowashi
tool_bird_class_train/Oowashi_Stellers_Sea_Eagle/frame_041190_bb00_t1717.97_conf0.997.jpg,2,Oowashi
tool_bird_class_train/Oowashi_Stellers_Sea_Eagle/frame_041360_bb00_t1725.06_conf0.989.jpg,2,Oowashi
tool_bird_class_train/Oowashi_Stellers_Sea_Eagle/frame_041370_bb00_t1725.47_conf0.989.jpg,2,Oowashi
tool_bird_class_train/Oowashi_Stellers_Sea_Eagle/frame_041420_bb00_t1727.56_conf0.989.jpg,2,Oowashi
tool_bird_class_train/Oowashi_Stellers_Sea_Eagle/frame_041670_bb00_t1737.99_conf0.990.jpg,2,Oowashi
tool_bird_class_train/Oowashi_Stellers_Sea_Eagle/frame_042040_bb00_t1753.42_conf0.994.jpg,2,Oowashi
tool_bird_class_train/Oowashi_Stellers_Sea_Eagle/frame_042060_bb00_t1754.25_conf0.994.jpg,2,Oowashi
tool_bird_class_train/Oowashi_Stellers_Sea_Eagle/frame_042340_bb00_t1765.93_conf0.989.jpg,2,Oowashi
tool_bird_class_train/Oowashi_Stellers_Sea_Eagle/frame_042380_bb00_t1767.60_conf0.990.jpg,2,Oowashi
tool_bird_class_train/Oowashi_Stellers_Sea_Eagle/frame_042390_bb00_t1768.02_conf0.998.jpg,2,Oowashi
tool_bird_class_train/Oowashi_Stellers_Sea_Eagle/frame_042400_bb00_t1768.43_conf0.997.jpg,2,Oowashi
tool_bird_class_train/Oowashi_Stellers_Sea_Eagle/frame_042410_bb00_t1768.85_conf1.000.jpg,2,Oowashi
tool_bird_class_train/Oowashi_Stellers_Sea_Eagle/frame_042840_bb00_t1786.78_conf0.997.jpg,2,Oowashi
tool_bird_class_train/Oowashi_Stellers_Sea_Eagle/frame_042850_bb00_t1787.20_conf0.989.jpg,2,Oowashi
tool_bird_class_train/Oowashi_Stellers_Sea_Eagle/frame_042860_bb00_t1787.62_conf0.992.jpg,2,Oowashi
tool_bird_class_train/Oowashi_Stellers_Sea_Eagle/frame_043000_bb00_t1793.46_conf0.998.jpg,2,Oowashi
tool_bird_class_train/Oowashi_Stellers_Sea_Eagle/frame_043010_bb00_t1793.88_conf0.997.jpg,2,Oowashi
tool_bird_class_train/Oowashi_Stellers_Sea_Eagle/frame_043160_bb00_t1800.13_conf0.998.jpg,2,Oowashi
tool_bird_class_train/Oowashi_Stellers_Sea_Eagle/frame_043440_bb00_t1811.81_conf0.989.jpg,2,Oowashi
tool_bird_class_train/Oowashi_Stellers_Sea_Eagle/frame_043450_bb00_t1812.23_conf0.982.jpg,2,Oowashi
tool_bird_class_train/Oowashi_Stellers_Sea_Eagle/frame_043460_bb00_t1812.64_conf0.984.jpg,2,Oowashi
tool_bird_class_train/Oowashi_Stellers_Sea_Eagle/frame_043480_bb00_t1813.48_conf0.997.jpg,2,Oowashi
tool_bird_class_train/Oowashi_Stellers_Sea_Eagle/frame_043490_bb00_t1813.90_conf0.998.jpg,2,Oowashi
tool_bird_class_train/Oowashi_Stellers_Sea_Eagle/frame_043910_bb00_t1831.41_conf0.976.jpg,2,Oowashi
tool_bird_class_train/Oowashi_Stellers_Sea_Eagle/frame_043940_bb00_t1832.66_conf0.990.jpg,2,Oowashi
tool_bird_class_train/Oowashi_Stellers_Sea_Eagle/frame_045910_bb00_t1914.83_conf0.957.jpg,2,Oowashi
tool_bird_class_train/Oowashi_Stellers_Sea_Eagle/frame_046290_bb00_t1930.68_conf0.987.jpg,2,Oowashi
tool_bird_class_train/Oowashi_Stellers_Sea_Eagle/frame_046300_bb00_t1931.10_conf0.989.jpg,2,Oowashi
tool_bird_class_train/Oowashi_Stellers_Sea_Eagle/frame_046540_bb00_t1941.11_conf0.986.jpg,2,Oowashi
tool_bird_class_train/Oowashi_Stellers_Sea_Eagle/frame_049950_bb00_t2083.33_conf0.949.jpg,2,Oowashi
tool_bird_class_train/Oowashi_Stellers_Sea_Eagle/frame_052990_bb00_t2210.12_conf0.990.jpg,2,Oowashi
tool_bird_class_train/Oowashi_Stellers_Sea_Eagle/frame_053000_bb00_t2210.54_conf0.997.jpg,2,Oowashi
tool_bird_class_train/Oowashi_Stellers_Sea_Eagle/frame_053010_bb00_t2210.96_conf0.989.jpg,2,Oowashi
tool_bird_class_train/Oowashi_Stellers_Sea_Eagle/frame_055080_bb00_t2297.29_conf0.957.jpg,2,Oowashi
tool_bird_class_train/Oowashi_Stellers_Sea_Eagle/v5_ds_beta_bird/103438253.jpg,2,Oowashi
tool_bird_class_train/Oowashi_Stellers_Sea_Eagle/v5_ds_beta_bird/104279897.jpg,2,Oowashi
tool_bird_class_train/Oowashi_Stellers_Sea_Eagle/v5_ds_beta_bird/104575594.jpg,2,Oowashi
tool_bird_class_train/Oowashi_Stellers_Sea_Eagle/v5_ds_beta_bird/104924105.jpg,2,Oowashi
tool_bird_class_train/Oowashi_Stellers_Sea_Eagle/v5_ds_beta_bird/105102698.jpg,2,Oowashi
tool_bird_class_train/Oowashi_Stellers_Sea_Eagle/v5_ds_beta_bird/105152932.jpg,2,Oowashi
tool_bird_class_train/Oowashi_Stellers_Sea_Eagle/v5_ds_beta_bird/105199911.jpg,2,Oowashi
tool_bird_class_train/Oowashi_Stellers_Sea_Eagle/v5_ds_beta_bird/106202672.jpg,2,Oowashi
tool_bird_class_train/Oowashi_Stellers_Sea_Eagle/v5_ds_beta_bird/107460727.jpg,2,Oowashi
tool_bird_class_train/Oowashi_Stellers_Sea_Eagle/v5_ds_beta_bird/108109675.jpg,2,Oowashi
tool_bird_class_train/Oowashi_Stellers_Sea_Eagle/v5_ds_beta_bird/108109967.jpg,2,Oowashi
tool_bird_class_train/Oowashi_Stellers_Sea_Eagle/v5_ds_beta_bird/108110110.jpg,2,Oowashi
tool_bird_class_train/Oowashi_Stellers_Sea_Eagle/v5_ds_beta_bird/108227254.jpg,2,Oowashi
tool_bird_class_train/Oowashi_Stellers_Sea_Eagle/v5_ds_beta_bird/108227321.jpg,2,Oowashi
tool_bird_class_train/Oowashi_Stellers_Sea_Eagle/v5_ds_beta_bird/108227784.jpg,2,Oowashi
tool_bird_class_train/Oowashi_Stellers_Sea_Eagle/v5_ds_beta_bird/108228548.jpg,2,Oowashi
tool_bird_class_train/Oowashi_Stellers_Sea_Eagle/v5_ds_beta_bird/108228696.jpg,2,Oowashi
tool_bird_class_train/Oowashi_Stellers_Sea_Eagle/v5_ds_beta_bird/108551003.jpg,2,Oowashi
tool_bird_class_train/Oowashi_Stellers_Sea_Eagle/v5_ds_beta_bird/108698596.jpg,2,Oowashi
tool_bird_class_train/Oowashi_Stellers_Sea_Eagle/v5_ds_beta_bird/108698621.jpg,2,Oowashi
tool_bird_class_train/Oowashi_Stellers_Sea_Eagle/v5_ds_beta_bird/116665210.jpg,2,Oowashi
tool_bird_class_train/Oowashi_Stellers_Sea_Eagle/v5_ds_beta_bird/117501343.jpg,2,Oowashi
tool_bird_class_train/Oowashi_Stellers_Sea_Eagle/v5_ds_beta_bird/131278171.jpg,2,Oowashi
tool_bird_class_train/Oowashi_Stellers_Sea_Eagle/v5_ds_beta_bird/131815487.jpg,2,Oowashi
tool_bird_class_train/Oowashi_Stellers_Sea_Eagle/v5_ds_beta_bird/155976715.jpg,2,Oowashi
tool_bird_class_train/Oowashi_Stellers_Sea_Eagle/v5_ds_beta_bird/179249263.jpg,2,Oowashi
tool_bird_class_train/Oowashi_Stellers_Sea_Eagle/v5_ds_beta_bird/202786488.jpg,2,Oowashi
tool_bird_class_train/Oowashi_Stellers_Sea_Eagle/v5_ds_beta_bird/205884950.jpg,2,Oowashi
tool_bird_class_train/Oowashi_Stellers_Sea_Eagle/v5_ds_beta_bird/205884952.jpg,2,Oowashi
tool_bird_class_train/Oowashi_Stellers_Sea_Eagle/v5_ds_beta_bird/205884970.jpg,2,Oowashi
tool_bird_class_train/Oowashi_Stellers_Sea_Eagle/v5_ds_beta_bird/206230051.jpg,2,Oowashi
tool_bird_class_train/Oowashi_Stellers_Sea_Eagle/v5_ds_beta_bird/206240629.jpg,2,Oowashi
tool_bird_class_train/Oowashi_Stellers_Sea_Eagle/v5_ds_beta_bird/206240636.jpg,2,Oowashi
tool_bird_class_train/Oowashi_Stellers_Sea_Eagle/v5_ds_beta_bird/206240640.jpg,2,Oowashi
tool_bird_class_train/Oowashi_Stellers_Sea_Eagle/v5_ds_beta_bird/206240644.jpg,2,Oowashi
tool_bird_class_train/Oowashi_Stellers_Sea_Eagle/v5_ds_beta_bird/206240646.jpg,2,Oowashi
tool_bird_class_train/Oowashi_Stellers_Sea_Eagle/v5_ds_beta_bird/206240650.jpg,2,Oowashi
tool_bird_class_train/Oowashi_Stellers_Sea_Eagle/v5_ds_beta_bird/20795275.jpg,2,Oowashi
tool_bird_class_train/Oowashi_Stellers_Sea_Eagle/v5_ds_beta_bird/219589043.jpg,2,Oowashi
tool_bird_class_train/Oowashi_Stellers_Sea_Eagle/v5_ds_beta_bird/227435060.jpg,2,Oowashi
tool_bird_class_train/Oowashi_Stellers_Sea_Eagle/v5_ds_beta_bird/232850583.jpg,2,Oowashi
tool_bird_class_train/Oowashi_Stellers_Sea_Eagle/v5_ds_beta_bird/232855331.jpg,2,Oowashi
tool_bird_class_train/Oowashi_Stellers_Sea_Eagle/v5_ds_beta_bird/2367512.jpg,2,Oowashi
tool_bird_class_train/Oowashi_Stellers_Sea_Eagle/v5_ds_beta_bird/2394647.jpg,2,Oowashi
tool_bird_class_train/Oowashi_Stellers_Sea_Eagle/v5_ds_beta_bird/2395200.jpg,2,Oowashi
tool_bird_class_train/Oowashi_Stellers_Sea_Eagle/v5_ds_beta_bird/239647088.jpg,2,Oowashi
tool_bird_class_train/Oowashi_Stellers_Sea_Eagle/v5_ds_beta_bird/2405787.jpg,2,Oowashi
tool_bird_class_train/Oowashi_Stellers_Sea_Eagle/v5_ds_beta_bird/2407369.jpg,2,Oowashi
tool_bird_class_train/Oowashi_Stellers_Sea_Eagle/v5_ds_beta_bird/2435402.jpg,2,Oowashi
tool_bird_class_train/Oowashi_Stellers_Sea_Eagle/v5_ds_beta_bird/252492659.jpg,2,Oowashi
tool_bird_class_train/Oowashi_Stellers_Sea_Eagle/v5_ds_beta_bird/258010368.jpg,2,Oowashi
tool_bird_class_train/Oowashi_Stellers_Sea_Eagle/v5_ds_beta_bird/258015020.jpg,2,Oowashi
tool_bird_class_train/Oowashi_Stellers_Sea_Eagle/v5_ds_beta_bird/265980118.jpg,2,Oowashi
tool_bird_class_train/Oowashi_Stellers_Sea_Eagle/v5_ds_beta_bird/265980119.jpg,2,Oowashi
tool_bird_class_train/Oowashi_Stellers_Sea_Eagle/v5_ds_beta_bird/265980120.jpg,2,Oowashi
tool_bird_class_train/Oowashi_Stellers_Sea_Eagle/v5_ds_beta_bird/265980121.jpg,2,Oowashi
tool_bird_class_train/Oowashi_Stellers_Sea_Eagle/v5_ds_beta_bird/265980127.jpg,2,Oowashi
tool_bird_class_train/Oowashi_Stellers_Sea_Eagle/v5_ds_beta_bird/266106165.jpg,2,Oowashi
tool_bird_class_train/Oowashi_Stellers_Sea_Eagle/v5_ds_beta_bird/269990400.jpg,2,Oowashi
tool_bird_class_train/Oowashi_Stellers_Sea_Eagle/v5_ds_beta_bird/269990404.jpg,2,Oowashi
tool_bird_class_train/Oowashi_Stellers_Sea_Eagle/v5_ds_beta_bird/269990409.jpg,2,Oowashi
tool_bird_class_train/Oowashi_Stellers_Sea_Eagle/v5_ds_beta_bird/270432193.jpg,2,Oowashi
tool_bird_class_train/Oowashi_Stellers_Sea_Eagle/v5_ds_beta_bird/270432202.jpg,2,Oowashi
tool_bird_class_train/Oowashi_Stellers_Sea_Eagle/v5_ds_beta_bird/270432203.jpg,2,Oowashi
tool_bird_class_train/Oowashi_Stellers_Sea_Eagle/v5_ds_beta_bird/339174518.jpg,2,Oowashi
tool_bird_class_train/Oowashi_Stellers_Sea_Eagle/v5_ds_beta_bird/339174525.jpg,2,Oowashi
tool_bird_class_train/Oowashi_Stellers_Sea_Eagle/v5_ds_beta_bird/339174526.jpg,2,Oowashi
tool_bird_class_train/Oowashi_Stellers_Sea_Eagle/v5_ds_beta_bird/339547506.jpg,2,Oowashi
tool_bird_class_train/Oowashi_Stellers_Sea_Eagle/v5_ds_beta_bird/347692443.jpg,2,Oowashi
tool_bird_class_train/Oowashi_Stellers_Sea_Eagle/v5_ds_beta_bird/38826532.jpg,2,Oowashi
tool_bird_class_train/Oowashi_Stellers_Sea_Eagle/v5_ds_beta_bird/38826560.jpg,2,Oowashi
tool_bird_class_train/Oowashi_Stellers_Sea_Eagle/v5_ds_beta_bird/63814293.jpg,2,Oowashi
tool_bird_class_train/Oowashi_Stellers_Sea_Eagle/v5_ds_beta_bird/63814295.jpg,2,Oowashi
tool_bird_class_train/Oowashi_Stellers_Sea_Eagle/v5_ds_beta_bird/63814299.jpg,2,Oowashi
tool_bird_class_train/Oowashi_Stellers_Sea_Eagle/v5_ds_beta_bird/63814300.jpg,2,Oowashi
tool_bird_class_train/Oowashi_Stellers_Sea_Eagle/v5_ds_beta_bird/63814304.jpg,2,Oowashi
tool_bird_class_train/Oowashi_Stellers_Sea_Eagle/v5_ds_beta_bird/63814305.jpg,2,Oowashi
tool_bird_class_train/Oowashi_Stellers_Sea_Eagle/v5_ds_beta_bird/63814308.jpg,2,Oowashi
tool_bird_class_train/Oowashi_Stellers_Sea_Eagle/v5_ds_beta_bird/63814316.jpg,2,Oowashi
tool_bird_class_train/Oowashi_Stellers_Sea_Eagle/v5_ds_beta_bird/63814320.jpg,2,Oowashi
tool_bird_class_train/Oowashi_Stellers_Sea_Eagle/v5_ds_beta_bird/63814325.jpg,2,Oowashi
tool_bird_class_train/Oowashi_Stellers_Sea_Eagle/v5_ds_beta_bird/63814326.jpg,2,Oowashi
tool_bird_class_train/Oowashi_Stellers_Sea_Eagle/v5_ds_beta_bird/63814328.jpg,2,Oowashi
tool_bird_class_train/Oowashi_Stellers_Sea_Eagle/v5_ds_beta_bird/63814333.jpg,2,Oowashi
tool_bird_class_train/Oowashi_Stellers_Sea_Eagle/v5_ds_beta_bird/63819926.jpg,2,Oowashi
tool_bird_class_train/Oowashi_Stellers_Sea_Eagle/v5_ds_beta_bird/63819936.jpg,2,Oowashi
tool_bird_class_train/Oowashi_Stellers_Sea_Eagle/v5_ds_beta_bird/66157248.jpg,2,Oowashi
tool_bird_class_train/Oowashi_Stellers_Sea_Eagle/v5_ds_beta_bird/67280909.jpg,2,Oowashi
tool_bird_class_train/Oowashi_Stellers_Sea_Eagle/v5_ds_beta_bird/67446468.jpg,2,Oowashi
tool_bird_class_train/Oowashi_Stellers_Sea_Eagle/v5_ds_beta_bird/68047604.jpg,2,Oowashi
tool_bird_class_train/Oowashi_Stellers_Sea_Eagle/v5_ds_beta_bird/70186850.jpg,2,Oowashi
tool_bird_class_train/Oowashi_Stellers_Sea_Eagle/v5_ds_beta_bird/70601442.jpg,2,Oowashi
tool_bird_class_train/Oowashi_Stellers_Sea_Eagle/v5_ds_beta_bird/70687270.jpg,2,Oowashi
tool_bird_class_train/Oowashi_Stellers_Sea_Eagle/v5_ds_beta_bird/71572871.jpg,2,Oowashi
tool_bird_class_train/Oowashi_Stellers_Sea_Eagle/v5_ds_beta_bird/72342256.jpg,2,Oowashi
tool_bird_class_train/Oowashi_Stellers_Sea_Eagle/v5_ds_beta_bird/73984575.jpg,2,Oowashi
tool_bird_class_train/Oowashi_Stellers_Sea_Eagle/v5_ds_beta_bird/73984584.jpg,2,Oowashi
tool_bird_class_train/Oowashi_Stellers_Sea_Eagle/v5_ds_beta_bird/73984605.jpg,2,Oowashi
tool_bird_class_train/Oowashi_Stellers_Sea_Eagle/v5_ds_beta_bird/79755714.jpg,2,Oowashi
tool_bird_class_train/Oowashi_Stellers_Sea_Eagle/v5_ds_beta_bird/oowasi021.jpg,2,Oowashi
tool_bird_class_train/Oowashi_Stellers_Sea_Eagle/v5_ds_beta_bird/oowasi022.jpg,2,Oowashi
tool_bird_class_train/Oowashi_Stellers_Sea_Eagle/v5_ds_beta_bird/oowasi024.jpg,2,Oowashi
tool_bird_class_train/Oowashi_Stellers_Sea_Eagle/v5_ds_beta_bird/oowasi025.jpg,2,Oowashi
tool_bird_class_train/Oowashi_Stellers_Sea_Eagle/v5_ds_beta_bird/oowasi027.jpg,2,Oowashi
tool_bird_class_train/Oowashi_Stellers_Sea_Eagle/v5_ds_beta_bird/oowasi030.jpg,2,Oowashi
tool_bird_class_train/Oowashi_Stellers_Sea_Eagle/v5_ds_beta_bird/oowasi031.jpg,2,Oowashi
tool_bird_class_train/Oowashi_Stellers_Sea_Eagle/v5_ds_beta_bird/oowasi032.jpg,2,Oowashi
tool_bird_class_train/Oowashi_Stellers_Sea_Eagle/v5_ds_beta_bird/oowasi033.jpg,2,Oowashi
tool_bird_class_train/Oowashi_Stellers_Sea_Eagle/v5_ds_beta_bird/oowasi034.jpg,2,Oowashi
tool_bird_class_train/Oowashi_Stellers_Sea_Eagle/v5_ds_beta_bird/oowasi035.jpg,2,Oowashi
tool_bird_class_train/Oowashi_Stellers_Sea_Eagle/v5_ds_beta_bird/oowasi036.jpg,2,Oowashi
tool_bird_class_train/Oowashi_Stellers_Sea_Eagle/v5_ds_beta_bird/oowasi037.jpg,2,Oowashi
tool_bird_class_train/Oowashi_Stellers_Sea_Eagle/v5_ds_beta_bird/oowasi038.jpg,2,Oowashi
tool_bird_class_train/Oowashi_Stellers_Sea_Eagle/v5_ds_beta_bird/oowasi041.jpg,2,Oowashi
tool_bird_class_train/Oowashi_Stellers_Sea_Eagle/v5_ds_beta_bird/oowasi042.jpg,2,Oowashi
tool_bird_class_train/Oowashi_Stellers_Sea_Eagle/v5_ds_beta_bird/oowasi043.jpg,2,Oowashi
tool_bird_class_train/Oowashi_Stellers_Sea_Eagle/v5_ds_beta_bird/oowasi044.jpg,2,Oowashi
tool_bird_class_train/Oowashi_Stellers_Sea_Eagle/v5_ds_beta_bird/oowasi046.jpg,2,Oowashi
tool_bird_class_train/Oowashi_Stellers_Sea_Eagle/v5_ds_beta_bird/oowasi047.jpg,2,Oowashi
tool_bird_class_train/Oowashi_Stellers_Sea_Eagle/v5_ds_beta_bird/oowasi049.jpg,2,Oowashi
tool_bird_class_train/Oowashi_Stellers_Sea_Eagle/v5_ds_beta_bird/oowasi050.jpg,2,Oowashi
tool_bird_class_train/Oowashi_Stellers_Sea_Eagle/v5_ds_beta_bird/oowasi052.jpg,2,Oowashi
tool_bird_class_train/Oowashi_Stellers_Sea_Eagle/v5_ds_beta_bird/oowasi054.jpg,2,Oowashi
tool_bird_class_train/Oowashi_Stellers_Sea_Eagle/v5_ds_beta_bird/oowasi055.jpg,2,Oowashi
tool_bird_class_train/Oowashi_Stellers_Sea_Eagle/v5_ds_beta_bird/oowasi056.jpg,2,Oowashi
tool_bird_class_train/Oowashi_Stellers_Sea_Eagle/v5_ds_beta_bird/oowasi060.jpg,2,Oowashi
tool_bird_class_train/Oowashi_Stellers_Sea_Eagle/v5_ds_beta_bird/oowasi061.jpg,2,Oowashi
tool_bird_class_train/Oowashi_Stellers_Sea_Eagle/v5_ds_beta_bird/oowasi062.jpg,2,Oowashi
tool_bird_class_train/Oowashi_Stellers_Sea_Eagle/v5_ds_beta_bird/oowasi063.jpg,2,Oowashi
tool_bird_class_train/Oowashi_Stellers_Sea_Eagle/v5_ds_beta_bird/oowasi065.jpg,2,Oowashi
tool_bird_class_train/Oowashi_Stellers_Sea_Eagle/v5_ds_beta_bird/oowasi066.jpg,2,Oowashi
tool_bird_class_train/Oowashi_Stellers_Sea_Eagle/v5_ds_beta_bird/oowasi067.jpg,2,Oowashi
tool_bird_class_train/Oowashi_Stellers_Sea_Eagle/v5_ds_beta_bird/oowasiA.jpg,2,Oowashi
tool_bird_class_train/Oowashi_Stellers_Sea_Eagle/v5_ds_beta_bird/oowasiB.jpg,2,Oowashi
tool_bird_class_train/Oowashi_Stellers_Sea_Eagle/v5_ds_beta_bird/oowasiC.jpg,2,Oowashi
tool_bird_class_train/Oowashi_Stellers_Sea_Eagle/v5_ds_beta_bird/oowasiD.jpg,2,Oowashi
tool_bird_class_train/Oowashi_Stellers_Sea_Eagle/v5_ds_beta_bird/oowasiE.jpg,2,Oowashi
tool_bird_class_train/Oowashi_Stellers_Sea_Eagle/v5_ds_beta_bird/oowasiI.jpg,2,Oowashi
tool_bird_class_train/Oowashi_Stellers_Sea_Eagle/v5_ds_beta_bird/oowasiJ.jpg,2,Oowashi
tool_bird_class_train/Oowashi_Stellers_Sea_Eagle/v5_ds_beta_bird/oowasiK.jpg,2,Oowashi
tool_bird_class_train/Oowashi_Stellers_Sea_Eagle/v5_ds_beta_bird/oowasiL.jpg,2,Oowashi
tool_bird_class_train/Oowashi_Stellers_Sea_Eagle/v5_ds_beta_bird/oowasiM.jpg,2,Oowashi
tool_bird_class_train/Oowashi_Stellers_Sea_Eagle/v5_ds_beta_bird/oowasiN.jpg,2,Oowashi
tool_bird_class_train/Oowashi_Stellers_Sea_Eagle/v5_ds_beta_bird/oowasiO.jpg,2,Oowashi
tool_bird_class_train/Oowashi_Stellers_Sea_Eagle/v5_ds_beta_bird/oowasiP.jpg,2,Oowashi
tool_bird_class_train/Oowashi_Stellers_Sea_Eagle/v5_ds_beta_bird/oowasiQ.jpg,2,Oowashi
tool_bird_class_train/Oowashi_Stellers_Sea_Eagle/v5_ds_beta_bird/oowasiR.jpg,2,Oowashi
tool_bird_class_train/Oowashi_Stellers_Sea_Eagle/v5_ds_beta_bird/oowasiS.jpg,2,Oowashi
tool_bird_class_train/Oowashi_Stellers_Sea_Eagle/v5_ds_beta_bird/oowasiT.jpg,2,Oowashi
tool_bird_class_train/Oowashi_Stellers_Sea_Eagle/v5_gt_critical/351405568.jpg,2,Oowashi
tool_bird_class_train/Oowashi_Stellers_Sea_Eagle/v5_train_v5_inat/270432226.jpg,2,Oowashi
tool_bird_class_train/Oowashi_Stellers_Sea_Eagle/v5_train_v5_inat/291089311.jpg,2,Oowashi
tool_bird_class_train/Oowashi_Stellers_Sea_Eagle/v5_train_v5_inat/292288229.jpg,2,Oowashi
tool_bird_class_train/Oowashi_Stellers_Sea_Eagle/v5_train_v5_inat/304508532.jpg,2,Oowashi
tool_bird_class_train/Oowashi_Stellers_Sea_Eagle/v5_train_v5_inat/308950618.jpg,2,Oowashi
tool_bird_class_train/Oowashi_Stellers_Sea_Eagle/v5_train_v5_inat/314555095.jpg,2,Oowashi
tool_bird_class_train/Oowashi_Stellers_Sea_Eagle/v5_train_v5_inat/325278923.jpg,2,Oowashi
tool_bird_class_train/Oowashi_Stellers_Sea_Eagle/v5_train_v5_inat/333680454.jpg,2,Oowashi
tool_bird_class_train/Oowashi_Stellers_Sea_Eagle/v5_train_v5_inat/333680459.jpg,2,Oowashi
tool_bird_class_train/Oowashi_Stellers_Sea_Eagle/v5_train_v5_inat/333680461.jpg,2,Oowashi
tool_bird_class_train/Oowashi_Stellers_Sea_Eagle/v5_train_v5_inat/336837319.jpg,2,Oowashi
tool_bird_class_train/Oowashi_Stellers_Sea_Eagle/v5_train_v5_inat/339172850.jpg,2,Oowashi
tool_bird_class_train/Oowashi_Stellers_Sea_Eagle/v5_train_v5_inat/339174517.jpg,2,Oowashi
